route;date;hour;prediction
1;2025-11-01;0;8
1;2025-11-01;1;7
1;2025-11-01;2;0
1;2025-11-01;3;0
1;2025-11-01;4;26
1;2025-11-01;5;70
1;2025-11-01;6;281
1;2025-11-01;7;650
1;2025-11-01;8;848
1;2025-11-01;9;927
1;2025-11-01;10;935
1;2025-11-01;11;927
1;2025-11-01;12;1055
1;2025-11-01;13;1077
1;2025-11-01;14;977
1;2025-11-01;15;944
1;2025-11-01;16;932
1;2025-11-01;17;918
1;2025-11-01;18;855
1;2025-11-01;19;720
1;2025-11-01;20;505
1;2025-11-01;21;321
1;2025-11-01;22;164
1;2025-11-01;23;38
1;2025-11-02;0;22
1;2025-11-02;1;19
1;2025-11-02;2;0
1;2025-11-02;3;0
1;2025-11-02;4;15
1;2025-11-02;5;38
1;2025-11-02;6;146
1;2025-11-02;7;286
1;2025-11-02;8;374
1;2025-11-02;9;592
1;2025-11-02;10;671
1;2025-11-02;11;684
1;2025-11-02;12;788
1;2025-11-02;13;802
1;2025-11-02;14;739
1;2025-11-02;15;683
1;2025-11-02;16;645
1;2025-11-02;17;594
1;2025-11-02;18;543
1;2025-11-02;19;455
1;2025-11-02;20;352
1;2025-11-02;21;263
1;2025-11-02;22;113
1;2025-11-02;23;37
1;2025-11-03;0;35
1;2025-11-03;1;30
1;2025-11-03;2;0
1;2025-11-03;3;0
1;2025-11-03;4;25
1;2025-11-03;5;75
1;2025-11-03;6;273
1;2025-11-03;7;562
1;2025-11-03;8;678
1;2025-11-03;9;716
1;2025-11-03;10;733
1;2025-11-03;11;759
1;2025-11-03;12;795
1;2025-11-03;13;805
1;2025-11-03;14;778
1;2025-11-03;15;769
1;2025-11-03;16;749
1;2025-11-03;17;777
1;2025-11-03;18;759
1;2025-11-03;19;662
1;2025-11-03;20;484
1;2025-11-03;21;334
1;2025-11-03;22;161
1;2025-11-03;23;58
1;2025-11-04;0;29
1;2025-11-04;1;24
1;2025-11-04;2;0
1;2025-11-04;3;0
1;2025-11-04;4;18
1;2025-11-04;5;61
1;2025-11-04;6;269
1;2025-11-04;7;546
1;2025-11-04;8;639
1;2025-11-04;9;674
1;2025-11-04;10;695
1;2025-11-04;11;724
1;2025-11-04;12;766
1;2025-11-04;13;766
1;2025-11-04;14;745
1;2025-11-04;15;731
1;2025-11-04;16;712
1;2025-11-04;17;744
1;2025-11-04;18;736
1;2025-11-04;19;655
1;2025-11-04;20;458
1;2025-11-04;21;329
1;2025-11-04;22;143
1;2025-11-04;23;51
1;2025-11-05;0;13
1;2025-11-05;1;13
1;2025-11-05;2;0
1;2025-11-05;3;0
1;2025-11-05;4;18
1;2025-11-05;5;133
1;2025-11-05;6;512
1;2025-11-05;7;1333
1;2025-11-05;8;1749
1;2025-11-05;9;1460
1;2025-11-05;10;1326
1;2025-11-05;11;1320
1;2025-11-05;12;1348
1;2025-11-05;13;1380
1;2025-11-05;14;1327
1;2025-11-05;15;1418
1;2025-11-05;16;1453
1;2025-11-05;17;1704
1;2025-11-05;18;1761
1;2025-11-05;19;1388
1;2025-11-05;20;898
1;2025-11-05;21;481
1;2025-11-05;22;242
1;2025-11-05;23;48
1;2025-11-06;0;12
1;2025-11-06;1;10
1;2025-11-06;2;0
1;2025-11-06;3;0
1;2025-11-06;4;17
1;2025-11-06;5;127
1;2025-11-06;6;521
1;2025-11-06;7;1414
1;2025-11-06;8;1859
1;2025-11-06;9;1481
1;2025-11-06;10;1362
1;2025-11-06;11;1356
1;2025-11-06;12;1390
1;2025-11-06;13;1407
1;2025-11-06;14;1356
1;2025-11-06;15;1462
1;2025-11-06;16;1547
1;2025-11-06;17;1748
1;2025-11-06;18;1813
1;2025-11-06;19;1401
1;2025-11-06;20;902
1;2025-11-06;21;507
1;2025-11-06;22;250
1;2025-11-06;23;51
1;2025-11-07;0;18
1;2025-11-07;1;13
1;2025-11-07;2;0
1;2025-11-07;3;0
1;2025-11-07;4;19
1;2025-11-07;5;140
1;2025-11-07;6;524
1;2025-11-07;7;1434
1;2025-11-07;8;1871
1;2025-11-07;9;1481
1;2025-11-07;10;1339
1;2025-11-07;11;1355
1;2025-11-07;12;1387
1;2025-11-07;13;1399
1;2025-11-07;14;1334
1;2025-11-07;15;1456
1;2025-11-07;16;1555
1;2025-11-07;17;1734
1;2025-11-07;18;1565
1;2025-11-07;19;1262
1;2025-11-07;20;855
1;2025-11-07;21;499
1;2025-11-07;22;252
1;2025-11-07;23;57
1;2025-11-08;0;14
1;2025-11-08;1;10
1;2025-11-08;2;0
1;2025-11-08;3;0
1;2025-11-08;4;9
1;2025-11-08;5;47
1;2025-11-08;6;191
1;2025-11-08;7;386
1;2025-11-08;8;537
1;2025-11-08;9;762
1;2025-11-08;10;839
1;2025-11-08;11;831
1;2025-11-08;12;946
1;2025-11-08;13;968
1;2025-11-08;14;883
1;2025-11-08;15;828
1;2025-11-08;16;769
1;2025-11-08;17;702
1;2025-11-08;18;648
1;2025-11-08;19;577
1;2025-11-08;20;426
1;2025-11-08;21;313
1;2025-11-08;22;164
1;2025-11-08;23;36
1;2025-11-09;0;13
1;2025-11-09;1;10
1;2025-11-09;2;0
1;2025-11-09;3;0
1;2025-11-09;4;6
1;2025-11-09;5;30
1;2025-11-09;6;143
1;2025-11-09;7;276
1;2025-11-09;8;353
1;2025-11-09;9;591
1;2025-11-09;10;675
1;2025-11-09;11;687
1;2025-11-09;12;805
1;2025-11-09;13;819
1;2025-11-09;14;751
1;2025-11-09;15;698
1;2025-11-09;16;641
1;2025-11-09;17;602
1;2025-11-09;18;553
1;2025-11-09;19;462
1;2025-11-09;20;359
1;2025-11-09;21;272
1;2025-11-09;22;113
1;2025-11-09;23;32
1;2025-11-10;0;9
1;2025-11-10;1;9
1;2025-11-10;2;0
1;2025-11-10;3;0
1;2025-11-10;4;14
1;2025-11-10;5;123
1;2025-11-10;6;477
1;2025-11-10;7;1243
1;2025-11-10;8;1621
1;2025-11-10;9;1371
1;2025-11-10;10;1245
1;2025-11-10;11;1240
1;2025-11-10;12;1265
1;2025-11-10;13;1262
1;2025-11-10;14;1219
1;2025-11-10;15;1304
1;2025-11-10;16;1379
1;2025-11-10;17;1619
1;2025-11-10;18;1698
1;2025-11-10;19;1337
1;2025-11-10;20;886
1;2025-11-10;21;456
1;2025-11-10;22;224
1;2025-11-10;23;45
1;2025-11-11;0;8
1;2025-11-11;1;8
1;2025-11-11;2;0
1;2025-11-11;3;0
1;2025-11-11;4;14
1;2025-11-11;5;135
1;2025-11-11;6;494
1;2025-11-11;7;1289
1;2025-11-11;8;1694
1;2025-11-11;9;1451
1;2025-11-11;10;1328
1;2025-11-11;11;1319
1;2025-11-11;12;1336
1;2025-11-11;13;1339
1;2025-11-11;14;1280
1;2025-11-11;15;1356
1;2025-11-11;16;1398
1;2025-11-11;17;1632
1;2025-11-11;18;1686
1;2025-11-11;19;1336
1;2025-11-11;20;900
1;2025-11-11;21;476
1;2025-11-11;22;228
1;2025-11-11;23;46
1;2025-11-12;0;11
1;2025-11-12;1;12
1;2025-11-12;2;0
1;2025-11-12;3;0
1;2025-11-12;4;18
1;2025-11-12;5;145
1;2025-11-12;6;536
1;2025-11-12;7;1403
1;2025-11-12;8;1861
1;2025-11-12;9;1495
1;2025-11-12;10;1337
1;2025-11-12;11;1334
1;2025-11-12;12;1362
1;2025-11-12;13;1396
1;2025-11-12;14;1343
1;2025-11-12;15;1439
1;2025-11-12;16;1496
1;2025-11-12;17;1776
1;2025-11-12;18;1813
1;2025-11-12;19;1423
1;2025-11-12;20;922
1;2025-11-12;21;496
1;2025-11-12;22;254
1;2025-11-12;23;44
1;2025-11-13;0;11
1;2025-11-13;1;9
1;2025-11-13;2;0
1;2025-11-13;3;0
1;2025-11-13;4;17
1;2025-11-13;5;133
1;2025-11-13;6;542
1;2025-11-13;7;1450
1;2025-11-13;8;1916
1;2025-11-13;9;1493
1;2025-11-13;10;1369
1;2025-11-13;11;1371
1;2025-11-13;12;1405
1;2025-11-13;13;1427
1;2025-11-13;14;1388
1;2025-11-13;15;1483
1;2025-11-13;16;1576
1;2025-11-13;17;1821
1;2025-11-13;18;1877
1;2025-11-13;19;1447
1;2025-11-13;20;935
1;2025-11-13;21;536
1;2025-11-13;22;270
1;2025-11-13;23;56
1;2025-11-14;0;16
1;2025-11-14;1;14
1;2025-11-14;2;0
1;2025-11-14;3;0
1;2025-11-14;4;19
1;2025-11-14;5;143
1;2025-11-14;6;522
1;2025-11-14;7;1460
1;2025-11-14;8;1895
1;2025-11-14;9;1495
1;2025-11-14;10;1364
1;2025-11-14;11;1385
1;2025-11-14;12;1412
1;2025-11-14;13;1437
1;2025-11-14;14;1396
1;2025-11-14;15;1520
1;2025-11-14;16;1621
1;2025-11-14;17;1773
1;2025-11-14;18;1638
1;2025-11-14;19;1311
1;2025-11-14;20;881
1;2025-11-14;21;504
1;2025-11-14;22;249
1;2025-11-14;23;51
1;2025-11-15;0;16
1;2025-11-15;1;10
1;2025-11-15;2;0
1;2025-11-15;3;0
1;2025-11-15;4;13
1;2025-11-15;5;46
1;2025-11-15;6;194
1;2025-11-15;7;401
1;2025-11-15;8;525
1;2025-11-15;9;752
1;2025-11-15;10;853
1;2025-11-15;11;849
1;2025-11-15;12;962
1;2025-11-15;13;986
1;2025-11-15;14;902
1;2025-11-15;15;845
1;2025-11-15;16;781
1;2025-11-15;17;717
1;2025-11-15;18;651
1;2025-11-15;19;591
1;2025-11-15;20;421
1;2025-11-15;21;311
1;2025-11-15;22;163
1;2025-11-15;23;32
1;2025-11-16;0;14
1;2025-11-16;1;12
1;2025-11-16;2;0
1;2025-11-16;3;0
1;2025-11-16;4;9
1;2025-11-16;5;31
1;2025-11-16;6;144
1;2025-11-16;7;279
1;2025-11-16;8;349
1;2025-11-16;9;584
1;2025-11-16;10;677
1;2025-11-16;11;687
1;2025-11-16;12;803
1;2025-11-16;13;819
1;2025-11-16;14;753
1;2025-11-16;15;695
1;2025-11-16;16;640
1;2025-11-16;17;601
1;2025-11-16;18;555
1;2025-11-16;19;462
1;2025-11-16;20;354
1;2025-11-16;21;269
1;2025-11-16;22;111
1;2025-11-16;23;31
1;2025-11-17;0;9
1;2025-11-17;1;10
1;2025-11-17;2;0
1;2025-11-17;3;0
1;2025-11-17;4;12
1;2025-11-17;5;126
1;2025-11-17;6;498
1;2025-11-17;7;1392
1;2025-11-17;8;1820
1;2025-11-17;9;1425
1;2025-11-17;10;1251
1;2025-11-17;11;1261
1;2025-11-17;12;1313
1;2025-11-17;13;1327
1;2025-11-17;14;1309
1;2025-11-17;15;1421
1;2025-11-17;16;1500
1;2025-11-17;17;1790
1;2025-11-17;18;1861
1;2025-11-17;19;1451
1;2025-11-17;20;935
1;2025-11-17;21;480
1;2025-11-17;22;240
1;2025-11-17;23;44
1;2025-11-18;0;13
1;2025-11-18;1;12
1;2025-11-18;2;0
1;2025-11-18;3;0
1;2025-11-18;4;20
1;2025-11-18;5;148
1;2025-11-18;6;526
1;2025-11-18;7;1436
1;2025-11-18;8;1868
1;2025-11-18;9;1509
1;2025-11-18;10;1349
1;2025-11-18;11;1341
1;2025-11-18;12;1379
1;2025-11-18;13;1396
1;2025-11-18;14;1347
1;2025-11-18;15;1433
1;2025-11-18;16;1503
1;2025-11-18;17;1771
1;2025-11-18;18;1812
1;2025-11-18;19;1444
1;2025-11-18;20;933
1;2025-11-18;21;509
1;2025-11-18;22;248
1;2025-11-18;23;50
1;2025-11-19;0;16
1;2025-11-19;1;14
1;2025-11-19;2;0
1;2025-11-19;3;0
1;2025-11-19;4;21
1;2025-11-19;5;150
1;2025-11-19;6;552
1;2025-11-19;7;1479
1;2025-11-19;8;1937
1;2025-11-19;9;1512
1;2025-11-19;10;1362
1;2025-11-19;11;1361
1;2025-11-19;12;1401
1;2025-11-19;13;1434
1;2025-11-19;14;1385
1;2025-11-19;15;1494
1;2025-11-19;16;1567
1;2025-11-19;17;1827
1;2025-11-19;18;1867
1;2025-11-19;19;1496
1;2025-11-19;20;958
1;2025-11-19;21;514
1;2025-11-19;22;273
1;2025-11-19;23;51
1;2025-11-20;0;17
1;2025-11-20;1;14
1;2025-11-20;2;0
1;2025-11-20;3;0
1;2025-11-20;4;21
1;2025-11-20;5;139
1;2025-11-20;6;561
1;2025-11-20;7;1500
1;2025-11-20;8;1963
1;2025-11-20;9;1508
1;2025-11-20;10;1396
1;2025-11-20;11;1395
1;2025-11-20;12;1436
1;2025-11-20;13;1459
1;2025-11-20;14;1427
1;2025-11-20;15;1533
1;2025-11-20;16;1618
1;2025-11-20;17;1847
1;2025-11-20;18;1897
1;2025-11-20;19;1486
1;2025-11-20;20;950
1;2025-11-20;21;541
1;2025-11-20;22;277
1;2025-11-20;23;54
1;2025-11-21;0;15
1;2025-11-21;1;12
1;2025-11-21;2;0
1;2025-11-21;3;0
1;2025-11-21;4;18
1;2025-11-21;5;143
1;2025-11-21;6;531
1;2025-11-21;7;1495
1;2025-11-21;8;1930
1;2025-11-21;9;1494
1;2025-11-21;10;1384
1;2025-11-21;11;1409
1;2025-11-21;12;1436
1;2025-11-21;13;1468
1;2025-11-21;14;1435
1;2025-11-21;15;1554
1;2025-11-21;16;1642
1;2025-11-21;17;1780
1;2025-11-21;18;1645
1;2025-11-21;19;1322
1;2025-11-21;20;889
1;2025-11-21;21;528
1;2025-11-21;22;274
1;2025-11-21;23;66
1;2025-11-22;0;17
1;2025-11-22;1;15
1;2025-11-22;2;0
1;2025-11-22;3;0
1;2025-11-22;4;8
1;2025-11-22;5;47
1;2025-11-22;6;194
1;2025-11-22;7;398
1;2025-11-22;8;523
1;2025-11-22;9;758
1;2025-11-22;10;863
1;2025-11-22;11;864
1;2025-11-22;12;983
1;2025-11-22;13;1008
1;2025-11-22;14;927
1;2025-11-22;15;847
1;2025-11-22;16;784
1;2025-11-22;17;716
1;2025-11-22;18;653
1;2025-11-22;19;588
1;2025-11-22;20;421
1;2025-11-22;21;313
1;2025-11-22;22;167
1;2025-11-22;23;36
1;2025-11-23;0;14
1;2025-11-23;1;12
1;2025-11-23;2;0
1;2025-11-23;3;0
1;2025-11-23;4;7
1;2025-11-23;5;30
1;2025-11-23;6;147
1;2025-11-23;7;284
1;2025-11-23;8;355
1;2025-11-23;9;601
1;2025-11-23;10;699
1;2025-11-23;11;715
1;2025-11-23;12;833
1;2025-11-23;13;845
1;2025-11-23;14;768
1;2025-11-23;15;703
1;2025-11-23;16;643
1;2025-11-23;17;601
1;2025-11-23;18;556
1;2025-11-23;19;466
1;2025-11-23;20;359
1;2025-11-23;21;275
1;2025-11-23;22;111
1;2025-11-23;23;33
1;2025-11-24;0;6
1;2025-11-24;1;10
1;2025-11-24;2;0
1;2025-11-24;3;0
1;2025-11-24;4;12
1;2025-11-24;5;129
1;2025-11-24;6;515
1;2025-11-24;7;1431
1;2025-11-24;8;1861
1;2025-11-24;9;1440
1;2025-11-24;10;1288
1;2025-11-24;11;1291
1;2025-11-24;12;1341
1;2025-11-24;13;1356
1;2025-11-24;14;1339
1;2025-11-24;15;1454
1;2025-11-24;16;1537
1;2025-11-24;17;1827
1;2025-11-24;18;1887
1;2025-11-24;19;1472
1;2025-11-24;20;925
1;2025-11-24;21;494
1;2025-11-24;22;252
1;2025-11-24;23;51
1;2025-11-25;0;14
1;2025-11-25;1;12
1;2025-11-25;2;0
1;2025-11-25;3;0
1;2025-11-25;4;22
1;2025-11-25;5;150
1;2025-11-25;6;548
1;2025-11-25;7;1526
1;2025-11-25;8;1955
1;2025-11-25;9;1551
1;2025-11-25;10;1407
1;2025-11-25;11;1403
1;2025-11-25;12;1424
1;2025-11-25;13;1440
1;2025-11-25;14;1388
1;2025-11-25;15;1491
1;2025-11-25;16;1563
1;2025-11-25;17;1814
1;2025-11-25;18;1864
1;2025-11-25;19;1485
1;2025-11-25;20;939
1;2025-11-25;21;522
1;2025-11-25;22;255
1;2025-11-25;23;51
1;2025-11-26;0;17
1;2025-11-26;1;14
1;2025-11-26;2;0
1;2025-11-26;3;0
1;2025-11-26;4;20
1;2025-11-26;5;150
1;2025-11-26;6;566
1;2025-11-26;7;1533
1;2025-11-26;8;1999
1;2025-11-26;9;1531
1;2025-11-26;10;1401
1;2025-11-26;11;1414
1;2025-11-26;12;1462
1;2025-11-26;13;1498
1;2025-11-26;14;1447
1;2025-11-26;15;1539
1;2025-11-26;16;1601
1;2025-11-26;17;1836
1;2025-11-26;18;1864
1;2025-11-26;19;1488
1;2025-11-26;20;945
1;2025-11-26;21;513
1;2025-11-26;22;271
1;2025-11-26;23;51
1;2025-11-27;0;13
1;2025-11-27;1;13
1;2025-11-27;2;0
1;2025-11-27;3;0
1;2025-11-27;4;18
1;2025-11-27;5;136
1;2025-11-27;6;562
1;2025-11-27;7;1516
1;2025-11-27;8;1967
1;2025-11-27;9;1506
1;2025-11-27;10;1405
1;2025-11-27;11;1410
1;2025-11-27;12;1453
1;2025-11-27;13;1475
1;2025-11-27;14;1439
1;2025-11-27;15;1538
1;2025-11-27;16;1610
1;2025-11-27;17;1835
1;2025-11-27;18;1878
1;2025-11-27;19;1460
1;2025-11-27;20;914
1;2025-11-27;21;525
1;2025-11-27;22;267
1;2025-11-27;23;47
1;2025-11-28;0;12
1;2025-11-28;1;11
1;2025-11-28;2;0
1;2025-11-28;3;0
1;2025-11-28;4;19
1;2025-11-28;5;144
1;2025-11-28;6;531
1;2025-11-28;7;1512
1;2025-11-28;8;1943
1;2025-11-28;9;1502
1;2025-11-28;10;1391
1;2025-11-28;11;1422
1;2025-11-28;12;1443
1;2025-11-28;13;1477
1;2025-11-28;14;1445
1;2025-11-28;15;1571
1;2025-11-28;16;1645
1;2025-11-28;17;1797
1;2025-11-28;18;1647
1;2025-11-28;19;1334
1;2025-11-28;20;893
1;2025-11-28;21;537
1;2025-11-28;22;279
1;2025-11-28;23;66
1;2025-11-29;0;14
1;2025-11-29;1;10
1;2025-11-29;2;0
1;2025-11-29;3;0
1;2025-11-29;4;8
1;2025-11-29;5;49
1;2025-11-29;6;199
1;2025-11-29;7;401
1;2025-11-29;8;521
1;2025-11-29;9;759
1;2025-11-29;10;871
1;2025-11-29;11;869
1;2025-11-29;12;989
1;2025-11-29;13;1019
1;2025-11-29;14;938
1;2025-11-29;15;847
1;2025-11-29;16;781
1;2025-11-29;17;714
1;2025-11-29;18;651
1;2025-11-29;19;594
1;2025-11-29;20;428
1;2025-11-29;21;317
1;2025-11-29;22;167
1;2025-11-29;23;37
1;2025-11-30;0;15
1;2025-11-30;1;12
1;2025-11-30;2;0
1;2025-11-30;3;0
1;2025-11-30;4;9
1;2025-11-30;5;34
1;2025-11-30;6;149
1;2025-11-30;7;287
1;2025-11-30;8;356
1;2025-11-30;9;598
1;2025-11-30;10;698
1;2025-11-30;11;711
1;2025-11-30;12;819
1;2025-11-30;13;837
1;2025-11-30;14;768
1;2025-11-30;15;710
1;2025-11-30;16;652
1;2025-11-30;17;610
1;2025-11-30;18;559
1;2025-11-30;19;475
1;2025-11-30;20;367
1;2025-11-30;21;278
1;2025-11-30;22;114
1;2025-11-30;23;32
1;2025-12-01;0;12
1;2025-12-01;1;13
1;2025-12-01;2;0
1;2025-12-01;3;0
1;2025-12-01;4;17
1;2025-12-01;5;129
1;2025-12-01;6;514
1;2025-12-01;7;1451
1;2025-12-01;8;1900
1;2025-12-01;9;1433
1;2025-12-01;10;1275
1;2025-12-01;11;1281
1;2025-12-01;12;1347
1;2025-12-01;13;1360
1;2025-12-01;14;1351
1;2025-12-01;15;1465
1;2025-12-01;16;1560
1;2025-12-01;17;1852
1;2025-12-01;18;1911
1;2025-12-01;19;1482
1;2025-12-01;20;915
1;2025-12-01;21;479
1;2025-12-01;22;235
1;2025-12-01;23;49
1;2025-12-02;0;17
1;2025-12-02;1;16
1;2025-12-02;2;0
1;2025-12-02;3;0
1;2025-12-02;4;24
1;2025-12-02;5;148
1;2025-12-02;6;548
1;2025-12-02;7;1550
1;2025-12-02;8;1964
1;2025-12-02;9;1548
1;2025-12-02;10;1406
1;2025-12-02;11;1398
1;2025-12-02;12;1421
1;2025-12-02;13;1443
1;2025-12-02;14;1385
1;2025-12-02;15;1489
1;2025-12-02;16;1570
1;2025-12-02;17;1804
1;2025-12-02;18;1849
1;2025-12-02;19;1475
1;2025-12-02;20;921
1;2025-12-02;21;501
1;2025-12-02;22;236
1;2025-12-02;23;48
1;2025-12-03;0;16
1;2025-12-03;1;12
1;2025-12-03;2;0
1;2025-12-03;3;0
1;2025-12-03;4;19
1;2025-12-03;5;145
1;2025-12-03;6;556
1;2025-12-03;7;1534
1;2025-12-03;8;1975
1;2025-12-03;9;1510
1;2025-12-03;10;1403
1;2025-12-03;11;1420
1;2025-12-03;12;1460
1;2025-12-03;13;1501
1;2025-12-03;14;1452
1;2025-12-03;15;1556
1;2025-12-03;16;1607
1;2025-12-03;17;1840
1;2025-12-03;18;1868
1;2025-12-03;19;1473
1;2025-12-03;20;921
1;2025-12-03;21;496
1;2025-12-03;22;251
1;2025-12-03;23;46
1;2025-12-04;0;14
1;2025-12-04;1;11
1;2025-12-04;2;0
1;2025-12-04;3;0
1;2025-12-04;4;17
1;2025-12-04;5;134
1;2025-12-04;6;554
1;2025-12-04;7;1528
1;2025-12-04;8;1984
1;2025-12-04;9;1518
1;2025-12-04;10;1431
1;2025-12-04;11;1440
1;2025-12-04;12;1482
1;2025-12-04;13;1511
1;2025-12-04;14;1477
1;2025-12-04;15;1575
1;2025-12-04;16;1640
1;2025-12-04;17;1857
1;2025-12-04;18;1902
1;2025-12-04;19;1464
1;2025-12-04;20;920
1;2025-12-04;21;524
1;2025-12-04;22;255
1;2025-12-04;23;49
1;2025-12-05;0;14
1;2025-12-05;1;12
1;2025-12-05;2;0
1;2025-12-05;3;0
1;2025-12-05;4;19
1;2025-12-05;5;142
1;2025-12-05;6;527
1;2025-12-05;7;1518
1;2025-12-05;8;1938
1;2025-12-05;9;1498
1;2025-12-05;10;1413
1;2025-12-05;11;1447
1;2025-12-05;12;1466
1;2025-12-05;13;1501
1;2025-12-05;14;1482
1;2025-12-05;15;1619
1;2025-12-05;16;1665
1;2025-12-05;17;1817
1;2025-12-05;18;1648
1;2025-12-05;19;1317
1;2025-12-05;20;875
1;2025-12-05;21;519
1;2025-12-05;22;255
1;2025-12-05;23;60
1;2025-12-06;0;13
1;2025-12-06;1;9
1;2025-12-06;2;0
1;2025-12-06;3;0
1;2025-12-06;4;9
1;2025-12-06;5;45
1;2025-12-06;6;187
1;2025-12-06;7;391
1;2025-12-06;8;517
1;2025-12-06;9;750
1;2025-12-06;10;871
1;2025-12-06;11;877
1;2025-12-06;12;1010
1;2025-12-06;13;1055
1;2025-12-06;14;993
1;2025-12-06;15;865
1;2025-12-06;16;791
1;2025-12-06;17;723
1;2025-12-06;18;651
1;2025-12-06;19;588
1;2025-12-06;20;419
1;2025-12-06;21;313
1;2025-12-06;22;155
1;2025-12-06;23;35
1;2025-12-07;0;14
1;2025-12-07;1;12
1;2025-12-07;2;0
1;2025-12-07;3;0
1;2025-12-07;4;10
1;2025-12-07;5;29
1;2025-12-07;6;142
1;2025-12-07;7;284
1;2025-12-07;8;355
1;2025-12-07;9;593
1;2025-12-07;10;689
1;2025-12-07;11;706
1;2025-12-07;12;836
1;2025-12-07;13;843
1;2025-12-07;14;779
1;2025-12-07;15;715
1;2025-12-07;16;651
1;2025-12-07;17;604
1;2025-12-07;18;549
1;2025-12-07;19;460
1;2025-12-07;20;355
1;2025-12-07;21;270
1;2025-12-07;22;107
1;2025-12-07;23;31
1;2025-12-08;0;12
1;2025-12-08;1;10
1;2025-12-08;2;0
1;2025-12-08;3;0
1;2025-12-08;4;13
1;2025-12-08;5;127
1;2025-12-08;6;515
1;2025-12-08;7;1456
1;2025-12-08;8;1896
1;2025-12-08;9;1443
1;2025-12-08;10;1291
1;2025-12-08;11;1308
1;2025-12-08;12;1372
1;2025-12-08;13;1384
1;2025-12-08;14;1366
1;2025-12-08;15;1478
1;2025-12-08;16;1578
1;2025-12-08;17;1853
1;2025-12-08;18;1907
1;2025-12-08;19;1488
1;2025-12-08;20;920
1;2025-12-08;21;485
1;2025-12-08;22;241
1;2025-12-08;23;54
1;2025-12-09;0;20
1;2025-12-09;1;16
1;2025-12-09;2;0
1;2025-12-09;3;0
1;2025-12-09;4;22
1;2025-12-09;5;149
1;2025-12-09;6;551
1;2025-12-09;7;1564
1;2025-12-09;8;1949
1;2025-12-09;9;1550
1;2025-12-09;10;1417
1;2025-12-09;11;1417
1;2025-12-09;12;1443
1;2025-12-09;13;1475
1;2025-12-09;14;1417
1;2025-12-09;15;1512
1;2025-12-09;16;1584
1;2025-12-09;17;1816
1;2025-12-09;18;1853
1;2025-12-09;19;1503
1;2025-12-09;20;945
1;2025-12-09;21;516
1;2025-12-09;22;248
1;2025-12-09;23;51
1;2025-12-10;0;15
1;2025-12-10;1;11
1;2025-12-10;2;0
1;2025-12-10;3;0
1;2025-12-10;4;19
1;2025-12-10;5;146
1;2025-12-10;6;564
1;2025-12-10;7;1550
1;2025-12-10;8;1979
1;2025-12-10;9;1517
1;2025-12-10;10;1422
1;2025-12-10;11;1444
1;2025-12-10;12;1475
1;2025-12-10;13;1518
1;2025-12-10;14;1469
1;2025-12-10;15;1586
1;2025-12-10;16;1625
1;2025-12-10;17;1839
1;2025-12-10;18;1859
1;2025-12-10;19;1484
1;2025-12-10;20;929
1;2025-12-10;21;503
1;2025-12-10;22;257
1;2025-12-10;23;49
1;2025-12-11;0;15
1;2025-12-11;1;12
1;2025-12-11;2;0
1;2025-12-11;3;0
1;2025-12-11;4;16
1;2025-12-11;5;135
1;2025-12-11;6;554
1;2025-12-11;7;1529
1;2025-12-11;8;1949
1;2025-12-11;9;1516
1;2025-12-11;10;1427
1;2025-12-11;11;1449
1;2025-12-11;12;1486
1;2025-12-11;13;1513
1;2025-12-11;14;1487
1;2025-12-11;15;1590
1;2025-12-11;16;1640
1;2025-12-11;17;1852
1;2025-12-11;18;1873
1;2025-12-11;19;1474
1;2025-12-11;20;929
1;2025-12-11;21;534
1;2025-12-11;22;264
1;2025-12-11;23;56
1;2025-12-12;0;15
1;2025-12-12;1;13
1;2025-12-12;2;0
1;2025-12-12;3;0
1;2025-12-12;4;17
1;2025-12-12;5;141
1;2025-12-12;6;531
1;2025-12-12;7;1522
1;2025-12-12;8;1928
1;2025-12-12;9;1498
1;2025-12-12;10;1395
1;2025-12-12;11;1442
1;2025-12-12;12;1479
1;2025-12-12;13;1534
1;2025-12-12;14;1502
1;2025-12-12;15;1617
1;2025-12-12;16;1676
1;2025-12-12;17;1809
1;2025-12-12;18;1647
1;2025-12-12;19;1329
1;2025-12-12;20;877
1;2025-12-12;21;525
1;2025-12-12;22;264
1;2025-12-12;23;65
1;2025-12-13;0;18
1;2025-12-13;1;10
1;2025-12-13;2;0
1;2025-12-13;3;0
1;2025-12-13;4;7
1;2025-12-13;5;45
1;2025-12-13;6;190
1;2025-12-13;7;395
1;2025-12-13;8;525
1;2025-12-13;9;757
1;2025-12-13;10;876
1;2025-12-13;11;881
1;2025-12-13;12;1012
1;2025-12-13;13;1075
1;2025-12-13;14;1013
1;2025-12-13;15;894
1;2025-12-13;16;803
1;2025-12-13;17;742
1;2025-12-13;18;659
1;2025-12-13;19;595
1;2025-12-13;20;412
1;2025-12-13;21;306
1;2025-12-13;22;157
1;2025-12-13;23;38
1;2025-12-14;0;19
1;2025-12-14;1;15
1;2025-12-14;2;0
1;2025-12-14;3;0
1;2025-12-14;4;11
1;2025-12-14;5;29
1;2025-12-14;6;144
1;2025-12-14;7;280
1;2025-12-14;8;349
1;2025-12-14;9;586
1;2025-12-14;10;686
1;2025-12-14;11;708
1;2025-12-14;12;834
1;2025-12-14;13;850
1;2025-12-14;14;779
1;2025-12-14;15;715
1;2025-12-14;16;652
1;2025-12-14;17;607
1;2025-12-14;18;544
1;2025-12-14;19;455
1;2025-12-14;20;350
1;2025-12-14;21;266
1;2025-12-14;22;108
1;2025-12-14;23;33
1;2025-12-15;0;11
1;2025-12-15;1;10
1;2025-12-15;2;0
1;2025-12-15;3;0
1;2025-12-15;4;16
1;2025-12-15;5;128
1;2025-12-15;6;521
1;2025-12-15;7;1466
1;2025-12-15;8;1894
1;2025-12-15;9;1437
1;2025-12-15;10;1277
1;2025-12-15;11;1306
1;2025-12-15;12;1368
1;2025-12-15;13;1379
1;2025-12-15;14;1358
1;2025-12-15;15;1471
1;2025-12-15;16;1568
1;2025-12-15;17;1823
1;2025-12-15;18;1887
1;2025-12-15;19;1470
1;2025-12-15;20;902
1;2025-12-15;21;483
1;2025-12-15;22;243
1;2025-12-15;23;52
1;2025-12-16;0;20
1;2025-12-16;1;16
1;2025-12-16;2;0
1;2025-12-16;3;0
1;2025-12-16;4;22
1;2025-12-16;5;150
1;2025-12-16;6;560
1;2025-12-16;7;1576
1;2025-12-16;8;1965
1;2025-12-16;9;1569
1;2025-12-16;10;1434
1;2025-12-16;11;1429
1;2025-12-16;12;1442
1;2025-12-16;13;1471
1;2025-12-16;14;1415
1;2025-12-16;15;1521
1;2025-12-16;16;1584
1;2025-12-16;17;1812
1;2025-12-16;18;1844
1;2025-12-16;19;1490
1;2025-12-16;20;938
1;2025-12-16;21;510
1;2025-12-16;22;250
1;2025-12-16;23;51
1;2025-12-17;0;16
1;2025-12-17;1;13
1;2025-12-17;2;0
1;2025-12-17;3;0
1;2025-12-17;4;20
1;2025-12-17;5;147
1;2025-12-17;6;560
1;2025-12-17;7;1545
1;2025-12-17;8;1954
1;2025-12-17;9;1519
1;2025-12-17;10;1402
1;2025-12-17;11;1438
1;2025-12-17;12;1469
1;2025-12-17;13;1511
1;2025-12-17;14;1469
1;2025-12-17;15;1582
1;2025-12-17;16;1611
1;2025-12-17;17;1832
1;2025-12-17;18;1845
1;2025-12-17;19;1476
1;2025-12-17;20;926
1;2025-12-17;21;501
1;2025-12-17;22;257
1;2025-12-17;23;52
1;2025-12-18;0;15
1;2025-12-18;1;11
1;2025-12-18;2;0
1;2025-12-18;3;0
1;2025-12-18;4;18
1;2025-12-18;5;136
1;2025-12-18;6;561
1;2025-12-18;7;1544
1;2025-12-18;8;1960
1;2025-12-18;9;1520
1;2025-12-18;10;1431
1;2025-12-18;11;1452
1;2025-12-18;12;1492
1;2025-12-18;13;1517
1;2025-12-18;14;1492
1;2025-12-18;15;1596
1;2025-12-18;16;1648
1;2025-12-18;17;1855
1;2025-12-18;18;1874
1;2025-12-18;19;1467
1;2025-12-18;20;923
1;2025-12-18;21;532
1;2025-12-18;22;260
1;2025-12-18;23;57
1;2025-12-19;0;15
1;2025-12-19;1;13
1;2025-12-19;2;0
1;2025-12-19;3;0
1;2025-12-19;4;19
1;2025-12-19;5;144
1;2025-12-19;6;537
1;2025-12-19;7;1531
1;2025-12-19;8;1935
1;2025-12-19;9;1507
1;2025-12-19;10;1407
1;2025-12-19;11;1456
1;2025-12-19;12;1490
1;2025-12-19;13;1536
1;2025-12-19;14;1494
1;2025-12-19;15;1614
1;2025-12-19;16;1674
1;2025-12-19;17;1809
1;2025-12-19;18;1647
1;2025-12-19;19;1318
1;2025-12-19;20;875
1;2025-12-19;21;522
1;2025-12-19;22;261
1;2025-12-19;23;64
1;2025-12-20;0;15
1;2025-12-20;1;10
1;2025-12-20;2;0
1;2025-12-20;3;0
1;2025-12-20;4;8
1;2025-12-20;5;46
1;2025-12-20;6;188
1;2025-12-20;7;394
1;2025-12-20;8;523
1;2025-12-20;9;761
1;2025-12-20;10;885
1;2025-12-20;11;883
1;2025-12-20;12;1015
1;2025-12-20;13;1082
1;2025-12-20;14;1008
1;2025-12-20;15;881
1;2025-12-20;16;798
1;2025-12-20;17;739
1;2025-12-20;18;659
1;2025-12-20;19;592
1;2025-12-20;20;419
1;2025-12-20;21;315
1;2025-12-20;22;162
1;2025-12-20;23;39
1;2025-12-21;0;17
1;2025-12-21;1;14
1;2025-12-21;2;0
1;2025-12-21;3;0
1;2025-12-21;4;8
1;2025-12-21;5;31
1;2025-12-21;6;144
1;2025-12-21;7;279
1;2025-12-21;8;352
1;2025-12-21;9;589
1;2025-12-21;10;690
1;2025-12-21;11;703
1;2025-12-21;12;827
1;2025-12-21;13;845
1;2025-12-21;14;776
1;2025-12-21;15;710
1;2025-12-21;16;648
1;2025-12-21;17;603
1;2025-12-21;18;546
1;2025-12-21;19;453
1;2025-12-21;20;352
1;2025-12-21;21;262
1;2025-12-21;22;104
1;2025-12-21;23;32
1;2025-12-22;0;10
1;2025-12-22;1;10
1;2025-12-22;2;0
1;2025-12-22;3;0
1;2025-12-22;4;15
1;2025-12-22;5;131
1;2025-12-22;6;520
1;2025-12-22;7;1465
1;2025-12-22;8;1902
1;2025-12-22;9;1439
1;2025-12-22;10;1282
1;2025-12-22;11;1299
1;2025-12-22;12;1384
1;2025-12-22;13;1386
1;2025-12-22;14;1372
1;2025-12-22;15;1490
1;2025-12-22;16;1581
1;2025-12-22;17;1843
1;2025-12-22;18;1905
1;2025-12-22;19;1495
1;2025-12-22;20;932
1;2025-12-22;21;486
1;2025-12-22;22;246
1;2025-12-22;23;50
1;2025-12-23;0;17
1;2025-12-23;1;12
1;2025-12-23;2;0
1;2025-12-23;3;0
1;2025-12-23;4;20
1;2025-12-23;5;145
1;2025-12-23;6;554
1;2025-12-23;7;1573
1;2025-12-23;8;1956
1;2025-12-23;9;1562
1;2025-12-23;10;1409
1;2025-12-23;11;1411
1;2025-12-23;12;1437
1;2025-12-23;13;1471
1;2025-12-23;14;1413
1;2025-12-23;15;1521
1;2025-12-23;16;1588
1;2025-12-23;17;1826
1;2025-12-23;18;1867
1;2025-12-23;19;1492
1;2025-12-23;20;936
1;2025-12-23;21;510
1;2025-12-23;22;246
1;2025-12-23;23;48
1;2025-12-24;0;14
1;2025-12-24;1;12
1;2025-12-24;2;0
1;2025-12-24;3;0
1;2025-12-24;4;19
1;2025-12-24;5;147
1;2025-12-24;6;564
1;2025-12-24;7;1545
1;2025-12-24;8;1966
1;2025-12-24;9;1536
1;2025-12-24;10;1429
1;2025-12-24;11;1429
1;2025-12-24;12;1478
1;2025-12-24;13;1516
1;2025-12-24;14;1475
1;2025-12-24;15;1601
1;2025-12-24;16;1616
1;2025-12-24;17;1876
1;2025-12-24;18;1894
1;2025-12-24;19;1514
1;2025-12-24;20;952
1;2025-12-24;21;516
1;2025-12-24;22;266
1;2025-12-24;23;51
1;2025-12-25;0;13
1;2025-12-25;1;12
1;2025-12-25;2;0
1;2025-12-25;3;0
1;2025-12-25;4;16
1;2025-12-25;5;134
1;2025-12-25;6;558
1;2025-12-25;7;1544
1;2025-12-25;8;1981
1;2025-12-25;9;1527
1;2025-12-25;10;1442
1;2025-12-25;11;1447
1;2025-12-25;12;1491
1;2025-12-25;13;1514
1;2025-12-25;14;1496
1;2025-12-25;15;1596
1;2025-12-25;16;1648
1;2025-12-25;17;1878
1;2025-12-25;18;1902
1;2025-12-25;19;1491
1;2025-12-25;20;953
1;2025-12-25;21;550
1;2025-12-25;22;280
1;2025-12-25;23;64
1;2025-12-26;0;14
1;2025-12-26;1;10
1;2025-12-26;2;0
1;2025-12-26;3;0
1;2025-12-26;4;16
1;2025-12-26;5;142
1;2025-12-26;6;540
1;2025-12-26;7;1535
1;2025-12-26;8;1952
1;2025-12-26;9;1513
1;2025-12-26;10;1423
1;2025-12-26;11;1453
1;2025-12-26;12;1474
1;2025-12-26;13;1527
1;2025-12-26;14;1507
1;2025-12-26;15;1612
1;2025-12-26;16;1683
1;2025-12-26;17;1823
1;2025-12-26;18;1665
1;2025-12-26;19;1339
1;2025-12-26;20;885
1;2025-12-26;21;534
1;2025-12-26;22;272
1;2025-12-26;23;68
1;2025-12-27;0;16
1;2025-12-27;1;10
1;2025-12-27;2;0
1;2025-12-27;3;0
1;2025-12-27;4;9
1;2025-12-27;5;45
1;2025-12-27;6;193
1;2025-12-27;7;395
1;2025-12-27;8;526
1;2025-12-27;9;768
1;2025-12-27;10;902
1;2025-12-27;11;895
1;2025-12-27;12;1025
1;2025-12-27;13;1098
1;2025-12-27;14;1023
1;2025-12-27;15;896
1;2025-12-27;16;804
1;2025-12-27;17;741
1;2025-12-27;18;661
1;2025-12-27;19;597
1;2025-12-27;20;421
1;2025-12-27;21;318
1;2025-12-27;22;167
1;2025-12-27;23;40
1;2025-12-28;0;17
1;2025-12-28;1;14
1;2025-12-28;2;0
1;2025-12-28;3;0
1;2025-12-28;4;10
1;2025-12-28;5;32
1;2025-12-28;6;145
1;2025-12-28;7;283
1;2025-12-28;8;352
1;2025-12-28;9;593
1;2025-12-28;10;696
1;2025-12-28;11;717
1;2025-12-28;12;841
1;2025-12-28;13;863
1;2025-12-28;14;792
1;2025-12-28;15;728
1;2025-12-28;16;663
1;2025-12-28;17;618
1;2025-12-28;18;552
1;2025-12-28;19;464
1;2025-12-28;20;359
1;2025-12-28;21;281
1;2025-12-28;22;113
1;2025-12-28;23;36
1;2025-12-29;0;20
1;2025-12-29;1;18
1;2025-12-29;2;0
1;2025-12-29;3;0
1;2025-12-29;4;24
1;2025-12-29;5;136
1;2025-12-29;6;525
1;2025-12-29;7;1424
1;2025-12-29;8;1825
1;2025-12-29;9;1423
1;2025-12-29;10;1274
1;2025-12-29;11;1279
1;2025-12-29;12;1339
1;2025-12-29;13;1349
1;2025-12-29;14;1336
1;2025-12-29;15;1443
1;2025-12-29;16;1524
1;2025-12-29;17;1762
1;2025-12-29;18;1819
1;2025-12-29;19;1432
1;2025-12-29;20;919
1;2025-12-29;21;495
1;2025-12-29;22;251
1;2025-12-29;23;62
1;2025-12-30;0;30
1;2025-12-30;1;27
1;2025-12-30;2;0
1;2025-12-30;3;0
1;2025-12-30;4;35
1;2025-12-30;5;161
1;2025-12-30;6;556
1;2025-12-30;7;1484
1;2025-12-30;8;1854
1;2025-12-30;9;1521
1;2025-12-30;10;1361
1;2025-12-30;11;1353
1;2025-12-30;12;1379
1;2025-12-30;13;1410
1;2025-12-30;14;1360
1;2025-12-30;15;1466
1;2025-12-30;16;1524
1;2025-12-30;17;1723
1;2025-12-30;18;1742
1;2025-12-30;19;1407
1;2025-12-30;20;912
1;2025-12-30;21;514
1;2025-12-30;22;259
1;2025-12-30;23;67
1;2025-12-31;0;50
1;2025-12-31;1;43
1;2025-12-31;2;0
1;2025-12-31;3;0
1;2025-12-31;4;38
1;2025-12-31;5;88
1;2025-12-31;6;303
1;2025-12-31;7;663
1;2025-12-31;8;772
1;2025-12-31;9;758
1;2025-12-31;10;768
1;2025-12-31;11;787
1;2025-12-31;12;830
1;2025-12-31;13;843
1;2025-12-31;14;817
1;2025-12-31;15;828
1;2025-12-31;16;803
1;2025-12-31;17;793
1;2025-12-31;18;750
1;2025-12-31;19;689
1;2025-12-31;20;497
1;2025-12-31;21;359
1;2025-12-31;22;192
1;2025-12-31;23;59
5;2025-11-01;0;0
5;2025-11-01;1;0
5;2025-11-01;2;0
5;2025-11-01;3;0
5;2025-11-01;4;0
5;2025-11-01;5;0
5;2025-11-01;6;0
5;2025-11-01;7;0
5;2025-11-01;8;0
5;2025-11-01;9;0
5;2025-11-01;10;0
5;2025-11-01;11;0
5;2025-11-01;12;0
5;2025-11-01;13;0
5;2025-11-01;14;0
5;2025-11-01;15;0
5;2025-11-01;16;0
5;2025-11-01;17;0
5;2025-11-01;18;0
5;2025-11-01;19;0
5;2025-11-01;20;0
5;2025-11-01;21;0
5;2025-11-01;22;0
5;2025-11-01;23;0
5;2025-11-02;0;0
5;2025-11-02;1;0
5;2025-11-02;2;0
5;2025-11-02;3;0
5;2025-11-02;4;0
5;2025-11-02;5;0
5;2025-11-02;6;0
5;2025-11-02;7;0
5;2025-11-02;8;0
5;2025-11-02;9;0
5;2025-11-02;10;0
5;2025-11-02;11;0
5;2025-11-02;12;0
5;2025-11-02;13;0
5;2025-11-02;14;0
5;2025-11-02;15;0
5;2025-11-02;16;0
5;2025-11-02;17;0
5;2025-11-02;18;0
5;2025-11-02;19;0
5;2025-11-02;20;0
5;2025-11-02;21;0
5;2025-11-02;22;0
5;2025-11-02;23;0
5;2025-11-03;0;0
5;2025-11-03;1;0
5;2025-11-03;2;0
5;2025-11-03;3;0
5;2025-11-03;4;0
5;2025-11-03;5;0
5;2025-11-03;6;0
5;2025-11-03;7;0
5;2025-11-03;8;0
5;2025-11-03;9;0
5;2025-11-03;10;0
5;2025-11-03;11;0
5;2025-11-03;12;0
5;2025-11-03;13;0
5;2025-11-03;14;0
5;2025-11-03;15;0
5;2025-11-03;16;0
5;2025-11-03;17;0
5;2025-11-03;18;0
5;2025-11-03;19;0
5;2025-11-03;20;0
5;2025-11-03;21;0
5;2025-11-03;22;0
5;2025-11-03;23;0
5;2025-11-04;0;0
5;2025-11-04;1;0
5;2025-11-04;2;0
5;2025-11-04;3;0
5;2025-11-04;4;0
5;2025-11-04;5;0
5;2025-11-04;6;0
5;2025-11-04;7;0
5;2025-11-04;8;0
5;2025-11-04;9;0
5;2025-11-04;10;0
5;2025-11-04;11;0
5;2025-11-04;12;0
5;2025-11-04;13;0
5;2025-11-04;14;0
5;2025-11-04;15;0
5;2025-11-04;16;0
5;2025-11-04;17;0
5;2025-11-04;18;0
5;2025-11-04;19;0
5;2025-11-04;20;0
5;2025-11-04;21;0
5;2025-11-04;22;0
5;2025-11-04;23;0
5;2025-11-05;0;0
5;2025-11-05;1;0
5;2025-11-05;2;0
5;2025-11-05;3;0
5;2025-11-05;4;0
5;2025-11-05;5;0
5;2025-11-05;6;0
5;2025-11-05;7;0
5;2025-11-05;8;0
5;2025-11-05;9;0
5;2025-11-05;10;0
5;2025-11-05;11;0
5;2025-11-05;12;0
5;2025-11-05;13;0
5;2025-11-05;14;0
5;2025-11-05;15;0
5;2025-11-05;16;0
5;2025-11-05;17;0
5;2025-11-05;18;0
5;2025-11-05;19;0
5;2025-11-05;20;0
5;2025-11-05;21;0
5;2025-11-05;22;0
5;2025-11-05;23;0
5;2025-11-06;0;0
5;2025-11-06;1;0
5;2025-11-06;2;0
5;2025-11-06;3;0
5;2025-11-06;4;0
5;2025-11-06;5;0
5;2025-11-06;6;0
5;2025-11-06;7;0
5;2025-11-06;8;0
5;2025-11-06;9;0
5;2025-11-06;10;0
5;2025-11-06;11;0
5;2025-11-06;12;0
5;2025-11-06;13;0
5;2025-11-06;14;0
5;2025-11-06;15;0
5;2025-11-06;16;0
5;2025-11-06;17;0
5;2025-11-06;18;0
5;2025-11-06;19;0
5;2025-11-06;20;0
5;2025-11-06;21;0
5;2025-11-06;22;0
5;2025-11-06;23;0
5;2025-11-07;0;0
5;2025-11-07;1;0
5;2025-11-07;2;0
5;2025-11-07;3;0
5;2025-11-07;4;0
5;2025-11-07;5;0
5;2025-11-07;6;0
5;2025-11-07;7;0
5;2025-11-07;8;0
5;2025-11-07;9;0
5;2025-11-07;10;0
5;2025-11-07;11;0
5;2025-11-07;12;0
5;2025-11-07;13;0
5;2025-11-07;14;0
5;2025-11-07;15;0
5;2025-11-07;16;0
5;2025-11-07;17;0
5;2025-11-07;18;0
5;2025-11-07;19;0
5;2025-11-07;20;0
5;2025-11-07;21;0
5;2025-11-07;22;0
5;2025-11-07;23;0
5;2025-11-08;0;0
5;2025-11-08;1;0
5;2025-11-08;2;0
5;2025-11-08;3;0
5;2025-11-08;4;0
5;2025-11-08;5;0
5;2025-11-08;6;0
5;2025-11-08;7;0
5;2025-11-08;8;0
5;2025-11-08;9;0
5;2025-11-08;10;0
5;2025-11-08;11;0
5;2025-11-08;12;0
5;2025-11-08;13;0
5;2025-11-08;14;0
5;2025-11-08;15;0
5;2025-11-08;16;0
5;2025-11-08;17;0
5;2025-11-08;18;0
5;2025-11-08;19;0
5;2025-11-08;20;0
5;2025-11-08;21;0
5;2025-11-08;22;0
5;2025-11-08;23;0
5;2025-11-09;0;0
5;2025-11-09;1;0
5;2025-11-09;2;0
5;2025-11-09;3;0
5;2025-11-09;4;0
5;2025-11-09;5;0
5;2025-11-09;6;0
5;2025-11-09;7;0
5;2025-11-09;8;0
5;2025-11-09;9;0
5;2025-11-09;10;0
5;2025-11-09;11;0
5;2025-11-09;12;0
5;2025-11-09;13;0
5;2025-11-09;14;0
5;2025-11-09;15;0
5;2025-11-09;16;0
5;2025-11-09;17;0
5;2025-11-09;18;0
5;2025-11-09;19;0
5;2025-11-09;20;0
5;2025-11-09;21;0
5;2025-11-09;22;0
5;2025-11-09;23;0
5;2025-11-10;0;0
5;2025-11-10;1;0
5;2025-11-10;2;0
5;2025-11-10;3;0
5;2025-11-10;4;0
5;2025-11-10;5;0
5;2025-11-10;6;0
5;2025-11-10;7;0
5;2025-11-10;8;0
5;2025-11-10;9;0
5;2025-11-10;10;0
5;2025-11-10;11;0
5;2025-11-10;12;0
5;2025-11-10;13;0
5;2025-11-10;14;0
5;2025-11-10;15;0
5;2025-11-10;16;0
5;2025-11-10;17;0
5;2025-11-10;18;0
5;2025-11-10;19;0
5;2025-11-10;20;0
5;2025-11-10;21;0
5;2025-11-10;22;0
5;2025-11-10;23;0
5;2025-11-11;0;0
5;2025-11-11;1;0
5;2025-11-11;2;0
5;2025-11-11;3;0
5;2025-11-11;4;0
5;2025-11-11;5;0
5;2025-11-11;6;0
5;2025-11-11;7;0
5;2025-11-11;8;0
5;2025-11-11;9;0
5;2025-11-11;10;0
5;2025-11-11;11;0
5;2025-11-11;12;0
5;2025-11-11;13;0
5;2025-11-11;14;0
5;2025-11-11;15;0
5;2025-11-11;16;0
5;2025-11-11;17;0
5;2025-11-11;18;0
5;2025-11-11;19;0
5;2025-11-11;20;0
5;2025-11-11;21;0
5;2025-11-11;22;0
5;2025-11-11;23;0
5;2025-11-12;0;0
5;2025-11-12;1;0
5;2025-11-12;2;0
5;2025-11-12;3;0
5;2025-11-12;4;0
5;2025-11-12;5;0
5;2025-11-12;6;0
5;2025-11-12;7;0
5;2025-11-12;8;0
5;2025-11-12;9;0
5;2025-11-12;10;0
5;2025-11-12;11;0
5;2025-11-12;12;0
5;2025-11-12;13;0
5;2025-11-12;14;0
5;2025-11-12;15;0
5;2025-11-12;16;0
5;2025-11-12;17;0
5;2025-11-12;18;0
5;2025-11-12;19;0
5;2025-11-12;20;0
5;2025-11-12;21;0
5;2025-11-12;22;0
5;2025-11-12;23;0
5;2025-11-13;0;0
5;2025-11-13;1;0
5;2025-11-13;2;0
5;2025-11-13;3;0
5;2025-11-13;4;0
5;2025-11-13;5;0
5;2025-11-13;6;0
5;2025-11-13;7;0
5;2025-11-13;8;0
5;2025-11-13;9;0
5;2025-11-13;10;0
5;2025-11-13;11;0
5;2025-11-13;12;0
5;2025-11-13;13;0
5;2025-11-13;14;0
5;2025-11-13;15;0
5;2025-11-13;16;0
5;2025-11-13;17;0
5;2025-11-13;18;0
5;2025-11-13;19;0
5;2025-11-13;20;0
5;2025-11-13;21;0
5;2025-11-13;22;0
5;2025-11-13;23;0
5;2025-11-14;0;0
5;2025-11-14;1;0
5;2025-11-14;2;0
5;2025-11-14;3;0
5;2025-11-14;4;0
5;2025-11-14;5;0
5;2025-11-14;6;0
5;2025-11-14;7;0
5;2025-11-14;8;0
5;2025-11-14;9;0
5;2025-11-14;10;0
5;2025-11-14;11;0
5;2025-11-14;12;0
5;2025-11-14;13;0
5;2025-11-14;14;0
5;2025-11-14;15;0
5;2025-11-14;16;0
5;2025-11-14;17;0
5;2025-11-14;18;0
5;2025-11-14;19;0
5;2025-11-14;20;0
5;2025-11-14;21;0
5;2025-11-14;22;0
5;2025-11-14;23;0
5;2025-11-15;0;0
5;2025-11-15;1;0
5;2025-11-15;2;0
5;2025-11-15;3;0
5;2025-11-15;4;0
5;2025-11-15;5;0
5;2025-11-15;6;0
5;2025-11-15;7;0
5;2025-11-15;8;0
5;2025-11-15;9;0
5;2025-11-15;10;0
5;2025-11-15;11;0
5;2025-11-15;12;0
5;2025-11-15;13;0
5;2025-11-15;14;0
5;2025-11-15;15;0
5;2025-11-15;16;0
5;2025-11-15;17;0
5;2025-11-15;18;0
5;2025-11-15;19;0
5;2025-11-15;20;0
5;2025-11-15;21;0
5;2025-11-15;22;0
5;2025-11-15;23;0
5;2025-11-16;0;0
5;2025-11-16;1;0
5;2025-11-16;2;0
5;2025-11-16;3;0
5;2025-11-16;4;0
5;2025-11-16;5;0
5;2025-11-16;6;0
5;2025-11-16;7;0
5;2025-11-16;8;0
5;2025-11-16;9;0
5;2025-11-16;10;0
5;2025-11-16;11;0
5;2025-11-16;12;0
5;2025-11-16;13;0
5;2025-11-16;14;0
5;2025-11-16;15;0
5;2025-11-16;16;0
5;2025-11-16;17;0
5;2025-11-16;18;0
5;2025-11-16;19;0
5;2025-11-16;20;0
5;2025-11-16;21;0
5;2025-11-16;22;0
5;2025-11-16;23;0
5;2025-11-17;0;0
5;2025-11-17;1;0
5;2025-11-17;2;0
5;2025-11-17;3;0
5;2025-11-17;4;0
5;2025-11-17;5;0
5;2025-11-17;6;0
5;2025-11-17;7;0
5;2025-11-17;8;0
5;2025-11-17;9;0
5;2025-11-17;10;0
5;2025-11-17;11;0
5;2025-11-17;12;0
5;2025-11-17;13;0
5;2025-11-17;14;0
5;2025-11-17;15;0
5;2025-11-17;16;0
5;2025-11-17;17;0
5;2025-11-17;18;0
5;2025-11-17;19;0
5;2025-11-17;20;0
5;2025-11-17;21;0
5;2025-11-17;22;0
5;2025-11-17;23;0
5;2025-11-18;0;0
5;2025-11-18;1;0
5;2025-11-18;2;0
5;2025-11-18;3;0
5;2025-11-18;4;0
5;2025-11-18;5;0
5;2025-11-18;6;0
5;2025-11-18;7;0
5;2025-11-18;8;0
5;2025-11-18;9;0
5;2025-11-18;10;0
5;2025-11-18;11;0
5;2025-11-18;12;0
5;2025-11-18;13;0
5;2025-11-18;14;0
5;2025-11-18;15;0
5;2025-11-18;16;0
5;2025-11-18;17;0
5;2025-11-18;18;0
5;2025-11-18;19;0
5;2025-11-18;20;0
5;2025-11-18;21;0
5;2025-11-18;22;0
5;2025-11-18;23;0
5;2025-11-19;0;0
5;2025-11-19;1;0
5;2025-11-19;2;0
5;2025-11-19;3;0
5;2025-11-19;4;0
5;2025-11-19;5;0
5;2025-11-19;6;0
5;2025-11-19;7;0
5;2025-11-19;8;0
5;2025-11-19;9;0
5;2025-11-19;10;0
5;2025-11-19;11;0
5;2025-11-19;12;0
5;2025-11-19;13;0
5;2025-11-19;14;0
5;2025-11-19;15;0
5;2025-11-19;16;0
5;2025-11-19;17;0
5;2025-11-19;18;0
5;2025-11-19;19;0
5;2025-11-19;20;0
5;2025-11-19;21;0
5;2025-11-19;22;0
5;2025-11-19;23;0
5;2025-11-20;0;0
5;2025-11-20;1;0
5;2025-11-20;2;0
5;2025-11-20;3;0
5;2025-11-20;4;0
5;2025-11-20;5;0
5;2025-11-20;6;0
5;2025-11-20;7;0
5;2025-11-20;8;0
5;2025-11-20;9;0
5;2025-11-20;10;0
5;2025-11-20;11;0
5;2025-11-20;12;0
5;2025-11-20;13;0
5;2025-11-20;14;0
5;2025-11-20;15;0
5;2025-11-20;16;0
5;2025-11-20;17;0
5;2025-11-20;18;0
5;2025-11-20;19;0
5;2025-11-20;20;0
5;2025-11-20;21;0
5;2025-11-20;22;0
5;2025-11-20;23;0
5;2025-11-21;0;0
5;2025-11-21;1;0
5;2025-11-21;2;0
5;2025-11-21;3;0
5;2025-11-21;4;0
5;2025-11-21;5;0
5;2025-11-21;6;0
5;2025-11-21;7;0
5;2025-11-21;8;0
5;2025-11-21;9;0
5;2025-11-21;10;0
5;2025-11-21;11;0
5;2025-11-21;12;0
5;2025-11-21;13;0
5;2025-11-21;14;0
5;2025-11-21;15;0
5;2025-11-21;16;0
5;2025-11-21;17;0
5;2025-11-21;18;0
5;2025-11-21;19;0
5;2025-11-21;20;0
5;2025-11-21;21;0
5;2025-11-21;22;0
5;2025-11-21;23;0
5;2025-11-22;0;0
5;2025-11-22;1;0
5;2025-11-22;2;0
5;2025-11-22;3;0
5;2025-11-22;4;0
5;2025-11-22;5;0
5;2025-11-22;6;0
5;2025-11-22;7;0
5;2025-11-22;8;0
5;2025-11-22;9;0
5;2025-11-22;10;0
5;2025-11-22;11;0
5;2025-11-22;12;0
5;2025-11-22;13;0
5;2025-11-22;14;0
5;2025-11-22;15;0
5;2025-11-22;16;0
5;2025-11-22;17;0
5;2025-11-22;18;0
5;2025-11-22;19;0
5;2025-11-22;20;0
5;2025-11-22;21;0
5;2025-11-22;22;0
5;2025-11-22;23;0
5;2025-11-23;0;0
5;2025-11-23;1;0
5;2025-11-23;2;0
5;2025-11-23;3;0
5;2025-11-23;4;0
5;2025-11-23;5;0
5;2025-11-23;6;0
5;2025-11-23;7;0
5;2025-11-23;8;0
5;2025-11-23;9;0
5;2025-11-23;10;0
5;2025-11-23;11;0
5;2025-11-23;12;0
5;2025-11-23;13;0
5;2025-11-23;14;0
5;2025-11-23;15;0
5;2025-11-23;16;0
5;2025-11-23;17;0
5;2025-11-23;18;0
5;2025-11-23;19;0
5;2025-11-23;20;0
5;2025-11-23;21;0
5;2025-11-23;22;0
5;2025-11-23;23;0
5;2025-11-24;0;0
5;2025-11-24;1;0
5;2025-11-24;2;0
5;2025-11-24;3;0
5;2025-11-24;4;0
5;2025-11-24;5;0
5;2025-11-24;6;0
5;2025-11-24;7;0
5;2025-11-24;8;0
5;2025-11-24;9;0
5;2025-11-24;10;0
5;2025-11-24;11;0
5;2025-11-24;12;0
5;2025-11-24;13;0
5;2025-11-24;14;0
5;2025-11-24;15;0
5;2025-11-24;16;0
5;2025-11-24;17;0
5;2025-11-24;18;0
5;2025-11-24;19;0
5;2025-11-24;20;0
5;2025-11-24;21;0
5;2025-11-24;22;0
5;2025-11-24;23;0
5;2025-11-25;0;0
5;2025-11-25;1;0
5;2025-11-25;2;0
5;2025-11-25;3;0
5;2025-11-25;4;0
5;2025-11-25;5;0
5;2025-11-25;6;0
5;2025-11-25;7;0
5;2025-11-25;8;0
5;2025-11-25;9;0
5;2025-11-25;10;0
5;2025-11-25;11;0
5;2025-11-25;12;0
5;2025-11-25;13;0
5;2025-11-25;14;0
5;2025-11-25;15;0
5;2025-11-25;16;0
5;2025-11-25;17;0
5;2025-11-25;18;0
5;2025-11-25;19;0
5;2025-11-25;20;0
5;2025-11-25;21;0
5;2025-11-25;22;0
5;2025-11-25;23;0
5;2025-11-26;0;0
5;2025-11-26;1;0
5;2025-11-26;2;0
5;2025-11-26;3;0
5;2025-11-26;4;0
5;2025-11-26;5;0
5;2025-11-26;6;0
5;2025-11-26;7;0
5;2025-11-26;8;0
5;2025-11-26;9;0
5;2025-11-26;10;0
5;2025-11-26;11;0
5;2025-11-26;12;0
5;2025-11-26;13;0
5;2025-11-26;14;0
5;2025-11-26;15;0
5;2025-11-26;16;0
5;2025-11-26;17;0
5;2025-11-26;18;0
5;2025-11-26;19;0
5;2025-11-26;20;0
5;2025-11-26;21;0
5;2025-11-26;22;0
5;2025-11-26;23;0
5;2025-11-27;0;0
5;2025-11-27;1;0
5;2025-11-27;2;0
5;2025-11-27;3;0
5;2025-11-27;4;0
5;2025-11-27;5;0
5;2025-11-27;6;0
5;2025-11-27;7;0
5;2025-11-27;8;0
5;2025-11-27;9;0
5;2025-11-27;10;0
5;2025-11-27;11;0
5;2025-11-27;12;0
5;2025-11-27;13;0
5;2025-11-27;14;0
5;2025-11-27;15;0
5;2025-11-27;16;0
5;2025-11-27;17;0
5;2025-11-27;18;0
5;2025-11-27;19;0
5;2025-11-27;20;0
5;2025-11-27;21;0
5;2025-11-27;22;0
5;2025-11-27;23;0
5;2025-11-28;0;0
5;2025-11-28;1;0
5;2025-11-28;2;0
5;2025-11-28;3;0
5;2025-11-28;4;0
5;2025-11-28;5;0
5;2025-11-28;6;0
5;2025-11-28;7;0
5;2025-11-28;8;0
5;2025-11-28;9;0
5;2025-11-28;10;0
5;2025-11-28;11;0
5;2025-11-28;12;0
5;2025-11-28;13;0
5;2025-11-28;14;0
5;2025-11-28;15;0
5;2025-11-28;16;0
5;2025-11-28;17;0
5;2025-11-28;18;0
5;2025-11-28;19;0
5;2025-11-28;20;0
5;2025-11-28;21;0
5;2025-11-28;22;0
5;2025-11-28;23;0
5;2025-11-29;0;0
5;2025-11-29;1;0
5;2025-11-29;2;0
5;2025-11-29;3;0
5;2025-11-29;4;0
5;2025-11-29;5;0
5;2025-11-29;6;0
5;2025-11-29;7;0
5;2025-11-29;8;0
5;2025-11-29;9;0
5;2025-11-29;10;0
5;2025-11-29;11;0
5;2025-11-29;12;0
5;2025-11-29;13;0
5;2025-11-29;14;0
5;2025-11-29;15;0
5;2025-11-29;16;0
5;2025-11-29;17;0
5;2025-11-29;18;0
5;2025-11-29;19;0
5;2025-11-29;20;0
5;2025-11-29;21;0
5;2025-11-29;22;0
5;2025-11-29;23;0
5;2025-11-30;0;0
5;2025-11-30;1;0
5;2025-11-30;2;0
5;2025-11-30;3;0
5;2025-11-30;4;0
5;2025-11-30;5;0
5;2025-11-30;6;0
5;2025-11-30;7;0
5;2025-11-30;8;0
5;2025-11-30;9;0
5;2025-11-30;10;0
5;2025-11-30;11;0
5;2025-11-30;12;0
5;2025-11-30;13;0
5;2025-11-30;14;0
5;2025-11-30;15;0
5;2025-11-30;16;0
5;2025-11-30;17;0
5;2025-11-30;18;0
5;2025-11-30;19;0
5;2025-11-30;20;0
5;2025-11-30;21;0
5;2025-11-30;22;0
5;2025-11-30;23;0
5;2025-12-01;0;0
5;2025-12-01;1;0
5;2025-12-01;2;0
5;2025-12-01;3;0
5;2025-12-01;4;0
5;2025-12-01;5;0
5;2025-12-01;6;0
5;2025-12-01;7;0
5;2025-12-01;8;0
5;2025-12-01;9;0
5;2025-12-01;10;0
5;2025-12-01;11;0
5;2025-12-01;12;0
5;2025-12-01;13;0
5;2025-12-01;14;0
5;2025-12-01;15;0
5;2025-12-01;16;0
5;2025-12-01;17;0
5;2025-12-01;18;0
5;2025-12-01;19;0
5;2025-12-01;20;0
5;2025-12-01;21;0
5;2025-12-01;22;0
5;2025-12-01;23;0
5;2025-12-02;0;0
5;2025-12-02;1;0
5;2025-12-02;2;0
5;2025-12-02;3;0
5;2025-12-02;4;0
5;2025-12-02;5;0
5;2025-12-02;6;0
5;2025-12-02;7;0
5;2025-12-02;8;0
5;2025-12-02;9;0
5;2025-12-02;10;0
5;2025-12-02;11;0
5;2025-12-02;12;0
5;2025-12-02;13;0
5;2025-12-02;14;0
5;2025-12-02;15;0
5;2025-12-02;16;0
5;2025-12-02;17;0
5;2025-12-02;18;0
5;2025-12-02;19;0
5;2025-12-02;20;0
5;2025-12-02;21;0
5;2025-12-02;22;0
5;2025-12-02;23;0
5;2025-12-03;0;0
5;2025-12-03;1;0
5;2025-12-03;2;0
5;2025-12-03;3;0
5;2025-12-03;4;0
5;2025-12-03;5;0
5;2025-12-03;6;0
5;2025-12-03;7;0
5;2025-12-03;8;0
5;2025-12-03;9;0
5;2025-12-03;10;0
5;2025-12-03;11;0
5;2025-12-03;12;0
5;2025-12-03;13;0
5;2025-12-03;14;0
5;2025-12-03;15;0
5;2025-12-03;16;0
5;2025-12-03;17;0
5;2025-12-03;18;0
5;2025-12-03;19;0
5;2025-12-03;20;0
5;2025-12-03;21;0
5;2025-12-03;22;0
5;2025-12-03;23;0
5;2025-12-04;0;0
5;2025-12-04;1;0
5;2025-12-04;2;0
5;2025-12-04;3;0
5;2025-12-04;4;0
5;2025-12-04;5;0
5;2025-12-04;6;0
5;2025-12-04;7;0
5;2025-12-04;8;0
5;2025-12-04;9;0
5;2025-12-04;10;0
5;2025-12-04;11;0
5;2025-12-04;12;0
5;2025-12-04;13;0
5;2025-12-04;14;0
5;2025-12-04;15;0
5;2025-12-04;16;0
5;2025-12-04;17;0
5;2025-12-04;18;0
5;2025-12-04;19;0
5;2025-12-04;20;0
5;2025-12-04;21;0
5;2025-12-04;22;0
5;2025-12-04;23;0
5;2025-12-05;0;0
5;2025-12-05;1;0
5;2025-12-05;2;0
5;2025-12-05;3;0
5;2025-12-05;4;0
5;2025-12-05;5;0
5;2025-12-05;6;0
5;2025-12-05;7;0
5;2025-12-05;8;0
5;2025-12-05;9;0
5;2025-12-05;10;0
5;2025-12-05;11;0
5;2025-12-05;12;0
5;2025-12-05;13;0
5;2025-12-05;14;0
5;2025-12-05;15;0
5;2025-12-05;16;0
5;2025-12-05;17;0
5;2025-12-05;18;0
5;2025-12-05;19;0
5;2025-12-05;20;0
5;2025-12-05;21;0
5;2025-12-05;22;0
5;2025-12-05;23;0
5;2025-12-06;0;0
5;2025-12-06;1;0
5;2025-12-06;2;0
5;2025-12-06;3;0
5;2025-12-06;4;0
5;2025-12-06;5;0
5;2025-12-06;6;0
5;2025-12-06;7;0
5;2025-12-06;8;0
5;2025-12-06;9;0
5;2025-12-06;10;0
5;2025-12-06;11;0
5;2025-12-06;12;0
5;2025-12-06;13;0
5;2025-12-06;14;0
5;2025-12-06;15;0
5;2025-12-06;16;0
5;2025-12-06;17;0
5;2025-12-06;18;0
5;2025-12-06;19;0
5;2025-12-06;20;0
5;2025-12-06;21;0
5;2025-12-06;22;0
5;2025-12-06;23;0
5;2025-12-07;0;0
5;2025-12-07;1;0
5;2025-12-07;2;0
5;2025-12-07;3;0
5;2025-12-07;4;0
5;2025-12-07;5;0
5;2025-12-07;6;0
5;2025-12-07;7;0
5;2025-12-07;8;0
5;2025-12-07;9;0
5;2025-12-07;10;0
5;2025-12-07;11;0
5;2025-12-07;12;0
5;2025-12-07;13;0
5;2025-12-07;14;0
5;2025-12-07;15;0
5;2025-12-07;16;0
5;2025-12-07;17;0
5;2025-12-07;18;0
5;2025-12-07;19;0
5;2025-12-07;20;0
5;2025-12-07;21;0
5;2025-12-07;22;0
5;2025-12-07;23;0
5;2025-12-08;0;0
5;2025-12-08;1;0
5;2025-12-08;2;0
5;2025-12-08;3;0
5;2025-12-08;4;0
5;2025-12-08;5;0
5;2025-12-08;6;0
5;2025-12-08;7;0
5;2025-12-08;8;0
5;2025-12-08;9;0
5;2025-12-08;10;0
5;2025-12-08;11;0
5;2025-12-08;12;0
5;2025-12-08;13;0
5;2025-12-08;14;0
5;2025-12-08;15;0
5;2025-12-08;16;0
5;2025-12-08;17;0
5;2025-12-08;18;0
5;2025-12-08;19;0
5;2025-12-08;20;0
5;2025-12-08;21;0
5;2025-12-08;22;0
5;2025-12-08;23;0
5;2025-12-09;0;0
5;2025-12-09;1;0
5;2025-12-09;2;0
5;2025-12-09;3;0
5;2025-12-09;4;0
5;2025-12-09;5;0
5;2025-12-09;6;0
5;2025-12-09;7;0
5;2025-12-09;8;0
5;2025-12-09;9;0
5;2025-12-09;10;0
5;2025-12-09;11;0
5;2025-12-09;12;0
5;2025-12-09;13;0
5;2025-12-09;14;0
5;2025-12-09;15;0
5;2025-12-09;16;0
5;2025-12-09;17;0
5;2025-12-09;18;0
5;2025-12-09;19;0
5;2025-12-09;20;0
5;2025-12-09;21;0
5;2025-12-09;22;0
5;2025-12-09;23;0
5;2025-12-10;0;0
5;2025-12-10;1;0
5;2025-12-10;2;0
5;2025-12-10;3;0
5;2025-12-10;4;0
5;2025-12-10;5;0
5;2025-12-10;6;0
5;2025-12-10;7;0
5;2025-12-10;8;0
5;2025-12-10;9;0
5;2025-12-10;10;0
5;2025-12-10;11;0
5;2025-12-10;12;0
5;2025-12-10;13;0
5;2025-12-10;14;0
5;2025-12-10;15;0
5;2025-12-10;16;0
5;2025-12-10;17;0
5;2025-12-10;18;0
5;2025-12-10;19;0
5;2025-12-10;20;0
5;2025-12-10;21;0
5;2025-12-10;22;0
5;2025-12-10;23;0
5;2025-12-11;0;0
5;2025-12-11;1;0
5;2025-12-11;2;0
5;2025-12-11;3;0
5;2025-12-11;4;0
5;2025-12-11;5;0
5;2025-12-11;6;0
5;2025-12-11;7;0
5;2025-12-11;8;0
5;2025-12-11;9;0
5;2025-12-11;10;0
5;2025-12-11;11;0
5;2025-12-11;12;0
5;2025-12-11;13;0
5;2025-12-11;14;0
5;2025-12-11;15;0
5;2025-12-11;16;0
5;2025-12-11;17;0
5;2025-12-11;18;0
5;2025-12-11;19;0
5;2025-12-11;20;0
5;2025-12-11;21;0
5;2025-12-11;22;0
5;2025-12-11;23;0
5;2025-12-12;0;0
5;2025-12-12;1;0
5;2025-12-12;2;0
5;2025-12-12;3;0
5;2025-12-12;4;0
5;2025-12-12;5;0
5;2025-12-12;6;0
5;2025-12-12;7;0
5;2025-12-12;8;0
5;2025-12-12;9;0
5;2025-12-12;10;0
5;2025-12-12;11;0
5;2025-12-12;12;0
5;2025-12-12;13;0
5;2025-12-12;14;0
5;2025-12-12;15;0
5;2025-12-12;16;0
5;2025-12-12;17;0
5;2025-12-12;18;0
5;2025-12-12;19;0
5;2025-12-12;20;0
5;2025-12-12;21;0
5;2025-12-12;22;0
5;2025-12-12;23;0
5;2025-12-13;0;0
5;2025-12-13;1;0
5;2025-12-13;2;0
5;2025-12-13;3;0
5;2025-12-13;4;0
5;2025-12-13;5;0
5;2025-12-13;6;0
5;2025-12-13;7;0
5;2025-12-13;8;0
5;2025-12-13;9;0
5;2025-12-13;10;0
5;2025-12-13;11;0
5;2025-12-13;12;0
5;2025-12-13;13;0
5;2025-12-13;14;0
5;2025-12-13;15;0
5;2025-12-13;16;0
5;2025-12-13;17;0
5;2025-12-13;18;0
5;2025-12-13;19;0
5;2025-12-13;20;0
5;2025-12-13;21;0
5;2025-12-13;22;0
5;2025-12-13;23;0
5;2025-12-14;0;0
5;2025-12-14;1;0
5;2025-12-14;2;0
5;2025-12-14;3;0
5;2025-12-14;4;0
5;2025-12-14;5;0
5;2025-12-14;6;0
5;2025-12-14;7;0
5;2025-12-14;8;0
5;2025-12-14;9;0
5;2025-12-14;10;0
5;2025-12-14;11;0
5;2025-12-14;12;0
5;2025-12-14;13;0
5;2025-12-14;14;0
5;2025-12-14;15;0
5;2025-12-14;16;0
5;2025-12-14;17;0
5;2025-12-14;18;0
5;2025-12-14;19;0
5;2025-12-14;20;0
5;2025-12-14;21;0
5;2025-12-14;22;0
5;2025-12-14;23;0
5;2025-12-15;0;0
5;2025-12-15;1;0
5;2025-12-15;2;0
5;2025-12-15;3;0
5;2025-12-15;4;0
5;2025-12-15;5;0
5;2025-12-15;6;0
5;2025-12-15;7;0
5;2025-12-15;8;0
5;2025-12-15;9;0
5;2025-12-15;10;0
5;2025-12-15;11;0
5;2025-12-15;12;0
5;2025-12-15;13;0
5;2025-12-15;14;0
5;2025-12-15;15;0
5;2025-12-15;16;0
5;2025-12-15;17;0
5;2025-12-15;18;0
5;2025-12-15;19;0
5;2025-12-15;20;0
5;2025-12-15;21;0
5;2025-12-15;22;0
5;2025-12-15;23;0
5;2025-12-16;0;0
5;2025-12-16;1;0
5;2025-12-16;2;0
5;2025-12-16;3;0
5;2025-12-16;4;0
5;2025-12-16;5;0
5;2025-12-16;6;0
5;2025-12-16;7;0
5;2025-12-16;8;0
5;2025-12-16;9;0
5;2025-12-16;10;0
5;2025-12-16;11;0
5;2025-12-16;12;0
5;2025-12-16;13;0
5;2025-12-16;14;0
5;2025-12-16;15;0
5;2025-12-16;16;0
5;2025-12-16;17;0
5;2025-12-16;18;0
5;2025-12-16;19;0
5;2025-12-16;20;0
5;2025-12-16;21;0
5;2025-12-16;22;0
5;2025-12-16;23;0
5;2025-12-17;0;0
5;2025-12-17;1;0
5;2025-12-17;2;0
5;2025-12-17;3;0
5;2025-12-17;4;0
5;2025-12-17;5;0
5;2025-12-17;6;0
5;2025-12-17;7;0
5;2025-12-17;8;0
5;2025-12-17;9;0
5;2025-12-17;10;0
5;2025-12-17;11;0
5;2025-12-17;12;0
5;2025-12-17;13;0
5;2025-12-17;14;0
5;2025-12-17;15;0
5;2025-12-17;16;0
5;2025-12-17;17;0
5;2025-12-17;18;0
5;2025-12-17;19;0
5;2025-12-17;20;0
5;2025-12-17;21;0
5;2025-12-17;22;0
5;2025-12-17;23;0
5;2025-12-18;0;0
5;2025-12-18;1;0
5;2025-12-18;2;0
5;2025-12-18;3;0
5;2025-12-18;4;0
5;2025-12-18;5;0
5;2025-12-18;6;0
5;2025-12-18;7;0
5;2025-12-18;8;0
5;2025-12-18;9;0
5;2025-12-18;10;0
5;2025-12-18;11;0
5;2025-12-18;12;0
5;2025-12-18;13;0
5;2025-12-18;14;0
5;2025-12-18;15;0
5;2025-12-18;16;0
5;2025-12-18;17;0
5;2025-12-18;18;0
5;2025-12-18;19;0
5;2025-12-18;20;0
5;2025-12-18;21;0
5;2025-12-18;22;0
5;2025-12-18;23;0
5;2025-12-19;0;0
5;2025-12-19;1;0
5;2025-12-19;2;0
5;2025-12-19;3;0
5;2025-12-19;4;0
5;2025-12-19;5;0
5;2025-12-19;6;0
5;2025-12-19;7;0
5;2025-12-19;8;0
5;2025-12-19;9;0
5;2025-12-19;10;0
5;2025-12-19;11;0
5;2025-12-19;12;0
5;2025-12-19;13;0
5;2025-12-19;14;0
5;2025-12-19;15;0
5;2025-12-19;16;0
5;2025-12-19;17;0
5;2025-12-19;18;0
5;2025-12-19;19;0
5;2025-12-19;20;0
5;2025-12-19;21;0
5;2025-12-19;22;0
5;2025-12-19;23;0
5;2025-12-20;0;0
5;2025-12-20;1;0
5;2025-12-20;2;0
5;2025-12-20;3;0
5;2025-12-20;4;0
5;2025-12-20;5;0
5;2025-12-20;6;0
5;2025-12-20;7;0
5;2025-12-20;8;0
5;2025-12-20;9;0
5;2025-12-20;10;0
5;2025-12-20;11;0
5;2025-12-20;12;0
5;2025-12-20;13;0
5;2025-12-20;14;0
5;2025-12-20;15;0
5;2025-12-20;16;0
5;2025-12-20;17;0
5;2025-12-20;18;0
5;2025-12-20;19;0
5;2025-12-20;20;0
5;2025-12-20;21;0
5;2025-12-20;22;0
5;2025-12-20;23;0
5;2025-12-21;0;0
5;2025-12-21;1;0
5;2025-12-21;2;0
5;2025-12-21;3;0
5;2025-12-21;4;0
5;2025-12-21;5;0
5;2025-12-21;6;0
5;2025-12-21;7;0
5;2025-12-21;8;0
5;2025-12-21;9;0
5;2025-12-21;10;0
5;2025-12-21;11;0
5;2025-12-21;12;0
5;2025-12-21;13;0
5;2025-12-21;14;0
5;2025-12-21;15;0
5;2025-12-21;16;0
5;2025-12-21;17;0
5;2025-12-21;18;0
5;2025-12-21;19;0
5;2025-12-21;20;0
5;2025-12-21;21;0
5;2025-12-21;22;0
5;2025-12-21;23;0
5;2025-12-22;0;0
5;2025-12-22;1;0
5;2025-12-22;2;0
5;2025-12-22;3;0
5;2025-12-22;4;0
5;2025-12-22;5;0
5;2025-12-22;6;0
5;2025-12-22;7;0
5;2025-12-22;8;0
5;2025-12-22;9;0
5;2025-12-22;10;0
5;2025-12-22;11;0
5;2025-12-22;12;0
5;2025-12-22;13;0
5;2025-12-22;14;0
5;2025-12-22;15;0
5;2025-12-22;16;0
5;2025-12-22;17;0
5;2025-12-22;18;0
5;2025-12-22;19;0
5;2025-12-22;20;0
5;2025-12-22;21;0
5;2025-12-22;22;0
5;2025-12-22;23;0
5;2025-12-23;0;0
5;2025-12-23;1;0
5;2025-12-23;2;0
5;2025-12-23;3;0
5;2025-12-23;4;0
5;2025-12-23;5;0
5;2025-12-23;6;0
5;2025-12-23;7;0
5;2025-12-23;8;0
5;2025-12-23;9;0
5;2025-12-23;10;0
5;2025-12-23;11;0
5;2025-12-23;12;0
5;2025-12-23;13;0
5;2025-12-23;14;0
5;2025-12-23;15;0
5;2025-12-23;16;0
5;2025-12-23;17;0
5;2025-12-23;18;0
5;2025-12-23;19;0
5;2025-12-23;20;0
5;2025-12-23;21;0
5;2025-12-23;22;0
5;2025-12-23;23;0
5;2025-12-24;0;0
5;2025-12-24;1;0
5;2025-12-24;2;0
5;2025-12-24;3;0
5;2025-12-24;4;0
5;2025-12-24;5;0
5;2025-12-24;6;0
5;2025-12-24;7;0
5;2025-12-24;8;0
5;2025-12-24;9;0
5;2025-12-24;10;0
5;2025-12-24;11;0
5;2025-12-24;12;0
5;2025-12-24;13;0
5;2025-12-24;14;0
5;2025-12-24;15;0
5;2025-12-24;16;0
5;2025-12-24;17;0
5;2025-12-24;18;0
5;2025-12-24;19;0
5;2025-12-24;20;0
5;2025-12-24;21;0
5;2025-12-24;22;0
5;2025-12-24;23;0
5;2025-12-25;0;0
5;2025-12-25;1;0
5;2025-12-25;2;0
5;2025-12-25;3;0
5;2025-12-25;4;0
5;2025-12-25;5;0
5;2025-12-25;6;0
5;2025-12-25;7;0
5;2025-12-25;8;0
5;2025-12-25;9;0
5;2025-12-25;10;0
5;2025-12-25;11;0
5;2025-12-25;12;0
5;2025-12-25;13;0
5;2025-12-25;14;0
5;2025-12-25;15;0
5;2025-12-25;16;0
5;2025-12-25;17;0
5;2025-12-25;18;0
5;2025-12-25;19;0
5;2025-12-25;20;0
5;2025-12-25;21;0
5;2025-12-25;22;0
5;2025-12-25;23;0
5;2025-12-26;0;0
5;2025-12-26;1;0
5;2025-12-26;2;0
5;2025-12-26;3;0
5;2025-12-26;4;0
5;2025-12-26;5;0
5;2025-12-26;6;0
5;2025-12-26;7;0
5;2025-12-26;8;0
5;2025-12-26;9;0
5;2025-12-26;10;0
5;2025-12-26;11;0
5;2025-12-26;12;0
5;2025-12-26;13;0
5;2025-12-26;14;0
5;2025-12-26;15;0
5;2025-12-26;16;0
5;2025-12-26;17;0
5;2025-12-26;18;0
5;2025-12-26;19;0
5;2025-12-26;20;0
5;2025-12-26;21;0
5;2025-12-26;22;0
5;2025-12-26;23;0
5;2025-12-27;0;0
5;2025-12-27;1;0
5;2025-12-27;2;0
5;2025-12-27;3;0
5;2025-12-27;4;0
5;2025-12-27;5;0
5;2025-12-27;6;0
5;2025-12-27;7;0
5;2025-12-27;8;0
5;2025-12-27;9;0
5;2025-12-27;10;0
5;2025-12-27;11;0
5;2025-12-27;12;0
5;2025-12-27;13;0
5;2025-12-27;14;0
5;2025-12-27;15;0
5;2025-12-27;16;0
5;2025-12-27;17;0
5;2025-12-27;18;0
5;2025-12-27;19;0
5;2025-12-27;20;0
5;2025-12-27;21;0
5;2025-12-27;22;0
5;2025-12-27;23;0
5;2025-12-28;0;0
5;2025-12-28;1;0
5;2025-12-28;2;0
5;2025-12-28;3;0
5;2025-12-28;4;0
5;2025-12-28;5;0
5;2025-12-28;6;0
5;2025-12-28;7;0
5;2025-12-28;8;0
5;2025-12-28;9;0
5;2025-12-28;10;0
5;2025-12-28;11;0
5;2025-12-28;12;0
5;2025-12-28;13;0
5;2025-12-28;14;0
5;2025-12-28;15;0
5;2025-12-28;16;0
5;2025-12-28;17;0
5;2025-12-28;18;0
5;2025-12-28;19;0
5;2025-12-28;20;0
5;2025-12-28;21;0
5;2025-12-28;22;0
5;2025-12-28;23;0
5;2025-12-29;0;0
5;2025-12-29;1;0
5;2025-12-29;2;0
5;2025-12-29;3;0
5;2025-12-29;4;0
5;2025-12-29;5;0
5;2025-12-29;6;0
5;2025-12-29;7;0
5;2025-12-29;8;0
5;2025-12-29;9;0
5;2025-12-29;10;0
5;2025-12-29;11;0
5;2025-12-29;12;0
5;2025-12-29;13;0
5;2025-12-29;14;0
5;2025-12-29;15;0
5;2025-12-29;16;0
5;2025-12-29;17;0
5;2025-12-29;18;0
5;2025-12-29;19;0
5;2025-12-29;20;0
5;2025-12-29;21;0
5;2025-12-29;22;0
5;2025-12-29;23;0
5;2025-12-30;0;0
5;2025-12-30;1;0
5;2025-12-30;2;0
5;2025-12-30;3;0
5;2025-12-30;4;0
5;2025-12-30;5;0
5;2025-12-30;6;0
5;2025-12-30;7;0
5;2025-12-30;8;0
5;2025-12-30;9;0
5;2025-12-30;10;0
5;2025-12-30;11;0
5;2025-12-30;12;0
5;2025-12-30;13;0
5;2025-12-30;14;0
5;2025-12-30;15;0
5;2025-12-30;16;0
5;2025-12-30;17;0
5;2025-12-30;18;0
5;2025-12-30;19;0
5;2025-12-30;20;0
5;2025-12-30;21;0
5;2025-12-30;22;0
5;2025-12-30;23;0
5;2025-12-31;0;0
5;2025-12-31;1;0
5;2025-12-31;2;0
5;2025-12-31;3;0
5;2025-12-31;4;0
5;2025-12-31;5;0
5;2025-12-31;6;0
5;2025-12-31;7;0
5;2025-12-31;8;0
5;2025-12-31;9;0
5;2025-12-31;10;0
5;2025-12-31;11;0
5;2025-12-31;12;0
5;2025-12-31;13;0
5;2025-12-31;14;0
5;2025-12-31;15;0
5;2025-12-31;16;0
5;2025-12-31;17;0
5;2025-12-31;18;0
5;2025-12-31;19;0
5;2025-12-31;20;0
5;2025-12-31;21;0
5;2025-12-31;22;0
5;2025-12-31;23;0
7;2025-11-01;0;98
7;2025-11-01;1;25
7;2025-11-01;2;0
7;2025-11-01;3;0
7;2025-11-01;4;9
7;2025-11-01;5;103
7;2025-11-01;6;419
7;2025-11-01;7;834
7;2025-11-01;8;1170
7;2025-11-01;9;1100
7;2025-11-01;10;1071
7;2025-11-01;11;1140
7;2025-11-01;12;1282
7;2025-11-01;13;1305
7;2025-11-01;14;1291
7;2025-11-01;15;1284
7;2025-11-01;16;1293
7;2025-11-01;17;1347
7;2025-11-01;18;1273
7;2025-11-01;19;1087
7;2025-11-01;20;849
7;2025-11-01;21;583
7;2025-11-01;22;340
7;2025-11-01;23;231
7;2025-11-02;0;116
7;2025-11-02;1;38
7;2025-11-02;2;0
7;2025-11-02;3;0
7;2025-11-02;4;14
7;2025-11-02;5;58
7;2025-11-02;6;236
7;2025-11-02;7;352
7;2025-11-02;8;519
7;2025-11-02;9;621
7;2025-11-02;10;676
7;2025-11-02;11;789
7;2025-11-02;12;882
7;2025-11-02;13;928
7;2025-11-02;14;948
7;2025-11-02;15;947
7;2025-11-02;16;910
7;2025-11-02;17;874
7;2025-11-02;18;830
7;2025-11-02;19;727
7;2025-11-02;20;567
7;2025-11-02;21;438
7;2025-11-02;22;263
7;2025-11-02;23;181
7;2025-11-03;0;97
7;2025-11-03;1;46
7;2025-11-03;2;0
7;2025-11-03;3;0
7;2025-11-03;4;22
7;2025-11-03;5;111
7;2025-11-03;6;381
7;2025-11-03;7;828
7;2025-11-03;8;1201
7;2025-11-03;9;1201
7;2025-11-03;10;1195
7;2025-11-03;11;1211
7;2025-11-03;12;1273
7;2025-11-03;13;1282
7;2025-11-03;14;1291
7;2025-11-03;15;1312
7;2025-11-03;16;1313
7;2025-11-03;17;1435
7;2025-11-03;18;1526
7;2025-11-03;19;1283
7;2025-11-03;20;977
7;2025-11-03;21;638
7;2025-11-03;22;355
7;2025-11-03;23;226
7;2025-11-04;0;94
7;2025-11-04;1;43
7;2025-11-04;2;0
7;2025-11-04;3;0
7;2025-11-04;4;16
7;2025-11-04;5;107
7;2025-11-04;6;405
7;2025-11-04;7;848
7;2025-11-04;8;1142
7;2025-11-04;9;1143
7;2025-11-04;10;1131
7;2025-11-04;11;1171
7;2025-11-04;12;1242
7;2025-11-04;13;1246
7;2025-11-04;14;1231
7;2025-11-04;15;1243
7;2025-11-04;16;1254
7;2025-11-04;17;1403
7;2025-11-04;18;1550
7;2025-11-04;19;1308
7;2025-11-04;20;1025
7;2025-11-04;21;664
7;2025-11-04;22;370
7;2025-11-04;23;235
7;2025-11-05;0;78
7;2025-11-05;1;25
7;2025-11-05;2;0
7;2025-11-05;3;0
7;2025-11-05;4;15
7;2025-11-05;5;214
7;2025-11-05;6;656
7;2025-11-05;7;1562
7;2025-11-05;8;2360
7;2025-11-05;9;1845
7;2025-11-05;10;1663
7;2025-11-05;11;1570
7;2025-11-05;12;1663
7;2025-11-05;13;1650
7;2025-11-05;14;1655
7;2025-11-05;15;1758
7;2025-11-05;16;1854
7;2025-11-05;17;2333
7;2025-11-05;18;2545
7;2025-11-05;19;1761
7;2025-11-05;20;1112
7;2025-11-05;21;659
7;2025-11-05;22;346
7;2025-11-05;23;211
7;2025-11-06;0;71
7;2025-11-06;1;17
7;2025-11-06;2;0
7;2025-11-06;3;0
7;2025-11-06;4;5
7;2025-11-06;5;209
7;2025-11-06;6;660
7;2025-11-06;7;1595
7;2025-11-06;8;2466
7;2025-11-06;9;1854
7;2025-11-06;10;1644
7;2025-11-06;11;1552
7;2025-11-06;12;1622
7;2025-11-06;13;1598
7;2025-11-06;14;1676
7;2025-11-06;15;1769
7;2025-11-06;16;1882
7;2025-11-06;17;2327
7;2025-11-06;18;2662
7;2025-11-06;19;1767
7;2025-11-06;20;1142
7;2025-11-06;21;696
7;2025-11-06;22;359
7;2025-11-06;23;220
7;2025-11-07;0;75
7;2025-11-07;1;17
7;2025-11-07;2;0
7;2025-11-07;3;0
7;2025-11-07;4;4
7;2025-11-07;5;197
7;2025-11-07;6;632
7;2025-11-07;7;1574
7;2025-11-07;8;2392
7;2025-11-07;9;1823
7;2025-11-07;10;1659
7;2025-11-07;11;1594
7;2025-11-07;12;1700
7;2025-11-07;13;1752
7;2025-11-07;14;1761
7;2025-11-07;15;1853
7;2025-11-07;16;2050
7;2025-11-07;17;2335
7;2025-11-07;18;2207
7;2025-11-07;19;1610
7;2025-11-07;20;1097
7;2025-11-07;21;672
7;2025-11-07;22;374
7;2025-11-07;23;240
7;2025-11-08;0;100
7;2025-11-08;1;23
7;2025-11-08;2;0
7;2025-11-08;3;0
7;2025-11-08;4;1
7;2025-11-08;5;67
7;2025-11-08;6;299
7;2025-11-08;7;529
7;2025-11-08;8;802
7;2025-11-08;9;892
7;2025-11-08;10;954
7;2025-11-08;11;1045
7;2025-11-08;12;1182
7;2025-11-08;13;1208
7;2025-11-08;14;1225
7;2025-11-08;15;1209
7;2025-11-08;16;1158
7;2025-11-08;17;1115
7;2025-11-08;18;1038
7;2025-11-08;19;950
7;2025-11-08;20;776
7;2025-11-08;21;571
7;2025-11-08;22;335
7;2025-11-08;23;226
7;2025-11-09;0;108
7;2025-11-09;1;29
7;2025-11-09;2;0
7;2025-11-09;3;0
7;2025-11-09;4;6
7;2025-11-09;5;53
7;2025-11-09;6;223
7;2025-11-09;7;334
7;2025-11-09;8;510
7;2025-11-09;9;610
7;2025-11-09;10;688
7;2025-11-09;11;792
7;2025-11-09;12;910
7;2025-11-09;13;960
7;2025-11-09;14;978
7;2025-11-09;15;965
7;2025-11-09;16;930
7;2025-11-09;17;905
7;2025-11-09;18;854
7;2025-11-09;19;747
7;2025-11-09;20;587
7;2025-11-09;21;437
7;2025-11-09;22;261
7;2025-11-09;23;169
7;2025-11-10;0;74
7;2025-11-10;1;24
7;2025-11-10;2;0
7;2025-11-10;3;0
7;2025-11-10;4;9
7;2025-11-10;5;199
7;2025-11-10;6;594
7;2025-11-10;7;1301
7;2025-11-10;8;2096
7;2025-11-10;9;1767
7;2025-11-10;10;1592
7;2025-11-10;11;1525
7;2025-11-10;12;1569
7;2025-11-10;13;1564
7;2025-11-10;14;1590
7;2025-11-10;15;1691
7;2025-11-10;16;1790
7;2025-11-10;17;2229
7;2025-11-10;18;2487
7;2025-11-10;19;1696
7;2025-11-10;20;1100
7;2025-11-10;21;638
7;2025-11-10;22;326
7;2025-11-10;23;199
7;2025-11-11;0;64
7;2025-11-11;1;16
7;2025-11-11;2;0
7;2025-11-11;3;0
7;2025-11-11;4;7
7;2025-11-11;5;208
7;2025-11-11;6;622
7;2025-11-11;7;1412
7;2025-11-11;8;2263
7;2025-11-11;9;1786
7;2025-11-11;10;1603
7;2025-11-11;11;1532
7;2025-11-11;12;1607
7;2025-11-11;13;1615
7;2025-11-11;14;1625
7;2025-11-11;15;1722
7;2025-11-11;16;1811
7;2025-11-11;17;2287
7;2025-11-11;18;2570
7;2025-11-11;19;1758
7;2025-11-11;20;1138
7;2025-11-11;21;673
7;2025-11-11;22;349
7;2025-11-11;23;216
7;2025-11-12;0;70
7;2025-11-12;1;17
7;2025-11-12;2;0
7;2025-11-12;3;0
7;2025-11-12;4;6
7;2025-11-12;5;219
7;2025-11-12;6;669
7;2025-11-12;7;1606
7;2025-11-12;8;2504
7;2025-11-12;9;1907
7;2025-11-12;10;1708
7;2025-11-12;11;1602
7;2025-11-12;12;1679
7;2025-11-12;13;1679
7;2025-11-12;14;1710
7;2025-11-12;15;1805
7;2025-11-12;16;1911
7;2025-11-12;17;2448
7;2025-11-12;18;2705
7;2025-11-12;19;1821
7;2025-11-12;20;1165
7;2025-11-12;21;689
7;2025-11-12;22;365
7;2025-11-12;23;227
7;2025-11-13;0;77
7;2025-11-13;1;15
7;2025-11-13;2;0
7;2025-11-13;3;0
7;2025-11-13;4;5
7;2025-11-13;5;214
7;2025-11-13;6;669
7;2025-11-13;7;1628
7;2025-11-13;8;2559
7;2025-11-13;9;1895
7;2025-11-13;10;1679
7;2025-11-13;11;1594
7;2025-11-13;12;1672
7;2025-11-13;13;1674
7;2025-11-13;14;1724
7;2025-11-13;15;1806
7;2025-11-13;16;1943
7;2025-11-13;17;2416
7;2025-11-13;18;2704
7;2025-11-13;19;1802
7;2025-11-13;20;1160
7;2025-11-13;21;695
7;2025-11-13;22;360
7;2025-11-13;23;225
7;2025-11-14;0;75
7;2025-11-14;1;15
7;2025-11-14;2;0
7;2025-11-14;3;0
7;2025-11-14;4;4
7;2025-11-14;5;203
7;2025-11-14;6;633
7;2025-11-14;7;1579
7;2025-11-14;8;2399
7;2025-11-14;9;1831
7;2025-11-14;10;1629
7;2025-11-14;11;1582
7;2025-11-14;12;1697
7;2025-11-14;13;1744
7;2025-11-14;14;1776
7;2025-11-14;15;1891
7;2025-11-14;16;2110
7;2025-11-14;17;2350
7;2025-11-14;18;2219
7;2025-11-14;19;1637
7;2025-11-14;20;1111
7;2025-11-14;21;666
7;2025-11-14;22;365
7;2025-11-14;23;231
7;2025-11-15;0;93
7;2025-11-15;1;13
7;2025-11-15;2;0
7;2025-11-15;3;0
7;2025-11-15;4;1
7;2025-11-15;5;61
7;2025-11-15;6;276
7;2025-11-15;7;502
7;2025-11-15;8;759
7;2025-11-15;9;862
7;2025-11-15;10;938
7;2025-11-15;11;1036
7;2025-11-15;12;1169
7;2025-11-15;13;1212
7;2025-11-15;14;1240
7;2025-11-15;15;1234
7;2025-11-15;16;1173
7;2025-11-15;17;1114
7;2025-11-15;18;1025
7;2025-11-15;19;940
7;2025-11-15;20;762
7;2025-11-15;21;551
7;2025-11-15;22;318
7;2025-11-15;23;213
7;2025-11-16;0;97
7;2025-11-16;1;21
7;2025-11-16;2;0
7;2025-11-16;3;0
7;2025-11-16;4;3
7;2025-11-16;5;46
7;2025-11-16;6;209
7;2025-11-16;7;322
7;2025-11-16;8;496
7;2025-11-16;9;599
7;2025-11-16;10;678
7;2025-11-16;11;792
7;2025-11-16;12;917
7;2025-11-16;13;959
7;2025-11-16;14;979
7;2025-11-16;15;964
7;2025-11-16;16;928
7;2025-11-16;17;906
7;2025-11-16;18;855
7;2025-11-16;19;733
7;2025-11-16;20;568
7;2025-11-16;21;419
7;2025-11-16;22;247
7;2025-11-16;23;153
7;2025-11-17;0;67
7;2025-11-17;1;12
7;2025-11-17;2;0
7;2025-11-17;3;0
7;2025-11-17;4;3
7;2025-11-17;5;200
7;2025-11-17;6;618
7;2025-11-17;7;1474
7;2025-11-17;8;2366
7;2025-11-17;9;1802
7;2025-11-17;10;1614
7;2025-11-17;11;1533
7;2025-11-17;12;1589
7;2025-11-17;13;1590
7;2025-11-17;14;1615
7;2025-11-17;15;1735
7;2025-11-17;16;1849
7;2025-11-17;17;2326
7;2025-11-17;18;2572
7;2025-11-17;19;1764
7;2025-11-17;20;1123
7;2025-11-17;21;640
7;2025-11-17;22;325
7;2025-11-17;23;193
7;2025-11-18;0;58
7;2025-11-18;1;15
7;2025-11-18;2;0
7;2025-11-18;3;0
7;2025-11-18;4;8
7;2025-11-18;5;215
7;2025-11-18;6;655
7;2025-11-18;7;1562
7;2025-11-18;8;2426
7;2025-11-18;9;1827
7;2025-11-18;10;1632
7;2025-11-18;11;1555
7;2025-11-18;12;1641
7;2025-11-18;13;1649
7;2025-11-18;14;1657
7;2025-11-18;15;1753
7;2025-11-18;16;1847
7;2025-11-18;17;2374
7;2025-11-18;18;2643
7;2025-11-18;19;1797
7;2025-11-18;20;1144
7;2025-11-18;21;666
7;2025-11-18;22;340
7;2025-11-18;23;207
7;2025-11-19;0;63
7;2025-11-19;1;12
7;2025-11-19;2;0
7;2025-11-19;3;0
7;2025-11-19;4;5
7;2025-11-19;5;215
7;2025-11-19;6;672
7;2025-11-19;7;1628
7;2025-11-19;8;2547
7;2025-11-19;9;1922
7;2025-11-19;10;1717
7;2025-11-19;11;1605
7;2025-11-19;12;1697
7;2025-11-19;13;1685
7;2025-11-19;14;1740
7;2025-11-19;15;1837
7;2025-11-19;16;1952
7;2025-11-19;17;2489
7;2025-11-19;18;2708
7;2025-11-19;19;1827
7;2025-11-19;20;1162
7;2025-11-19;21;683
7;2025-11-19;22;358
7;2025-11-19;23;219
7;2025-11-20;0;72
7;2025-11-20;1;12
7;2025-11-20;2;0
7;2025-11-20;3;0
7;2025-11-20;4;3
7;2025-11-20;5;209
7;2025-11-20;6;672
7;2025-11-20;7;1641
7;2025-11-20;8;2575
7;2025-11-20;9;1905
7;2025-11-20;10;1681
7;2025-11-20;11;1585
7;2025-11-20;12;1668
7;2025-11-20;13;1678
7;2025-11-20;14;1736
7;2025-11-20;15;1826
7;2025-11-20;16;1984
7;2025-11-20;17;2434
7;2025-11-20;18;2692
7;2025-11-20;19;1810
7;2025-11-20;20;1153
7;2025-11-20;21;689
7;2025-11-20;22;351
7;2025-11-20;23;219
7;2025-11-21;0;72
7;2025-11-21;1;11
7;2025-11-21;2;0
7;2025-11-21;3;0
7;2025-11-21;4;1
7;2025-11-21;5;197
7;2025-11-21;6;630
7;2025-11-21;7;1594
7;2025-11-21;8;2448
7;2025-11-21;9;1850
7;2025-11-21;10;1649
7;2025-11-21;11;1594
7;2025-11-21;12;1711
7;2025-11-21;13;1755
7;2025-11-21;14;1807
7;2025-11-21;15;1919
7;2025-11-21;16;2152
7;2025-11-21;17;2382
7;2025-11-21;18;2237
7;2025-11-21;19;1658
7;2025-11-21;20;1105
7;2025-11-21;21;667
7;2025-11-21;22;368
7;2025-11-21;23;236
7;2025-11-22;0;96
7;2025-11-22;1;17
7;2025-11-22;2;0
7;2025-11-22;3;0
7;2025-11-22;4;1
7;2025-11-22;5;61
7;2025-11-22;6;287
7;2025-11-22;7;508
7;2025-11-22;8;763
7;2025-11-22;9;860
7;2025-11-22;10;938
7;2025-11-22;11;1033
7;2025-11-22;12;1167
7;2025-11-22;13;1212
7;2025-11-22;14;1238
7;2025-11-22;15;1237
7;2025-11-22;16;1175
7;2025-11-22;17;1113
7;2025-11-22;18;1017
7;2025-11-22;19;924
7;2025-11-22;20;751
7;2025-11-22;21;539
7;2025-11-22;22;320
7;2025-11-22;23;213
7;2025-11-23;0;100
7;2025-11-23;1;21
7;2025-11-23;2;0
7;2025-11-23;3;0
7;2025-11-23;4;3
7;2025-11-23;5;47
7;2025-11-23;6;212
7;2025-11-23;7;326
7;2025-11-23;8;497
7;2025-11-23;9;598
7;2025-11-23;10;677
7;2025-11-23;11;797
7;2025-11-23;12;920
7;2025-11-23;13;963
7;2025-11-23;14;982
7;2025-11-23;15;962
7;2025-11-23;16;928
7;2025-11-23;17;909
7;2025-11-23;18;857
7;2025-11-23;19;732
7;2025-11-23;20;568
7;2025-11-23;21;420
7;2025-11-23;22;241
7;2025-11-23;23;155
7;2025-11-24;0;64
7;2025-11-24;1;15
7;2025-11-24;2;0
7;2025-11-24;3;0
7;2025-11-24;4;7
7;2025-11-24;5;209
7;2025-11-24;6;636
7;2025-11-24;7;1556
7;2025-11-24;8;2443
7;2025-11-24;9;1831
7;2025-11-24;10;1643
7;2025-11-24;11;1565
7;2025-11-24;12;1610
7;2025-11-24;13;1621
7;2025-11-24;14;1641
7;2025-11-24;15;1762
7;2025-11-24;16;1870
7;2025-11-24;17;2349
7;2025-11-24;18;2569
7;2025-11-24;19;1763
7;2025-11-24;20;1127
7;2025-11-24;21;641
7;2025-11-24;22;320
7;2025-11-24;23;190
7;2025-11-25;0;57
7;2025-11-25;1;10
7;2025-11-25;2;0
7;2025-11-25;3;0
7;2025-11-25;4;4
7;2025-11-25;5;216
7;2025-11-25;6;673
7;2025-11-25;7;1652
7;2025-11-25;8;2569
7;2025-11-25;9;1890
7;2025-11-25;10;1688
7;2025-11-25;11;1591
7;2025-11-25;12;1677
7;2025-11-25;13;1688
7;2025-11-25;14;1703
7;2025-11-25;15;1812
7;2025-11-25;16;1927
7;2025-11-25;17;2451
7;2025-11-25;18;2685
7;2025-11-25;19;1849
7;2025-11-25;20;1156
7;2025-11-25;21;671
7;2025-11-25;22;344
7;2025-11-25;23;208
7;2025-11-26;0;61
7;2025-11-26;1;12
7;2025-11-26;2;0
7;2025-11-26;3;0
7;2025-11-26;4;4
7;2025-11-26;5;215
7;2025-11-26;6;676
7;2025-11-26;7;1628
7;2025-11-26;8;2585
7;2025-11-26;9;1945
7;2025-11-26;10;1722
7;2025-11-26;11;1601
7;2025-11-26;12;1696
7;2025-11-26;13;1678
7;2025-11-26;14;1735
7;2025-11-26;15;1843
7;2025-11-26;16;1974
7;2025-11-26;17;2504
7;2025-11-26;18;2681
7;2025-11-26;19;1838
7;2025-11-26;20;1164
7;2025-11-26;21;686
7;2025-11-26;22;363
7;2025-11-26;23;222
7;2025-11-27;0;76
7;2025-11-27;1;13
7;2025-11-27;2;0
7;2025-11-27;3;0
7;2025-11-27;4;3
7;2025-11-27;5;211
7;2025-11-27;6;678
7;2025-11-27;7;1643
7;2025-11-27;8;2544
7;2025-11-27;9;1900
7;2025-11-27;10;1674
7;2025-11-27;11;1575
7;2025-11-27;12;1654
7;2025-11-27;13;1668
7;2025-11-27;14;1721
7;2025-11-27;15;1808
7;2025-11-27;16;1964
7;2025-11-27;17;2415
7;2025-11-27;18;2671
7;2025-11-27;19;1817
7;2025-11-27;20;1165
7;2025-11-27;21;684
7;2025-11-27;22;352
7;2025-11-27;23;222
7;2025-11-28;0;72
7;2025-11-28;1;13
7;2025-11-28;2;0
7;2025-11-28;3;0
7;2025-11-28;4;2
7;2025-11-28;5;198
7;2025-11-28;6;630
7;2025-11-28;7;1597
7;2025-11-28;8;2462
7;2025-11-28;9;1865
7;2025-11-28;10;1659
7;2025-11-28;11;1602
7;2025-11-28;12;1713
7;2025-11-28;13;1762
7;2025-11-28;14;1817
7;2025-11-28;15;1923
7;2025-11-28;16;2165
7;2025-11-28;17;2380
7;2025-11-28;18;2268
7;2025-11-28;19;1687
7;2025-11-28;20;1126
7;2025-11-28;21;682
7;2025-11-28;22;372
7;2025-11-28;23;239
7;2025-11-29;0;99
7;2025-11-29;1;20
7;2025-11-29;2;0
7;2025-11-29;3;0
7;2025-11-29;4;1
7;2025-11-29;5;63
7;2025-11-29;6;288
7;2025-11-29;7;504
7;2025-11-29;8;749
7;2025-11-29;9;852
7;2025-11-29;10;926
7;2025-11-29;11;1029
7;2025-11-29;12;1166
7;2025-11-29;13;1216
7;2025-11-29;14;1254
7;2025-11-29;15;1254
7;2025-11-29;16;1188
7;2025-11-29;17;1122
7;2025-11-29;18;1025
7;2025-11-29;19;936
7;2025-11-29;20;755
7;2025-11-29;21;535
7;2025-11-29;22;314
7;2025-11-29;23;214
7;2025-11-30;0;101
7;2025-11-30;1;21
7;2025-11-30;2;0
7;2025-11-30;3;0
7;2025-11-30;4;1
7;2025-11-30;5;47
7;2025-11-30;6;210
7;2025-11-30;7;322
7;2025-11-30;8;487
7;2025-11-30;9;589
7;2025-11-30;10;668
7;2025-11-30;11;785
7;2025-11-30;12;910
7;2025-11-30;13;960
7;2025-11-30;14;980
7;2025-11-30;15;964
7;2025-11-30;16;929
7;2025-11-30;17;908
7;2025-11-30;18;857
7;2025-11-30;19;735
7;2025-11-30;20;572
7;2025-11-30;21;423
7;2025-11-30;22;250
7;2025-11-30;23;160
7;2025-12-01;0;68
7;2025-12-01;1;14
7;2025-12-01;2;0
7;2025-12-01;3;0
7;2025-12-01;4;4
7;2025-12-01;5;194
7;2025-12-01;6;605
7;2025-12-01;7;1574
7;2025-12-01;8;2486
7;2025-12-01;9;1818
7;2025-12-01;10;1629
7;2025-12-01;11;1536
7;2025-12-01;12;1590
7;2025-12-01;13;1587
7;2025-12-01;14;1627
7;2025-12-01;15;1749
7;2025-12-01;16;1848
7;2025-12-01;17;2339
7;2025-12-01;18;2565
7;2025-12-01;19;1753
7;2025-12-01;20;1110
7;2025-12-01;21;629
7;2025-12-01;22;309
7;2025-12-01;23;191
7;2025-12-02;0;63
7;2025-12-02;1;14
7;2025-12-02;2;0
7;2025-12-02;3;0
7;2025-12-02;4;6
7;2025-12-02;5;205
7;2025-12-02;6;651
7;2025-12-02;7;1649
7;2025-12-02;8;2567
7;2025-12-02;9;1871
7;2025-12-02;10;1675
7;2025-12-02;11;1571
7;2025-12-02;12;1668
7;2025-12-02;13;1666
7;2025-12-02;14;1689
7;2025-12-02;15;1813
7;2025-12-02;16;1915
7;2025-12-02;17;2444
7;2025-12-02;18;2674
7;2025-12-02;19;1835
7;2025-12-02;20;1123
7;2025-12-02;21;656
7;2025-12-02;22;328
7;2025-12-02;23;205
7;2025-12-03;0;64
7;2025-12-03;1;13
7;2025-12-03;2;0
7;2025-12-03;3;0
7;2025-12-03;4;6
7;2025-12-03;5;206
7;2025-12-03;6;650
7;2025-12-03;7;1616
7;2025-12-03;8;2608
7;2025-12-03;9;1927
7;2025-12-03;10;1708
7;2025-12-03;11;1585
7;2025-12-03;12;1688
7;2025-12-03;13;1679
7;2025-12-03;14;1732
7;2025-12-03;15;1856
7;2025-12-03;16;1976
7;2025-12-03;17;2502
7;2025-12-03;18;2672
7;2025-12-03;19;1833
7;2025-12-03;20;1135
7;2025-12-03;21;673
7;2025-12-03;22;351
7;2025-12-03;23;214
7;2025-12-04;0;76
7;2025-12-04;1;15
7;2025-12-04;2;0
7;2025-12-04;3;0
7;2025-12-04;4;2
7;2025-12-04;5;200
7;2025-12-04;6;648
7;2025-12-04;7;1621
7;2025-12-04;8;2577
7;2025-12-04;9;1893
7;2025-12-04;10;1665
7;2025-12-04;11;1564
7;2025-12-04;12;1657
7;2025-12-04;13;1664
7;2025-12-04;14;1731
7;2025-12-04;15;1842
7;2025-12-04;16;1957
7;2025-12-04;17;2424
7;2025-12-04;18;2666
7;2025-12-04;19;1820
7;2025-12-04;20;1128
7;2025-12-04;21;669
7;2025-12-04;22;346
7;2025-12-04;23;215
7;2025-12-05;0;77
7;2025-12-05;1;16
7;2025-12-05;2;0
7;2025-12-05;3;0
7;2025-12-05;4;5
7;2025-12-05;5;194
7;2025-12-05;6;603
7;2025-12-05;7;1573
7;2025-12-05;8;2439
7;2025-12-05;9;1839
7;2025-12-05;10;1625
7;2025-12-05;11;1569
7;2025-12-05;12;1687
7;2025-12-05;13;1735
7;2025-12-05;14;1796
7;2025-12-05;15;1926
7;2025-12-05;16;2132
7;2025-12-05;17;2366
7;2025-12-05;18;2215
7;2025-12-05;19;1643
7;2025-12-05;20;1079
7;2025-12-05;21;637
7;2025-12-05;22;340
7;2025-12-05;23;226
7;2025-12-06;0;98
7;2025-12-06;1;20
7;2025-12-06;2;0
7;2025-12-06;3;0
7;2025-12-06;4;1
7;2025-12-06;5;48
7;2025-12-06;6;239
7;2025-12-06;7;446
7;2025-12-06;8;688
7;2025-12-06;9;771
7;2025-12-06;10;837
7;2025-12-06;11;927
7;2025-12-06;12;1060
7;2025-12-06;13;1112
7;2025-12-06;14;1147
7;2025-12-06;15;1145
7;2025-12-06;16;1093
7;2025-12-06;17;1038
7;2025-12-06;18;934
7;2025-12-06;19;838
7;2025-12-06;20;674
7;2025-12-06;21;474
7;2025-12-06;22;268
7;2025-12-06;23;188
7;2025-12-07;0;104
7;2025-12-07;1;24
7;2025-12-07;2;0
7;2025-12-07;3;0
7;2025-12-07;4;2
7;2025-12-07;5;33
7;2025-12-07;6;166
7;2025-12-07;7;270
7;2025-12-07;8;438
7;2025-12-07;9;513
7;2025-12-07;10;586
7;2025-12-07;11;690
7;2025-12-07;12;828
7;2025-12-07;13;869
7;2025-12-07;14;887
7;2025-12-07;15;874
7;2025-12-07;16;840
7;2025-12-07;17;819
7;2025-12-07;18;754
7;2025-12-07;19;636
7;2025-12-07;20;505
7;2025-12-07;21;367
7;2025-12-07;22;210
7;2025-12-07;23;140
7;2025-12-08;0;71
7;2025-12-08;1;17
7;2025-12-08;2;0
7;2025-12-08;3;0
7;2025-12-08;4;7
7;2025-12-08;5;194
7;2025-12-08;6;617
7;2025-12-08;7;1584
7;2025-12-08;8;2468
7;2025-12-08;9;1814
7;2025-12-08;10;1616
7;2025-12-08;11;1527
7;2025-12-08;12;1583
7;2025-12-08;13;1591
7;2025-12-08;14;1619
7;2025-12-08;15;1739
7;2025-12-08;16;1836
7;2025-12-08;17;2323
7;2025-12-08;18;2545
7;2025-12-08;19;1735
7;2025-12-08;20;1098
7;2025-12-08;21;614
7;2025-12-08;22;302
7;2025-12-08;23;187
7;2025-12-09;0;60
7;2025-12-09;1;13
7;2025-12-09;2;0
7;2025-12-09;3;0
7;2025-12-09;4;6
7;2025-12-09;5;205
7;2025-12-09;6;654
7;2025-12-09;7;1659
7;2025-12-09;8;2538
7;2025-12-09;9;1854
7;2025-12-09;10;1654
7;2025-12-09;11;1552
7;2025-12-09;12;1628
7;2025-12-09;13;1644
7;2025-12-09;14;1667
7;2025-12-09;15;1785
7;2025-12-09;16;1897
7;2025-12-09;17;2407
7;2025-12-09;18;2637
7;2025-12-09;19;1794
7;2025-12-09;20;1097
7;2025-12-09;21;635
7;2025-12-09;22;307
7;2025-12-09;23;191
7;2025-12-10;0;59
7;2025-12-10;1;10
7;2025-12-10;2;0
7;2025-12-10;3;0
7;2025-12-10;4;7
7;2025-12-10;5;205
7;2025-12-10;6;654
7;2025-12-10;7;1633
7;2025-12-10;8;2588
7;2025-12-10;9;1925
7;2025-12-10;10;1701
7;2025-12-10;11;1573
7;2025-12-10;12;1653
7;2025-12-10;13;1654
7;2025-12-10;14;1704
7;2025-12-10;15;1826
7;2025-12-10;16;1959
7;2025-12-10;17;2469
7;2025-12-10;18;2642
7;2025-12-10;19;1805
7;2025-12-10;20;1143
7;2025-12-10;21;671
7;2025-12-10;22;340
7;2025-12-10;23;203
7;2025-12-11;0;71
7;2025-12-11;1;11
7;2025-12-11;2;0
7;2025-12-11;3;0
7;2025-12-11;4;4
7;2025-12-11;5;200
7;2025-12-11;6;651
7;2025-12-11;7;1618
7;2025-12-11;8;2509
7;2025-12-11;9;1870
7;2025-12-11;10;1635
7;2025-12-11;11;1538
7;2025-12-11;12;1589
7;2025-12-11;13;1614
7;2025-12-11;14;1690
7;2025-12-11;15;1788
7;2025-12-11;16;1921
7;2025-12-11;17;2360
7;2025-12-11;18;2626
7;2025-12-11;19;1787
7;2025-12-11;20;1129
7;2025-12-11;21;675
7;2025-12-11;22;338
7;2025-12-11;23;212
7;2025-12-12;0;76
7;2025-12-12;1;17
7;2025-12-12;2;0
7;2025-12-12;3;0
7;2025-12-12;4;7
7;2025-12-12;5;192
7;2025-12-12;6;604
7;2025-12-12;7;1549
7;2025-12-12;8;2395
7;2025-12-12;9;1814
7;2025-12-12;10;1589
7;2025-12-12;11;1526
7;2025-12-12;12;1612
7;2025-12-12;13;1656
7;2025-12-12;14;1712
7;2025-12-12;15;1836
7;2025-12-12;16;2071
7;2025-12-12;17;2310
7;2025-12-12;18;2178
7;2025-12-12;19;1600
7;2025-12-12;20;1039
7;2025-12-12;21;626
7;2025-12-12;22;330
7;2025-12-12;23;216
7;2025-12-13;0;95
7;2025-12-13;1;21
7;2025-12-13;2;0
7;2025-12-13;3;0
7;2025-12-13;4;1
7;2025-12-13;5;47
7;2025-12-13;6;236
7;2025-12-13;7;441
7;2025-12-13;8;691
7;2025-12-13;9;769
7;2025-12-13;10;837
7;2025-12-13;11;924
7;2025-12-13;12;1052
7;2025-12-13;13;1098
7;2025-12-13;14;1136
7;2025-12-13;15;1137
7;2025-12-13;16;1102
7;2025-12-13;17;1055
7;2025-12-13;18;949
7;2025-12-13;19;848
7;2025-12-13;20;681
7;2025-12-13;21;483
7;2025-12-13;22;267
7;2025-12-13;23;189
7;2025-12-14;0;104
7;2025-12-14;1;28
7;2025-12-14;2;0
7;2025-12-14;3;0
7;2025-12-14;4;7
7;2025-12-14;5;34
7;2025-12-14;6;165
7;2025-12-14;7;272
7;2025-12-14;8;438
7;2025-12-14;9;517
7;2025-12-14;10;588
7;2025-12-14;11;699
7;2025-12-14;12;829
7;2025-12-14;13;873
7;2025-12-14;14;895
7;2025-12-14;15;888
7;2025-12-14;16;846
7;2025-12-14;17;825
7;2025-12-14;18;754
7;2025-12-14;19;646
7;2025-12-14;20;518
7;2025-12-14;21;375
7;2025-12-14;22;213
7;2025-12-14;23;142
7;2025-12-15;0;71
7;2025-12-15;1;19
7;2025-12-15;2;0
7;2025-12-15;3;0
7;2025-12-15;4;9
7;2025-12-15;5;198
7;2025-12-15;6;616
7;2025-12-15;7;1557
7;2025-12-15;8;2434
7;2025-12-15;9;1803
7;2025-12-15;10;1592
7;2025-12-15;11;1484
7;2025-12-15;12;1540
7;2025-12-15;13;1542
7;2025-12-15;14;1582
7;2025-12-15;15;1703
7;2025-12-15;16;1815
7;2025-12-15;17;2293
7;2025-12-15;18;2514
7;2025-12-15;19;1729
7;2025-12-15;20;1087
7;2025-12-15;21;602
7;2025-12-15;22;295
7;2025-12-15;23;184
7;2025-12-16;0;62
7;2025-12-16;1;17
7;2025-12-16;2;0
7;2025-12-16;3;0
7;2025-12-16;4;10
7;2025-12-16;5;208
7;2025-12-16;6;658
7;2025-12-16;7;1648
7;2025-12-16;8;2530
7;2025-12-16;9;1854
7;2025-12-16;10;1627
7;2025-12-16;11;1522
7;2025-12-16;12;1592
7;2025-12-16;13;1600
7;2025-12-16;14;1626
7;2025-12-16;15;1750
7;2025-12-16;16;1857
7;2025-12-16;17;2375
7;2025-12-16;18;2621
7;2025-12-16;19;1793
7;2025-12-16;20;1098
7;2025-12-16;21;625
7;2025-12-16;22;310
7;2025-12-16;23;191
7;2025-12-17;0;61
7;2025-12-17;1;12
7;2025-12-17;2;0
7;2025-12-17;3;0
7;2025-12-17;4;6
7;2025-12-17;5;207
7;2025-12-17;6;651
7;2025-12-17;7;1625
7;2025-12-17;8;2563
7;2025-12-17;9;1914
7;2025-12-17;10;1686
7;2025-12-17;11;1554
7;2025-12-17;12;1636
7;2025-12-17;13;1635
7;2025-12-17;14;1684
7;2025-12-17;15;1801
7;2025-12-17;16;1933
7;2025-12-17;17;2448
7;2025-12-17;18;2648
7;2025-12-17;19;1806
7;2025-12-17;20;1152
7;2025-12-17;21;669
7;2025-12-17;22;331
7;2025-12-17;23;205
7;2025-12-18;0;71
7;2025-12-18;1;12
7;2025-12-18;2;0
7;2025-12-18;3;0
7;2025-12-18;4;6
7;2025-12-18;5;202
7;2025-12-18;6;650
7;2025-12-18;7;1628
7;2025-12-18;8;2528
7;2025-12-18;9;1871
7;2025-12-18;10;1630
7;2025-12-18;11;1513
7;2025-12-18;12;1566
7;2025-12-18;13;1591
7;2025-12-18;14;1656
7;2025-12-18;15;1757
7;2025-12-18;16;1898
7;2025-12-18;17;2350
7;2025-12-18;18;2609
7;2025-12-18;19;1763
7;2025-12-18;20;1124
7;2025-12-18;21;672
7;2025-12-18;22;335
7;2025-12-18;23;212
7;2025-12-19;0;75
7;2025-12-19;1;17
7;2025-12-19;2;0
7;2025-12-19;3;0
7;2025-12-19;4;8
7;2025-12-19;5;195
7;2025-12-19;6;604
7;2025-12-19;7;1566
7;2025-12-19;8;2422
7;2025-12-19;9;1823
7;2025-12-19;10;1594
7;2025-12-19;11;1527
7;2025-12-19;12;1637
7;2025-12-19;13;1686
7;2025-12-19;14;1724
7;2025-12-19;15;1848
7;2025-12-19;16;2086
7;2025-12-19;17;2321
7;2025-12-19;18;2214
7;2025-12-19;19;1622
7;2025-12-19;20;1059
7;2025-12-19;21;628
7;2025-12-19;22;333
7;2025-12-19;23;223
7;2025-12-20;0;98
7;2025-12-20;1;22
7;2025-12-20;2;0
7;2025-12-20;3;0
7;2025-12-20;4;1
7;2025-12-20;5;44
7;2025-12-20;6;236
7;2025-12-20;7;440
7;2025-12-20;8;700
7;2025-12-20;9;788
7;2025-12-20;10;853
7;2025-12-20;11;943
7;2025-12-20;12;1078
7;2025-12-20;13;1126
7;2025-12-20;14;1149
7;2025-12-20;15;1154
7;2025-12-20;16;1119
7;2025-12-20;17;1070
7;2025-12-20;18;982
7;2025-12-20;19;870
7;2025-12-20;20;697
7;2025-12-20;21;503
7;2025-12-20;22;275
7;2025-12-20;23;196
7;2025-12-21;0;104
7;2025-12-21;1;27
7;2025-12-21;2;0
7;2025-12-21;3;0
7;2025-12-21;4;3
7;2025-12-21;5;33
7;2025-12-21;6;167
7;2025-12-21;7;275
7;2025-12-21;8;444
7;2025-12-21;9;521
7;2025-12-21;10;600
7;2025-12-21;11;716
7;2025-12-21;12;855
7;2025-12-21;13;892
7;2025-12-21;14;920
7;2025-12-21;15;914
7;2025-12-21;16;877
7;2025-12-21;17;851
7;2025-12-21;18;782
7;2025-12-21;19;664
7;2025-12-21;20;540
7;2025-12-21;21;387
7;2025-12-21;22;215
7;2025-12-21;23;143
7;2025-12-22;0;71
7;2025-12-22;1;17
7;2025-12-22;2;0
7;2025-12-22;3;0
7;2025-12-22;4;6
7;2025-12-22;5;199
7;2025-12-22;6;623
7;2025-12-22;7;1581
7;2025-12-22;8;2462
7;2025-12-22;9;1808
7;2025-12-22;10;1602
7;2025-12-22;11;1489
7;2025-12-22;12;1546
7;2025-12-22;13;1548
7;2025-12-22;14;1576
7;2025-12-22;15;1691
7;2025-12-22;16;1803
7;2025-12-22;17;2283
7;2025-12-22;18;2521
7;2025-12-22;19;1719
7;2025-12-22;20;1075
7;2025-12-22;21;603
7;2025-12-22;22;293
7;2025-12-22;23;181
7;2025-12-23;0;58
7;2025-12-23;1;13
7;2025-12-23;2;0
7;2025-12-23;3;0
7;2025-12-23;4;7
7;2025-12-23;5;202
7;2025-12-23;6;653
7;2025-12-23;7;1654
7;2025-12-23;8;2534
7;2025-12-23;9;1849
7;2025-12-23;10;1647
7;2025-12-23;11;1530
7;2025-12-23;12;1608
7;2025-12-23;13;1610
7;2025-12-23;14;1630
7;2025-12-23;15;1747
7;2025-12-23;16;1858
7;2025-12-23;17;2395
7;2025-12-23;18;2642
7;2025-12-23;19;1837
7;2025-12-23;20;1114
7;2025-12-23;21;637
7;2025-12-23;22;315
7;2025-12-23;23;200
7;2025-12-24;0;63
7;2025-12-24;1;13
7;2025-12-24;2;0
7;2025-12-24;3;0
7;2025-12-24;4;6
7;2025-12-24;5;202
7;2025-12-24;6;648
7;2025-12-24;7;1636
7;2025-12-24;8;2571
7;2025-12-24;9;1910
7;2025-12-24;10;1681
7;2025-12-24;11;1538
7;2025-12-24;12;1635
7;2025-12-24;13;1639
7;2025-12-24;14;1676
7;2025-12-24;15;1786
7;2025-12-24;16;1914
7;2025-12-24;17;2438
7;2025-12-24;18;2627
7;2025-12-24;19;1786
7;2025-12-24;20;1141
7;2025-12-24;21;665
7;2025-12-24;22;331
7;2025-12-24;23;201
7;2025-12-25;0;72
7;2025-12-25;1;12
7;2025-12-25;2;0
7;2025-12-25;3;0
7;2025-12-25;4;4
7;2025-12-25;5;199
7;2025-12-25;6;646
7;2025-12-25;7;1619
7;2025-12-25;8;2531
7;2025-12-25;9;1867
7;2025-12-25;10;1623
7;2025-12-25;11;1514
7;2025-12-25;12;1571
7;2025-12-25;13;1596
7;2025-12-25;14;1652
7;2025-12-25;15;1728
7;2025-12-25;16;1872
7;2025-12-25;17;2306
7;2025-12-25;18;2598
7;2025-12-25;19;1727
7;2025-12-25;20;1085
7;2025-12-25;21;630
7;2025-12-25;22;307
7;2025-12-25;23;196
7;2025-12-26;0;64
7;2025-12-26;1;11
7;2025-12-26;2;0
7;2025-12-26;3;0
7;2025-12-26;4;5
7;2025-12-26;5;189
7;2025-12-26;6;597
7;2025-12-26;7;1549
7;2025-12-26;8;2364
7;2025-12-26;9;1788
7;2025-12-26;10;1563
7;2025-12-26;11;1495
7;2025-12-26;12;1596
7;2025-12-26;13;1651
7;2025-12-26;14;1691
7;2025-12-26;15;1801
7;2025-12-26;16;2030
7;2025-12-26;17;2272
7;2025-12-26;18;2180
7;2025-12-26;19;1582
7;2025-12-26;20;1036
7;2025-12-26;21;623
7;2025-12-26;22;326
7;2025-12-26;23;217
7;2025-12-27;0;94
7;2025-12-27;1;20
7;2025-12-27;2;0
7;2025-12-27;3;0
7;2025-12-27;4;1
7;2025-12-27;5;42
7;2025-12-27;6;226
7;2025-12-27;7;441
7;2025-12-27;8;696
7;2025-12-27;9;783
7;2025-12-27;10;861
7;2025-12-27;11;948
7;2025-12-27;12;1081
7;2025-12-27;13;1139
7;2025-12-27;14;1168
7;2025-12-27;15;1162
7;2025-12-27;16;1127
7;2025-12-27;17;1085
7;2025-12-27;18;993
7;2025-12-27;19;872
7;2025-12-27;20;690
7;2025-12-27;21;497
7;2025-12-27;22;273
7;2025-12-27;23;194
7;2025-12-28;0;101
7;2025-12-28;1;22
7;2025-12-28;2;0
7;2025-12-28;3;0
7;2025-12-28;4;0
7;2025-12-28;5;28
7;2025-12-28;6;155
7;2025-12-28;7;266
7;2025-12-28;8;431
7;2025-12-28;9;515
7;2025-12-28;10;595
7;2025-12-28;11;708
7;2025-12-28;12;853
7;2025-12-28;13;900
7;2025-12-28;14;928
7;2025-12-28;15;921
7;2025-12-28;16;886
7;2025-12-28;17;851
7;2025-12-28;18;784
7;2025-12-28;19;672
7;2025-12-28;20;544
7;2025-12-28;21;389
7;2025-12-28;22;219
7;2025-12-28;23;146
7;2025-12-29;0;79
7;2025-12-29;1;21
7;2025-12-29;2;0
7;2025-12-29;3;0
7;2025-12-29;4;10
7;2025-12-29;5;197
7;2025-12-29;6;616
7;2025-12-29;7;1572
7;2025-12-29;8;2428
7;2025-12-29;9;1793
7;2025-12-29;10;1591
7;2025-12-29;11;1478
7;2025-12-29;12;1534
7;2025-12-29;13;1526
7;2025-12-29;14;1567
7;2025-12-29;15;1676
7;2025-12-29;16;1785
7;2025-12-29;17;2247
7;2025-12-29;18;2462
7;2025-12-29;19;1706
7;2025-12-29;20;1077
7;2025-12-29;21;608
7;2025-12-29;22;302
7;2025-12-29;23;188
7;2025-12-30;0;66
7;2025-12-30;1;20
7;2025-12-30;2;0
7;2025-12-30;3;0
7;2025-12-30;4;11
7;2025-12-30;5;206
7;2025-12-30;6;643
7;2025-12-30;7;1628
7;2025-12-30;8;2461
7;2025-12-30;9;1826
7;2025-12-30;10;1624
7;2025-12-30;11;1519
7;2025-12-30;12;1594
7;2025-12-30;13;1604
7;2025-12-30;14;1617
7;2025-12-30;15;1721
7;2025-12-30;16;1809
7;2025-12-30;17;2273
7;2025-12-30;18;2477
7;2025-12-30;19;1730
7;2025-12-30;20;1085
7;2025-12-30;21;628
7;2025-12-30;22;318
7;2025-12-30;23;205
7;2025-12-31;0;88
7;2025-12-31;1;33
7;2025-12-31;2;0
7;2025-12-31;3;0
7;2025-12-31;4;16
7;2025-12-31;5;94
7;2025-12-31;6;374
7;2025-12-31;7;863
7;2025-12-31;8;1233
7;2025-12-31;9;1191
7;2025-12-31;10;1154
7;2025-12-31;11;1150
7;2025-12-31;12;1219
7;2025-12-31;13;1232
7;2025-12-31;14;1240
7;2025-12-31;15;1249
7;2025-12-31;16;1229
7;2025-12-31;17;1362
7;2025-12-31;18;1477
7;2025-12-31;19;1216
7;2025-12-31;20;945
7;2025-12-31;21;628
7;2025-12-31;22;351
7;2025-12-31;23;225
11;2025-11-01;0;107
11;2025-11-01;1;21
11;2025-11-01;2;0
11;2025-11-01;3;0
11;2025-11-01;4;31
11;2025-11-01;5;213
11;2025-11-01;6;895
11;2025-11-01;7;1153
11;2025-11-01;8;1447
11;2025-11-01;9;1417
11;2025-11-01;10;1449
11;2025-11-01;11;1615
11;2025-11-01;12;1738
11;2025-11-01;13;1708
11;2025-11-01;14;1746
11;2025-11-01;15;1765
11;2025-11-01;16;1801
11;2025-11-01;17;1879
11;2025-11-01;18;1688
11;2025-11-01;19;1586
11;2025-11-01;20;1123
11;2025-11-01;21;767
11;2025-11-01;22;427
11;2025-11-01;23;316
11;2025-11-02;0;110
11;2025-11-02;1;25
11;2025-11-02;2;0
11;2025-11-02;3;0
11;2025-11-02;4;16
11;2025-11-02;5;139
11;2025-11-02;6;536
11;2025-11-02;7;544
11;2025-11-02;8;653
11;2025-11-02;9;860
11;2025-11-02;10;981
11;2025-11-02;11;1330
11;2025-11-02;12;1487
11;2025-11-02;13;1458
11;2025-11-02;14;1482
11;2025-11-02;15;1507
11;2025-11-02;16;1462
11;2025-11-02;17;1499
11;2025-11-02;18;1241
11;2025-11-02;19;1080
11;2025-11-02;20;817
11;2025-11-02;21;621
11;2025-11-02;22;377
11;2025-11-02;23;260
11;2025-11-03;0;114
11;2025-11-03;1;51
11;2025-11-03;2;0
11;2025-11-03;3;0
11;2025-11-03;4;44
11;2025-11-03;5;218
11;2025-11-03;6;897
11;2025-11-03;7;1156
11;2025-11-03;8;1361
11;2025-11-03;9;1307
11;2025-11-03;10;1268
11;2025-11-03;11;1368
11;2025-11-03;12;1410
11;2025-11-03;13;1456
11;2025-11-03;14;1452
11;2025-11-03;15;1458
11;2025-11-03;16;1445
11;2025-11-03;17;1568
11;2025-11-03;18;1650
11;2025-11-03;19;1504
11;2025-11-03;20;1132
11;2025-11-03;21;734
11;2025-11-03;22;417
11;2025-11-03;23;284
11;2025-11-04;0;100
11;2025-11-04;1;42
11;2025-11-04;2;0
11;2025-11-04;3;0
11;2025-11-04;4;32
11;2025-11-04;5;191
11;2025-11-04;6;801
11;2025-11-04;7;946
11;2025-11-04;8;1145
11;2025-11-04;9;1179
11;2025-11-04;10;1189
11;2025-11-04;11;1332
11;2025-11-04;12;1385
11;2025-11-04;13;1384
11;2025-11-04;14;1396
11;2025-11-04;15;1403
11;2025-11-04;16;1383
11;2025-11-04;17;1497
11;2025-11-04;18;1592
11;2025-11-04;19;1447
11;2025-11-04;20;1148
11;2025-11-04;21;741
11;2025-11-04;22;408
11;2025-11-04;23;273
11;2025-11-05;0;62
11;2025-11-05;1;7
11;2025-11-05;2;0
11;2025-11-05;3;0
11;2025-11-05;4;17
11;2025-11-05;5;265
11;2025-11-05;6;1231
11;2025-11-05;7;2149
11;2025-11-05;8;2878
11;2025-11-05;9;2287
11;2025-11-05;10;1824
11;2025-11-05;11;1815
11;2025-11-05;12;1837
11;2025-11-05;13;1914
11;2025-11-05;14;1829
11;2025-11-05;15;1859
11;2025-11-05;16;1962
11;2025-11-05;17;2474
11;2025-11-05;18;2890
11;2025-11-05;19;2284
11;2025-11-05;20;1505
11;2025-11-05;21;828
11;2025-11-05;22;409
11;2025-11-05;23;234
11;2025-11-06;0;62
11;2025-11-06;1;9
11;2025-11-06;2;0
11;2025-11-06;3;0
11;2025-11-06;4;22
11;2025-11-06;5;278
11;2025-11-06;6;1376
11;2025-11-06;7;2319
11;2025-11-06;8;3050
11;2025-11-06;9;2405
11;2025-11-06;10;1953
11;2025-11-06;11;1908
11;2025-11-06;12;1946
11;2025-11-06;13;1976
11;2025-11-06;14;2026
11;2025-11-06;15;2049
11;2025-11-06;16;2287
11;2025-11-06;17;2720
11;2025-11-06;18;3047
11;2025-11-06;19;2312
11;2025-11-06;20;1502
11;2025-11-06;21;892
11;2025-11-06;22;423
11;2025-11-06;23;247
11;2025-11-07;0;72
11;2025-11-07;1;4
11;2025-11-07;2;0
11;2025-11-07;3;0
11;2025-11-07;4;19
11;2025-11-07;5;280
11;2025-11-07;6;1333
11;2025-11-07;7;2299
11;2025-11-07;8;3037
11;2025-11-07;9;2364
11;2025-11-07;10;1930
11;2025-11-07;11;1903
11;2025-11-07;12;1953
11;2025-11-07;13;1992
11;2025-11-07;14;2024
11;2025-11-07;15;2079
11;2025-11-07;16;2409
11;2025-11-07;17;2785
11;2025-11-07;18;2555
11;2025-11-07;19;2108
11;2025-11-07;20;1491
11;2025-11-07;21;883
11;2025-11-07;22;443
11;2025-11-07;23;287
11;2025-11-08;0;89
11;2025-11-08;1;11
11;2025-11-08;2;0
11;2025-11-08;3;0
11;2025-11-08;4;19
11;2025-11-08;5;190
11;2025-11-08;6;738
11;2025-11-08;7;780
11;2025-11-08;8;986
11;2025-11-08;9;1158
11;2025-11-08;10;1329
11;2025-11-08;11;1596
11;2025-11-08;12;1742
11;2025-11-08;13;1725
11;2025-11-08;14;1741
11;2025-11-08;15;1761
11;2025-11-08;16;1752
11;2025-11-08;17;1763
11;2025-11-08;18;1563
11;2025-11-08;19;1482
11;2025-11-08;20;1074
11;2025-11-08;21;750
11;2025-11-08;22;435
11;2025-11-08;23;317
11;2025-11-09;0;101
11;2025-11-09;1;16
11;2025-11-09;2;0
11;2025-11-09;3;0
11;2025-11-09;4;14
11;2025-11-09;5;134
11;2025-11-09;6;531
11;2025-11-09;7;528
11;2025-11-09;8;649
11;2025-11-09;9;873
11;2025-11-09;10;1018
11;2025-11-09;11;1396
11;2025-11-09;12;1539
11;2025-11-09;13;1500
11;2025-11-09;14;1516
11;2025-11-09;15;1551
11;2025-11-09;16;1520
11;2025-11-09;17;1546
11;2025-11-09;18;1314
11;2025-11-09;19;1141
11;2025-11-09;20;860
11;2025-11-09;21;624
11;2025-11-09;22;380
11;2025-11-09;23;245
11;2025-11-10;0;74
11;2025-11-10;1;13
11;2025-11-10;2;0
11;2025-11-10;3;0
11;2025-11-10;4;24
11;2025-11-10;5;277
11;2025-11-10;6;1246
11;2025-11-10;7;2068
11;2025-11-10;8;2698
11;2025-11-10;9;2198
11;2025-11-10;10;1803
11;2025-11-10;11;1779
11;2025-11-10;12;1760
11;2025-11-10;13;1792
11;2025-11-10;14;1799
11;2025-11-10;15;1863
11;2025-11-10;16;2062
11;2025-11-10;17;2458
11;2025-11-10;18;2696
11;2025-11-10;19;2175
11;2025-11-10;20;1487
11;2025-11-10;21;845
11;2025-11-10;22;417
11;2025-11-10;23;238
11;2025-11-11;0;62
11;2025-11-11;1;9
11;2025-11-11;2;0
11;2025-11-11;3;0
11;2025-11-11;4;25
11;2025-11-11;5;271
11;2025-11-11;6;1249
11;2025-11-11;7;2175
11;2025-11-11;8;2866
11;2025-11-11;9;2308
11;2025-11-11;10;1869
11;2025-11-11;11;1846
11;2025-11-11;12;1839
11;2025-11-11;13;1884
11;2025-11-11;14;1902
11;2025-11-11;15;1970
11;2025-11-11;16;2144
11;2025-11-11;17;2555
11;2025-11-11;18;2786
11;2025-11-11;19;2196
11;2025-11-11;20;1509
11;2025-11-11;21;846
11;2025-11-11;22;420
11;2025-11-11;23;236
11;2025-11-12;0;64
11;2025-11-12;1;7
11;2025-11-12;2;0
11;2025-11-12;3;0
11;2025-11-12;4;23
11;2025-11-12;5;284
11;2025-11-12;6;1308
11;2025-11-12;7;2262
11;2025-11-12;8;3084
11;2025-11-12;9;2341
11;2025-11-12;10;1877
11;2025-11-12;11;1888
11;2025-11-12;12;1903
11;2025-11-12;13;1986
11;2025-11-12;14;1956
11;2025-11-12;15;2004
11;2025-11-12;16;2176
11;2025-11-12;17;2719
11;2025-11-12;18;3030
11;2025-11-12;19;2314
11;2025-11-12;20;1543
11;2025-11-12;21;883
11;2025-11-12;22;439
11;2025-11-12;23;241
11;2025-11-13;0;69
11;2025-11-13;1;7
11;2025-11-13;2;0
11;2025-11-13;3;0
11;2025-11-13;4;22
11;2025-11-13;5;294
11;2025-11-13;6;1391
11;2025-11-13;7;2323
11;2025-11-13;8;3080
11;2025-11-13;9;2427
11;2025-11-13;10;1969
11;2025-11-13;11;1919
11;2025-11-13;12;1949
11;2025-11-13;13;2012
11;2025-11-13;14;1993
11;2025-11-13;15;2079
11;2025-11-13;16;2275
11;2025-11-13;17;2753
11;2025-11-13;18;3091
11;2025-11-13;19;2323
11;2025-11-13;20;1521
11;2025-11-13;21;881
11;2025-11-13;22;430
11;2025-11-13;23;248
11;2025-11-14;0;70
11;2025-11-14;1;3
11;2025-11-14;2;0
11;2025-11-14;3;0
11;2025-11-14;4;19
11;2025-11-14;5;281
11;2025-11-14;6;1339
11;2025-11-14;7;2250
11;2025-11-14;8;3015
11;2025-11-14;9;2377
11;2025-11-14;10;1927
11;2025-11-14;11;1924
11;2025-11-14;12;1959
11;2025-11-14;13;2008
11;2025-11-14;14;2044
11;2025-11-14;15;2145
11;2025-11-14;16;2439
11;2025-11-14;17;2836
11;2025-11-14;18;2585
11;2025-11-14;19;2108
11;2025-11-14;20;1482
11;2025-11-14;21;882
11;2025-11-14;22;443
11;2025-11-14;23;289
11;2025-11-15;0;97
11;2025-11-15;1;8
11;2025-11-15;2;0
11;2025-11-15;3;0
11;2025-11-15;4;27
11;2025-11-15;5;187
11;2025-11-15;6;725
11;2025-11-15;7;776
11;2025-11-15;8;1002
11;2025-11-15;9;1192
11;2025-11-15;10;1369
11;2025-11-15;11;1653
11;2025-11-15;12;1804
11;2025-11-15;13;1807
11;2025-11-15;14;1827
11;2025-11-15;15;1841
11;2025-11-15;16;1839
11;2025-11-15;17;1843
11;2025-11-15;18;1621
11;2025-11-15;19;1506
11;2025-11-15;20;1075
11;2025-11-15;21;744
11;2025-11-15;22;422
11;2025-11-15;23;302
11;2025-11-16;0;92
11;2025-11-16;1;11
11;2025-11-16;2;0
11;2025-11-16;3;0
11;2025-11-16;4;11
11;2025-11-16;5;123
11;2025-11-16;6;516
11;2025-11-16;7;520
11;2025-11-16;8;647
11;2025-11-16;9;868
11;2025-11-16;10;1026
11;2025-11-16;11;1417
11;2025-11-16;12;1565
11;2025-11-16;13;1543
11;2025-11-16;14;1543
11;2025-11-16;15;1572
11;2025-11-16;16;1547
11;2025-11-16;17;1567
11;2025-11-16;18;1332
11;2025-11-16;19;1147
11;2025-11-16;20;864
11;2025-11-16;21;611
11;2025-11-16;22;368
11;2025-11-16;23;232
11;2025-11-17;0;70
11;2025-11-17;1;6
11;2025-11-17;2;0
11;2025-11-17;3;0
11;2025-11-17;4;15
11;2025-11-17;5;278
11;2025-11-17;6;1328
11;2025-11-17;7;2229
11;2025-11-17;8;2961
11;2025-11-17;9;2285
11;2025-11-17;10;1775
11;2025-11-17;11;1755
11;2025-11-17;12;1733
11;2025-11-17;13;1798
11;2025-11-17;14;1819
11;2025-11-17;15;1953
11;2025-11-17;16;2201
11;2025-11-17;17;2691
11;2025-11-17;18;2959
11;2025-11-17;19;2297
11;2025-11-17;20;1525
11;2025-11-17;21;858
11;2025-11-17;22;414
11;2025-11-17;23;224
11;2025-11-18;0;66
11;2025-11-18;1;12
11;2025-11-18;2;0
11;2025-11-18;3;0
11;2025-11-18;4;25
11;2025-11-18;5;275
11;2025-11-18;6;1336
11;2025-11-18;7;2286
11;2025-11-18;8;3104
11;2025-11-18;9;2393
11;2025-11-18;10;1881
11;2025-11-18;11;1862
11;2025-11-18;12;1869
11;2025-11-18;13;1950
11;2025-11-18;14;1967
11;2025-11-18;15;2039
11;2025-11-18;16;2219
11;2025-11-18;17;2781
11;2025-11-18;18;3032
11;2025-11-18;19;2316
11;2025-11-18;20;1540
11;2025-11-18;21;859
11;2025-11-18;22;416
11;2025-11-18;23;227
11;2025-11-19;0;62
11;2025-11-19;1;8
11;2025-11-19;2;0
11;2025-11-19;3;0
11;2025-11-19;4;21
11;2025-11-19;5;292
11;2025-11-19;6;1362
11;2025-11-19;7;2349
11;2025-11-19;8;3181
11;2025-11-19;9;2409
11;2025-11-19;10;1919
11;2025-11-19;11;1923
11;2025-11-19;12;1926
11;2025-11-19;13;1994
11;2025-11-19;14;1984
11;2025-11-19;15;2066
11;2025-11-19;16;2212
11;2025-11-19;17;2799
11;2025-11-19;18;3107
11;2025-11-19;19;2354
11;2025-11-19;20;1550
11;2025-11-19;21;890
11;2025-11-19;22;439
11;2025-11-19;23;235
11;2025-11-20;0;68
11;2025-11-20;1;7
11;2025-11-20;2;0
11;2025-11-20;3;0
11;2025-11-20;4;23
11;2025-11-20;5;299
11;2025-11-20;6;1415
11;2025-11-20;7;2359
11;2025-11-20;8;3125
11;2025-11-20;9;2471
11;2025-11-20;10;1979
11;2025-11-20;11;1927
11;2025-11-20;12;1952
11;2025-11-20;13;2025
11;2025-11-20;14;2018
11;2025-11-20;15;2105
11;2025-11-20;16;2317
11;2025-11-20;17;2805
11;2025-11-20;18;3128
11;2025-11-20;19;2355
11;2025-11-20;20;1541
11;2025-11-20;21;897
11;2025-11-20;22;438
11;2025-11-20;23;252
11;2025-11-21;0;73
11;2025-11-21;1;7
11;2025-11-21;2;0
11;2025-11-21;3;0
11;2025-11-21;4;19
11;2025-11-21;5;293
11;2025-11-21;6;1360
11;2025-11-21;7;2294
11;2025-11-21;8;3068
11;2025-11-21;9;2410
11;2025-11-21;10;1956
11;2025-11-21;11;1937
11;2025-11-21;12;1967
11;2025-11-21;13;2026
11;2025-11-21;14;2057
11;2025-11-21;15;2169
11;2025-11-21;16;2482
11;2025-11-21;17;2902
11;2025-11-21;18;2630
11;2025-11-21;19;2148
11;2025-11-21;20;1506
11;2025-11-21;21;901
11;2025-11-21;22;458
11;2025-11-21;23;299
11;2025-11-22;0;94
11;2025-11-22;1;17
11;2025-11-22;2;0
11;2025-11-22;3;0
11;2025-11-22;4;17
11;2025-11-22;5;196
11;2025-11-22;6;750
11;2025-11-22;7;787
11;2025-11-22;8;1008
11;2025-11-22;9;1202
11;2025-11-22;10;1379
11;2025-11-22;11;1669
11;2025-11-22;12;1837
11;2025-11-22;13;1852
11;2025-11-22;14;1877
11;2025-11-22;15;1887
11;2025-11-22;16;1896
11;2025-11-22;17;1901
11;2025-11-22;18;1647
11;2025-11-22;19;1521
11;2025-11-22;20;1103
11;2025-11-22;21;772
11;2025-11-22;22;441
11;2025-11-22;23;314
11;2025-11-23;0;99
11;2025-11-23;1;18
11;2025-11-23;2;0
11;2025-11-23;3;0
11;2025-11-23;4;13
11;2025-11-23;5;133
11;2025-11-23;6;540
11;2025-11-23;7;540
11;2025-11-23;8;668
11;2025-11-23;9;894
11;2025-11-23;10;1065
11;2025-11-23;11;1459
11;2025-11-23;12;1596
11;2025-11-23;13;1581
11;2025-11-23;14;1593
11;2025-11-23;15;1620
11;2025-11-23;16;1588
11;2025-11-23;17;1609
11;2025-11-23;18;1377
11;2025-11-23;19;1161
11;2025-11-23;20;871
11;2025-11-23;21;616
11;2025-11-23;22;362
11;2025-11-23;23;228
11;2025-11-24;0;70
11;2025-11-24;1;11
11;2025-11-24;2;0
11;2025-11-24;3;0
11;2025-11-24;4;20
11;2025-11-24;5;269
11;2025-11-24;6;1343
11;2025-11-24;7;2232
11;2025-11-24;8;3019
11;2025-11-24;9;2306
11;2025-11-24;10;1782
11;2025-11-24;11;1772
11;2025-11-24;12;1744
11;2025-11-24;13;1838
11;2025-11-24;14;1892
11;2025-11-24;15;2003
11;2025-11-24;16;2233
11;2025-11-24;17;2735
11;2025-11-24;18;3059
11;2025-11-24;19;2323
11;2025-11-24;20;1525
11;2025-11-24;21;858
11;2025-11-24;22;413
11;2025-11-24;23;228
11;2025-11-25;0;61
11;2025-11-25;1;8
11;2025-11-25;2;0
11;2025-11-25;3;0
11;2025-11-25;4;25
11;2025-11-25;5;278
11;2025-11-25;6;1393
11;2025-11-25;7;2389
11;2025-11-25;8;3208
11;2025-11-25;9;2447
11;2025-11-25;10;1911
11;2025-11-25;11;1876
11;2025-11-25;12;1884
11;2025-11-25;13;1955
11;2025-11-25;14;1977
11;2025-11-25;15;2065
11;2025-11-25;16;2271
11;2025-11-25;17;2844
11;2025-11-25;18;3082
11;2025-11-25;19;2340
11;2025-11-25;20;1541
11;2025-11-25;21;880
11;2025-11-25;22;423
11;2025-11-25;23;230
11;2025-11-26;0;64
11;2025-11-26;1;7
11;2025-11-26;2;0
11;2025-11-26;3;0
11;2025-11-26;4;24
11;2025-11-26;5;290
11;2025-11-26;6;1369
11;2025-11-26;7;2380
11;2025-11-26;8;3157
11;2025-11-26;9;2443
11;2025-11-26;10;1920
11;2025-11-26;11;1896
11;2025-11-26;12;1921
11;2025-11-26;13;1998
11;2025-11-26;14;1994
11;2025-11-26;15;2046
11;2025-11-26;16;2219
11;2025-11-26;17;2802
11;2025-11-26;18;3077
11;2025-11-26;19;2351
11;2025-11-26;20;1530
11;2025-11-26;21;881
11;2025-11-26;22;439
11;2025-11-26;23;237
11;2025-11-27;0;66
11;2025-11-27;1;6
11;2025-11-27;2;0
11;2025-11-27;3;0
11;2025-11-27;4;19
11;2025-11-27;5;295
11;2025-11-27;6;1402
11;2025-11-27;7;2375
11;2025-11-27;8;3119
11;2025-11-27;9;2460
11;2025-11-27;10;1951
11;2025-11-27;11;1888
11;2025-11-27;12;1944
11;2025-11-27;13;2009
11;2025-11-27;14;1984
11;2025-11-27;15;2066
11;2025-11-27;16;2285
11;2025-11-27;17;2791
11;2025-11-27;18;3097
11;2025-11-27;19;2338
11;2025-11-27;20;1507
11;2025-11-27;21;879
11;2025-11-27;22;426
11;2025-11-27;23;251
11;2025-11-28;0;77
11;2025-11-28;1;13
11;2025-11-28;2;0
11;2025-11-28;3;0
11;2025-11-28;4;20
11;2025-11-28;5;289
11;2025-11-28;6;1352
11;2025-11-28;7;2302
11;2025-11-28;8;3048
11;2025-11-28;9;2422
11;2025-11-28;10;1947
11;2025-11-28;11;1930
11;2025-11-28;12;1971
11;2025-11-28;13;2024
11;2025-11-28;14;2052
11;2025-11-28;15;2170
11;2025-11-28;16;2484
11;2025-11-28;17;2908
11;2025-11-28;18;2639
11;2025-11-28;19;2155
11;2025-11-28;20;1511
11;2025-11-28;21;908
11;2025-11-28;22;462
11;2025-11-28;23;298
11;2025-11-29;0;93
11;2025-11-29;1;6
11;2025-11-29;2;0
11;2025-11-29;3;0
11;2025-11-29;4;17
11;2025-11-29;5;195
11;2025-11-29;6;753
11;2025-11-29;7;789
11;2025-11-29;8;1008
11;2025-11-29;9;1202
11;2025-11-29;10;1383
11;2025-11-29;11;1685
11;2025-11-29;12;1849
11;2025-11-29;13;1868
11;2025-11-29;14;1887
11;2025-11-29;15;1899
11;2025-11-29;16;1907
11;2025-11-29;17;1917
11;2025-11-29;18;1656
11;2025-11-29;19;1539
11;2025-11-29;20;1113
11;2025-11-29;21;765
11;2025-11-29;22;443
11;2025-11-29;23;319
11;2025-11-30;0;104
11;2025-11-30;1;15
11;2025-11-30;2;0
11;2025-11-30;3;0
11;2025-11-30;4;14
11;2025-11-30;5;135
11;2025-11-30;6;551
11;2025-11-30;7;553
11;2025-11-30;8;680
11;2025-11-30;9;909
11;2025-11-30;10;1086
11;2025-11-30;11;1466
11;2025-11-30;12;1606
11;2025-11-30;13;1597
11;2025-11-30;14;1620
11;2025-11-30;15;1649
11;2025-11-30;16;1630
11;2025-11-30;17;1650
11;2025-11-30;18;1426
11;2025-11-30;19;1211
11;2025-11-30;20;921
11;2025-11-30;21;657
11;2025-11-30;22;395
11;2025-11-30;23;255
11;2025-12-01;0;72
11;2025-12-01;1;7
11;2025-12-01;2;0
11;2025-12-01;3;0
11;2025-12-01;4;18
11;2025-12-01;5;264
11;2025-12-01;6;1344
11;2025-12-01;7;2267
11;2025-12-01;8;3048
11;2025-12-01;9;2333
11;2025-12-01;10;1802
11;2025-12-01;11;1792
11;2025-12-01;12;1777
11;2025-12-01;13;1871
11;2025-12-01;14;1904
11;2025-12-01;15;1982
11;2025-12-01;16;2211
11;2025-12-01;17;2709
11;2025-12-01;18;3006
11;2025-12-01;19;2262
11;2025-12-01;20;1460
11;2025-12-01;21;816
11;2025-12-01;22;390
11;2025-12-01;23;222
11;2025-12-02;0;58
11;2025-12-02;1;8
11;2025-12-02;2;0
11;2025-12-02;3;0
11;2025-12-02;4;22
11;2025-12-02;5;265
11;2025-12-02;6;1374
11;2025-12-02;7;2382
11;2025-12-02;8;3151
11;2025-12-02;9;2426
11;2025-12-02;10;1900
11;2025-12-02;11;1855
11;2025-12-02;12;1868
11;2025-12-02;13;1941
11;2025-12-02;14;1956
11;2025-12-02;15;2016
11;2025-12-02;16;2221
11;2025-12-02;17;2795
11;2025-12-02;18;3029
11;2025-12-02;19;2278
11;2025-12-02;20;1478
11;2025-12-02;21;825
11;2025-12-02;22;388
11;2025-12-02;23;220
11;2025-12-03;0;61
11;2025-12-03;1;6
11;2025-12-03;2;0
11;2025-12-03;3;0
11;2025-12-03;4;21
11;2025-12-03;5;281
11;2025-12-03;6;1349
11;2025-12-03;7;2372
11;2025-12-03;8;3137
11;2025-12-03;9;2418
11;2025-12-03;10;1920
11;2025-12-03;11;1892
11;2025-12-03;12;1914
11;2025-12-03;13;1990
11;2025-12-03;14;1977
11;2025-12-03;15;2030
11;2025-12-03;16;2174
11;2025-12-03;17;2752
11;2025-12-03;18;3027
11;2025-12-03;19;2281
11;2025-12-03;20;1478
11;2025-12-03;21;832
11;2025-12-03;22;398
11;2025-12-03;23;224
11;2025-12-04;0;64
11;2025-12-04;1;6
11;2025-12-04;2;0
11;2025-12-04;3;0
11;2025-12-04;4;22
11;2025-12-04;5;290
11;2025-12-04;6;1380
11;2025-12-04;7;2356
11;2025-12-04;8;3092
11;2025-12-04;9;2455
11;2025-12-04;10;1970
11;2025-12-04;11;1899
11;2025-12-04;12;1934
11;2025-12-04;13;2005
11;2025-12-04;14;2000
11;2025-12-04;15;2058
11;2025-12-04;16;2255
11;2025-12-04;17;2766
11;2025-12-04;18;3078
11;2025-12-04;19;2291
11;2025-12-04;20;1486
11;2025-12-04;21;865
11;2025-12-04;22;414
11;2025-12-04;23;245
11;2025-12-05;0;73
11;2025-12-05;1;7
11;2025-12-05;2;0
11;2025-12-05;3;0
11;2025-12-05;4;23
11;2025-12-05;5;290
11;2025-12-05;6;1335
11;2025-12-05;7;2284
11;2025-12-05;8;3027
11;2025-12-05;9;2393
11;2025-12-05;10;1938
11;2025-12-05;11;1900
11;2025-12-05;12;1940
11;2025-12-05;13;2000
11;2025-12-05;14;2031
11;2025-12-05;15;2133
11;2025-12-05;16;2425
11;2025-12-05;17;2868
11;2025-12-05;18;2625
11;2025-12-05;19;2082
11;2025-12-05;20;1444
11;2025-12-05;21;856
11;2025-12-05;22;425
11;2025-12-05;23;288
11;2025-12-06;0;91
11;2025-12-06;1;5
11;2025-12-06;2;0
11;2025-12-06;3;0
11;2025-12-06;4;20
11;2025-12-06;5;194
11;2025-12-06;6;737
11;2025-12-06;7;766
11;2025-12-06;8;979
11;2025-12-06;9;1154
11;2025-12-06;10;1344
11;2025-12-06;11;1664
11;2025-12-06;12;1839
11;2025-12-06;13;1862
11;2025-12-06;14;1885
11;2025-12-06;15;1883
11;2025-12-06;16;1887
11;2025-12-06;17;1905
11;2025-12-06;18;1617
11;2025-12-06;19;1478
11;2025-12-06;20;1063
11;2025-12-06;21;730
11;2025-12-06;22;414
11;2025-12-06;23;309
11;2025-12-07;0;104
11;2025-12-07;1;18
11;2025-12-07;2;0
11;2025-12-07;3;0
11;2025-12-07;4;14
11;2025-12-07;5;131
11;2025-12-07;6;530
11;2025-12-07;7;535
11;2025-12-07;8;656
11;2025-12-07;9;870
11;2025-12-07;10;1038
11;2025-12-07;11;1433
11;2025-12-07;12;1587
11;2025-12-07;13;1578
11;2025-12-07;14;1587
11;2025-12-07;15;1616
11;2025-12-07;16;1578
11;2025-12-07;17;1608
11;2025-12-07;18;1350
11;2025-12-07;19;1162
11;2025-12-07;20;862
11;2025-12-07;21;617
11;2025-12-07;22;372
11;2025-12-07;23;247
11;2025-12-08;0;74
11;2025-12-08;1;10
11;2025-12-08;2;0
11;2025-12-08;3;0
11;2025-12-08;4;20
11;2025-12-08;5;280
11;2025-12-08;6;1350
11;2025-12-08;7;2283
11;2025-12-08;8;3059
11;2025-12-08;9;2377
11;2025-12-08;10;1844
11;2025-12-08;11;1833
11;2025-12-08;12;1829
11;2025-12-08;13;1927
11;2025-12-08;14;1929
11;2025-12-08;15;1999
11;2025-12-08;16;2249
11;2025-12-08;17;2763
11;2025-12-08;18;3062
11;2025-12-08;19;2296
11;2025-12-08;20;1474
11;2025-12-08;21;817
11;2025-12-08;22;394
11;2025-12-08;23;218
11;2025-12-09;0;59
11;2025-12-09;1;5
11;2025-12-09;2;0
11;2025-12-09;3;0
11;2025-12-09;4;19
11;2025-12-09;5;273
11;2025-12-09;6;1387
11;2025-12-09;7;2425
11;2025-12-09;8;3226
11;2025-12-09;9;2479
11;2025-12-09;10;1925
11;2025-12-09;11;1880
11;2025-12-09;12;1887
11;2025-12-09;13;1970
11;2025-12-09;14;1985
11;2025-12-09;15;2046
11;2025-12-09;16;2259
11;2025-12-09;17;2857
11;2025-12-09;18;3100
11;2025-12-09;19;2339
11;2025-12-09;20;1512
11;2025-12-09;21;845
11;2025-12-09;22;392
11;2025-12-09;23;217
11;2025-12-10;0;61
11;2025-12-10;1;4
11;2025-12-10;2;0
11;2025-12-10;3;0
11;2025-12-10;4;20
11;2025-12-10;5;287
11;2025-12-10;6;1363
11;2025-12-10;7;2423
11;2025-12-10;8;3222
11;2025-12-10;9;2465
11;2025-12-10;10;1939
11;2025-12-10;11;1917
11;2025-12-10;12;1936
11;2025-12-10;13;2028
11;2025-12-10;14;2006
11;2025-12-10;15;2054
11;2025-12-10;16;2221
11;2025-12-10;17;2824
11;2025-12-10;18;3120
11;2025-12-10;19;2319
11;2025-12-10;20;1501
11;2025-12-10;21;859
11;2025-12-10;22;404
11;2025-12-10;23;224
11;2025-12-11;0;64
11;2025-12-11;1;2
11;2025-12-11;2;0
11;2025-12-11;3;0
11;2025-12-11;4;20
11;2025-12-11;5;290
11;2025-12-11;6;1367
11;2025-12-11;7;2365
11;2025-12-11;8;3138
11;2025-12-11;9;2468
11;2025-12-11;10;1965
11;2025-12-11;11;1911
11;2025-12-11;12;1929
11;2025-12-11;13;2007
11;2025-12-11;14;2005
11;2025-12-11;15;2058
11;2025-12-11;16;2267
11;2025-12-11;17;2793
11;2025-12-11;18;3143
11;2025-12-11;19;2302
11;2025-12-11;20;1485
11;2025-12-11;21;858
11;2025-12-11;22;409
11;2025-12-11;23;240
11;2025-12-12;0;70
11;2025-12-12;1;1
11;2025-12-12;2;0
11;2025-12-12;3;0
11;2025-12-12;4;21
11;2025-12-12;5;287
11;2025-12-12;6;1332
11;2025-12-12;7;2278
11;2025-12-12;8;3069
11;2025-12-12;9;2390
11;2025-12-12;10;1909
11;2025-12-12;11;1872
11;2025-12-12;12;1915
11;2025-12-12;13;2007
11;2025-12-12;14;2057
11;2025-12-12;15;2154
11;2025-12-12;16;2451
11;2025-12-12;17;2918
11;2025-12-12;18;2640
11;2025-12-12;19;2092
11;2025-12-12;20;1445
11;2025-12-12;21;843
11;2025-12-12;22;404
11;2025-12-12;23;278
11;2025-12-13;0;84
11;2025-12-13;1;5
11;2025-12-13;2;0
11;2025-12-13;3;0
11;2025-12-13;4;11
11;2025-12-13;5;176
11;2025-12-13;6;716
11;2025-12-13;7;748
11;2025-12-13;8;975
11;2025-12-13;9;1138
11;2025-12-13;10;1324
11;2025-12-13;11;1629
11;2025-12-13;12;1804
11;2025-12-13;13;1834
11;2025-12-13;14;1861
11;2025-12-13;15;1867
11;2025-12-13;16;1869
11;2025-12-13;17;1881
11;2025-12-13;18;1586
11;2025-12-13;19;1448
11;2025-12-13;20;1030
11;2025-12-13;21;703
11;2025-12-13;22;397
11;2025-12-13;23;294
11;2025-12-14;0;98
11;2025-12-14;1;18
11;2025-12-14;2;0
11;2025-12-14;3;0
11;2025-12-14;4;12
11;2025-12-14;5;119
11;2025-12-14;6;513
11;2025-12-14;7;514
11;2025-12-14;8;640
11;2025-12-14;9;848
11;2025-12-14;10;1010
11;2025-12-14;11;1385
11;2025-12-14;12;1550
11;2025-12-14;13;1536
11;2025-12-14;14;1552
11;2025-12-14;15;1568
11;2025-12-14;16;1536
11;2025-12-14;17;1554
11;2025-12-14;18;1295
11;2025-12-14;19;1107
11;2025-12-14;20;825
11;2025-12-14;21;596
11;2025-12-14;22;359
11;2025-12-14;23;238
11;2025-12-15;0;78
11;2025-12-15;1;13
11;2025-12-15;2;0
11;2025-12-15;3;0
11;2025-12-15;4;18
11;2025-12-15;5;289
11;2025-12-15;6;1362
11;2025-12-15;7;2316
11;2025-12-15;8;3120
11;2025-12-15;9;2417
11;2025-12-15;10;1864
11;2025-12-15;11;1859
11;2025-12-15;12;1850
11;2025-12-15;13;1943
11;2025-12-15;14;1948
11;2025-12-15;15;2027
11;2025-12-15;16;2285
11;2025-12-15;17;2807
11;2025-12-15;18;3083
11;2025-12-15;19;2325
11;2025-12-15;20;1495
11;2025-12-15;21;859
11;2025-12-15;22;408
11;2025-12-15;23;227
11;2025-12-16;0;65
11;2025-12-16;1;9
11;2025-12-16;2;0
11;2025-12-16;3;0
11;2025-12-16;4;22
11;2025-12-16;5;283
11;2025-12-16;6;1389
11;2025-12-16;7;2459
11;2025-12-16;8;3257
11;2025-12-16;9;2531
11;2025-12-16;10;1928
11;2025-12-16;11;1885
11;2025-12-16;12;1891
11;2025-12-16;13;1985
11;2025-12-16;14;1999
11;2025-12-16;15;2066
11;2025-12-16;16;2299
11;2025-12-16;17;2882
11;2025-12-16;18;3125
11;2025-12-16;19;2342
11;2025-12-16;20;1502
11;2025-12-16;21;837
11;2025-12-16;22;394
11;2025-12-16;23;216
11;2025-12-17;0;64
11;2025-12-17;1;3
11;2025-12-17;2;0
11;2025-12-17;3;0
11;2025-12-17;4;19
11;2025-12-17;5;293
11;2025-12-17;6;1355
11;2025-12-17;7;2424
11;2025-12-17;8;3219
11;2025-12-17;9;2480
11;2025-12-17;10;1934
11;2025-12-17;11;1920
11;2025-12-17;12;1936
11;2025-12-17;13;2025
11;2025-12-17;14;2013
11;2025-12-17;15;2066
11;2025-12-17;16;2247
11;2025-12-17;17;2839
11;2025-12-17;18;3122
11;2025-12-17;19;2341
11;2025-12-17;20;1505
11;2025-12-17;21;865
11;2025-12-17;22;405
11;2025-12-17;23;225
11;2025-12-18;0;66
11;2025-12-18;1;4
11;2025-12-18;2;0
11;2025-12-18;3;0
11;2025-12-18;4;18
11;2025-12-18;5;296
11;2025-12-18;6;1387
11;2025-12-18;7;2416
11;2025-12-18;8;3179
11;2025-12-18;9;2508
11;2025-12-18;10;1985
11;2025-12-18;11;1914
11;2025-12-18;12;1947
11;2025-12-18;13;2037
11;2025-12-18;14;2034
11;2025-12-18;15;2091
11;2025-12-18;16;2306
11;2025-12-18;17;2819
11;2025-12-18;18;3157
11;2025-12-18;19;2330
11;2025-12-18;20;1491
11;2025-12-18;21;871
11;2025-12-18;22;420
11;2025-12-18;23;247
11;2025-12-19;0;73
11;2025-12-19;1;4
11;2025-12-19;2;0
11;2025-12-19;3;0
11;2025-12-19;4;20
11;2025-12-19;5;298
11;2025-12-19;6;1344
11;2025-12-19;7;2328
11;2025-12-19;8;3098
11;2025-12-19;9;2447
11;2025-12-19;10;1953
11;2025-12-19;11;1910
11;2025-12-19;12;1954
11;2025-12-19;13;2024
11;2025-12-19;14;2053
11;2025-12-19;15;2160
11;2025-12-19;16;2480
11;2025-12-19;17;2929
11;2025-12-19;18;2672
11;2025-12-19;19;2124
11;2025-12-19;20;1454
11;2025-12-19;21;865
11;2025-12-19;22;428
11;2025-12-19;23;288
11;2025-12-20;0;88
11;2025-12-20;1;5
11;2025-12-20;2;0
11;2025-12-20;3;0
11;2025-12-20;4;14
11;2025-12-20;5;191
11;2025-12-20;6;720
11;2025-12-20;7;763
11;2025-12-20;8;985
11;2025-12-20;9;1157
11;2025-12-20;10;1354
11;2025-12-20;11;1652
11;2025-12-20;12;1835
11;2025-12-20;13;1851
11;2025-12-20;14;1877
11;2025-12-20;15;1880
11;2025-12-20;16;1878
11;2025-12-20;17;1888
11;2025-12-20;18;1597
11;2025-12-20;19;1458
11;2025-12-20;20;1027
11;2025-12-20;21;711
11;2025-12-20;22;408
11;2025-12-20;23;300
11;2025-12-21;0;97
11;2025-12-21;1;15
11;2025-12-21;2;0
11;2025-12-21;3;0
11;2025-12-21;4;10
11;2025-12-21;5;126
11;2025-12-21;6;519
11;2025-12-21;7;531
11;2025-12-21;8;654
11;2025-12-21;9;865
11;2025-12-21;10;1033
11;2025-12-21;11;1418
11;2025-12-21;12;1587
11;2025-12-21;13;1575
11;2025-12-21;14;1585
11;2025-12-21;15;1604
11;2025-12-21;16;1576
11;2025-12-21;17;1596
11;2025-12-21;18;1330
11;2025-12-21;19;1108
11;2025-12-21;20;844
11;2025-12-21;21;596
11;2025-12-21;22;351
11;2025-12-21;23;230
11;2025-12-22;0;74
11;2025-12-22;1;5
11;2025-12-22;2;0
11;2025-12-22;3;0
11;2025-12-22;4;15
11;2025-12-22;5;283
11;2025-12-22;6;1336
11;2025-12-22;7;2292
11;2025-12-22;8;3041
11;2025-12-22;9;2364
11;2025-12-22;10;1841
11;2025-12-22;11;1847
11;2025-12-22;12;1861
11;2025-12-22;13;1940
11;2025-12-22;14;1950
11;2025-12-22;15;2019
11;2025-12-22;16;2292
11;2025-12-22;17;2803
11;2025-12-22;18;3076
11;2025-12-22;19;2333
11;2025-12-22;20;1505
11;2025-12-22;21;843
11;2025-12-22;22;393
11;2025-12-22;23;223
11;2025-12-23;0;61
11;2025-12-23;1;5
11;2025-12-23;2;0
11;2025-12-23;3;0
11;2025-12-23;4;22
11;2025-12-23;5;273
11;2025-12-23;6;1390
11;2025-12-23;7;2450
11;2025-12-23;8;3233
11;2025-12-23;9;2504
11;2025-12-23;10;1925
11;2025-12-23;11;1885
11;2025-12-23;12;1896
11;2025-12-23;13;1979
11;2025-12-23;14;1992
11;2025-12-23;15;2058
11;2025-12-23;16;2312
11;2025-12-23;17;2889
11;2025-12-23;18;3091
11;2025-12-23;19;2340
11;2025-12-23;20;1508
11;2025-12-23;21;859
11;2025-12-23;22;403
11;2025-12-23;23;224
11;2025-12-24;0;64
11;2025-12-24;1;5
11;2025-12-24;2;0
11;2025-12-24;3;0
11;2025-12-24;4;20
11;2025-12-24;5;293
11;2025-12-24;6;1362
11;2025-12-24;7;2426
11;2025-12-24;8;3218
11;2025-12-24;9;2486
11;2025-12-24;10;1942
11;2025-12-24;11;1932
11;2025-12-24;12;1942
11;2025-12-24;13;2016
11;2025-12-24;14;2005
11;2025-12-24;15;2063
11;2025-12-24;16;2249
11;2025-12-24;17;2858
11;2025-12-24;18;3123
11;2025-12-24;19;2359
11;2025-12-24;20;1508
11;2025-12-24;21;868
11;2025-12-24;22;405
11;2025-12-24;23;221
11;2025-12-25;0;65
11;2025-12-25;1;4
11;2025-12-25;2;0
11;2025-12-25;3;0
11;2025-12-25;4;19
11;2025-12-25;5;295
11;2025-12-25;6;1389
11;2025-12-25;7;2420
11;2025-12-25;8;3168
11;2025-12-25;9;2518
11;2025-12-25;10;1986
11;2025-12-25;11;1921
11;2025-12-25;12;1955
11;2025-12-25;13;2031
11;2025-12-25;14;2022
11;2025-12-25;15;2089
11;2025-12-25;16;2322
11;2025-12-25;17;2850
11;2025-12-25;18;3147
11;2025-12-25;19;2366
11;2025-12-25;20;1525
11;2025-12-25;21;895
11;2025-12-25;22;427
11;2025-12-25;23;255
11;2025-12-26;0;79
11;2025-12-26;1;6
11;2025-12-26;2;0
11;2025-12-26;3;0
11;2025-12-26;4;22
11;2025-12-26;5;290
11;2025-12-26;6;1335
11;2025-12-26;7;2330
11;2025-12-26;8;3093
11;2025-12-26;9;2421
11;2025-12-26;10;1953
11;2025-12-26;11;1923
11;2025-12-26;12;1953
11;2025-12-26;13;2011
11;2025-12-26;14;2050
11;2025-12-26;15;2158
11;2025-12-26;16;2477
11;2025-12-26;17;2907
11;2025-12-26;18;2613
11;2025-12-26;19;2123
11;2025-12-26;20;1457
11;2025-12-26;21;858
11;2025-12-26;22;424
11;2025-12-26;23;293
11;2025-12-27;0;94
11;2025-12-27;1;9
11;2025-12-27;2;0
11;2025-12-27;3;0
11;2025-12-27;4;17
11;2025-12-27;5;194
11;2025-12-27;6;732
11;2025-12-27;7;782
11;2025-12-27;8;1003
11;2025-12-27;9;1181
11;2025-12-27;10;1377
11;2025-12-27;11;1682
11;2025-12-27;12;1867
11;2025-12-27;13;1887
11;2025-12-27;14;1909
11;2025-12-27;15;1908
11;2025-12-27;16;1904
11;2025-12-27;17;1917
11;2025-12-27;18;1615
11;2025-12-27;19;1479
11;2025-12-27;20;1055
11;2025-12-27;21;735
11;2025-12-27;22;419
11;2025-12-27;23;308
11;2025-12-28;0;100
11;2025-12-28;1;15
11;2025-12-28;2;0
11;2025-12-28;3;0
11;2025-12-28;4;13
11;2025-12-28;5;125
11;2025-12-28;6;515
11;2025-12-28;7;525
11;2025-12-28;8;655
11;2025-12-28;9;865
11;2025-12-28;10;1037
11;2025-12-28;11;1435
11;2025-12-28;12;1602
11;2025-12-28;13;1596
11;2025-12-28;14;1618
11;2025-12-28;15;1632
11;2025-12-28;16;1596
11;2025-12-28;17;1608
11;2025-12-28;18;1357
11;2025-12-28;19;1146
11;2025-12-28;20;862
11;2025-12-28;21;627
11;2025-12-28;22;380
11;2025-12-28;23;253
11;2025-12-29;0;107
11;2025-12-29;1;33
11;2025-12-29;2;0
11;2025-12-29;3;0
11;2025-12-29;4;46
11;2025-12-29;5;309
11;2025-12-29;6;1334
11;2025-12-29;7;2247
11;2025-12-29;8;2960
11;2025-12-29;9;2346
11;2025-12-29;10;1839
11;2025-12-29;11;1845
11;2025-12-29;12;1834
11;2025-12-29;13;1905
11;2025-12-29;14;1916
11;2025-12-29;15;1974
11;2025-12-29;16;2213
11;2025-12-29;17;2673
11;2025-12-29;18;2905
11;2025-12-29;19;2258
11;2025-12-29;20;1484
11;2025-12-29;21;881
11;2025-12-29;22;446
11;2025-12-29;23;265
11;2025-12-30;0;102
11;2025-12-30;1;43
11;2025-12-30;2;0
11;2025-12-30;3;0
11;2025-12-30;4;51
11;2025-12-30;5;308
11;2025-12-30;6;1354
11;2025-12-30;7;2343
11;2025-12-30;8;3060
11;2025-12-30;9;2407
11;2025-12-30;10;1900
11;2025-12-30;11;1873
11;2025-12-30;12;1893
11;2025-12-30;13;1973
11;2025-12-30;14;1986
11;2025-12-30;15;2039
11;2025-12-30;16;2253
11;2025-12-30;17;2744
11;2025-12-30;18;2916
11;2025-12-30;19;2233
11;2025-12-30;20;1487
11;2025-12-30;21;870
11;2025-12-30;22;448
11;2025-12-30;23;265
11;2025-12-31;0;108
11;2025-12-31;1;52
11;2025-12-31;2;0
11;2025-12-31;3;0
11;2025-12-31;4;54
11;2025-12-31;5;218
11;2025-12-31;6;873
11;2025-12-31;7;1138
11;2025-12-31;8;1377
11;2025-12-31;9;1369
11;2025-12-31;10;1381
11;2025-12-31;11;1458
11;2025-12-31;12;1508
11;2025-12-31;13;1534
11;2025-12-31;14;1545
11;2025-12-31;15;1521
11;2025-12-31;16;1491
11;2025-12-31;17;1620
11;2025-12-31;18;1701
11;2025-12-31;19;1549
11;2025-12-31;20;1232
11;2025-12-31;21;804
11;2025-12-31;22;458
11;2025-12-31;23;282
12;2025-11-01;0;58
12;2025-11-01;1;0
12;2025-11-01;2;0
12;2025-11-01;3;0
12;2025-11-01;4;6
12;2025-11-01;5;239
12;2025-11-01;6;929
12;2025-11-01;7;1316
12;2025-11-01;8;1528
12;2025-11-01;9;1465
12;2025-11-01;10;1509
12;2025-11-01;11;1578
12;2025-11-01;12;1578
12;2025-11-01;13;1700
12;2025-11-01;14;1625
12;2025-11-01;15;1653
12;2025-11-01;16;1791
12;2025-11-01;17;1801
12;2025-11-01;18;1715
12;2025-11-01;19;1566
12;2025-11-01;20;1112
12;2025-11-01;21;735
12;2025-11-01;22;421
12;2025-11-01;23;261
12;2025-11-02;0;83
12;2025-11-02;1;13
12;2025-11-02;2;0
12;2025-11-02;3;0
12;2025-11-02;4;15
12;2025-11-02;5;181
12;2025-11-02;6;544
12;2025-11-02;7;680
12;2025-11-02;8;745
12;2025-11-02;9;894
12;2025-11-02;10;1075
12;2025-11-02;11;1211
12;2025-11-02;12;1279
12;2025-11-02;13;1447
12;2025-11-02;14;1410
12;2025-11-02;15;1353
12;2025-11-02;16;1424
12;2025-11-02;17;1403
12;2025-11-02;18;1268
12;2025-11-02;19;1057
12;2025-11-02;20;762
12;2025-11-02;21;594
12;2025-11-02;22;392
12;2025-11-02;23;215
12;2025-11-03;0;105
12;2025-11-03;1;49
12;2025-11-03;2;0
12;2025-11-03;3;0
12;2025-11-03;4;49
12;2025-11-03;5;261
12;2025-11-03;6;928
12;2025-11-03;7;1128
12;2025-11-03;8;1350
12;2025-11-03;9;1283
12;2025-11-03;10;1249
12;2025-11-03;11;1316
12;2025-11-03;12;1316
12;2025-11-03;13;1352
12;2025-11-03;14;1367
12;2025-11-03;15;1358
12;2025-11-03;16;1414
12;2025-11-03;17;1449
12;2025-11-03;18;1475
12;2025-11-03;19;1328
12;2025-11-03;20;1116
12;2025-11-03;21;704
12;2025-11-03;22;424
12;2025-11-03;23;258
12;2025-11-04;0;87
12;2025-11-04;1;42
12;2025-11-04;2;0
12;2025-11-04;3;0
12;2025-11-04;4;36
12;2025-11-04;5;234
12;2025-11-04;6;886
12;2025-11-04;7;999
12;2025-11-04;8;1085
12;2025-11-04;9;1021
12;2025-11-04;10;1070
12;2025-11-04;11;1185
12;2025-11-04;12;1226
12;2025-11-04;13;1265
12;2025-11-04;14;1284
12;2025-11-04;15;1259
12;2025-11-04;16;1283
12;2025-11-04;17;1310
12;2025-11-04;18;1356
12;2025-11-04;19;1256
12;2025-11-04;20;1054
12;2025-11-04;21;679
12;2025-11-04;22;402
12;2025-11-04;23;243
12;2025-11-05;0;45
12;2025-11-05;1;3
12;2025-11-05;2;0
12;2025-11-05;3;0
12;2025-11-05;4;11
12;2025-11-05;5;317
12;2025-11-05;6;1411
12;2025-11-05;7;2465
12;2025-11-05;8;3078
12;2025-11-05;9;2288
12;2025-11-05;10;1901
12;2025-11-05;11;1862
12;2025-11-05;12;1886
12;2025-11-05;13;1883
12;2025-11-05;14;1865
12;2025-11-05;15;2071
12;2025-11-05;16;2496
12;2025-11-05;17;2728
12;2025-11-05;18;2905
12;2025-11-05;19;2350
12;2025-11-05;20;1538
12;2025-11-05;21;973
12;2025-11-05;22;482
12;2025-11-05;23;250
12;2025-11-06;0;52
12;2025-11-06;1;4
12;2025-11-06;2;0
12;2025-11-06;3;0
12;2025-11-06;4;13
12;2025-11-06;5;332
12;2025-11-06;6;1455
12;2025-11-06;7;2623
12;2025-11-06;8;3398
12;2025-11-06;9;2405
12;2025-11-06;10;2021
12;2025-11-06;11;2005
12;2025-11-06;12;1989
12;2025-11-06;13;1993
12;2025-11-06;14;1935
12;2025-11-06;15;2157
12;2025-11-06;16;2606
12;2025-11-06;17;2933
12;2025-11-06;18;3134
12;2025-11-06;19;2456
12;2025-11-06;20;1597
12;2025-11-06;21;966
12;2025-11-06;22;508
12;2025-11-06;23;259
12;2025-11-07;0;53
12;2025-11-07;1;1
12;2025-11-07;2;0
12;2025-11-07;3;0
12;2025-11-07;4;7
12;2025-11-07;5;339
12;2025-11-07;6;1436
12;2025-11-07;7;2564
12;2025-11-07;8;3355
12;2025-11-07;9;2444
12;2025-11-07;10;2001
12;2025-11-07;11;1996
12;2025-11-07;12;1997
12;2025-11-07;13;2014
12;2025-11-07;14;2015
12;2025-11-07;15;2276
12;2025-11-07;16;2763
12;2025-11-07;17;2939
12;2025-11-07;18;2611
12;2025-11-07;19;2188
12;2025-11-07;20;1520
12;2025-11-07;21;1001
12;2025-11-07;22;518
12;2025-11-07;23;290
12;2025-11-08;0;71
12;2025-11-08;1;1
12;2025-11-08;2;0
12;2025-11-08;3;0
12;2025-11-08;4;2
12;2025-11-08;5;228
12;2025-11-08;6;798
12;2025-11-08;7;942
12;2025-11-08;8;1043
12;2025-11-08;9;1195
12;2025-11-08;10;1356
12;2025-11-08;11;1489
12;2025-11-08;12;1502
12;2025-11-08;13;1596
12;2025-11-08;14;1548
12;2025-11-08;15;1525
12;2025-11-08;16;1556
12;2025-11-08;17;1520
12;2025-11-08;18;1467
12;2025-11-08;19;1418
12;2025-11-08;20;1043
12;2025-11-08;21;717
12;2025-11-08;22;462
12;2025-11-08;23;274
12;2025-11-09;0;82
12;2025-11-09;1;3
12;2025-11-09;2;0
12;2025-11-09;3;0
12;2025-11-09;4;1
12;2025-11-09;5;170
12;2025-11-09;6;556
12;2025-11-09;7;672
12;2025-11-09;8;757
12;2025-11-09;9;918
12;2025-11-09;10;1104
12;2025-11-09;11;1242
12;2025-11-09;12;1317
12;2025-11-09;13;1485
12;2025-11-09;14;1474
12;2025-11-09;15;1394
12;2025-11-09;16;1464
12;2025-11-09;17;1467
12;2025-11-09;18;1310
12;2025-11-09;19;1109
12;2025-11-09;20;790
12;2025-11-09;21;605
12;2025-11-09;22;414
12;2025-11-09;23;215
12;2025-11-10;0;59
12;2025-11-10;1;4
12;2025-11-10;2;0
12;2025-11-10;3;0
12;2025-11-10;4;10
12;2025-11-10;5;333
12;2025-11-10;6;1341
12;2025-11-10;7;2356
12;2025-11-10;8;3036
12;2025-11-10;9;2329
12;2025-11-10;10;1905
12;2025-11-10;11;1823
12;2025-11-10;12;1814
12;2025-11-10;13;1799
12;2025-11-10;14;1782
12;2025-11-10;15;1969
12;2025-11-10;16;2369
12;2025-11-10;17;2682
12;2025-11-10;18;2844
12;2025-11-10;19;2313
12;2025-11-10;20;1554
12;2025-11-10;21;932
12;2025-11-10;22;471
12;2025-11-10;23;241
12;2025-11-11;0;48
12;2025-11-11;1;0
12;2025-11-11;2;0
12;2025-11-11;3;0
12;2025-11-11;4;7
12;2025-11-11;5;330
12;2025-11-11;6;1373
12;2025-11-11;7;2463
12;2025-11-11;8;3150
12;2025-11-11;9;2438
12;2025-11-11;10;2021
12;2025-11-11;11;1938
12;2025-11-11;12;1931
12;2025-11-11;13;1929
12;2025-11-11;14;1893
12;2025-11-11;15;2061
12;2025-11-11;16;2487
12;2025-11-11;17;2806
12;2025-11-11;18;2950
12;2025-11-11;19;2442
12;2025-11-11;20;1550
12;2025-11-11;21;946
12;2025-11-11;22;497
12;2025-11-11;23;246
12;2025-11-12;0;53
12;2025-11-12;1;1
12;2025-11-12;2;0
12;2025-11-12;3;0
12;2025-11-12;4;8
12;2025-11-12;5;343
12;2025-11-12;6;1472
12;2025-11-12;7;2613
12;2025-11-12;8;3354
12;2025-11-12;9;2484
12;2025-11-12;10;2049
12;2025-11-12;11;1993
12;2025-11-12;12;2018
12;2025-11-12;13;2001
12;2025-11-12;14;1982
12;2025-11-12;15;2171
12;2025-11-12;16;2641
12;2025-11-12;17;2939
12;2025-11-12;18;3116
12;2025-11-12;19;2466
12;2025-11-12;20;1577
12;2025-11-12;21;1006
12;2025-11-12;22;514
12;2025-11-12;23;255
12;2025-11-13;0;52
12;2025-11-13;1;1
12;2025-11-13;2;0
12;2025-11-13;3;0
12;2025-11-13;4;4
12;2025-11-13;5;350
12;2025-11-13;6;1496
12;2025-11-13;7;2689
12;2025-11-13;8;3488
12;2025-11-13;9;2492
12;2025-11-13;10;2044
12;2025-11-13;11;2014
12;2025-11-13;12;2037
12;2025-11-13;13;2030
12;2025-11-13;14;2006
12;2025-11-13;15;2200
12;2025-11-13;16;2675
12;2025-11-13;17;2997
12;2025-11-13;18;3197
12;2025-11-13;19;2479
12;2025-11-13;20;1574
12;2025-11-13;21;967
12;2025-11-13;22;513
12;2025-11-13;23;252
12;2025-11-14;0;49
12;2025-11-14;1;1
12;2025-11-14;2;0
12;2025-11-14;3;0
12;2025-11-14;4;2
12;2025-11-14;5;329
12;2025-11-14;6;1443
12;2025-11-14;7;2591
12;2025-11-14;8;3404
12;2025-11-14;9;2439
12;2025-11-14;10;1993
12;2025-11-14;11;1987
12;2025-11-14;12;2013
12;2025-11-14;13;2013
12;2025-11-14;14;2020
12;2025-11-14;15;2266
12;2025-11-14;16;2782
12;2025-11-14;17;2976
12;2025-11-14;18;2702
12;2025-11-14;19;2264
12;2025-11-14;20;1540
12;2025-11-14;21;1007
12;2025-11-14;22;510
12;2025-11-14;23;284
12;2025-11-15;0;71
12;2025-11-15;1;3
12;2025-11-15;2;0
12;2025-11-15;3;0
12;2025-11-15;4;4
12;2025-11-15;5;228
12;2025-11-15;6;808
12;2025-11-15;7;948
12;2025-11-15;8;1052
12;2025-11-15;9;1226
12;2025-11-15;10;1391
12;2025-11-15;11;1531
12;2025-11-15;12;1553
12;2025-11-15;13;1652
12;2025-11-15;14;1604
12;2025-11-15;15;1568
12;2025-11-15;16;1607
12;2025-11-15;17;1566
12;2025-11-15;18;1500
12;2025-11-15;19;1453
12;2025-11-15;20;1049
12;2025-11-15;21;725
12;2025-11-15;22;461
12;2025-11-15;23;272
12;2025-11-16;0;80
12;2025-11-16;1;5
12;2025-11-16;2;0
12;2025-11-16;3;0
12;2025-11-16;4;1
12;2025-11-16;5;168
12;2025-11-16;6;551
12;2025-11-16;7;673
12;2025-11-16;8;760
12;2025-11-16;9;932
12;2025-11-16;10;1114
12;2025-11-16;11;1254
12;2025-11-16;12;1346
12;2025-11-16;13;1509
12;2025-11-16;14;1507
12;2025-11-16;15;1433
12;2025-11-16;16;1494
12;2025-11-16;17;1494
12;2025-11-16;18;1330
12;2025-11-16;19;1122
12;2025-11-16;20;800
12;2025-11-16;21;608
12;2025-11-16;22;419
12;2025-11-16;23;221
12;2025-11-17;0;57
12;2025-11-17;1;1
12;2025-11-17;2;0
12;2025-11-17;3;0
12;2025-11-17;4;6
12;2025-11-17;5;335
12;2025-11-17;6;1391
12;2025-11-17;7;2561
12;2025-11-17;8;3355
12;2025-11-17;9;2431
12;2025-11-17;10;1943
12;2025-11-17;11;1892
12;2025-11-17;12;1938
12;2025-11-17;13;1941
12;2025-11-17;14;1911
12;2025-11-17;15;2136
12;2025-11-17;16;2549
12;2025-11-17;17;2899
12;2025-11-17;18;3128
12;2025-11-17;19;2486
12;2025-11-17;20;1605
12;2025-11-17;21;960
12;2025-11-17;22;504
12;2025-11-17;23;245
12;2025-11-18;0;43
12;2025-11-18;1;5
12;2025-11-18;2;0
12;2025-11-18;3;0
12;2025-11-18;4;6
12;2025-11-18;5;333
12;2025-11-18;6;1422
12;2025-11-18;7;2598
12;2025-11-18;8;3423
12;2025-11-18;9;2489
12;2025-11-18;10;2019
12;2025-11-18;11;1945
12;2025-11-18;12;1982
12;2025-11-18;13;1996
12;2025-11-18;14;1983
12;2025-11-18;15;2156
12;2025-11-18;16;2621
12;2025-11-18;17;2972
12;2025-11-18;18;3147
12;2025-11-18;19;2529
12;2025-11-18;20;1571
12;2025-11-18;21;961
12;2025-11-18;22;503
12;2025-11-18;23;245
12;2025-11-19;0;51
12;2025-11-19;1;3
12;2025-11-19;2;0
12;2025-11-19;3;0
12;2025-11-19;4;8
12;2025-11-19;5;349
12;2025-11-19;6;1493
12;2025-11-19;7;2686
12;2025-11-19;8;3484
12;2025-11-19;9;2547
12;2025-11-19;10;2083
12;2025-11-19;11;2027
12;2025-11-19;12;2069
12;2025-11-19;13;2049
12;2025-11-19;14;2034
12;2025-11-19;15;2231
12;2025-11-19;16;2720
12;2025-11-19;17;3023
12;2025-11-19;18;3195
12;2025-11-19;19;2531
12;2025-11-19;20;1577
12;2025-11-19;21;1012
12;2025-11-19;22;524
12;2025-11-19;23;264
12;2025-11-20;0;58
12;2025-11-20;1;5
12;2025-11-20;2;0
12;2025-11-20;3;0
12;2025-11-20;4;8
12;2025-11-20;5;357
12;2025-11-20;6;1500
12;2025-11-20;7;2723
12;2025-11-20;8;3548
12;2025-11-20;9;2525
12;2025-11-20;10;2056
12;2025-11-20;11;2024
12;2025-11-20;12;2063
12;2025-11-20;13;2056
12;2025-11-20;14;2045
12;2025-11-20;15;2248
12;2025-11-20;16;2733
12;2025-11-20;17;3051
12;2025-11-20;18;3226
12;2025-11-20;19;2517
12;2025-11-20;20;1585
12;2025-11-20;21;979
12;2025-11-20;22;528
12;2025-11-20;23;268
12;2025-11-21;0;60
12;2025-11-21;1;4
12;2025-11-21;2;0
12;2025-11-21;3;0
12;2025-11-21;4;7
12;2025-11-21;5;343
12;2025-11-21;6;1473
12;2025-11-21;7;2655
12;2025-11-21;8;3474
12;2025-11-21;9;2483
12;2025-11-21;10;2030
12;2025-11-21;11;2024
12;2025-11-21;12;2053
12;2025-11-21;13;2066
12;2025-11-21;14;2069
12;2025-11-21;15;2318
12;2025-11-21;16;2855
12;2025-11-21;17;3039
12;2025-11-21;18;2747
12;2025-11-21;19;2283
12;2025-11-21;20;1536
12;2025-11-21;21;1018
12;2025-11-21;22;536
12;2025-11-21;23;300
12;2025-11-22;0;84
12;2025-11-22;1;17
12;2025-11-22;2;0
12;2025-11-22;3;0
12;2025-11-22;4;6
12;2025-11-22;5;242
12;2025-11-22;6;822
12;2025-11-22;7;959
12;2025-11-22;8;1062
12;2025-11-22;9;1234
12;2025-11-22;10;1421
12;2025-11-22;11;1551
12;2025-11-22;12;1553
12;2025-11-22;13;1665
12;2025-11-22;14;1612
12;2025-11-22;15;1577
12;2025-11-22;16;1609
12;2025-11-22;17;1567
12;2025-11-22;18;1505
12;2025-11-22;19;1449
12;2025-11-22;20;1060
12;2025-11-22;21;743
12;2025-11-22;22;480
12;2025-11-22;23;280
12;2025-11-23;0;89
12;2025-11-23;1;11
12;2025-11-23;2;0
12;2025-11-23;3;0
12;2025-11-23;4;1
12;2025-11-23;5;174
12;2025-11-23;6;560
12;2025-11-23;7;684
12;2025-11-23;8;777
12;2025-11-23;9;954
12;2025-11-23;10;1152
12;2025-11-23;11;1299
12;2025-11-23;12;1382
12;2025-11-23;13;1541
12;2025-11-23;14;1525
12;2025-11-23;15;1447
12;2025-11-23;16;1509
12;2025-11-23;17;1506
12;2025-11-23;18;1346
12;2025-11-23;19;1146
12;2025-11-23;20;824
12;2025-11-23;21;618
12;2025-11-23;22;429
12;2025-11-23;23;212
12;2025-11-24;0;45
12;2025-11-24;1;10
12;2025-11-24;2;0
12;2025-11-24;3;0
12;2025-11-24;4;8
12;2025-11-24;5;339
12;2025-11-24;6;1415
12;2025-11-24;7;2625
12;2025-11-24;8;3404
12;2025-11-24;9;2490
12;2025-11-24;10;2011
12;2025-11-24;11;1953
12;2025-11-24;12;2009
12;2025-11-24;13;2002
12;2025-11-24;14;1976
12;2025-11-24;15;2196
12;2025-11-24;16;2629
12;2025-11-24;17;2968
12;2025-11-24;18;3159
12;2025-11-24;19;2480
12;2025-11-24;20;1576
12;2025-11-24;21;945
12;2025-11-24;22;494
12;2025-11-24;23;247
12;2025-11-25;0;49
12;2025-11-25;1;3
12;2025-11-25;2;0
12;2025-11-25;3;0
12;2025-11-25;4;9
12;2025-11-25;5;339
12;2025-11-25;6;1474
12;2025-11-25;7;2761
12;2025-11-25;8;3622
12;2025-11-25;9;2578
12;2025-11-25;10;2106
12;2025-11-25;11;2052
12;2025-11-25;12;2077
12;2025-11-25;13;2082
12;2025-11-25;14;2060
12;2025-11-25;15;2248
12;2025-11-25;16;2735
12;2025-11-25;17;3070
12;2025-11-25;18;3244
12;2025-11-25;19;2605
12;2025-11-25;20;1593
12;2025-11-25;21;979
12;2025-11-25;22;515
12;2025-11-25;23;252
12;2025-11-26;0;60
12;2025-11-26;1;5
12;2025-11-26;2;0
12;2025-11-26;3;0
12;2025-11-26;4;7
12;2025-11-26;5;353
12;2025-11-26;6;1512
12;2025-11-26;7;2755
12;2025-11-26;8;3623
12;2025-11-26;9;2601
12;2025-11-26;10;2121
12;2025-11-26;11;2072
12;2025-11-26;12;2132
12;2025-11-26;13;2119
12;2025-11-26;14;2097
12;2025-11-26;15;2279
12;2025-11-26;16;2784
12;2025-11-26;17;3101
12;2025-11-26;18;3226
12;2025-11-26;19;2529
12;2025-11-26;20;1573
12;2025-11-26;21;1001
12;2025-11-26;22;520
12;2025-11-26;23;259
12;2025-11-27;0;57
12;2025-11-27;1;4
12;2025-11-27;2;0
12;2025-11-27;3;0
12;2025-11-27;4;5
12;2025-11-27;5;352
12;2025-11-27;6;1498
12;2025-11-27;7;2756
12;2025-11-27;8;3605
12;2025-11-27;9;2543
12;2025-11-27;10;2068
12;2025-11-27;11;2040
12;2025-11-27;12;2092
12;2025-11-27;13;2092
12;2025-11-27;14;2067
12;2025-11-27;15;2254
12;2025-11-27;16;2753
12;2025-11-27;17;3072
12;2025-11-27;18;3235
12;2025-11-27;19;2485
12;2025-11-27;20;1550
12;2025-11-27;21;960
12;2025-11-27;22;512
12;2025-11-27;23;255
12;2025-11-28;0;50
12;2025-11-28;1;1
12;2025-11-28;2;0
12;2025-11-28;3;0
12;2025-11-28;4;3
12;2025-11-28;5;342
12;2025-11-28;6;1473
12;2025-11-28;7;2693
12;2025-11-28;8;3503
12;2025-11-28;9;2509
12;2025-11-28;10;2042
12;2025-11-28;11;2039
12;2025-11-28;12;2072
12;2025-11-28;13;2094
12;2025-11-28;14;2095
12;2025-11-28;15;2339
12;2025-11-28;16;2884
12;2025-11-28;17;3045
12;2025-11-28;18;2742
12;2025-11-28;19;2284
12;2025-11-28;20;1530
12;2025-11-28;21;1015
12;2025-11-28;22;526
12;2025-11-28;23;300
12;2025-11-29;0;75
12;2025-11-29;1;2
12;2025-11-29;2;0
12;2025-11-29;3;0
12;2025-11-29;4;1
12;2025-11-29;5;231
12;2025-11-29;6;816
12;2025-11-29;7;957
12;2025-11-29;8;1055
12;2025-11-29;9;1237
12;2025-11-29;10;1426
12;2025-11-29;11;1557
12;2025-11-29;12;1565
12;2025-11-29;13;1691
12;2025-11-29;14;1634
12;2025-11-29;15;1590
12;2025-11-29;16;1624
12;2025-11-29;17;1580
12;2025-11-29;18;1512
12;2025-11-29;19;1469
12;2025-11-29;20;1065
12;2025-11-29;21;735
12;2025-11-29;22;466
12;2025-11-29;23;277
12;2025-11-30;0;83
12;2025-11-30;1;4
12;2025-11-30;2;0
12;2025-11-30;3;0
12;2025-11-30;4;1
12;2025-11-30;5;170
12;2025-11-30;6;561
12;2025-11-30;7;690
12;2025-11-30;8;780
12;2025-11-30;9;960
12;2025-11-30;10;1169
12;2025-11-30;11;1314
12;2025-11-30;12;1399
12;2025-11-30;13;1550
12;2025-11-30;14;1539
12;2025-11-30;15;1469
12;2025-11-30;16;1526
12;2025-11-30;17;1521
12;2025-11-30;18;1359
12;2025-11-30;19;1166
12;2025-11-30;20;842
12;2025-11-30;21;634
12;2025-11-30;22;431
12;2025-11-30;23;227
12;2025-12-01;0;55
12;2025-12-01;1;1
12;2025-12-01;2;0
12;2025-12-01;3;0
12;2025-12-01;4;4
12;2025-12-01;5;318
12;2025-12-01;6;1398
12;2025-12-01;7;2653
12;2025-12-01;8;3416
12;2025-12-01;9;2494
12;2025-12-01;10;2003
12;2025-12-01;11;1939
12;2025-12-01;12;1990
12;2025-12-01;13;1983
12;2025-12-01;14;1968
12;2025-12-01;15;2184
12;2025-12-01;16;2624
12;2025-12-01;17;2963
12;2025-12-01;18;3137
12;2025-12-01;19;2483
12;2025-12-01;20;1537
12;2025-12-01;21;913
12;2025-12-01;22;468
12;2025-12-01;23;241
12;2025-12-02;0;49
12;2025-12-02;1;5
12;2025-12-02;2;0
12;2025-12-02;3;0
12;2025-12-02;4;7
12;2025-12-02;5;323
12;2025-12-02;6;1456
12;2025-12-02;7;2760
12;2025-12-02;8;3593
12;2025-12-02;9;2568
12;2025-12-02;10;2085
12;2025-12-02;11;2032
12;2025-12-02;12;2052
12;2025-12-02;13;2055
12;2025-12-02;14;2034
12;2025-12-02;15;2209
12;2025-12-02;16;2704
12;2025-12-02;17;3047
12;2025-12-02;18;3201
12;2025-12-02;19;2548
12;2025-12-02;20;1546
12;2025-12-02;21;945
12;2025-12-02;22;486
12;2025-12-02;23;243
12;2025-12-03;0;55
12;2025-12-03;1;3
12;2025-12-03;2;0
12;2025-12-03;3;0
12;2025-12-03;4;10
12;2025-12-03;5;341
12;2025-12-03;6;1473
12;2025-12-03;7;2719
12;2025-12-03;8;3551
12;2025-12-03;9;2545
12;2025-12-03;10;2103
12;2025-12-03;11;2051
12;2025-12-03;12;2092
12;2025-12-03;13;2072
12;2025-12-03;14;2057
12;2025-12-03;15;2241
12;2025-12-03;16;2758
12;2025-12-03;17;3071
12;2025-12-03;18;3187
12;2025-12-03;19;2494
12;2025-12-03;20;1539
12;2025-12-03;21;980
12;2025-12-03;22;496
12;2025-12-03;23;250
12;2025-12-04;0;55
12;2025-12-04;1;3
12;2025-12-04;2;0
12;2025-12-04;3;0
12;2025-12-04;4;6
12;2025-12-04;5;343
12;2025-12-04;6;1466
12;2025-12-04;7;2734
12;2025-12-04;8;3558
12;2025-12-04;9;2534
12;2025-12-04;10;2075
12;2025-12-04;11;2044
12;2025-12-04;12;2087
12;2025-12-04;13;2081
12;2025-12-04;14;2066
12;2025-12-04;15;2254
12;2025-12-04;16;2756
12;2025-12-04;17;3072
12;2025-12-04;18;3224
12;2025-12-04;19;2506
12;2025-12-04;20;1540
12;2025-12-04;21;946
12;2025-12-04;22;497
12;2025-12-04;23;253
12;2025-12-05;0;54
12;2025-12-05;1;1
12;2025-12-05;2;0
12;2025-12-05;3;0
12;2025-12-05;4;6
12;2025-12-05;5;330
12;2025-12-05;6;1441
12;2025-12-05;7;2680
12;2025-12-05;8;3499
12;2025-12-05;9;2498
12;2025-12-05;10;2034
12;2025-12-05;11;2033
12;2025-12-05;12;2071
12;2025-12-05;13;2086
12;2025-12-05;14;2087
12;2025-12-05;15;2336
12;2025-12-05;16;2886
12;2025-12-05;17;3046
12;2025-12-05;18;2719
12;2025-12-05;19;2247
12;2025-12-05;20;1473
12;2025-12-05;21;966
12;2025-12-05;22;504
12;2025-12-05;23;293
12;2025-12-06;0;73
12;2025-12-06;1;2
12;2025-12-06;2;0
12;2025-12-06;3;0
12;2025-12-06;4;7
12;2025-12-06;5;225
12;2025-12-06;6;793
12;2025-12-06;7;942
12;2025-12-06;8;1049
12;2025-12-06;9;1228
12;2025-12-06;10;1422
12;2025-12-06;11;1549
12;2025-12-06;12;1559
12;2025-12-06;13;1691
12;2025-12-06;14;1642
12;2025-12-06;15;1583
12;2025-12-06;16;1621
12;2025-12-06;17;1568
12;2025-12-06;18;1488
12;2025-12-06;19;1422
12;2025-12-06;20;1019
12;2025-12-06;21;702
12;2025-12-06;22;452
12;2025-12-06;23;275
12;2025-12-07;0;83
12;2025-12-07;1;6
12;2025-12-07;2;0
12;2025-12-07;3;0
12;2025-12-07;4;1
12;2025-12-07;5;163
12;2025-12-07;6;542
12;2025-12-07;7;666
12;2025-12-07;8;751
12;2025-12-07;9;931
12;2025-12-07;10;1141
12;2025-12-07;11;1286
12;2025-12-07;12;1372
12;2025-12-07;13;1530
12;2025-12-07;14;1516
12;2025-12-07;15;1447
12;2025-12-07;16;1494
12;2025-12-07;17;1488
12;2025-12-07;18;1326
12;2025-12-07;19;1115
12;2025-12-07;20;787
12;2025-12-07;21;606
12;2025-12-07;22;416
12;2025-12-07;23;224
12;2025-12-08;0;61
12;2025-12-08;1;4
12;2025-12-08;2;0
12;2025-12-08;3;0
12;2025-12-08;4;9
12;2025-12-08;5;328
12;2025-12-08;6;1411
12;2025-12-08;7;2673
12;2025-12-08;8;3441
12;2025-12-08;9;2498
12;2025-12-08;10;2024
12;2025-12-08;11;1969
12;2025-12-08;12;2016
12;2025-12-08;13;2010
12;2025-12-08;14;1986
12;2025-12-08;15;2203
12;2025-12-08;16;2660
12;2025-12-08;17;3005
12;2025-12-08;18;3172
12;2025-12-08;19;2487
12;2025-12-08;20;1538
12;2025-12-08;21;918
12;2025-12-08;22;474
12;2025-12-08;23;247
12;2025-12-09;0;54
12;2025-12-09;1;6
12;2025-12-09;2;0
12;2025-12-09;3;0
12;2025-12-09;4;9
12;2025-12-09;5;332
12;2025-12-09;6;1460
12;2025-12-09;7;2797
12;2025-12-09;8;3686
12;2025-12-09;9;2561
12;2025-12-09;10;2101
12;2025-12-09;11;2045
12;2025-12-09;12;2072
12;2025-12-09;13;2080
12;2025-12-09;14;2052
12;2025-12-09;15;2232
12;2025-12-09;16;2737
12;2025-12-09;17;3084
12;2025-12-09;18;3244
12;2025-12-09;19;2588
12;2025-12-09;20;1556
12;2025-12-09;21;944
12;2025-12-09;22;495
12;2025-12-09;23;249
12;2025-12-10;0;59
12;2025-12-10;1;10
12;2025-12-10;2;0
12;2025-12-10;3;0
12;2025-12-10;4;10
12;2025-12-10;5;338
12;2025-12-10;6;1473
12;2025-12-10;7;2767
12;2025-12-10;8;3628
12;2025-12-10;9;2560
12;2025-12-10;10;2131
12;2025-12-10;11;2076
12;2025-12-10;12;2109
12;2025-12-10;13;2100
12;2025-12-10;14;2082
12;2025-12-10;15;2267
12;2025-12-10;16;2785
12;2025-12-10;17;3090
12;2025-12-10;18;3216
12;2025-12-10;19;2508
12;2025-12-10;20;1532
12;2025-12-10;21;972
12;2025-12-10;22;499
12;2025-12-10;23;256
12;2025-12-11;0;59
12;2025-12-11;1;7
12;2025-12-11;2;0
12;2025-12-11;3;0
12;2025-12-11;4;9
12;2025-12-11;5;339
12;2025-12-11;6;1435
12;2025-12-11;7;2738
12;2025-12-11;8;3576
12;2025-12-11;9;2518
12;2025-12-11;10;2078
12;2025-12-11;11;2051
12;2025-12-11;12;2094
12;2025-12-11;13;2093
12;2025-12-11;14;2071
12;2025-12-11;15;2257
12;2025-12-11;16;2772
12;2025-12-11;17;3079
12;2025-12-11;18;3226
12;2025-12-11;19;2508
12;2025-12-11;20;1533
12;2025-12-11;21;943
12;2025-12-11;22;499
12;2025-12-11;23;259
12;2025-12-12;0;61
12;2025-12-12;1;7
12;2025-12-12;2;0
12;2025-12-12;3;0
12;2025-12-12;4;11
12;2025-12-12;5;332
12;2025-12-12;6;1438
12;2025-12-12;7;2687
12;2025-12-12;8;3508
12;2025-12-12;9;2477
12;2025-12-12;10;2019
12;2025-12-12;11;2019
12;2025-12-12;12;2079
12;2025-12-12;13;2106
12;2025-12-12;14;2102
12;2025-12-12;15;2354
12;2025-12-12;16;2884
12;2025-12-12;17;3035
12;2025-12-12;18;2709
12;2025-12-12;19;2239
12;2025-12-12;20;1456
12;2025-12-12;21;954
12;2025-12-12;22;490
12;2025-12-12;23;293
12;2025-12-13;0;73
12;2025-12-13;1;9
12;2025-12-13;2;0
12;2025-12-13;3;0
12;2025-12-13;4;9
12;2025-12-13;5;213
12;2025-12-13;6;768
12;2025-12-13;7;922
12;2025-12-13;8;1021
12;2025-12-13;9;1200
12;2025-12-13;10;1377
12;2025-12-13;11;1512
12;2025-12-13;12;1530
12;2025-12-13;13;1665
12;2025-12-13;14;1630
12;2025-12-13;15;1577
12;2025-12-13;16;1615
12;2025-12-13;17;1564
12;2025-12-13;18;1480
12;2025-12-13;19;1407
12;2025-12-13;20;1010
12;2025-12-13;21;696
12;2025-12-13;22;453
12;2025-12-13;23;284
12;2025-12-14;0;93
12;2025-12-14;1;14
12;2025-12-14;2;0
12;2025-12-14;3;0
12;2025-12-14;4;7
12;2025-12-14;5;160
12;2025-12-14;6;536
12;2025-12-14;7;653
12;2025-12-14;8;737
12;2025-12-14;9;912
12;2025-12-14;10;1114
12;2025-12-14;11;1263
12;2025-12-14;12;1362
12;2025-12-14;13;1520
12;2025-12-14;14;1505
12;2025-12-14;15;1433
12;2025-12-14;16;1485
12;2025-12-14;17;1474
12;2025-12-14;18;1311
12;2025-12-14;19;1098
12;2025-12-14;20;777
12;2025-12-14;21;598
12;2025-12-14;22;416
12;2025-12-14;23;230
12;2025-12-15;0;68
12;2025-12-15;1;13
12;2025-12-15;2;0
12;2025-12-15;3;0
12;2025-12-15;4;14
12;2025-12-15;5;335
12;2025-12-15;6;1409
12;2025-12-15;7;2674
12;2025-12-15;8;3477
12;2025-12-15;9;2491
12;2025-12-15;10;2013
12;2025-12-15;11;1941
12;2025-12-15;12;1988
12;2025-12-15;13;1984
12;2025-12-15;14;1965
12;2025-12-15;15;2179
12;2025-12-15;16;2644
12;2025-12-15;17;2997
12;2025-12-15;18;3146
12;2025-12-15;19;2459
12;2025-12-15;20;1523
12;2025-12-15;21;906
12;2025-12-15;22;466
12;2025-12-15;23;249
12;2025-12-16;0;59
12;2025-12-16;1;12
12;2025-12-16;2;0
12;2025-12-16;3;0
12;2025-12-16;4;13
12;2025-12-16;5;338
12;2025-12-16;6;1464
12;2025-12-16;7;2827
12;2025-12-16;8;3724
12;2025-12-16;9;2577
12;2025-12-16;10;2125
12;2025-12-16;11;2073
12;2025-12-16;12;2078
12;2025-12-16;13;2079
12;2025-12-16;14;2050
12;2025-12-16;15;2231
12;2025-12-16;16;2742
12;2025-12-16;17;3100
12;2025-12-16;18;3258
12;2025-12-16;19;2587
12;2025-12-16;20;1543
12;2025-12-16;21;938
12;2025-12-16;22;488
12;2025-12-16;23;252
12;2025-12-17;0;63
12;2025-12-17;1;10
12;2025-12-17;2;0
12;2025-12-17;3;0
12;2025-12-17;4;16
12;2025-12-17;5;347
12;2025-12-17;6;1471
12;2025-12-17;7;2770
12;2025-12-17;8;3653
12;2025-12-17;9;2548
12;2025-12-17;10;2122
12;2025-12-17;11;2070
12;2025-12-17;12;2104
12;2025-12-17;13;2092
12;2025-12-17;14;2074
12;2025-12-17;15;2259
12;2025-12-17;16;2785
12;2025-12-17;17;3084
12;2025-12-17;18;3211
12;2025-12-17;19;2505
12;2025-12-17;20;1533
12;2025-12-17;21;970
12;2025-12-17;22;499
12;2025-12-17;23;259
12;2025-12-18;0;60
12;2025-12-18;1;9
12;2025-12-18;2;0
12;2025-12-18;3;0
12;2025-12-18;4;10
12;2025-12-18;5;345
12;2025-12-18;6;1451
12;2025-12-18;7;2770
12;2025-12-18;8;3630
12;2025-12-18;9;2535
12;2025-12-18;10;2082
12;2025-12-18;11;2053
12;2025-12-18;12;2089
12;2025-12-18;13;2081
12;2025-12-18;14;2069
12;2025-12-18;15;2262
12;2025-12-18;16;2789
12;2025-12-18;17;3096
12;2025-12-18;18;3222
12;2025-12-18;19;2518
12;2025-12-18;20;1543
12;2025-12-18;21;942
12;2025-12-18;22;500
12;2025-12-18;23;262
12;2025-12-19;0;61
12;2025-12-19;1;6
12;2025-12-19;2;0
12;2025-12-19;3;0
12;2025-12-19;4;10
12;2025-12-19;5;335
12;2025-12-19;6;1444
12;2025-12-19;7;2712
12;2025-12-19;8;3526
12;2025-12-19;9;2475
12;2025-12-19;10;2035
12;2025-12-19;11;2043
12;2025-12-19;12;2077
12;2025-12-19;13;2091
12;2025-12-19;14;2090
12;2025-12-19;15;2365
12;2025-12-19;16;2908
12;2025-12-19;17;3050
12;2025-12-19;18;2722
12;2025-12-19;19;2250
12;2025-12-19;20;1473
12;2025-12-19;21;968
12;2025-12-19;22;505
12;2025-12-19;23;297
12;2025-12-20;0;79
12;2025-12-20;1;7
12;2025-12-20;2;0
12;2025-12-20;3;0
12;2025-12-20;4;6
12;2025-12-20;5;226
12;2025-12-20;6;797
12;2025-12-20;7;937
12;2025-12-20;8;1046
12;2025-12-20;9;1229
12;2025-12-20;10;1425
12;2025-12-20;11;1563
12;2025-12-20;12;1582
12;2025-12-20;13;1700
12;2025-12-20;14;1656
12;2025-12-20;15;1604
12;2025-12-20;16;1636
12;2025-12-20;17;1589
12;2025-12-20;18;1505
12;2025-12-20;19;1431
12;2025-12-20;20;1026
12;2025-12-20;21;711
12;2025-12-20;22;457
12;2025-12-20;23;281
12;2025-12-21;0;93
12;2025-12-21;1;12
12;2025-12-21;2;0
12;2025-12-21;3;0
12;2025-12-21;4;8
12;2025-12-21;5;165
12;2025-12-21;6;548
12;2025-12-21;7;667
12;2025-12-21;8;757
12;2025-12-21;9;944
12;2025-12-21;10;1143
12;2025-12-21;11;1296
12;2025-12-21;12;1382
12;2025-12-21;13;1543
12;2025-12-21;14;1526
12;2025-12-21;15;1454
12;2025-12-21;16;1511
12;2025-12-21;17;1503
12;2025-12-21;18;1337
12;2025-12-21;19;1120
12;2025-12-21;20;800
12;2025-12-21;21;603
12;2025-12-21;22;416
12;2025-12-21;23;227
12;2025-12-22;0;70
12;2025-12-22;1;8
12;2025-12-22;2;0
12;2025-12-22;3;0
12;2025-12-22;4;9
12;2025-12-22;5;340
12;2025-12-22;6;1423
12;2025-12-22;7;2717
12;2025-12-22;8;3481
12;2025-12-22;9;2504
12;2025-12-22;10;2007
12;2025-12-22;11;1935
12;2025-12-22;12;2031
12;2025-12-22;13;2000
12;2025-12-22;14;1987
12;2025-12-22;15;2227
12;2025-12-22;16;2668
12;2025-12-22;17;2993
12;2025-12-22;18;3163
12;2025-12-22;19;2504
12;2025-12-22;20;1549
12;2025-12-22;21;917
12;2025-12-22;22;475
12;2025-12-22;23;243
12;2025-12-23;0;58
12;2025-12-23;1;8
12;2025-12-23;2;0
12;2025-12-23;3;0
12;2025-12-23;4;12
12;2025-12-23;5;337
12;2025-12-23;6;1470
12;2025-12-23;7;2820
12;2025-12-23;8;3685
12;2025-12-23;9;2560
12;2025-12-23;10;2079
12;2025-12-23;11;2026
12;2025-12-23;12;2055
12;2025-12-23;13;2046
12;2025-12-23;14;2029
12;2025-12-23;15;2213
12;2025-12-23;16;2726
12;2025-12-23;17;3080
12;2025-12-23;18;3237
12;2025-12-23;19;2592
12;2025-12-23;20;1550
12;2025-12-23;21;936
12;2025-12-23;22;487
12;2025-12-23;23;246
12;2025-12-24;0;60
12;2025-12-24;1;6
12;2025-12-24;2;0
12;2025-12-24;3;0
12;2025-12-24;4;10
12;2025-12-24;5;345
12;2025-12-24;6;1475
12;2025-12-24;7;2766
12;2025-12-24;8;3609
12;2025-12-24;9;2556
12;2025-12-24;10;2101
12;2025-12-24;11;2032
12;2025-12-24;12;2103
12;2025-12-24;13;2076
12;2025-12-24;14;2059
12;2025-12-24;15;2275
12;2025-12-24;16;2783
12;2025-12-24;17;3090
12;2025-12-24;18;3222
12;2025-12-24;19;2537
12;2025-12-24;20;1547
12;2025-12-24;21;972
12;2025-12-24;22;501
12;2025-12-24;23;258
12;2025-12-25;0;59
12;2025-12-25;1;7
12;2025-12-25;2;0
12;2025-12-25;3;0
12;2025-12-25;4;9
12;2025-12-25;5;346
12;2025-12-25;6;1465
12;2025-12-25;7;2778
12;2025-12-25;8;3630
12;2025-12-25;9;2547
12;2025-12-25;10;2072
12;2025-12-25;11;2046
12;2025-12-25;12;2088
12;2025-12-25;13;2079
12;2025-12-25;14;2075
12;2025-12-25;15;2275
12;2025-12-25;16;2789
12;2025-12-25;17;3082
12;2025-12-25;18;3216
12;2025-12-25;19;2488
12;2025-12-25;20;1528
12;2025-12-25;21;928
12;2025-12-25;22;486
12;2025-12-25;23;256
12;2025-12-26;0;58
12;2025-12-26;1;6
12;2025-12-26;2;0
12;2025-12-26;3;0
12;2025-12-26;4;10
12;2025-12-26;5;336
12;2025-12-26;6;1436
12;2025-12-26;7;2703
12;2025-12-26;8;3527
12;2025-12-26;9;2482
12;2025-12-26;10;2054
12;2025-12-26;11;2064
12;2025-12-26;12;2099
12;2025-12-26;13;2119
12;2025-12-26;14;2126
12;2025-12-26;15;2387
12;2025-12-26;16;2934
12;2025-12-26;17;3061
12;2025-12-26;18;2733
12;2025-12-26;19;2259
12;2025-12-26;20;1476
12;2025-12-26;21;978
12;2025-12-26;22;513
12;2025-12-26;23;298
12;2025-12-27;0;85
12;2025-12-27;1;10
12;2025-12-27;2;0
12;2025-12-27;3;0
12;2025-12-27;4;11
12;2025-12-27;5;238
12;2025-12-27;6;810
12;2025-12-27;7;957
12;2025-12-27;8;1067
12;2025-12-27;9;1262
12;2025-12-27;10;1462
12;2025-12-27;11;1596
12;2025-12-27;12;1608
12;2025-12-27;13;1731
12;2025-12-27;14;1694
12;2025-12-27;15;1629
12;2025-12-27;16;1664
12;2025-12-27;17;1616
12;2025-12-27;18;1517
12;2025-12-27;19;1441
12;2025-12-27;20;1046
12;2025-12-27;21;730
12;2025-12-27;22;473
12;2025-12-27;23;295
12;2025-12-28;0;105
12;2025-12-28;1;20
12;2025-12-28;2;0
12;2025-12-28;3;0
12;2025-12-28;4;16
12;2025-12-28;5;173
12;2025-12-28;6;548
12;2025-12-28;7;674
12;2025-12-28;8;761
12;2025-12-28;9;953
12;2025-12-28;10;1158
12;2025-12-28;11;1312
12;2025-12-28;12;1406
12;2025-12-28;13;1571
12;2025-12-28;14;1546
12;2025-12-28;15;1470
12;2025-12-28;16;1531
12;2025-12-28;17;1514
12;2025-12-28;18;1351
12;2025-12-28;19;1144
12;2025-12-28;20;822
12;2025-12-28;21;621
12;2025-12-28;22;441
12;2025-12-28;23;242
12;2025-12-29;0;93
12;2025-12-29;1;29
12;2025-12-29;2;0
12;2025-12-29;3;0
12;2025-12-29;4;33
12;2025-12-29;5;354
12;2025-12-29;6;1416
12;2025-12-29;7;2582
12;2025-12-29;8;3291
12;2025-12-29;9;2451
12;2025-12-29;10;1988
12;2025-12-29;11;1923
12;2025-12-29;12;1980
12;2025-12-29;13;1962
12;2025-12-29;14;1953
12;2025-12-29;15;2146
12;2025-12-29;16;2551
12;2025-12-29;17;2884
12;2025-12-29;18;3044
12;2025-12-29;19;2403
12;2025-12-29;20;1537
12;2025-12-29;21;945
12;2025-12-29;22;508
12;2025-12-29;23;280
12;2025-12-30;0;86
12;2025-12-30;1;35
12;2025-12-30;2;0
12;2025-12-30;3;0
12;2025-12-30;4;36
12;2025-12-30;5;354
12;2025-12-30;6;1433
12;2025-12-30;7;2652
12;2025-12-30;8;3372
12;2025-12-30;9;2480
12;2025-12-30;10;2042
12;2025-12-30;11;1988
12;2025-12-30;12;2015
12;2025-12-30;13;2024
12;2025-12-30;14;2009
12;2025-12-30;15;2173
12;2025-12-30;16;2604
12;2025-12-30;17;2907
12;2025-12-30;18;3020
12;2025-12-30;19;2436
12;2025-12-30;20;1519
12;2025-12-30;21;955
12;2025-12-30;22;513
12;2025-12-30;23;281
12;2025-12-31;0;111
12;2025-12-31;1;64
12;2025-12-31;2;0
12;2025-12-31;3;0
12;2025-12-31;4;54
12;2025-12-31;5;261
12;2025-12-31;6;939
12;2025-12-31;7;1170
12;2025-12-31;8;1366
12;2025-12-31;9;1294
12;2025-12-31;10;1295
12;2025-12-31;11;1349
12;2025-12-31;12;1363
12;2025-12-31;13;1386
12;2025-12-31;14;1379
12;2025-12-31;15;1367
12;2025-12-31;16;1431
12;2025-12-31;17;1426
12;2025-12-31;18;1413
12;2025-12-31;19;1284
12;2025-12-31;20;1085
12;2025-12-31;21;752
12;2025-12-31;22;451
12;2025-12-31;23;271
17;2025-11-01;0;191
17;2025-11-01;1;37
17;2025-11-01;2;0
17;2025-11-01;3;0
17;2025-11-01;4;28
17;2025-11-01;5;188
17;2025-11-01;6;799
17;2025-11-01;7;1826
17;2025-11-01;8;2501
17;2025-11-01;9;2463
17;2025-11-01;10;2409
17;2025-11-01;11;2654
17;2025-11-01;12;2842
17;2025-11-01;13;2963
17;2025-11-01;14;2996
17;2025-11-01;15;3067
17;2025-11-01;16;3212
17;2025-11-01;17;3247
17;2025-11-01;18;3070
17;2025-11-01;19;2566
17;2025-11-01;20;1866
17;2025-11-01;21;1339
17;2025-11-01;22;776
17;2025-11-01;23;412
17;2025-11-02;0;188
17;2025-11-02;1;41
17;2025-11-02;2;0
17;2025-11-02;3;0
17;2025-11-02;4;12
17;2025-11-02;5;114
17;2025-11-02;6;404
17;2025-11-02;7;750
17;2025-11-02;8;1106
17;2025-11-02;9;1530
17;2025-11-02;10;1798
17;2025-11-02;11;2207
17;2025-11-02;12;2566
17;2025-11-02;13;2782
17;2025-11-02;14;2853
17;2025-11-02;15;2877
17;2025-11-02;16;2851
17;2025-11-02;17;2762
17;2025-11-02;18;2472
17;2025-11-02;19;2054
17;2025-11-02;20;1661
17;2025-11-02;21;1193
17;2025-11-02;22;738
17;2025-11-02;23;370
17;2025-11-03;0;168
17;2025-11-03;1;66
17;2025-11-03;2;0
17;2025-11-03;3;0
17;2025-11-03;4;37
17;2025-11-03;5;173
17;2025-11-03;6;851
17;2025-11-03;7;1827
17;2025-11-03;8;2237
17;2025-11-03;9;2367
17;2025-11-03;10;2365
17;2025-11-03;11;2464
17;2025-11-03;12;2588
17;2025-11-03;13;2733
17;2025-11-03;14;2777
17;2025-11-03;15;2855
17;2025-11-03;16;2881
17;2025-11-03;17;3068
17;2025-11-03;18;3173
17;2025-11-03;19;2763
17;2025-11-03;20;2186
17;2025-11-03;21;1416
17;2025-11-03;22;827
17;2025-11-03;23;412
17;2025-11-04;0;159
17;2025-11-04;1;52
17;2025-11-04;2;0
17;2025-11-04;3;0
17;2025-11-04;4;29
17;2025-11-04;5;153
17;2025-11-04;6;838
17;2025-11-04;7;1695
17;2025-11-04;8;2119
17;2025-11-04;9;2183
17;2025-11-04;10;2205
17;2025-11-04;11;2360
17;2025-11-04;12;2509
17;2025-11-04;13;2601
17;2025-11-04;14;2626
17;2025-11-04;15;2672
17;2025-11-04;16;2652
17;2025-11-04;17;2768
17;2025-11-04;18;2884
17;2025-11-04;19;2615
17;2025-11-04;20;2026
17;2025-11-04;21;1448
17;2025-11-04;22;858
17;2025-11-04;23;410
17;2025-11-05;0;131
17;2025-11-05;1;28
17;2025-11-05;2;0
17;2025-11-05;3;0
17;2025-11-05;4;22
17;2025-11-05;5;282
17;2025-11-05;6;1439
17;2025-11-05;7;3702
17;2025-11-05;8;4904
17;2025-11-05;9;3613
17;2025-11-05;10;2870
17;2025-11-05;11;2881
17;2025-11-05;12;2955
17;2025-11-05;13;3005
17;2025-11-05;14;3115
17;2025-11-05;15;3247
17;2025-11-05;16;3583
17;2025-11-05;17;4283
17;2025-11-05;18;4609
17;2025-11-05;19;3288
17;2025-11-05;20;2299
17;2025-11-05;21;1466
17;2025-11-05;22;796
17;2025-11-05;23;375
17;2025-11-06;0;127
17;2025-11-06;1;11
17;2025-11-06;2;0
17;2025-11-06;3;0
17;2025-11-06;4;25
17;2025-11-06;5;301
17;2025-11-06;6;1518
17;2025-11-06;7;3910
17;2025-11-06;8;5253
17;2025-11-06;9;3784
17;2025-11-06;10;3002
17;2025-11-06;11;2999
17;2025-11-06;12;3073
17;2025-11-06;13;3147
17;2025-11-06;14;3210
17;2025-11-06;15;3310
17;2025-11-06;16;3752
17;2025-11-06;17;4443
17;2025-11-06;18;4746
17;2025-11-06;19;3427
17;2025-11-06;20;2385
17;2025-11-06;21;1537
17;2025-11-06;22;868
17;2025-11-06;23;396
17;2025-11-07;0;146
17;2025-11-07;1;21
17;2025-11-07;2;0
17;2025-11-07;3;0
17;2025-11-07;4;19
17;2025-11-07;5;296
17;2025-11-07;6;1507
17;2025-11-07;7;3875
17;2025-11-07;8;5189
17;2025-11-07;9;3702
17;2025-11-07;10;2979
17;2025-11-07;11;2990
17;2025-11-07;12;3055
17;2025-11-07;13;3133
17;2025-11-07;14;3192
17;2025-11-07;15;3364
17;2025-11-07;16;3988
17;2025-11-07;17;4539
17;2025-11-07;18;4246
17;2025-11-07;19;3252
17;2025-11-07;20;2351
17;2025-11-07;21;1528
17;2025-11-07;22;899
17;2025-11-07;23;426
17;2025-11-08;0;178
17;2025-11-08;1;30
17;2025-11-08;2;0
17;2025-11-08;3;0
17;2025-11-08;4;0
17;2025-11-08;5;112
17;2025-11-08;6;510
17;2025-11-08;7;1085
17;2025-11-08;8;1590
17;2025-11-08;9;2038
17;2025-11-08;10;2306
17;2025-11-08;11;2674
17;2025-11-08;12;2956
17;2025-11-08;13;3118
17;2025-11-08;14;3180
17;2025-11-08;15;3242
17;2025-11-08;16;3258
17;2025-11-08;17;3153
17;2025-11-08;18;2948
17;2025-11-08;19;2523
17;2025-11-08;20;1887
17;2025-11-08;21;1387
17;2025-11-08;22;849
17;2025-11-08;23;423
17;2025-11-09;0;173
17;2025-11-09;1;29
17;2025-11-09;2;0
17;2025-11-09;3;0
17;2025-11-09;4;0
17;2025-11-09;5;97
17;2025-11-09;6;387
17;2025-11-09;7;735
17;2025-11-09;8;1104
17;2025-11-09;9;1544
17;2025-11-09;10;1836
17;2025-11-09;11;2274
17;2025-11-09;12;2599
17;2025-11-09;13;2830
17;2025-11-09;14;2904
17;2025-11-09;15;2925
17;2025-11-09;16;2902
17;2025-11-09;17;2833
17;2025-11-09;18;2514
17;2025-11-09;19;2072
17;2025-11-09;20;1637
17;2025-11-09;21;1155
17;2025-11-09;22;696
17;2025-11-09;23;319
17;2025-11-10;0;111
17;2025-11-10;1;19
17;2025-11-10;2;0
17;2025-11-10;3;0
17;2025-11-10;4;24
17;2025-11-10;5;295
17;2025-11-10;6;1350
17;2025-11-10;7;3297
17;2025-11-10;8;4394
17;2025-11-10;9;3500
17;2025-11-10;10;2795
17;2025-11-10;11;2763
17;2025-11-10;12;2828
17;2025-11-10;13;2905
17;2025-11-10;14;2934
17;2025-11-10;15;3061
17;2025-11-10;16;3331
17;2025-11-10;17;3976
17;2025-11-10;18;4414
17;2025-11-10;19;3332
17;2025-11-10;20;2303
17;2025-11-10;21;1426
17;2025-11-10;22;747
17;2025-11-10;23;335
17;2025-11-11;0;116
17;2025-11-11;1;19
17;2025-11-11;2;0
17;2025-11-11;3;0
17;2025-11-11;4;26
17;2025-11-11;5;296
17;2025-11-11;6;1382
17;2025-11-11;7;3539
17;2025-11-11;8;4772
17;2025-11-11;9;3705
17;2025-11-11;10;2879
17;2025-11-11;11;2851
17;2025-11-11;12;2891
17;2025-11-11;13;2952
17;2025-11-11;14;2999
17;2025-11-11;15;3125
17;2025-11-11;16;3447
17;2025-11-11;17;4158
17;2025-11-11;18;4543
17;2025-11-11;19;3377
17;2025-11-11;20;2354
17;2025-11-11;21;1469
17;2025-11-11;22;786
17;2025-11-11;23;363
17;2025-11-12;0;126
17;2025-11-12;1;20
17;2025-11-12;2;0
17;2025-11-12;3;0
17;2025-11-12;4;25
17;2025-11-12;5;304
17;2025-11-12;6;1471
17;2025-11-12;7;3816
17;2025-11-12;8;5154
17;2025-11-12;9;3686
17;2025-11-12;10;2896
17;2025-11-12;11;2882
17;2025-11-12;12;2930
17;2025-11-12;13;2984
17;2025-11-12;14;3048
17;2025-11-12;15;3199
17;2025-11-12;16;3546
17;2025-11-12;17;4341
17;2025-11-12;18;4747
17;2025-11-12;19;3343
17;2025-11-12;20;2338
17;2025-11-12;21;1488
17;2025-11-12;22;807
17;2025-11-12;23;380
17;2025-11-13;0;130
17;2025-11-13;1;8
17;2025-11-13;2;0
17;2025-11-13;3;0
17;2025-11-13;4;24
17;2025-11-13;5;312
17;2025-11-13;6;1533
17;2025-11-13;7;3945
17;2025-11-13;8;5292
17;2025-11-13;9;3773
17;2025-11-13;10;3005
17;2025-11-13;11;2985
17;2025-11-13;12;3053
17;2025-11-13;13;3115
17;2025-11-13;14;3165
17;2025-11-13;15;3322
17;2025-11-13;16;3737
17;2025-11-13;17;4468
17;2025-11-13;18;4805
17;2025-11-13;19;3449
17;2025-11-13;20;2390
17;2025-11-13;21;1517
17;2025-11-13;22;850
17;2025-11-13;23;389
17;2025-11-14;0;143
17;2025-11-14;1;8
17;2025-11-14;2;0
17;2025-11-14;3;0
17;2025-11-14;4;17
17;2025-11-14;5;295
17;2025-11-14;6;1490
17;2025-11-14;7;3855
17;2025-11-14;8;5161
17;2025-11-14;9;3688
17;2025-11-14;10;2967
17;2025-11-14;11;2969
17;2025-11-14;12;3043
17;2025-11-14;13;3147
17;2025-11-14;14;3231
17;2025-11-14;15;3441
17;2025-11-14;16;4082
17;2025-11-14;17;4549
17;2025-11-14;18;4337
17;2025-11-14;19;3255
17;2025-11-14;20;2334
17;2025-11-14;21;1508
17;2025-11-14;22;860
17;2025-11-14;23;409
17;2025-11-15;0;175
17;2025-11-15;1;19
17;2025-11-15;2;0
17;2025-11-15;3;0
17;2025-11-15;4;0
17;2025-11-15;5;104
17;2025-11-15;6;483
17;2025-11-15;7;1056
17;2025-11-15;8;1536
17;2025-11-15;9;1963
17;2025-11-15;10;2244
17;2025-11-15;11;2678
17;2025-11-15;12;2987
17;2025-11-15;13;3164
17;2025-11-15;14;3233
17;2025-11-15;15;3280
17;2025-11-15;16;3287
17;2025-11-15;17;3168
17;2025-11-15;18;2925
17;2025-11-15;19;2510
17;2025-11-15;20;1853
17;2025-11-15;21;1358
17;2025-11-15;22;835
17;2025-11-15;23;409
17;2025-11-16;0;168
17;2025-11-16;1;23
17;2025-11-16;2;0
17;2025-11-16;3;0
17;2025-11-16;4;1
17;2025-11-16;5;99
17;2025-11-16;6;372
17;2025-11-16;7;711
17;2025-11-16;8;1073
17;2025-11-16;9;1503
17;2025-11-16;10;1811
17;2025-11-16;11;2239
17;2025-11-16;12;2623
17;2025-11-16;13;2845
17;2025-11-16;14;2917
17;2025-11-16;15;2964
17;2025-11-16;16;2942
17;2025-11-16;17;2849
17;2025-11-16;18;2522
17;2025-11-16;19;2087
17;2025-11-16;20;1630
17;2025-11-16;21;1134
17;2025-11-16;22;675
17;2025-11-16;23;318
17;2025-11-17;0;109
17;2025-11-17;1;15
17;2025-11-17;2;0
17;2025-11-17;3;0
17;2025-11-17;4;25
17;2025-11-17;5;305
17;2025-11-17;6;1398
17;2025-11-17;7;3665
17;2025-11-17;8;4872
17;2025-11-17;9;3611
17;2025-11-17;10;2786
17;2025-11-17;11;2774
17;2025-11-17;12;2840
17;2025-11-17;13;2901
17;2025-11-17;14;2922
17;2025-11-17;15;3081
17;2025-11-17;16;3403
17;2025-11-17;17;4176
17;2025-11-17;18;4646
17;2025-11-17;19;3379
17;2025-11-17;20;2315
17;2025-11-17;21;1396
17;2025-11-17;22;712
17;2025-11-17;23;320
17;2025-11-18;0;110
17;2025-11-18;1;14
17;2025-11-18;2;0
17;2025-11-18;3;0
17;2025-11-18;4;26
17;2025-11-18;5;305
17;2025-11-18;6;1442
17;2025-11-18;7;3783
17;2025-11-18;8;5125
17;2025-11-18;9;3762
17;2025-11-18;10;2885
17;2025-11-18;11;2847
17;2025-11-18;12;2898
17;2025-11-18;13;2962
17;2025-11-18;14;3004
17;2025-11-18;15;3130
17;2025-11-18;16;3495
17;2025-11-18;17;4336
17;2025-11-18;18;4770
17;2025-11-18;19;3410
17;2025-11-18;20;2366
17;2025-11-18;21;1449
17;2025-11-18;22;749
17;2025-11-18;23;349
17;2025-11-19;0;120
17;2025-11-19;1;16
17;2025-11-19;2;0
17;2025-11-19;3;0
17;2025-11-19;4;26
17;2025-11-19;5;310
17;2025-11-19;6;1509
17;2025-11-19;7;3930
17;2025-11-19;8;5285
17;2025-11-19;9;3757
17;2025-11-19;10;2953
17;2025-11-19;11;2933
17;2025-11-19;12;2978
17;2025-11-19;13;3038
17;2025-11-19;14;3090
17;2025-11-19;15;3256
17;2025-11-19;16;3591
17;2025-11-19;17;4381
17;2025-11-19;18;4782
17;2025-11-19;19;3363
17;2025-11-19;20;2341
17;2025-11-19;21;1491
17;2025-11-19;22;801
17;2025-11-19;23;384
17;2025-11-20;0;136
17;2025-11-20;1;14
17;2025-11-20;2;0
17;2025-11-20;3;0
17;2025-11-20;4;27
17;2025-11-20;5;314
17;2025-11-20;6;1540
17;2025-11-20;7;3976
17;2025-11-20;8;5308
17;2025-11-20;9;3797
17;2025-11-20;10;3011
17;2025-11-20;11;2987
17;2025-11-20;12;3042
17;2025-11-20;13;3109
17;2025-11-20;14;3163
17;2025-11-20;15;3327
17;2025-11-20;16;3733
17;2025-11-20;17;4478
17;2025-11-20;18;4858
17;2025-11-20;19;3472
17;2025-11-20;20;2396
17;2025-11-20;21;1534
17;2025-11-20;22;867
17;2025-11-20;23;401
17;2025-11-21;0;147
17;2025-11-21;1;17
17;2025-11-21;2;0
17;2025-11-21;3;0
17;2025-11-21;4;21
17;2025-11-21;5;302
17;2025-11-21;6;1504
17;2025-11-21;7;3912
17;2025-11-21;8;5193
17;2025-11-21;9;3696
17;2025-11-21;10;2983
17;2025-11-21;11;2993
17;2025-11-21;12;3055
17;2025-11-21;13;3153
17;2025-11-21;14;3244
17;2025-11-21;15;3452
17;2025-11-21;16;4120
17;2025-11-21;17;4552
17;2025-11-21;18;4370
17;2025-11-21;19;3274
17;2025-11-21;20;2352
17;2025-11-21;21;1533
17;2025-11-21;22;907
17;2025-11-21;23;431
17;2025-11-22;0;181
17;2025-11-22;1;22
17;2025-11-22;2;0
17;2025-11-22;3;0
17;2025-11-22;4;0
17;2025-11-22;5;117
17;2025-11-22;6;501
17;2025-11-22;7;1097
17;2025-11-22;8;1629
17;2025-11-22;9;2046
17;2025-11-22;10;2313
17;2025-11-22;11;2734
17;2025-11-22;12;3026
17;2025-11-22;13;3194
17;2025-11-22;14;3252
17;2025-11-22;15;3298
17;2025-11-22;16;3311
17;2025-11-22;17;3181
17;2025-11-22;18;2925
17;2025-11-22;19;2461
17;2025-11-22;20;1801
17;2025-11-22;21;1336
17;2025-11-22;22;832
17;2025-11-22;23;414
17;2025-11-23;0;172
17;2025-11-23;1;24
17;2025-11-23;2;0
17;2025-11-23;3;0
17;2025-11-23;4;0
17;2025-11-23;5;102
17;2025-11-23;6;386
17;2025-11-23;7;729
17;2025-11-23;8;1099
17;2025-11-23;9;1548
17;2025-11-23;10;1867
17;2025-11-23;11;2299
17;2025-11-23;12;2680
17;2025-11-23;13;2905
17;2025-11-23;14;2965
17;2025-11-23;15;2987
17;2025-11-23;16;2961
17;2025-11-23;17;2865
17;2025-11-23;18;2551
17;2025-11-23;19;2103
17;2025-11-23;20;1640
17;2025-11-23;21;1143
17;2025-11-23;22;652
17;2025-11-23;23;310
17;2025-11-24;0;105
17;2025-11-24;1;21
17;2025-11-24;2;0
17;2025-11-24;3;0
17;2025-11-24;4;19
17;2025-11-24;5;296
17;2025-11-24;6;1410
17;2025-11-24;7;3785
17;2025-11-24;8;5080
17;2025-11-24;9;3646
17;2025-11-24;10;2845
17;2025-11-24;11;2838
17;2025-11-24;12;2899
17;2025-11-24;13;2971
17;2025-11-24;14;2995
17;2025-11-24;15;3140
17;2025-11-24;16;3479
17;2025-11-24;17;4269
17;2025-11-24;18;4730
17;2025-11-24;19;3361
17;2025-11-24;20;2291
17;2025-11-24;21;1377
17;2025-11-24;22;699
17;2025-11-24;23;322
17;2025-11-25;0;110
17;2025-11-25;1;18
17;2025-11-25;2;0
17;2025-11-25;3;0
17;2025-11-25;4;29
17;2025-11-25;5;312
17;2025-11-25;6;1487
17;2025-11-25;7;3968
17;2025-11-25;8;5324
17;2025-11-25;9;3814
17;2025-11-25;10;2974
17;2025-11-25;11;2929
17;2025-11-25;12;2976
17;2025-11-25;13;3034
17;2025-11-25;14;3079
17;2025-11-25;15;3229
17;2025-11-25;16;3607
17;2025-11-25;17;4451
17;2025-11-25;18;4831
17;2025-11-25;19;3439
17;2025-11-25;20;2393
17;2025-11-25;21;1451
17;2025-11-25;22;747
17;2025-11-25;23;348
17;2025-11-26;0;119
17;2025-11-26;1;13
17;2025-11-26;2;0
17;2025-11-26;3;0
17;2025-11-26;4;25
17;2025-11-26;5;310
17;2025-11-26;6;1525
17;2025-11-26;7;4001
17;2025-11-26;8;5296
17;2025-11-26;9;3778
17;2025-11-26;10;2981
17;2025-11-26;11;2957
17;2025-11-26;12;3001
17;2025-11-26;13;3054
17;2025-11-26;14;3110
17;2025-11-26;15;3267
17;2025-11-26;16;3586
17;2025-11-26;17;4378
17;2025-11-26;18;4789
17;2025-11-26;19;3342
17;2025-11-26;20;2332
17;2025-11-26;21;1479
17;2025-11-26;22;793
17;2025-11-26;23;376
17;2025-11-27;0;132
17;2025-11-27;1;12
17;2025-11-27;2;0
17;2025-11-27;3;0
17;2025-11-27;4;25
17;2025-11-27;5;311
17;2025-11-27;6;1546
17;2025-11-27;7;4006
17;2025-11-27;8;5278
17;2025-11-27;9;3769
17;2025-11-27;10;3002
17;2025-11-27;11;2963
17;2025-11-27;12;3019
17;2025-11-27;13;3099
17;2025-11-27;14;3132
17;2025-11-27;15;3286
17;2025-11-27;16;3687
17;2025-11-27;17;4422
17;2025-11-27;18;4803
17;2025-11-27;19;3431
17;2025-11-27;20;2368
17;2025-11-27;21;1498
17;2025-11-27;22;828
17;2025-11-27;23;386
17;2025-11-28;0;146
17;2025-11-28;1;15
17;2025-11-28;2;0
17;2025-11-28;3;0
17;2025-11-28;4;18
17;2025-11-28;5;301
17;2025-11-28;6;1505
17;2025-11-28;7;3962
17;2025-11-28;8;5205
17;2025-11-28;9;3711
17;2025-11-28;10;2985
17;2025-11-28;11;2992
17;2025-11-28;12;3063
17;2025-11-28;13;3163
17;2025-11-28;14;3242
17;2025-11-28;15;3453
17;2025-11-28;16;4102
17;2025-11-28;17;4531
17;2025-11-28;18;4365
17;2025-11-28;19;3261
17;2025-11-28;20;2348
17;2025-11-28;21;1527
17;2025-11-28;22;890
17;2025-11-28;23;424
17;2025-11-29;0;180
17;2025-11-29;1;21
17;2025-11-29;2;0
17;2025-11-29;3;0
17;2025-11-29;4;0
17;2025-11-29;5;124
17;2025-11-29;6;530
17;2025-11-29;7;1123
17;2025-11-29;8;1620
17;2025-11-29;9;2048
17;2025-11-29;10;2302
17;2025-11-29;11;2721
17;2025-11-29;12;3019
17;2025-11-29;13;3209
17;2025-11-29;14;3265
17;2025-11-29;15;3309
17;2025-11-29;16;3309
17;2025-11-29;17;3183
17;2025-11-29;18;2943
17;2025-11-29;19;2532
17;2025-11-29;20;1899
17;2025-11-29;21;1365
17;2025-11-29;22;841
17;2025-11-29;23;414
17;2025-11-30;0;175
17;2025-11-30;1;21
17;2025-11-30;2;0
17;2025-11-30;3;0
17;2025-11-30;4;0
17;2025-11-30;5;99
17;2025-11-30;6;391
17;2025-11-30;7;733
17;2025-11-30;8;1102
17;2025-11-30;9;1552
17;2025-11-30;10;1853
17;2025-11-30;11;2292
17;2025-11-30;12;2686
17;2025-11-30;13;2911
17;2025-11-30;14;2984
17;2025-11-30;15;3019
17;2025-11-30;16;2994
17;2025-11-30;17;2894
17;2025-11-30;18;2572
17;2025-11-30;19;2152
17;2025-11-30;20;1660
17;2025-11-30;21;1170
17;2025-11-30;22;711
17;2025-11-30;23;334
17;2025-12-01;0;106
17;2025-12-01;1;10
17;2025-12-01;2;0
17;2025-12-01;3;0
17;2025-12-01;4;21
17;2025-12-01;5;300
17;2025-12-01;6;1451
17;2025-12-01;7;3949
17;2025-12-01;8;5300
17;2025-12-01;9;3739
17;2025-12-01;10;2920
17;2025-12-01;11;2914
17;2025-12-01;12;2971
17;2025-12-01;13;3027
17;2025-12-01;14;3066
17;2025-12-01;15;3216
17;2025-12-01;16;3568
17;2025-12-01;17;4334
17;2025-12-01;18;4773
17;2025-12-01;19;3396
17;2025-12-01;20;2307
17;2025-12-01;21;1388
17;2025-12-01;22;732
17;2025-12-01;23;331
17;2025-12-02;0;111
17;2025-12-02;1;18
17;2025-12-02;2;0
17;2025-12-02;3;0
17;2025-12-02;4;23
17;2025-12-02;5;310
17;2025-12-02;6;1530
17;2025-12-02;7;4099
17;2025-12-02;8;5395
17;2025-12-02;9;3877
17;2025-12-02;10;3034
17;2025-12-02;11;2984
17;2025-12-02;12;3009
17;2025-12-02;13;3064
17;2025-12-02;14;3123
17;2025-12-02;15;3264
17;2025-12-02;16;3664
17;2025-12-02;17;4511
17;2025-12-02;18;4872
17;2025-12-02;19;3454
17;2025-12-02;20;2379
17;2025-12-02;21;1449
17;2025-12-02;22;745
17;2025-12-02;23;350
17;2025-12-03;0;123
17;2025-12-03;1;10
17;2025-12-03;2;0
17;2025-12-03;3;0
17;2025-12-03;4;21
17;2025-12-03;5;309
17;2025-12-03;6;1562
17;2025-12-03;7;4098
17;2025-12-03;8;5395
17;2025-12-03;9;3854
17;2025-12-03;10;3068
17;2025-12-03;11;3024
17;2025-12-03;12;3070
17;2025-12-03;13;3123
17;2025-12-03;14;3173
17;2025-12-03;15;3321
17;2025-12-03;16;3645
17;2025-12-03;17;4441
17;2025-12-03;18;4825
17;2025-12-03;19;3368
17;2025-12-03;20;2336
17;2025-12-03;21;1468
17;2025-12-03;22;780
17;2025-12-03;23;374
17;2025-12-04;0;130
17;2025-12-04;1;10
17;2025-12-04;2;0
17;2025-12-04;3;0
17;2025-12-04;4;18
17;2025-12-04;5;310
17;2025-12-04;6;1560
17;2025-12-04;7;4076
17;2025-12-04;8;5364
17;2025-12-04;9;3837
17;2025-12-04;10;3092
17;2025-12-04;11;3055
17;2025-12-04;12;3101
17;2025-12-04;13;3167
17;2025-12-04;14;3223
17;2025-12-04;15;3380
17;2025-12-04;16;3768
17;2025-12-04;17;4520
17;2025-12-04;18;4849
17;2025-12-04;19;3456
17;2025-12-04;20;2389
17;2025-12-04;21;1523
17;2025-12-04;22;861
17;2025-12-04;23;403
17;2025-12-05;0;149
17;2025-12-05;1;16
17;2025-12-05;2;0
17;2025-12-05;3;0
17;2025-12-05;4;16
17;2025-12-05;5;304
17;2025-12-05;6;1531
17;2025-12-05;7;4037
17;2025-12-05;8;5259
17;2025-12-05;9;3778
17;2025-12-05;10;3069
17;2025-12-05;11;3059
17;2025-12-05;12;3134
17;2025-12-05;13;3234
17;2025-12-05;14;3329
17;2025-12-05;15;3518
17;2025-12-05;16;4179
17;2025-12-05;17;4622
17;2025-12-05;18;4397
17;2025-12-05;19;3287
17;2025-12-05;20;2338
17;2025-12-05;21;1528
17;2025-12-05;22;885
17;2025-12-05;23;430
17;2025-12-06;0;179
17;2025-12-06;1;16
17;2025-12-06;2;0
17;2025-12-06;3;0
17;2025-12-06;4;2
17;2025-12-06;5;118
17;2025-12-06;6;569
17;2025-12-06;7;1216
17;2025-12-06;8;1756
17;2025-12-06;9;2163
17;2025-12-06;10;2421
17;2025-12-06;11;2875
17;2025-12-06;12;3196
17;2025-12-06;13;3385
17;2025-12-06;14;3440
17;2025-12-06;15;3476
17;2025-12-06;16;3472
17;2025-12-06;17;3337
17;2025-12-06;18;3052
17;2025-12-06;19;2550
17;2025-12-06;20;1900
17;2025-12-06;21;1393
17;2025-12-06;22;869
17;2025-12-06;23;437
17;2025-12-07;0;180
17;2025-12-07;1;32
17;2025-12-07;2;0
17;2025-12-07;3;0
17;2025-12-07;4;1
17;2025-12-07;5;101
17;2025-12-07;6;430
17;2025-12-07;7;818
17;2025-12-07;8;1195
17;2025-12-07;9;1649
17;2025-12-07;10;1971
17;2025-12-07;11;2411
17;2025-12-07;12;2822
17;2025-12-07;13;3037
17;2025-12-07;14;3106
17;2025-12-07;15;3141
17;2025-12-07;16;3099
17;2025-12-07;17;2998
17;2025-12-07;18;2647
17;2025-12-07;19;2157
17;2025-12-07;20;1656
17;2025-12-07;21;1183
17;2025-12-07;22;730
17;2025-12-07;23;345
17;2025-12-08;0;111
17;2025-12-08;1;12
17;2025-12-08;2;0
17;2025-12-08;3;0
17;2025-12-08;4;25
17;2025-12-08;5;304
17;2025-12-08;6;1475
17;2025-12-08;7;4020
17;2025-12-08;8;5304
17;2025-12-08;9;3768
17;2025-12-08;10;2948
17;2025-12-08;11;2936
17;2025-12-08;12;2980
17;2025-12-08;13;3041
17;2025-12-08;14;3080
17;2025-12-08;15;3238
17;2025-12-08;16;3587
17;2025-12-08;17;4378
17;2025-12-08;18;4830
17;2025-12-08;19;3428
17;2025-12-08;20;2308
17;2025-12-08;21;1392
17;2025-12-08;22;731
17;2025-12-08;23;326
17;2025-12-09;0;114
17;2025-12-09;1;18
17;2025-12-09;2;0
17;2025-12-09;3;0
17;2025-12-09;4;28
17;2025-12-09;5;316
17;2025-12-09;6;1564
17;2025-12-09;7;4145
17;2025-12-09;8;5397
17;2025-12-09;9;3889
17;2025-12-09;10;3035
17;2025-12-09;11;2994
17;2025-12-09;12;3043
17;2025-12-09;13;3094
17;2025-12-09;14;3152
17;2025-12-09;15;3305
17;2025-12-09;16;3704
17;2025-12-09;17;4579
17;2025-12-09;18;4891
17;2025-12-09;19;3488
17;2025-12-09;20;2379
17;2025-12-09;21;1448
17;2025-12-09;22;743
17;2025-12-09;23;350
17;2025-12-10;0;124
17;2025-12-10;1;18
17;2025-12-10;2;0
17;2025-12-10;3;0
17;2025-12-10;4;29
17;2025-12-10;5;316
17;2025-12-10;6;1571
17;2025-12-10;7;4103
17;2025-12-10;8;5368
17;2025-12-10;9;3876
17;2025-12-10;10;3085
17;2025-12-10;11;3049
17;2025-12-10;12;3102
17;2025-12-10;13;3155
17;2025-12-10;14;3214
17;2025-12-10;15;3372
17;2025-12-10;16;3709
17;2025-12-10;17;4494
17;2025-12-10;18;4834
17;2025-12-10;19;3390
17;2025-12-10;20;2345
17;2025-12-10;21;1471
17;2025-12-10;22;787
17;2025-12-10;23;378
17;2025-12-11;0;132
17;2025-12-11;1;10
17;2025-12-11;2;0
17;2025-12-11;3;0
17;2025-12-11;4;22
17;2025-12-11;5;315
17;2025-12-11;6;1554
17;2025-12-11;7;4081
17;2025-12-11;8;5320
17;2025-12-11;9;3813
17;2025-12-11;10;3069
17;2025-12-11;11;3056
17;2025-12-11;12;3108
17;2025-12-11;13;3170
17;2025-12-11;14;3219
17;2025-12-11;15;3385
17;2025-12-11;16;3777
17;2025-12-11;17;4525
17;2025-12-11;18;4821
17;2025-12-11;19;3461
17;2025-12-11;20;2382
17;2025-12-11;21;1514
17;2025-12-11;22;855
17;2025-12-11;23;399
17;2025-12-12;0;149
17;2025-12-12;1;22
17;2025-12-12;2;0
17;2025-12-12;3;0
17;2025-12-12;4;25
17;2025-12-12;5;313
17;2025-12-12;6;1540
17;2025-12-12;7;4054
17;2025-12-12;8;5251
17;2025-12-12;9;3774
17;2025-12-12;10;3043
17;2025-12-12;11;3041
17;2025-12-12;12;3116
17;2025-12-12;13;3237
17;2025-12-12;14;3321
17;2025-12-12;15;3504
17;2025-12-12;16;4170
17;2025-12-12;17;4629
17;2025-12-12;18;4387
17;2025-12-12;19;3275
17;2025-12-12;20;2318
17;2025-12-12;21;1522
17;2025-12-12;22;874
17;2025-12-12;23;420
17;2025-12-13;0;179
17;2025-12-13;1;25
17;2025-12-13;2;0
17;2025-12-13;3;0
17;2025-12-13;4;9
17;2025-12-13;5;129
17;2025-12-13;6;555
17;2025-12-13;7;1165
17;2025-12-13;8;1664
17;2025-12-13;9;2091
17;2025-12-13;10;2370
17;2025-12-13;11;2822
17;2025-12-13;12;3141
17;2025-12-13;13;3339
17;2025-12-13;14;3409
17;2025-12-13;15;3453
17;2025-12-13;16;3452
17;2025-12-13;17;3308
17;2025-12-13;18;3002
17;2025-12-13;19;2509
17;2025-12-13;20;1803
17;2025-12-13;21;1328
17;2025-12-13;22;804
17;2025-12-13;23;399
17;2025-12-14;0;179
17;2025-12-14;1;35
17;2025-12-14;2;0
17;2025-12-14;3;0
17;2025-12-14;4;10
17;2025-12-14;5;106
17;2025-12-14;6;422
17;2025-12-14;7;808
17;2025-12-14;8;1177
17;2025-12-14;9;1631
17;2025-12-14;10;1938
17;2025-12-14;11;2397
17;2025-12-14;12;2807
17;2025-12-14;13;3027
17;2025-12-14;14;3099
17;2025-12-14;15;3117
17;2025-12-14;16;3081
17;2025-12-14;17;2969
17;2025-12-14;18;2626
17;2025-12-14;19;2121
17;2025-12-14;20;1646
17;2025-12-14;21;1156
17;2025-12-14;22;712
17;2025-12-14;23;337
17;2025-12-15;0;119
17;2025-12-15;1;23
17;2025-12-15;2;0
17;2025-12-15;3;0
17;2025-12-15;4;29
17;2025-12-15;5;311
17;2025-12-15;6;1502
17;2025-12-15;7;4045
17;2025-12-15;8;5288
17;2025-12-15;9;3773
17;2025-12-15;10;2948
17;2025-12-15;11;2937
17;2025-12-15;12;2989
17;2025-12-15;13;3058
17;2025-12-15;14;3095
17;2025-12-15;15;3253
17;2025-12-15;16;3607
17;2025-12-15;17;4402
17;2025-12-15;18;4817
17;2025-12-15;19;3418
17;2025-12-15;20;2317
17;2025-12-15;21;1392
17;2025-12-15;22;735
17;2025-12-15;23;335
17;2025-12-16;0;117
17;2025-12-16;1;24
17;2025-12-16;2;0
17;2025-12-16;3;0
17;2025-12-16;4;32
17;2025-12-16;5;323
17;2025-12-16;6;1568
17;2025-12-16;7;4168
17;2025-12-16;8;5389
17;2025-12-16;9;3929
17;2025-12-16;10;3044
17;2025-12-16;11;3011
17;2025-12-16;12;3059
17;2025-12-16;13;3119
17;2025-12-16;14;3170
17;2025-12-16;15;3320
17;2025-12-16;16;3729
17;2025-12-16;17;4595
17;2025-12-16;18;4918
17;2025-12-16;19;3488
17;2025-12-16;20;2380
17;2025-12-16;21;1439
17;2025-12-16;22;743
17;2025-12-16;23;351
17;2025-12-17;0;118
17;2025-12-17;1;12
17;2025-12-17;2;0
17;2025-12-17;3;0
17;2025-12-17;4;29
17;2025-12-17;5;318
17;2025-12-17;6;1573
17;2025-12-17;7;4115
17;2025-12-17;8;5365
17;2025-12-17;9;3873
17;2025-12-17;10;3089
17;2025-12-17;11;3066
17;2025-12-17;12;3116
17;2025-12-17;13;3175
17;2025-12-17;14;3243
17;2025-12-17;15;3399
17;2025-12-17;16;3726
17;2025-12-17;17;4494
17;2025-12-17;18;4834
17;2025-12-17;19;3403
17;2025-12-17;20;2349
17;2025-12-17;21;1482
17;2025-12-17;22;793
17;2025-12-17;23;378
17;2025-12-18;0;135
17;2025-12-18;1;16
17;2025-12-18;2;0
17;2025-12-18;3;0
17;2025-12-18;4;31
17;2025-12-18;5;323
17;2025-12-18;6;1574
17;2025-12-18;7;4134
17;2025-12-18;8;5355
17;2025-12-18;9;3852
17;2025-12-18;10;3112
17;2025-12-18;11;3090
17;2025-12-18;12;3150
17;2025-12-18;13;3215
17;2025-12-18;14;3281
17;2025-12-18;15;3431
17;2025-12-18;16;3840
17;2025-12-18;17;4578
17;2025-12-18;18;4870
17;2025-12-18;19;3482
17;2025-12-18;20;2387
17;2025-12-18;21;1526
17;2025-12-18;22;864
17;2025-12-18;23;397
17;2025-12-19;0;146
17;2025-12-19;1;21
17;2025-12-19;2;0
17;2025-12-19;3;0
17;2025-12-19;4;23
17;2025-12-19;5;310
17;2025-12-19;6;1540
17;2025-12-19;7;4093
17;2025-12-19;8;5268
17;2025-12-19;9;3798
17;2025-12-19;10;3068
17;2025-12-19;11;3079
17;2025-12-19;12;3163
17;2025-12-19;13;3266
17;2025-12-19;14;3331
17;2025-12-19;15;3516
17;2025-12-19;16;4203
17;2025-12-19;17;4634
17;2025-12-19;18;4416
17;2025-12-19;19;3280
17;2025-12-19;20;2344
17;2025-12-19;21;1534
17;2025-12-19;22;893
17;2025-12-19;23;430
17;2025-12-20;0;184
17;2025-12-20;1;28
17;2025-12-20;2;0
17;2025-12-20;3;0
17;2025-12-20;4;3
17;2025-12-20;5;129
17;2025-12-20;6;571
17;2025-12-20;7;1217
17;2025-12-20;8;1754
17;2025-12-20;9;2177
17;2025-12-20;10;2437
17;2025-12-20;11;2901
17;2025-12-20;12;3219
17;2025-12-20;13;3401
17;2025-12-20;14;3439
17;2025-12-20;15;3477
17;2025-12-20;16;3468
17;2025-12-20;17;3333
17;2025-12-20;18;3058
17;2025-12-20;19;2545
17;2025-12-20;20;1895
17;2025-12-20;21;1386
17;2025-12-20;22;858
17;2025-12-20;23;434
17;2025-12-21;0;180
17;2025-12-21;1;38
17;2025-12-21;2;0
17;2025-12-21;3;0
17;2025-12-21;4;2
17;2025-12-21;5;100
17;2025-12-21;6;430
17;2025-12-21;7;822
17;2025-12-21;8;1200
17;2025-12-21;9;1650
17;2025-12-21;10;1971
17;2025-12-21;11;2443
17;2025-12-21;12;2855
17;2025-12-21;13;3072
17;2025-12-21;14;3136
17;2025-12-21;15;3153
17;2025-12-21;16;3122
17;2025-12-21;17;3013
17;2025-12-21;18;2647
17;2025-12-21;19;2130
17;2025-12-21;20;1657
17;2025-12-21;21;1150
17;2025-12-21;22;674
17;2025-12-21;23;310
17;2025-12-22;0;107
17;2025-12-22;1;20
17;2025-12-22;2;0
17;2025-12-22;3;0
17;2025-12-22;4;22
17;2025-12-22;5;305
17;2025-12-22;6;1510
17;2025-12-22;7;4049
17;2025-12-22;8;5284
17;2025-12-22;9;3789
17;2025-12-22;10;2943
17;2025-12-22;11;2927
17;2025-12-22;12;2969
17;2025-12-22;13;3029
17;2025-12-22;14;3070
17;2025-12-22;15;3222
17;2025-12-22;16;3568
17;2025-12-22;17;4354
17;2025-12-22;18;4807
17;2025-12-22;19;3423
17;2025-12-22;20;2292
17;2025-12-22;21;1378
17;2025-12-22;22;696
17;2025-12-22;23;323
17;2025-12-23;0;116
17;2025-12-23;1;25
17;2025-12-23;2;0
17;2025-12-23;3;0
17;2025-12-23;4;29
17;2025-12-23;5;317
17;2025-12-23;6;1557
17;2025-12-23;7;4173
17;2025-12-23;8;5397
17;2025-12-23;9;3931
17;2025-12-23;10;3041
17;2025-12-23;11;3001
17;2025-12-23;12;3043
17;2025-12-23;13;3096
17;2025-12-23;14;3157
17;2025-12-23;15;3311
17;2025-12-23;16;3709
17;2025-12-23;17;4568
17;2025-12-23;18;4909
17;2025-12-23;19;3465
17;2025-12-23;20;2382
17;2025-12-23;21;1457
17;2025-12-23;22;764
17;2025-12-23;23;360
17;2025-12-24;0;124
17;2025-12-24;1;21
17;2025-12-24;2;0
17;2025-12-24;3;0
17;2025-12-24;4;28
17;2025-12-24;5;317
17;2025-12-24;6;1569
17;2025-12-24;7;4139
17;2025-12-24;8;5359
17;2025-12-24;9;3873
17;2025-12-24;10;3075
17;2025-12-24;11;3040
17;2025-12-24;12;3085
17;2025-12-24;13;3142
17;2025-12-24;14;3213
17;2025-12-24;15;3390
17;2025-12-24;16;3729
17;2025-12-24;17;4490
17;2025-12-24;18;4840
17;2025-12-24;19;3408
17;2025-12-24;20;2341
17;2025-12-24;21;1481
17;2025-12-24;22;792
17;2025-12-24;23;374
17;2025-12-25;0;137
17;2025-12-25;1;18
17;2025-12-25;2;0
17;2025-12-25;3;0
17;2025-12-25;4;30
17;2025-12-25;5;321
17;2025-12-25;6;1571
17;2025-12-25;7;4146
17;2025-12-25;8;5354
17;2025-12-25;9;3870
17;2025-12-25;10;3106
17;2025-12-25;11;3073
17;2025-12-25;12;3129
17;2025-12-25;13;3197
17;2025-12-25;14;3237
17;2025-12-25;15;3397
17;2025-12-25;16;3814
17;2025-12-25;17;4545
17;2025-12-25;18;4846
17;2025-12-25;19;3458
17;2025-12-25;20;2356
17;2025-12-25;21;1496
17;2025-12-25;22;830
17;2025-12-25;23;372
17;2025-12-26;0;144
17;2025-12-26;1;15
17;2025-12-26;2;0
17;2025-12-26;3;0
17;2025-12-26;4;25
17;2025-12-26;5;306
17;2025-12-26;6;1512
17;2025-12-26;7;4018
17;2025-12-26;8;5197
17;2025-12-26;9;3768
17;2025-12-26;10;3053
17;2025-12-26;11;3055
17;2025-12-26;12;3125
17;2025-12-26;13;3231
17;2025-12-26;14;3301
17;2025-12-26;15;3502
17;2025-12-26;16;4168
17;2025-12-26;17;4607
17;2025-12-26;18;4403
17;2025-12-26;19;3261
17;2025-12-26;20;2317
17;2025-12-26;21;1518
17;2025-12-26;22;862
17;2025-12-26;23;422
17;2025-12-27;0;179
17;2025-12-27;1;29
17;2025-12-27;2;0
17;2025-12-27;3;0
17;2025-12-27;4;2
17;2025-12-27;5;118
17;2025-12-27;6;539
17;2025-12-27;7;1163
17;2025-12-27;8;1670
17;2025-12-27;9;2126
17;2025-12-27;10;2411
17;2025-12-27;11;2868
17;2025-12-27;12;3207
17;2025-12-27;13;3397
17;2025-12-27;14;3447
17;2025-12-27;15;3484
17;2025-12-27;16;3474
17;2025-12-27;17;3331
17;2025-12-27;18;3031
17;2025-12-27;19;2501
17;2025-12-27;20;1804
17;2025-12-27;21;1343
17;2025-12-27;22;802
17;2025-12-27;23;405
17;2025-12-28;0;163
17;2025-12-28;1;26
17;2025-12-28;2;0
17;2025-12-28;3;0
17;2025-12-28;4;1
17;2025-12-28;5;90
17;2025-12-28;6;398
17;2025-12-28;7;757
17;2025-12-28;8;1111
17;2025-12-28;9;1523
17;2025-12-28;10;1841
17;2025-12-28;11;2308
17;2025-12-28;12;2744
17;2025-12-28;13;3007
17;2025-12-28;14;3094
17;2025-12-28;15;3130
17;2025-12-28;16;3097
17;2025-12-28;17;2960
17;2025-12-28;18;2592
17;2025-12-28;19;2060
17;2025-12-28;20;1642
17;2025-12-28;21;1143
17;2025-12-28;22;705
17;2025-12-28;23;334
17;2025-12-29;0;135
17;2025-12-29;1;41
17;2025-12-29;2;0
17;2025-12-29;3;0
17;2025-12-29;4;49
17;2025-12-29;5;311
17;2025-12-29;6;1477
17;2025-12-29;7;3870
17;2025-12-29;8;5100
17;2025-12-29;9;3697
17;2025-12-29;10;2868
17;2025-12-29;11;2857
17;2025-12-29;12;2915
17;2025-12-29;13;2980
17;2025-12-29;14;3013
17;2025-12-29;15;3155
17;2025-12-29;16;3492
17;2025-12-29;17;4229
17;2025-12-29;18;4658
17;2025-12-29;19;3337
17;2025-12-29;20;2286
17;2025-12-29;21;1394
17;2025-12-29;22;745
17;2025-12-29;23;362
17;2025-12-30;0;152
17;2025-12-30;1;57
17;2025-12-30;2;0
17;2025-12-30;3;0
17;2025-12-30;4;64
17;2025-12-30;5;325
17;2025-12-30;6;1516
17;2025-12-30;7;3906
17;2025-12-30;8;5122
17;2025-12-30;9;3801
17;2025-12-30;10;2992
17;2025-12-30;11;2954
17;2025-12-30;12;2998
17;2025-12-30;13;3071
17;2025-12-30;14;3142
17;2025-12-30;15;3279
17;2025-12-30;16;3662
17;2025-12-30;17;4393
17;2025-12-30;18;4647
17;2025-12-30;19;3365
17;2025-12-30;20;2371
17;2025-12-30;21;1481
17;2025-12-30;22;829
17;2025-12-30;23;398
17;2025-12-31;0;181
17;2025-12-31;1;81
17;2025-12-31;2;0
17;2025-12-31;3;0
17;2025-12-31;4;58
17;2025-12-31;5;173
17;2025-12-31;6;864
17;2025-12-31;7;1794
17;2025-12-31;8;2268
17;2025-12-31;9;2405
17;2025-12-31;10;2481
17;2025-12-31;11;2641
17;2025-12-31;12;2772
17;2025-12-31;13;2859
17;2025-12-31;14;2905
17;2025-12-31;15;2975
17;2025-12-31;16;3013
17;2025-12-31;17;3167
17;2025-12-31;18;3202
17;2025-12-31;19;2708
17;2025-12-31;20;2139
17;2025-12-31;21;1487
17;2025-12-31;22;888
17;2025-12-31;23;454
25;2025-11-01;0;11
25;2025-11-01;1;6
25;2025-11-01;2;0
25;2025-11-01;3;0
25;2025-11-01;4;8
25;2025-11-01;5;19
25;2025-11-01;6;135
25;2025-11-01;7;239
25;2025-11-01;8;401
25;2025-11-01;9;308
25;2025-11-01;10;284
25;2025-11-01;11;354
25;2025-11-01;12;371
25;2025-11-01;13;473
25;2025-11-01;14;507
25;2025-11-01;15;577
25;2025-11-01;16;584
25;2025-11-01;17;515
25;2025-11-01;18;490
25;2025-11-01;19;411
25;2025-11-01;20;286
25;2025-11-01;21;209
25;2025-11-01;22;130
25;2025-11-01;23;46
25;2025-11-02;0;19
25;2025-11-02;1;9
25;2025-11-02;2;0
25;2025-11-02;3;0
25;2025-11-02;4;8
25;2025-11-02;5;13
25;2025-11-02;6;84
25;2025-11-02;7;115
25;2025-11-02;8;186
25;2025-11-02;9;218
25;2025-11-02;10;222
25;2025-11-02;11;286
25;2025-11-02;12;331
25;2025-11-02;13;422
25;2025-11-02;14;454
25;2025-11-02;15;529
25;2025-11-02;16;473
25;2025-11-02;17;432
25;2025-11-02;18;397
25;2025-11-02;19;316
25;2025-11-02;20;237
25;2025-11-02;21;175
25;2025-11-02;22;109
25;2025-11-02;23;43
25;2025-11-03;0;16
25;2025-11-03;1;11
25;2025-11-03;2;0
25;2025-11-03;3;0
25;2025-11-03;4;7
25;2025-11-03;5;12
25;2025-11-03;6;119
25;2025-11-03;7;299
25;2025-11-03;8;423
25;2025-11-03;9;361
25;2025-11-03;10;297
25;2025-11-03;11;316
25;2025-11-03;12;339
25;2025-11-03;13;422
25;2025-11-03;14;410
25;2025-11-03;15;458
25;2025-11-03;16;504
25;2025-11-03;17;521
25;2025-11-03;18;532
25;2025-11-03;19;414
25;2025-11-03;20;309
25;2025-11-03;21;213
25;2025-11-03;22;117
25;2025-11-03;23;42
25;2025-11-04;0;16
25;2025-11-04;1;9
25;2025-11-04;2;0
25;2025-11-04;3;0
25;2025-11-04;4;7
25;2025-11-04;5;10
25;2025-11-04;6;112
25;2025-11-04;7;293
25;2025-11-04;8;398
25;2025-11-04;9;341
25;2025-11-04;10;300
25;2025-11-04;11;330
25;2025-11-04;12;340
25;2025-11-04;13;405
25;2025-11-04;14;409
25;2025-11-04;15;483
25;2025-11-04;16;518
25;2025-11-04;17;517
25;2025-11-04;18;531
25;2025-11-04;19;429
25;2025-11-04;20;303
25;2025-11-04;21;210
25;2025-11-04;22;120
25;2025-11-04;23;42
25;2025-11-05;0;10
25;2025-11-05;1;8
25;2025-11-05;2;0
25;2025-11-05;3;0
25;2025-11-05;4;9
25;2025-11-05;5;19
25;2025-11-05;6;190
25;2025-11-05;7;484
25;2025-11-05;8;788
25;2025-11-05;9;441
25;2025-11-05;10;365
25;2025-11-05;11;401
25;2025-11-05;12;409
25;2025-11-05;13;516
25;2025-11-05;14;435
25;2025-11-05;15;546
25;2025-11-05;16;641
25;2025-11-05;17;720
25;2025-11-05;18;758
25;2025-11-05;19;529
25;2025-11-05;20;332
25;2025-11-05;21;235
25;2025-11-05;22;113
25;2025-11-05;23;16
25;2025-11-06;0;8
25;2025-11-06;1;5
25;2025-11-06;2;0
25;2025-11-06;3;0
25;2025-11-06;4;6
25;2025-11-06;5;16
25;2025-11-06;6;196
25;2025-11-06;7;502
25;2025-11-06;8;841
25;2025-11-06;9;474
25;2025-11-06;10;388
25;2025-11-06;11;418
25;2025-11-06;12;421
25;2025-11-06;13;501
25;2025-11-06;14;485
25;2025-11-06;15;588
25;2025-11-06;16;682
25;2025-11-06;17;748
25;2025-11-06;18;778
25;2025-11-06;19;571
25;2025-11-06;20;338
25;2025-11-06;21;234
25;2025-11-06;22;113
25;2025-11-06;23;13
25;2025-11-07;0;10
25;2025-11-07;1;5
25;2025-11-07;2;0
25;2025-11-07;3;0
25;2025-11-07;4;7
25;2025-11-07;5;18
25;2025-11-07;6;197
25;2025-11-07;7;508
25;2025-11-07;8;835
25;2025-11-07;9;467
25;2025-11-07;10;383
25;2025-11-07;11;436
25;2025-11-07;12;435
25;2025-11-07;13;544
25;2025-11-07;14;513
25;2025-11-07;15;611
25;2025-11-07;16;728
25;2025-11-07;17;762
25;2025-11-07;18;706
25;2025-11-07;19;519
25;2025-11-07;20;330
25;2025-11-07;21;226
25;2025-11-07;22;123
25;2025-11-07;23;18
25;2025-11-08;0;16
25;2025-11-08;1;7
25;2025-11-08;2;0
25;2025-11-08;3;0
25;2025-11-08;4;6
25;2025-11-08;5;12
25;2025-11-08;6;94
25;2025-11-08;7;186
25;2025-11-08;8;307
25;2025-11-08;9;310
25;2025-11-08;10;298
25;2025-11-08;11;367
25;2025-11-08;12;409
25;2025-11-08;13;535
25;2025-11-08;14;574
25;2025-11-08;15;650
25;2025-11-08;16;626
25;2025-11-08;17;530
25;2025-11-08;18;500
25;2025-11-08;19;433
25;2025-11-08;20;315
25;2025-11-08;21;234
25;2025-11-08;22;145
25;2025-11-08;23;51
25;2025-11-09;0;22
25;2025-11-09;1;10
25;2025-11-09;2;0
25;2025-11-09;3;0
25;2025-11-09;4;7
25;2025-11-09;5;12
25;2025-11-09;6;68
25;2025-11-09;7;119
25;2025-11-09;8;201
25;2025-11-09;9;228
25;2025-11-09;10;236
25;2025-11-09;11;296
25;2025-11-09;12;340
25;2025-11-09;13;438
25;2025-11-09;14;470
25;2025-11-09;15;552
25;2025-11-09;16;492
25;2025-11-09;17;464
25;2025-11-09;18;434
25;2025-11-09;19;348
25;2025-11-09;20;266
25;2025-11-09;21;192
25;2025-11-09;22;115
25;2025-11-09;23;41
25;2025-11-10;0;12
25;2025-11-10;1;7
25;2025-11-10;2;0
25;2025-11-10;3;0
25;2025-11-10;4;8
25;2025-11-10;5;16
25;2025-11-10;6;166
25;2025-11-10;7;454
25;2025-11-10;8;766
25;2025-11-10;9;442
25;2025-11-10;10;340
25;2025-11-10;11;355
25;2025-11-10;12;367
25;2025-11-10;13;458
25;2025-11-10;14;424
25;2025-11-10;15;489
25;2025-11-10;16;609
25;2025-11-10;17;675
25;2025-11-10;18;751
25;2025-11-10;19;482
25;2025-11-10;20;315
25;2025-11-10;21;208
25;2025-11-10;22;102
25;2025-11-10;23;15
25;2025-11-11;0;10
25;2025-11-11;1;6
25;2025-11-11;2;0
25;2025-11-11;3;0
25;2025-11-11;4;8
25;2025-11-11;5;15
25;2025-11-11;6;167
25;2025-11-11;7;478
25;2025-11-11;8;786
25;2025-11-11;9;442
25;2025-11-11;10;362
25;2025-11-11;11;386
25;2025-11-11;12;387
25;2025-11-11;13;451
25;2025-11-11;14;445
25;2025-11-11;15;531
25;2025-11-11;16;644
25;2025-11-11;17;688
25;2025-11-11;18;752
25;2025-11-11;19;522
25;2025-11-11;20;326
25;2025-11-11;21;213
25;2025-11-11;22;111
25;2025-11-11;23;13
25;2025-11-12;0;10
25;2025-11-12;1;8
25;2025-11-12;2;0
25;2025-11-12;3;0
25;2025-11-12;4;8
25;2025-11-12;5;16
25;2025-11-12;6;179
25;2025-11-12;7;507
25;2025-11-12;8;859
25;2025-11-12;9;465
25;2025-11-12;10;380
25;2025-11-12;11;408
25;2025-11-12;12;412
25;2025-11-12;13;519
25;2025-11-12;14;467
25;2025-11-12;15;572
25;2025-11-12;16;670
25;2025-11-12;17;752
25;2025-11-12;18;797
25;2025-11-12;19;561
25;2025-11-12;20;349
25;2025-11-12;21;240
25;2025-11-12;22;120
25;2025-11-12;23;14
25;2025-11-13;0;10
25;2025-11-13;1;6
25;2025-11-13;2;0
25;2025-11-13;3;0
25;2025-11-13;4;8
25;2025-11-13;5;17
25;2025-11-13;6;182
25;2025-11-13;7;516
25;2025-11-13;8;875
25;2025-11-13;9;486
25;2025-11-13;10;402
25;2025-11-13;11;431
25;2025-11-13;12;433
25;2025-11-13;13;511
25;2025-11-13;14;493
25;2025-11-13;15;596
25;2025-11-13;16;697
25;2025-11-13;17;766
25;2025-11-13;18;794
25;2025-11-13;19;580
25;2025-11-13;20;347
25;2025-11-13;21;246
25;2025-11-13;22;118
25;2025-11-13;23;14
25;2025-11-14;0;12
25;2025-11-14;1;6
25;2025-11-14;2;0
25;2025-11-14;3;0
25;2025-11-14;4;8
25;2025-11-14;5;18
25;2025-11-14;6;185
25;2025-11-14;7;513
25;2025-11-14;8;860
25;2025-11-14;9;486
25;2025-11-14;10;409
25;2025-11-14;11;451
25;2025-11-14;12;455
25;2025-11-14;13;575
25;2025-11-14;14;545
25;2025-11-14;15;657
25;2025-11-14;16;759
25;2025-11-14;17;780
25;2025-11-14;18;717
25;2025-11-14;19;526
25;2025-11-14;20;334
25;2025-11-14;21;246
25;2025-11-14;22;128
25;2025-11-14;23;19
25;2025-11-15;0;17
25;2025-11-15;1;10
25;2025-11-15;2;0
25;2025-11-15;3;0
25;2025-11-15;4;10
25;2025-11-15;5;14
25;2025-11-15;6;82
25;2025-11-15;7;183
25;2025-11-15;8;308
25;2025-11-15;9;316
25;2025-11-15;10;313
25;2025-11-15;11;386
25;2025-11-15;12;432
25;2025-11-15;13;565
25;2025-11-15;14;602
25;2025-11-15;15;664
25;2025-11-15;16;631
25;2025-11-15;17;540
25;2025-11-15;18;501
25;2025-11-15;19;431
25;2025-11-15;20;305
25;2025-11-15;21;226
25;2025-11-15;22;142
25;2025-11-15;23;48
25;2025-11-16;0;19
25;2025-11-16;1;8
25;2025-11-16;2;0
25;2025-11-16;3;0
25;2025-11-16;4;7
25;2025-11-16;5;9
25;2025-11-16;6;61
25;2025-11-16;7;119
25;2025-11-16;8;203
25;2025-11-16;9;230
25;2025-11-16;10;243
25;2025-11-16;11;299
25;2025-11-16;12;344
25;2025-11-16;13;443
25;2025-11-16;14;476
25;2025-11-16;15;563
25;2025-11-16;16;491
25;2025-11-16;17;465
25;2025-11-16;18;437
25;2025-11-16;19;346
25;2025-11-16;20;263
25;2025-11-16;21;189
25;2025-11-16;22;112
25;2025-11-16;23;36
25;2025-11-17;0;10
25;2025-11-17;1;6
25;2025-11-17;2;0
25;2025-11-17;3;0
25;2025-11-17;4;7
25;2025-11-17;5;15
25;2025-11-17;6;165
25;2025-11-17;7;506
25;2025-11-17;8;866
25;2025-11-17;9;464
25;2025-11-17;10;353
25;2025-11-17;11;373
25;2025-11-17;12;383
25;2025-11-17;13;476
25;2025-11-17;14;441
25;2025-11-17;15;507
25;2025-11-17;16;636
25;2025-11-17;17;707
25;2025-11-17;18;787
25;2025-11-17;19;509
25;2025-11-17;20;325
25;2025-11-17;21;212
25;2025-11-17;22;102
25;2025-11-17;23;14
25;2025-11-18;0;10
25;2025-11-18;1;7
25;2025-11-18;2;0
25;2025-11-18;3;0
25;2025-11-18;4;8
25;2025-11-18;5;15
25;2025-11-18;6;177
25;2025-11-18;7;522
25;2025-11-18;8;874
25;2025-11-18;9;475
25;2025-11-18;10;391
25;2025-11-18;11;424
25;2025-11-18;12;418
25;2025-11-18;13;493
25;2025-11-18;14;472
25;2025-11-18;15;564
25;2025-11-18;16;675
25;2025-11-18;17;720
25;2025-11-18;18;784
25;2025-11-18;19;555
25;2025-11-18;20;340
25;2025-11-18;21;225
25;2025-11-18;22;112
25;2025-11-18;23;12
25;2025-11-19;0;9
25;2025-11-19;1;6
25;2025-11-19;2;0
25;2025-11-19;3;0
25;2025-11-19;4;7
25;2025-11-19;5;16
25;2025-11-19;6;176
25;2025-11-19;7;525
25;2025-11-19;8;891
25;2025-11-19;9;481
25;2025-11-19;10;394
25;2025-11-19;11;426
25;2025-11-19;12;434
25;2025-11-19;13;543
25;2025-11-19;14;482
25;2025-11-19;15;593
25;2025-11-19;16;682
25;2025-11-19;17;761
25;2025-11-19;18;802
25;2025-11-19;19;569
25;2025-11-19;20;351
25;2025-11-19;21;242
25;2025-11-19;22;117
25;2025-11-19;23;11
25;2025-11-20;0;8
25;2025-11-20;1;4
25;2025-11-20;2;0
25;2025-11-20;3;0
25;2025-11-20;4;7
25;2025-11-20;5;15
25;2025-11-20;6;178
25;2025-11-20;7;524
25;2025-11-20;8;888
25;2025-11-20;9;491
25;2025-11-20;10;405
25;2025-11-20;11;437
25;2025-11-20;12;439
25;2025-11-20;13;517
25;2025-11-20;14;497
25;2025-11-20;15;603
25;2025-11-20;16;700
25;2025-11-20;17;767
25;2025-11-20;18;787
25;2025-11-20;19;574
25;2025-11-20;20;344
25;2025-11-20;21;244
25;2025-11-20;22;116
25;2025-11-20;23;11
25;2025-11-21;0;8
25;2025-11-21;1;4
25;2025-11-21;2;0
25;2025-11-21;3;0
25;2025-11-21;4;6
25;2025-11-21;5;14
25;2025-11-21;6;179
25;2025-11-21;7;518
25;2025-11-21;8;867
25;2025-11-21;9;485
25;2025-11-21;10;410
25;2025-11-21;11;455
25;2025-11-21;12;461
25;2025-11-21;13;580
25;2025-11-21;14;552
25;2025-11-21;15;663
25;2025-11-21;16;756
25;2025-11-21;17;785
25;2025-11-21;18;722
25;2025-11-21;19;538
25;2025-11-21;20;340
25;2025-11-21;21;248
25;2025-11-21;22;134
25;2025-11-21;23;20
25;2025-11-22;0;17
25;2025-11-22;1;12
25;2025-11-22;2;0
25;2025-11-22;3;0
25;2025-11-22;4;7
25;2025-11-22;5;14
25;2025-11-22;6;79
25;2025-11-22;7;186
25;2025-11-22;8;311
25;2025-11-22;9;319
25;2025-11-22;10;318
25;2025-11-22;11;394
25;2025-11-22;12;439
25;2025-11-22;13;580
25;2025-11-22;14;611
25;2025-11-22;15;676
25;2025-11-22;16;638
25;2025-11-22;17;552
25;2025-11-22;18;510
25;2025-11-22;19;436
25;2025-11-22;20;308
25;2025-11-22;21;232
25;2025-11-22;22;145
25;2025-11-22;23;49
25;2025-11-23;0;20
25;2025-11-23;1;8
25;2025-11-23;2;0
25;2025-11-23;3;0
25;2025-11-23;4;6
25;2025-11-23;5;9
25;2025-11-23;6;61
25;2025-11-23;7;123
25;2025-11-23;8;210
25;2025-11-23;9;238
25;2025-11-23;10;253
25;2025-11-23;11;317
25;2025-11-23;12;361
25;2025-11-23;13;461
25;2025-11-23;14;491
25;2025-11-23;15;583
25;2025-11-23;16;498
25;2025-11-23;17;469
25;2025-11-23;18;440
25;2025-11-23;19;346
25;2025-11-23;20;266
25;2025-11-23;21;192
25;2025-11-23;22;114
25;2025-11-23;23;37
25;2025-11-24;0;9
25;2025-11-24;1;5
25;2025-11-24;2;0
25;2025-11-24;3;0
25;2025-11-24;4;7
25;2025-11-24;5;16
25;2025-11-24;6;166
25;2025-11-24;7;517
25;2025-11-24;8;871
25;2025-11-24;9;468
25;2025-11-24;10;359
25;2025-11-24;11;386
25;2025-11-24;12;392
25;2025-11-24;13;491
25;2025-11-24;14;456
25;2025-11-24;15;515
25;2025-11-24;16;657
25;2025-11-24;17;728
25;2025-11-24;18;800
25;2025-11-24;19;516
25;2025-11-24;20;334
25;2025-11-24;21;222
25;2025-11-24;22;107
25;2025-11-24;23;15
25;2025-11-25;0;9
25;2025-11-25;1;4
25;2025-11-25;2;0
25;2025-11-25;3;0
25;2025-11-25;4;7
25;2025-11-25;5;14
25;2025-11-25;6;177
25;2025-11-25;7;539
25;2025-11-25;8;899
25;2025-11-25;9;484
25;2025-11-25;10;394
25;2025-11-25;11;439
25;2025-11-25;12;426
25;2025-11-25;13;503
25;2025-11-25;14;484
25;2025-11-25;15;586
25;2025-11-25;16;692
25;2025-11-25;17;736
25;2025-11-25;18;787
25;2025-11-25;19;566
25;2025-11-25;20;340
25;2025-11-25;21;229
25;2025-11-25;22;112
25;2025-11-25;23;13
25;2025-11-26;0;10
25;2025-11-26;1;8
25;2025-11-26;2;0
25;2025-11-26;3;0
25;2025-11-26;4;9
25;2025-11-26;5;18
25;2025-11-26;6;178
25;2025-11-26;7;532
25;2025-11-26;8;897
25;2025-11-26;9;485
25;2025-11-26;10;398
25;2025-11-26;11;441
25;2025-11-26;12;445
25;2025-11-26;13;555
25;2025-11-26;14;488
25;2025-11-26;15;605
25;2025-11-26;16;690
25;2025-11-26;17;769
25;2025-11-26;18;806
25;2025-11-26;19;580
25;2025-11-26;20;355
25;2025-11-26;21;254
25;2025-11-26;22;122
25;2025-11-26;23;12
25;2025-11-27;0;9
25;2025-11-27;1;5
25;2025-11-27;2;0
25;2025-11-27;3;0
25;2025-11-27;4;8
25;2025-11-27;5;16
25;2025-11-27;6;178
25;2025-11-27;7;526
25;2025-11-27;8;890
25;2025-11-27;9;487
25;2025-11-27;10;407
25;2025-11-27;11;439
25;2025-11-27;12;442
25;2025-11-27;13;522
25;2025-11-27;14;498
25;2025-11-27;15;602
25;2025-11-27;16;694
25;2025-11-27;17;763
25;2025-11-27;18;785
25;2025-11-27;19;580
25;2025-11-27;20;349
25;2025-11-27;21;253
25;2025-11-27;22;120
25;2025-11-27;23;14
25;2025-11-28;0;10
25;2025-11-28;1;5
25;2025-11-28;2;0
25;2025-11-28;3;0
25;2025-11-28;4;7
25;2025-11-28;5;16
25;2025-11-28;6;181
25;2025-11-28;7;522
25;2025-11-28;8;869
25;2025-11-28;9;489
25;2025-11-28;10;413
25;2025-11-28;11;453
25;2025-11-28;12;459
25;2025-11-28;13;584
25;2025-11-28;14;556
25;2025-11-28;15;665
25;2025-11-28;16;757
25;2025-11-28;17;783
25;2025-11-28;18;722
25;2025-11-28;19;537
25;2025-11-28;20;340
25;2025-11-28;21;251
25;2025-11-28;22;134
25;2025-11-28;23;18
25;2025-11-29;0;17
25;2025-11-29;1;8
25;2025-11-29;2;0
25;2025-11-29;3;0
25;2025-11-29;4;7
25;2025-11-29;5;10
25;2025-11-29;6;76
25;2025-11-29;7;185
25;2025-11-29;8;311
25;2025-11-29;9;319
25;2025-11-29;10;321
25;2025-11-29;11;403
25;2025-11-29;12;447
25;2025-11-29;13;591
25;2025-11-29;14;617
25;2025-11-29;15;682
25;2025-11-29;16;637
25;2025-11-29;17;550
25;2025-11-29;18;517
25;2025-11-29;19;444
25;2025-11-29;20;314
25;2025-11-29;21;235
25;2025-11-29;22;146
25;2025-11-29;23;49
25;2025-11-30;0;20
25;2025-11-30;1;9
25;2025-11-30;2;0
25;2025-11-30;3;0
25;2025-11-30;4;6
25;2025-11-30;5;9
25;2025-11-30;6;63
25;2025-11-30;7;125
25;2025-11-30;8;212
25;2025-11-30;9;242
25;2025-11-30;10;259
25;2025-11-30;11;326
25;2025-11-30;12;373
25;2025-11-30;13;479
25;2025-11-30;14;507
25;2025-11-30;15;600
25;2025-11-30;16;516
25;2025-11-30;17;485
25;2025-11-30;18;457
25;2025-11-30;19;365
25;2025-11-30;20;287
25;2025-11-30;21;210
25;2025-11-30;22;127
25;2025-11-30;23;43
25;2025-12-01;0;12
25;2025-12-01;1;7
25;2025-12-01;2;0
25;2025-12-01;3;0
25;2025-12-01;4;8
25;2025-12-01;5;21
25;2025-12-01;6;181
25;2025-12-01;7;533
25;2025-12-01;8;877
25;2025-12-01;9;467
25;2025-12-01;10;348
25;2025-12-01;11;387
25;2025-12-01;12;395
25;2025-12-01;13;485
25;2025-12-01;14;448
25;2025-12-01;15;502
25;2025-12-01;16;638
25;2025-12-01;17;705
25;2025-12-01;18;769
25;2025-12-01;19;500
25;2025-12-01;20;318
25;2025-12-01;21;211
25;2025-12-01;22;98
25;2025-12-01;23;13
25;2025-12-02;0;10
25;2025-12-02;1;7
25;2025-12-02;2;0
25;2025-12-02;3;0
25;2025-12-02;4;9
25;2025-12-02;5;20
25;2025-12-02;6;190
25;2025-12-02;7;553
25;2025-12-02;8;907
25;2025-12-02;9;501
25;2025-12-02;10;389
25;2025-12-02;11;444
25;2025-12-02;12;433
25;2025-12-02;13;513
25;2025-12-02;14;491
25;2025-12-02;15;595
25;2025-12-02;16;699
25;2025-12-02;17;751
25;2025-12-02;18;797
25;2025-12-02;19;577
25;2025-12-02;20;337
25;2025-12-02;21;223
25;2025-12-02;22;105
25;2025-12-02;23;11
25;2025-12-03;0;11
25;2025-12-03;1;8
25;2025-12-03;2;0
25;2025-12-03;3;0
25;2025-12-03;4;10
25;2025-12-03;5;22
25;2025-12-03;6;194
25;2025-12-03;7;551
25;2025-12-03;8;918
25;2025-12-03;9;513
25;2025-12-03;10;399
25;2025-12-03;11;455
25;2025-12-03;12;463
25;2025-12-03;13;585
25;2025-12-03;14;513
25;2025-12-03;15;626
25;2025-12-03;16;716
25;2025-12-03;17;796
25;2025-12-03;18;826
25;2025-12-03;19;602
25;2025-12-03;20;357
25;2025-12-03;21;257
25;2025-12-03;22;119
25;2025-12-03;23;13
25;2025-12-04;0;12
25;2025-12-04;1;7
25;2025-12-04;2;0
25;2025-12-04;3;0
25;2025-12-04;4;10
25;2025-12-04;5;23
25;2025-12-04;6;196
25;2025-12-04;7;543
25;2025-12-04;8;912
25;2025-12-04;9;515
25;2025-12-04;10;414
25;2025-12-04;11;454
25;2025-12-04;12;463
25;2025-12-04;13;549
25;2025-12-04;14;529
25;2025-12-04;15;631
25;2025-12-04;16;722
25;2025-12-04;17;787
25;2025-12-04;18;810
25;2025-12-04;19;598
25;2025-12-04;20;349
25;2025-12-04;21;254
25;2025-12-04;22;120
25;2025-12-04;23;14
25;2025-12-05;0;14
25;2025-12-05;1;9
25;2025-12-05;2;0
25;2025-12-05;3;0
25;2025-12-05;4;12
25;2025-12-05;5;27
25;2025-12-05;6;202
25;2025-12-05;7;537
25;2025-12-05;8;885
25;2025-12-05;9;505
25;2025-12-05;10;419
25;2025-12-05;11;470
25;2025-12-05;12;481
25;2025-12-05;13;612
25;2025-12-05;14;586
25;2025-12-05;15;690
25;2025-12-05;16;783
25;2025-12-05;17;805
25;2025-12-05;18;730
25;2025-12-05;19;546
25;2025-12-05;20;339
25;2025-12-05;21;250
25;2025-12-05;22;130
25;2025-12-05;23;21
25;2025-12-06;0;21
25;2025-12-06;1;11
25;2025-12-06;2;0
25;2025-12-06;3;0
25;2025-12-06;4;11
25;2025-12-06;5;19
25;2025-12-06;6;95
25;2025-12-06;7;196
25;2025-12-06;8;318
25;2025-12-06;9;332
25;2025-12-06;10;337
25;2025-12-06;11;419
25;2025-12-06;12;472
25;2025-12-06;13;629
25;2025-12-06;14;666
25;2025-12-06;15;730
25;2025-12-06;16;688
25;2025-12-06;17;587
25;2025-12-06;18;541
25;2025-12-06;19;463
25;2025-12-06;20;315
25;2025-12-06;21;238
25;2025-12-06;22;141
25;2025-12-06;23;51
25;2025-12-07;0;21
25;2025-12-07;1;11
25;2025-12-07;2;0
25;2025-12-07;3;0
25;2025-12-07;4;9
25;2025-12-07;5;15
25;2025-12-07;6;74
25;2025-12-07;7;130
25;2025-12-07;8;218
25;2025-12-07;9;243
25;2025-12-07;10;259
25;2025-12-07;11;331
25;2025-12-07;12;391
25;2025-12-07;13;503
25;2025-12-07;14;533
25;2025-12-07;15;616
25;2025-12-07;16;530
25;2025-12-07;17;500
25;2025-12-07;18;462
25;2025-12-07;19;369
25;2025-12-07;20;277
25;2025-12-07;21;200
25;2025-12-07;22;122
25;2025-12-07;23;42
25;2025-12-08;0;13
25;2025-12-08;1;8
25;2025-12-08;2;0
25;2025-12-08;3;0
25;2025-12-08;4;11
25;2025-12-08;5;22
25;2025-12-08;6;184
25;2025-12-08;7;539
25;2025-12-08;8;894
25;2025-12-08;9;471
25;2025-12-08;10;354
25;2025-12-08;11;396
25;2025-12-08;12;407
25;2025-12-08;13;512
25;2025-12-08;14;469
25;2025-12-08;15;525
25;2025-12-08;16;669
25;2025-12-08;17;741
25;2025-12-08;18;804
25;2025-12-08;19;518
25;2025-12-08;20;324
25;2025-12-08;21;213
25;2025-12-08;22;103
25;2025-12-08;23;16
25;2025-12-09;0;11
25;2025-12-09;1;7
25;2025-12-09;2;0
25;2025-12-09;3;0
25;2025-12-09;4;10
25;2025-12-09;5;22
25;2025-12-09;6;193
25;2025-12-09;7;562
25;2025-12-09;8;921
25;2025-12-09;9;506
25;2025-12-09;10;399
25;2025-12-09;11;449
25;2025-12-09;12;440
25;2025-12-09;13;527
25;2025-12-09;14;500
25;2025-12-09;15;607
25;2025-12-09;16;719
25;2025-12-09;17;761
25;2025-12-09;18;799
25;2025-12-09;19;574
25;2025-12-09;20;335
25;2025-12-09;21;220
25;2025-12-09;22;109
25;2025-12-09;23;14
25;2025-12-10;0;13
25;2025-12-10;1;10
25;2025-12-10;2;0
25;2025-12-10;3;0
25;2025-12-10;4;13
25;2025-12-10;5;24
25;2025-12-10;6;196
25;2025-12-10;7;558
25;2025-12-10;8;931
25;2025-12-10;9;516
25;2025-12-10;10;400
25;2025-12-10;11;459
25;2025-12-10;12;470
25;2025-12-10;13;604
25;2025-12-10;14;524
25;2025-12-10;15;638
25;2025-12-10;16;727
25;2025-12-10;17;797
25;2025-12-10;18;821
25;2025-12-10;19;595
25;2025-12-10;20;359
25;2025-12-10;21;262
25;2025-12-10;22;125
25;2025-12-10;23;16
25;2025-12-11;0;14
25;2025-12-11;1;7
25;2025-12-11;2;0
25;2025-12-11;3;0
25;2025-12-11;4;12
25;2025-12-11;5;26
25;2025-12-11;6;200
25;2025-12-11;7;546
25;2025-12-11;8;917
25;2025-12-11;9;510
25;2025-12-11;10;417
25;2025-12-11;11;457
25;2025-12-11;12;463
25;2025-12-11;13;560
25;2025-12-11;14;534
25;2025-12-11;15;638
25;2025-12-11;16;730
25;2025-12-11;17;789
25;2025-12-11;18;802
25;2025-12-11;19;588
25;2025-12-11;20;347
25;2025-12-11;21;253
25;2025-12-11;22;122
25;2025-12-11;23;15
25;2025-12-12;0;15
25;2025-12-12;1;9
25;2025-12-12;2;0
25;2025-12-12;3;0
25;2025-12-12;4;13
25;2025-12-12;5;27
25;2025-12-12;6;204
25;2025-12-12;7;539
25;2025-12-12;8;894
25;2025-12-12;9;496
25;2025-12-12;10;418
25;2025-12-12;11;468
25;2025-12-12;12;477
25;2025-12-12;13;614
25;2025-12-12;14;592
25;2025-12-12;15;693
25;2025-12-12;16;788
25;2025-12-12;17;817
25;2025-12-12;18;740
25;2025-12-12;19;544
25;2025-12-12;20;332
25;2025-12-12;21;246
25;2025-12-12;22;130
25;2025-12-12;23;22
25;2025-12-13;0;21
25;2025-12-13;1;10
25;2025-12-13;2;0
25;2025-12-13;3;0
25;2025-12-13;4;10
25;2025-12-13;5;19
25;2025-12-13;6;92
25;2025-12-13;7;195
25;2025-12-13;8;317
25;2025-12-13;9;332
25;2025-12-13;10;335
25;2025-12-13;11;420
25;2025-12-13;12;469
25;2025-12-13;13;631
25;2025-12-13;14;675
25;2025-12-13;15;736
25;2025-12-13;16;692
25;2025-12-13;17;582
25;2025-12-13;18;540
25;2025-12-13;19;461
25;2025-12-13;20;312
25;2025-12-13;21;237
25;2025-12-13;22;143
25;2025-12-13;23;51
25;2025-12-14;0;21
25;2025-12-14;1;12
25;2025-12-14;2;0
25;2025-12-14;3;0
25;2025-12-14;4;10
25;2025-12-14;5;16
25;2025-12-14;6;72
25;2025-12-14;7;130
25;2025-12-14;8;216
25;2025-12-14;9;241
25;2025-12-14;10;255
25;2025-12-14;11;324
25;2025-12-14;12;383
25;2025-12-14;13;494
25;2025-12-14;14;526
25;2025-12-14;15;611
25;2025-12-14;16;522
25;2025-12-14;17;489
25;2025-12-14;18;450
25;2025-12-14;19;354
25;2025-12-14;20;261
25;2025-12-14;21;188
25;2025-12-14;22;116
25;2025-12-14;23;41
25;2025-12-15;0;13
25;2025-12-15;1;9
25;2025-12-15;2;0
25;2025-12-15;3;0
25;2025-12-15;4;13
25;2025-12-15;5;24
25;2025-12-15;6;184
25;2025-12-15;7;545
25;2025-12-15;8;906
25;2025-12-15;9;486
25;2025-12-15;10;358
25;2025-12-15;11;405
25;2025-12-15;12;412
25;2025-12-15;13;516
25;2025-12-15;14;478
25;2025-12-15;15;538
25;2025-12-15;16;681
25;2025-12-15;17;756
25;2025-12-15;18;815
25;2025-12-15;19;533
25;2025-12-15;20;329
25;2025-12-15;21;217
25;2025-12-15;22;107
25;2025-12-15;23;19
25;2025-12-16;0;13
25;2025-12-16;1;9
25;2025-12-16;2;0
25;2025-12-16;3;0
25;2025-12-16;4;13
25;2025-12-16;5;23
25;2025-12-16;6;194
25;2025-12-16;7;567
25;2025-12-16;8;928
25;2025-12-16;9;504
25;2025-12-16;10;385
25;2025-12-16;11;449
25;2025-12-16;12;441
25;2025-12-16;13;528
25;2025-12-16;14;504
25;2025-12-16;15;613
25;2025-12-16;16;720
25;2025-12-16;17;762
25;2025-12-16;18;801
25;2025-12-16;19;574
25;2025-12-16;20;335
25;2025-12-16;21;223
25;2025-12-16;22;112
25;2025-12-16;23;13
25;2025-12-17;0;12
25;2025-12-17;1;11
25;2025-12-17;2;0
25;2025-12-17;3;0
25;2025-12-17;4;13
25;2025-12-17;5;25
25;2025-12-17;6;198
25;2025-12-17;7;554
25;2025-12-17;8;922
25;2025-12-17;9;511
25;2025-12-17;10;401
25;2025-12-17;11;457
25;2025-12-17;12;467
25;2025-12-17;13;602
25;2025-12-17;14;524
25;2025-12-17;15;637
25;2025-12-17;16;725
25;2025-12-17;17;795
25;2025-12-17;18;817
25;2025-12-17;19;591
25;2025-12-17;20;353
25;2025-12-17;21;252
25;2025-12-17;22;122
25;2025-12-17;23;16
25;2025-12-18;0;12
25;2025-12-18;1;8
25;2025-12-18;2;0
25;2025-12-18;3;0
25;2025-12-18;4;13
25;2025-12-18;5;24
25;2025-12-18;6;198
25;2025-12-18;7;550
25;2025-12-18;8;922
25;2025-12-18;9;512
25;2025-12-18;10;412
25;2025-12-18;11;458
25;2025-12-18;12;463
25;2025-12-18;13;558
25;2025-12-18;14;536
25;2025-12-18;15;637
25;2025-12-18;16;732
25;2025-12-18;17;798
25;2025-12-18;18;808
25;2025-12-18;19;590
25;2025-12-18;20;343
25;2025-12-18;21;245
25;2025-12-18;22;122
25;2025-12-18;23;15
25;2025-12-19;0;14
25;2025-12-19;1;10
25;2025-12-19;2;0
25;2025-12-19;3;0
25;2025-12-19;4;13
25;2025-12-19;5;26
25;2025-12-19;6;204
25;2025-12-19;7;541
25;2025-12-19;8;898
25;2025-12-19;9;505
25;2025-12-19;10;413
25;2025-12-19;11;465
25;2025-12-19;12;479
25;2025-12-19;13;619
25;2025-12-19;14;589
25;2025-12-19;15;687
25;2025-12-19;16;783
25;2025-12-19;17;806
25;2025-12-19;18;732
25;2025-12-19;19;539
25;2025-12-19;20;329
25;2025-12-19;21;238
25;2025-12-19;22;129
25;2025-12-19;23;22
25;2025-12-20;0;21
25;2025-12-20;1;11
25;2025-12-20;2;0
25;2025-12-20;3;0
25;2025-12-20;4;10
25;2025-12-20;5;18
25;2025-12-20;6;92
25;2025-12-20;7;193
25;2025-12-20;8;314
25;2025-12-20;9;326
25;2025-12-20;10;328
25;2025-12-20;11;414
25;2025-12-20;12;463
25;2025-12-20;13;623
25;2025-12-20;14;663
25;2025-12-20;15;728
25;2025-12-20;16;681
25;2025-12-20;17;579
25;2025-12-20;18;539
25;2025-12-20;19;458
25;2025-12-20;20;312
25;2025-12-20;21;234
25;2025-12-20;22;141
25;2025-12-20;23;51
25;2025-12-21;0;21
25;2025-12-21;1;11
25;2025-12-21;2;0
25;2025-12-21;3;0
25;2025-12-21;4;10
25;2025-12-21;5;16
25;2025-12-21;6;73
25;2025-12-21;7;131
25;2025-12-21;8;218
25;2025-12-21;9;242
25;2025-12-21;10;257
25;2025-12-21;11;326
25;2025-12-21;12;386
25;2025-12-21;13;497
25;2025-12-21;14;530
25;2025-12-21;15;614
25;2025-12-21;16;529
25;2025-12-21;17;496
25;2025-12-21;18;456
25;2025-12-21;19;355
25;2025-12-21;20;266
25;2025-12-21;21;191
25;2025-12-21;22;110
25;2025-12-21;23;40
25;2025-12-22;0;13
25;2025-12-22;1;8
25;2025-12-22;2;0
25;2025-12-22;3;0
25;2025-12-22;4;11
25;2025-12-22;5;21
25;2025-12-22;6;185
25;2025-12-22;7;548
25;2025-12-22;8;905
25;2025-12-22;9;489
25;2025-12-22;10;366
25;2025-12-22;11;408
25;2025-12-22;12;414
25;2025-12-22;13;519
25;2025-12-22;14;480
25;2025-12-22;15;541
25;2025-12-22;16;684
25;2025-12-22;17;756
25;2025-12-22;18;816
25;2025-12-22;19;535
25;2025-12-22;20;335
25;2025-12-22;21;221
25;2025-12-22;22;105
25;2025-12-22;23;16
25;2025-12-23;0;11
25;2025-12-23;1;7
25;2025-12-23;2;0
25;2025-12-23;3;0
25;2025-12-23;4;12
25;2025-12-23;5;22
25;2025-12-23;6;195
25;2025-12-23;7;568
25;2025-12-23;8;930
25;2025-12-23;9;506
25;2025-12-23;10;396
25;2025-12-23;11;449
25;2025-12-23;12;440
25;2025-12-23;13;523
25;2025-12-23;14;499
25;2025-12-23;15;612
25;2025-12-23;16;720
25;2025-12-23;17;760
25;2025-12-23;18;797
25;2025-12-23;19;574
25;2025-12-23;20;331
25;2025-12-23;21;218
25;2025-12-23;22;113
25;2025-12-23;23;14
25;2025-12-24;0;12
25;2025-12-24;1;10
25;2025-12-24;2;0
25;2025-12-24;3;0
25;2025-12-24;4;13
25;2025-12-24;5;24
25;2025-12-24;6;199
25;2025-12-24;7;557
25;2025-12-24;8;933
25;2025-12-24;9;513
25;2025-12-24;10;403
25;2025-12-24;11;452
25;2025-12-24;12;461
25;2025-12-24;13;596
25;2025-12-24;14;515
25;2025-12-24;15;637
25;2025-12-24;16;724
25;2025-12-24;17;799
25;2025-12-24;18;823
25;2025-12-24;19;587
25;2025-12-24;20;353
25;2025-12-24;21;249
25;2025-12-24;22;119
25;2025-12-24;23;13
25;2025-12-25;0;10
25;2025-12-25;1;8
25;2025-12-25;2;0
25;2025-12-25;3;0
25;2025-12-25;4;12
25;2025-12-25;5;23
25;2025-12-25;6;197
25;2025-12-25;7;553
25;2025-12-25;8;927
25;2025-12-25;9;514
25;2025-12-25;10;414
25;2025-12-25;11;453
25;2025-12-25;12;459
25;2025-12-25;13;558
25;2025-12-25;14;533
25;2025-12-25;15;632
25;2025-12-25;16;731
25;2025-12-25;17;787
25;2025-12-25;18;806
25;2025-12-25;19;579
25;2025-12-25;20;332
25;2025-12-25;21;226
25;2025-12-25;22;117
25;2025-12-25;23;16
25;2025-12-26;0;14
25;2025-12-26;1;8
25;2025-12-26;2;0
25;2025-12-26;3;0
25;2025-12-26;4;13
25;2025-12-26;5;24
25;2025-12-26;6;198
25;2025-12-26;7;536
25;2025-12-26;8;890
25;2025-12-26;9;490
25;2025-12-26;10;414
25;2025-12-26;11;459
25;2025-12-26;12;467
25;2025-12-26;13;608
25;2025-12-26;14;583
25;2025-12-26;15;685
25;2025-12-26;16;770
25;2025-12-26;17;797
25;2025-12-26;18;722
25;2025-12-26;19;530
25;2025-12-26;20;335
25;2025-12-26;21;243
25;2025-12-26;22;129
25;2025-12-26;23;22
25;2025-12-27;0;21
25;2025-12-27;1;10
25;2025-12-27;2;0
25;2025-12-27;3;0
25;2025-12-27;4;10
25;2025-12-27;5;18
25;2025-12-27;6;91
25;2025-12-27;7;193
25;2025-12-27;8;317
25;2025-12-27;9;326
25;2025-12-27;10;326
25;2025-12-27;11;410
25;2025-12-27;12;458
25;2025-12-27;13;617
25;2025-12-27;14;655
25;2025-12-27;15;721
25;2025-12-27;16;671
25;2025-12-27;17;572
25;2025-12-27;18;528
25;2025-12-27;19;447
25;2025-12-27;20;304
25;2025-12-27;21;226
25;2025-12-27;22;140
25;2025-12-27;23;51
25;2025-12-28;0;21
25;2025-12-28;1;11
25;2025-12-28;2;0
25;2025-12-28;3;0
25;2025-12-28;4;10
25;2025-12-28;5;16
25;2025-12-28;6;70
25;2025-12-28;7;129
25;2025-12-28;8;213
25;2025-12-28;9;240
25;2025-12-28;10;252
25;2025-12-28;11;317
25;2025-12-28;12;377
25;2025-12-28;13;488
25;2025-12-28;14;518
25;2025-12-28;15;607
25;2025-12-28;16;520
25;2025-12-28;17;489
25;2025-12-28;18;447
25;2025-12-28;19;352
25;2025-12-28;20;261
25;2025-12-28;21;190
25;2025-12-28;22;114
25;2025-12-28;23;44
25;2025-12-29;0;17
25;2025-12-29;1;12
25;2025-12-29;2;0
25;2025-12-29;3;0
25;2025-12-29;4;14
25;2025-12-29;5;25
25;2025-12-29;6;180
25;2025-12-29;7;536
25;2025-12-29;8;874
25;2025-12-29;9;470
25;2025-12-29;10;353
25;2025-12-29;11;396
25;2025-12-29;12;402
25;2025-12-29;13;503
25;2025-12-29;14;462
25;2025-12-29;15;522
25;2025-12-29;16;656
25;2025-12-29;17;718
25;2025-12-29;18;765
25;2025-12-29;19;510
25;2025-12-29;20;321
25;2025-12-29;21;211
25;2025-12-29;22;106
25;2025-12-29;23;21
25;2025-12-30;0;16
25;2025-12-30;1;11
25;2025-12-30;2;0
25;2025-12-30;3;0
25;2025-12-30;4;17
25;2025-12-30;5;27
25;2025-12-30;6;182
25;2025-12-30;7;536
25;2025-12-30;8;873
25;2025-12-30;9;468
25;2025-12-30;10;377
25;2025-12-30;11;426
25;2025-12-30;12;418
25;2025-12-30;13;498
25;2025-12-30;14;481
25;2025-12-30;15;589
25;2025-12-30;16;684
25;2025-12-30;17;707
25;2025-12-30;18;725
25;2025-12-30;19;525
25;2025-12-30;20;312
25;2025-12-30;21;205
25;2025-12-30;22;110
25;2025-12-30;23;18
25;2025-12-31;0;20
25;2025-12-31;1;16
25;2025-12-31;2;0
25;2025-12-31;3;0
25;2025-12-31;4;14
25;2025-12-31;5;17
25;2025-12-31;6;107
25;2025-12-31;7;321
25;2025-12-31;8;471
25;2025-12-31;9;360
25;2025-12-31;10;308
25;2025-12-31;11;338
25;2025-12-31;12;366
25;2025-12-31;13;482
25;2025-12-31;14;442
25;2025-12-31;15;534
25;2025-12-31;16;554
25;2025-12-31;17;551
25;2025-12-31;18;538
25;2025-12-31;19;437
25;2025-12-31;20;305
25;2025-12-31;21;219
25;2025-12-31;22;127
25;2025-12-31;23;40
26;2025-11-01;0;51
26;2025-11-01;1;12
26;2025-11-01;2;0
26;2025-11-01;3;0
26;2025-11-01;4;13
26;2025-11-01;5;67
26;2025-11-01;6;312
26;2025-11-01;7;559
26;2025-11-01;8;947
26;2025-11-01;9;885
26;2025-11-01;10;926
26;2025-11-01;11;1001
26;2025-11-01;12;1044
26;2025-11-01;13;1067
26;2025-11-01;14;1084
26;2025-11-01;15;1074
26;2025-11-01;16;1111
26;2025-11-01;17;1124
26;2025-11-01;18;1040
26;2025-11-01;19;907
26;2025-11-01;20;621
26;2025-11-01;21;408
26;2025-11-01;22;240
26;2025-11-01;23;160
26;2025-11-02;0;54
26;2025-11-02;1;12
26;2025-11-02;2;0
26;2025-11-02;3;0
26;2025-11-02;4;5
26;2025-11-02;5;36
26;2025-11-02;6;172
26;2025-11-02;7;260
26;2025-11-02;8;379
26;2025-11-02;9;510
26;2025-11-02;10;570
26;2025-11-02;11;712
26;2025-11-02;12;781
26;2025-11-02;13;818
26;2025-11-02;14;817
26;2025-11-02;15;783
26;2025-11-02;16;754
26;2025-11-02;17;740
26;2025-11-02;18;675
26;2025-11-02;19;580
26;2025-11-02;20;404
26;2025-11-02;21;295
26;2025-11-02;22;190
26;2025-11-02;23;125
26;2025-11-03;0;56
26;2025-11-03;1;32
26;2025-11-03;2;0
26;2025-11-03;3;0
26;2025-11-03;4;24
26;2025-11-03;5;76
26;2025-11-03;6;328
26;2025-11-03;7;557
26;2025-11-03;8;883
26;2025-11-03;9;847
26;2025-11-03;10;780
26;2025-11-03;11;755
26;2025-11-03;12;754
26;2025-11-03;13;776
26;2025-11-03;14;782
26;2025-11-03;15;788
26;2025-11-03;16;810
26;2025-11-03;17;892
26;2025-11-03;18;962
26;2025-11-03;19;814
26;2025-11-03;20;590
26;2025-11-03;21;382
26;2025-11-03;22;223
26;2025-11-03;23;139
26;2025-11-04;0;51
26;2025-11-04;1;29
26;2025-11-04;2;0
26;2025-11-04;3;0
26;2025-11-04;4;22
26;2025-11-04;5;62
26;2025-11-04;6;312
26;2025-11-04;7;525
26;2025-11-04;8;776
26;2025-11-04;9;742
26;2025-11-04;10;695
26;2025-11-04;11;705
26;2025-11-04;12;721
26;2025-11-04;13;732
26;2025-11-04;14;741
26;2025-11-04;15;729
26;2025-11-04;16;745
26;2025-11-04;17;801
26;2025-11-04;18;897
26;2025-11-04;19;766
26;2025-11-04;20;561
26;2025-11-04;21;389
26;2025-11-04;22;214
26;2025-11-04;23;136
26;2025-11-05;0;34
26;2025-11-05;1;10
26;2025-11-05;2;0
26;2025-11-05;3;0
26;2025-11-05;4;9
26;2025-11-05;5;84
26;2025-11-05;6;479
26;2025-11-05;7;1044
26;2025-11-05;8;1909
26;2025-11-05;9;1352
26;2025-11-05;10;1191
26;2025-11-05;11;1092
26;2025-11-05;12;1122
26;2025-11-05;13;1148
26;2025-11-05;14;1209
26;2025-11-05;15;1269
26;2025-11-05;16;1363
26;2025-11-05;17;1548
26;2025-11-05;18;1667
26;2025-11-05;19;1191
26;2025-11-05;20;770
26;2025-11-05;21;473
26;2025-11-05;22;235
26;2025-11-05;23;126
26;2025-11-06;0;38
26;2025-11-06;1;9
26;2025-11-06;2;0
26;2025-11-06;3;0
26;2025-11-06;4;11
26;2025-11-06;5;88
26;2025-11-06;6;503
26;2025-11-06;7;1079
26;2025-11-06;8;2091
26;2025-11-06;9;1439
26;2025-11-06;10;1215
26;2025-11-06;11;1145
26;2025-11-06;12;1172
26;2025-11-06;13;1206
26;2025-11-06;14;1277
26;2025-11-06;15;1338
26;2025-11-06;16;1464
26;2025-11-06;17;1637
26;2025-11-06;18;1804
26;2025-11-06;19;1254
26;2025-11-06;20;783
26;2025-11-06;21;484
26;2025-11-06;22;243
26;2025-11-06;23;131
26;2025-11-07;0;36
26;2025-11-07;1;7
26;2025-11-07;2;0
26;2025-11-07;3;0
26;2025-11-07;4;10
26;2025-11-07;5;82
26;2025-11-07;6;493
26;2025-11-07;7;1010
26;2025-11-07;8;2003
26;2025-11-07;9;1369
26;2025-11-07;10;1203
26;2025-11-07;11;1117
26;2025-11-07;12;1158
26;2025-11-07;13;1178
26;2025-11-07;14;1261
26;2025-11-07;15;1338
26;2025-11-07;16;1572
26;2025-11-07;17;1664
26;2025-11-07;18;1416
26;2025-11-07;19;1138
26;2025-11-07;20;747
26;2025-11-07;21;467
26;2025-11-07;22;246
26;2025-11-07;23;143
26;2025-11-08;0;44
26;2025-11-08;1;5
26;2025-11-08;2;0
26;2025-11-08;3;0
26;2025-11-08;4;4
26;2025-11-08;5;51
26;2025-11-08;6;253
26;2025-11-08;7;372
26;2025-11-08;8;625
26;2025-11-08;9;714
26;2025-11-08;10;825
26;2025-11-08;11;944
26;2025-11-08;12;1000
26;2025-11-08;13;1016
26;2025-11-08;14;1029
26;2025-11-08;15;988
26;2025-11-08;16;994
26;2025-11-08;17;961
26;2025-11-08;18;896
26;2025-11-08;19;807
26;2025-11-08;20;576
26;2025-11-08;21;396
26;2025-11-08;22;248
26;2025-11-08;23;153
26;2025-11-09;0;52
26;2025-11-09;1;10
26;2025-11-09;2;0
26;2025-11-09;3;0
26;2025-11-09;4;2
26;2025-11-09;5;33
26;2025-11-09;6;173
26;2025-11-09;7;258
26;2025-11-09;8;385
26;2025-11-09;9;517
26;2025-11-09;10;606
26;2025-11-09;11;741
26;2025-11-09;12;808
26;2025-11-09;13;840
26;2025-11-09;14;839
26;2025-11-09;15;805
26;2025-11-09;16;783
26;2025-11-09;17;766
26;2025-11-09;18;715
26;2025-11-09;19;601
26;2025-11-09;20;422
26;2025-11-09;21;308
26;2025-11-09;22;200
26;2025-11-09;23;121
26;2025-11-10;0;31
26;2025-11-10;1;8
26;2025-11-10;2;0
26;2025-11-10;3;0
26;2025-11-10;4;5
26;2025-11-10;5;85
26;2025-11-10;6;467
26;2025-11-10;7;895
26;2025-11-10;8;1680
26;2025-11-10;9;1299
26;2025-11-10;10;1081
26;2025-11-10;11;1000
26;2025-11-10;12;1017
26;2025-11-10;13;1049
26;2025-11-10;14;1060
26;2025-11-10;15;1112
26;2025-11-10;16;1232
26;2025-11-10;17;1468
26;2025-11-10;18;1662
26;2025-11-10;19;1147
26;2025-11-10;20;756
26;2025-11-10;21;430
26;2025-11-10;22;223
26;2025-11-10;23;122
26;2025-11-11;0;33
26;2025-11-11;1;6
26;2025-11-11;2;0
26;2025-11-11;3;0
26;2025-11-11;4;6
26;2025-11-11;5;85
26;2025-11-11;6;465
26;2025-11-11;7;922
26;2025-11-11;8;1688
26;2025-11-11;9;1335
26;2025-11-11;10;1120
26;2025-11-11;11;1035
26;2025-11-11;12;1048
26;2025-11-11;13;1065
26;2025-11-11;14;1089
26;2025-11-11;15;1148
26;2025-11-11;16;1287
26;2025-11-11;17;1517
26;2025-11-11;18;1669
26;2025-11-11;19;1164
26;2025-11-11;20;774
26;2025-11-11;21;455
26;2025-11-11;22;233
26;2025-11-11;23;129
26;2025-11-12;0;35
26;2025-11-12;1;6
26;2025-11-12;2;0
26;2025-11-12;3;0
26;2025-11-12;4;7
26;2025-11-12;5;89
26;2025-11-12;6;495
26;2025-11-12;7;1062
26;2025-11-12;8;1986
26;2025-11-12;9;1406
26;2025-11-12;10;1203
26;2025-11-12;11;1120
26;2025-11-12;12;1146
26;2025-11-12;13;1183
26;2025-11-12;14;1215
26;2025-11-12;15;1278
26;2025-11-12;16;1416
26;2025-11-12;17;1639
26;2025-11-12;18;1770
26;2025-11-12;19;1239
26;2025-11-12;20;791
26;2025-11-12;21;495
26;2025-11-12;22;255
26;2025-11-12;23;132
26;2025-11-13;0;40
26;2025-11-13;1;7
26;2025-11-13;2;0
26;2025-11-13;3;0
26;2025-11-13;4;8
26;2025-11-13;5;90
26;2025-11-13;6;514
26;2025-11-13;7;1092
26;2025-11-13;8;2119
26;2025-11-13;9;1465
26;2025-11-13;10;1226
26;2025-11-13;11;1158
26;2025-11-13;12;1184
26;2025-11-13;13;1203
26;2025-11-13;14;1255
26;2025-11-13;15;1332
26;2025-11-13;16;1482
26;2025-11-13;17;1665
26;2025-11-13;18;1830
26;2025-11-13;19;1255
26;2025-11-13;20;799
26;2025-11-13;21;490
26;2025-11-13;22;252
26;2025-11-13;23;134
26;2025-11-14;0;35
26;2025-11-14;1;4
26;2025-11-14;2;0
26;2025-11-14;3;0
26;2025-11-14;4;7
26;2025-11-14;5;85
26;2025-11-14;6;505
26;2025-11-14;7;1054
26;2025-11-14;8;2054
26;2025-11-14;9;1394
26;2025-11-14;10;1211
26;2025-11-14;11;1159
26;2025-11-14;12;1200
26;2025-11-14;13;1232
26;2025-11-14;14;1263
26;2025-11-14;15;1359
26;2025-11-14;16;1589
26;2025-11-14;17;1685
26;2025-11-14;18;1472
26;2025-11-14;19;1152
26;2025-11-14;20;755
26;2025-11-14;21;469
26;2025-11-14;22;248
26;2025-11-14;23;145
26;2025-11-15;0;44
26;2025-11-15;1;1
26;2025-11-15;2;0
26;2025-11-15;3;0
26;2025-11-15;4;1
26;2025-11-15;5;47
26;2025-11-15;6;247
26;2025-11-15;7;377
26;2025-11-15;8;629
26;2025-11-15;9;705
26;2025-11-15;10;826
26;2025-11-15;11;960
26;2025-11-15;12;1011
26;2025-11-15;13;1025
26;2025-11-15;14;1029
26;2025-11-15;15;989
26;2025-11-15;16;992
26;2025-11-15;17;954
26;2025-11-15;18;894
26;2025-11-15;19;798
26;2025-11-15;20;566
26;2025-11-15;21;387
26;2025-11-15;22;246
26;2025-11-15;23;145
26;2025-11-16;0;50
26;2025-11-16;1;8
26;2025-11-16;2;0
26;2025-11-16;3;0
26;2025-11-16;4;3
26;2025-11-16;5;31
26;2025-11-16;6;173
26;2025-11-16;7;264
26;2025-11-16;8;387
26;2025-11-16;9;528
26;2025-11-16;10;615
26;2025-11-16;11;755
26;2025-11-16;12;822
26;2025-11-16;13;858
26;2025-11-16;14;849
26;2025-11-16;15;811
26;2025-11-16;16;793
26;2025-11-16;17;776
26;2025-11-16;18;714
26;2025-11-16;19;598
26;2025-11-16;20;419
26;2025-11-16;21;300
26;2025-11-16;22;199
26;2025-11-16;23;116
26;2025-11-17;0;29
26;2025-11-17;1;2
26;2025-11-17;2;0
26;2025-11-17;3;0
26;2025-11-17;4;4
26;2025-11-17;5;85
26;2025-11-17;6;498
26;2025-11-17;7;940
26;2025-11-17;8;1870
26;2025-11-17;9;1373
26;2025-11-17;10;1155
26;2025-11-17;11;1066
26;2025-11-17;12;1090
26;2025-11-17;13;1123
26;2025-11-17;14;1135
26;2025-11-17;15;1222
26;2025-11-17;16;1378
26;2025-11-17;17;1631
26;2025-11-17;18;1789
26;2025-11-17;19;1241
26;2025-11-17;20;785
26;2025-11-17;21;448
26;2025-11-17;22;225
26;2025-11-17;23;114
26;2025-11-18;0;31
26;2025-11-18;1;6
26;2025-11-18;2;0
26;2025-11-18;3;0
26;2025-11-18;4;10
26;2025-11-18;5;89
26;2025-11-18;6;502
26;2025-11-18;7;972
26;2025-11-18;8;1940
26;2025-11-18;9;1438
26;2025-11-18;10;1203
26;2025-11-18;11;1117
26;2025-11-18;12;1136
26;2025-11-18;13;1164
26;2025-11-18;14;1200
26;2025-11-18;15;1263
26;2025-11-18;16;1408
26;2025-11-18;17;1668
26;2025-11-18;18;1809
26;2025-11-18;19;1249
26;2025-11-18;20;804
26;2025-11-18;21;473
26;2025-11-18;22;239
26;2025-11-18;23;126
26;2025-11-19;0;34
26;2025-11-19;1;5
26;2025-11-19;2;0
26;2025-11-19;3;0
26;2025-11-19;4;10
26;2025-11-19;5;92
26;2025-11-19;6;506
26;2025-11-19;7;1079
26;2025-11-19;8;2081
26;2025-11-19;9;1460
26;2025-11-19;10;1221
26;2025-11-19;11;1148
26;2025-11-19;12;1179
26;2025-11-19;13;1216
26;2025-11-19;14;1243
26;2025-11-19;15;1308
26;2025-11-19;16;1453
26;2025-11-19;17;1671
26;2025-11-19;18;1806
26;2025-11-19;19;1245
26;2025-11-19;20;795
26;2025-11-19;21;500
26;2025-11-19;22;253
26;2025-11-19;23;131
26;2025-11-20;0;39
26;2025-11-20;1;6
26;2025-11-20;2;0
26;2025-11-20;3;0
26;2025-11-20;4;11
26;2025-11-20;5;92
26;2025-11-20;6;520
26;2025-11-20;7;1095
26;2025-11-20;8;2152
26;2025-11-20;9;1487
26;2025-11-20;10;1235
26;2025-11-20;11;1167
26;2025-11-20;12;1198
26;2025-11-20;13;1216
26;2025-11-20;14;1262
26;2025-11-20;15;1347
26;2025-11-20;16;1506
26;2025-11-20;17;1691
26;2025-11-20;18;1865
26;2025-11-20;19;1258
26;2025-11-20;20;799
26;2025-11-20;21;492
26;2025-11-20;22;251
26;2025-11-20;23;135
26;2025-11-21;0;37
26;2025-11-21;1;4
26;2025-11-21;2;0
26;2025-11-21;3;0
26;2025-11-21;4;8
26;2025-11-21;5;87
26;2025-11-21;6;513
26;2025-11-21;7;1079
26;2025-11-21;8;2106
26;2025-11-21;9;1409
26;2025-11-21;10;1225
26;2025-11-21;11;1168
26;2025-11-21;12;1201
26;2025-11-21;13;1236
26;2025-11-21;14;1276
26;2025-11-21;15;1388
26;2025-11-21;16;1616
26;2025-11-21;17;1722
26;2025-11-21;18;1513
26;2025-11-21;19;1177
26;2025-11-21;20;765
26;2025-11-21;21;474
26;2025-11-21;22;260
26;2025-11-21;23;148
26;2025-11-22;0;44
26;2025-11-22;1;2
26;2025-11-22;2;0
26;2025-11-22;3;0
26;2025-11-22;4;2
26;2025-11-22;5;47
26;2025-11-22;6;250
26;2025-11-22;7;385
26;2025-11-22;8;646
26;2025-11-22;9;717
26;2025-11-22;10;834
26;2025-11-22;11;980
26;2025-11-22;12;1031
26;2025-11-22;13;1051
26;2025-11-22;14;1050
26;2025-11-22;15;1008
26;2025-11-22;16;1011
26;2025-11-22;17;975
26;2025-11-22;18;911
26;2025-11-22;19;802
26;2025-11-22;20;579
26;2025-11-22;21;393
26;2025-11-22;22;252
26;2025-11-22;23;151
26;2025-11-23;0;52
26;2025-11-23;1;10
26;2025-11-23;2;0
26;2025-11-23;3;0
26;2025-11-23;4;4
26;2025-11-23;5;34
26;2025-11-23;6;177
26;2025-11-23;7;271
26;2025-11-23;8;390
26;2025-11-23;9;532
26;2025-11-23;10;622
26;2025-11-23;11;769
26;2025-11-23;12;831
26;2025-11-23;13;870
26;2025-11-23;14;860
26;2025-11-23;15;826
26;2025-11-23;16;810
26;2025-11-23;17;795
26;2025-11-23;18;734
26;2025-11-23;19;607
26;2025-11-23;20;425
26;2025-11-23;21;303
26;2025-11-23;22;201
26;2025-11-23;23;115
26;2025-11-24;0;28
26;2025-11-24;1;4
26;2025-11-24;2;0
26;2025-11-24;3;0
26;2025-11-24;4;6
26;2025-11-24;5;86
26;2025-11-24;6;509
26;2025-11-24;7;967
26;2025-11-24;8;1920
26;2025-11-24;9;1421
26;2025-11-24;10;1198
26;2025-11-24;11;1113
26;2025-11-24;12;1133
26;2025-11-24;13;1186
26;2025-11-24;14;1204
26;2025-11-24;15;1279
26;2025-11-24;16;1454
26;2025-11-24;17;1680
26;2025-11-24;18;1834
26;2025-11-24;19;1249
26;2025-11-24;20;790
26;2025-11-24;21;449
26;2025-11-24;22;226
26;2025-11-24;23;117
26;2025-11-25;0;33
26;2025-11-25;1;4
26;2025-11-25;2;0
26;2025-11-25;3;0
26;2025-11-25;4;9
26;2025-11-25;5;90
26;2025-11-25;6;520
26;2025-11-25;7;1039
26;2025-11-25;8;2069
26;2025-11-25;9;1486
26;2025-11-25;10;1253
26;2025-11-25;11;1162
26;2025-11-25;12;1184
26;2025-11-25;13;1212
26;2025-11-25;14;1242
26;2025-11-25;15;1306
26;2025-11-25;16;1490
26;2025-11-25;17;1719
26;2025-11-25;18;1866
26;2025-11-25;19;1272
26;2025-11-25;20;807
26;2025-11-25;21;482
26;2025-11-25;22;242
26;2025-11-25;23;125
26;2025-11-26;0;32
26;2025-11-26;1;2
26;2025-11-26;2;0
26;2025-11-26;3;0
26;2025-11-26;4;7
26;2025-11-26;5;88
26;2025-11-26;6;516
26;2025-11-26;7;1097
26;2025-11-26;8;2160
26;2025-11-26;9;1484
26;2025-11-26;10;1235
26;2025-11-26;11;1160
26;2025-11-26;12;1202
26;2025-11-26;13;1228
26;2025-11-26;14;1259
26;2025-11-26;15;1325
26;2025-11-26;16;1485
26;2025-11-26;17;1697
26;2025-11-26;18;1821
26;2025-11-26;19;1256
26;2025-11-26;20;794
26;2025-11-26;21;504
26;2025-11-26;22;257
26;2025-11-26;23;133
26;2025-11-27;0;41
26;2025-11-27;1;4
26;2025-11-27;2;0
26;2025-11-27;3;0
26;2025-11-27;4;8
26;2025-11-27;5;92
26;2025-11-27;6;521
26;2025-11-27;7;1107
26;2025-11-27;8;2211
26;2025-11-27;9;1488
26;2025-11-27;10;1235
26;2025-11-27;11;1172
26;2025-11-27;12;1205
26;2025-11-27;13;1227
26;2025-11-27;14;1264
26;2025-11-27;15;1349
26;2025-11-27;16;1515
26;2025-11-27;17;1702
26;2025-11-27;18;1861
26;2025-11-27;19;1259
26;2025-11-27;20;796
26;2025-11-27;21;497
26;2025-11-27;22;258
26;2025-11-27;23;137
26;2025-11-28;0;37
26;2025-11-28;1;4
26;2025-11-28;2;0
26;2025-11-28;3;0
26;2025-11-28;4;8
26;2025-11-28;5;88
26;2025-11-28;6;516
26;2025-11-28;7;1089
26;2025-11-28;8;2143
26;2025-11-28;9;1423
26;2025-11-28;10;1230
26;2025-11-28;11;1177
26;2025-11-28;12;1210
26;2025-11-28;13;1250
26;2025-11-28;14;1282
26;2025-11-28;15;1404
26;2025-11-28;16;1630
26;2025-11-28;17;1734
26;2025-11-28;18;1517
26;2025-11-28;19;1180
26;2025-11-28;20;768
26;2025-11-28;21;476
26;2025-11-28;22;263
26;2025-11-28;23;150
26;2025-11-29;0;46
26;2025-11-29;1;4
26;2025-11-29;2;0
26;2025-11-29;3;0
26;2025-11-29;4;4
26;2025-11-29;5;52
26;2025-11-29;6;257
26;2025-11-29;7;394
26;2025-11-29;8;659
26;2025-11-29;9;733
26;2025-11-29;10;844
26;2025-11-29;11;989
26;2025-11-29;12;1048
26;2025-11-29;13;1070
26;2025-11-29;14;1065
26;2025-11-29;15;1030
26;2025-11-29;16;1038
26;2025-11-29;17;994
26;2025-11-29;18;932
26;2025-11-29;19;834
26;2025-11-29;20;603
26;2025-11-29;21;400
26;2025-11-29;22;260
26;2025-11-29;23;156
26;2025-11-30;0;54
26;2025-11-30;1;8
26;2025-11-30;2;0
26;2025-11-30;3;0
26;2025-11-30;4;2
26;2025-11-30;5;35
26;2025-11-30;6;179
26;2025-11-30;7;277
26;2025-11-30;8;397
26;2025-11-30;9;545
26;2025-11-30;10;640
26;2025-11-30;11;790
26;2025-11-30;12;853
26;2025-11-30;13;896
26;2025-11-30;14;885
26;2025-11-30;15;850
26;2025-11-30;16;836
26;2025-11-30;17;827
26;2025-11-30;18;772
26;2025-11-30;19;655
26;2025-11-30;20;455
26;2025-11-30;21;331
26;2025-11-30;22;217
26;2025-11-30;23;129
26;2025-12-01;0;30
26;2025-12-01;1;4
26;2025-12-01;2;0
26;2025-12-01;3;0
26;2025-12-01;4;5
26;2025-12-01;5;83
26;2025-12-01;6;499
26;2025-12-01;7;1020
26;2025-12-01;8;2036
26;2025-12-01;9;1426
26;2025-12-01;10;1191
26;2025-12-01;11;1112
26;2025-12-01;12;1145
26;2025-12-01;13;1188
26;2025-12-01;14;1209
26;2025-12-01;15;1292
26;2025-12-01;16;1463
26;2025-12-01;17;1692
26;2025-12-01;18;1870
26;2025-12-01;19;1261
26;2025-12-01;20;773
26;2025-12-01;21;447
26;2025-12-01;22;221
26;2025-12-01;23;119
26;2025-12-02;0;32
26;2025-12-02;1;6
26;2025-12-02;2;0
26;2025-12-02;3;0
26;2025-12-02;4;9
26;2025-12-02;5;86
26;2025-12-02;6;504
26;2025-12-02;7;1094
26;2025-12-02;8;2182
26;2025-12-02;9;1499
26;2025-12-02;10;1244
26;2025-12-02;11;1144
26;2025-12-02;12;1191
26;2025-12-02;13;1216
26;2025-12-02;14;1254
26;2025-12-02;15;1330
26;2025-12-02;16;1519
26;2025-12-02;17;1750
26;2025-12-02;18;1919
26;2025-12-02;19;1287
26;2025-12-02;20;791
26;2025-12-02;21;475
26;2025-12-02;22;236
26;2025-12-02;23;127
26;2025-12-03;0;34
26;2025-12-03;1;4
26;2025-12-03;2;0
26;2025-12-03;3;0
26;2025-12-03;4;8
26;2025-12-03;5;88
26;2025-12-03;6;499
26;2025-12-03;7;1114
26;2025-12-03;8;2248
26;2025-12-03;9;1499
26;2025-12-03;10;1234
26;2025-12-03;11;1149
26;2025-12-03;12;1196
26;2025-12-03;13;1231
26;2025-12-03;14;1274
26;2025-12-03;15;1354
26;2025-12-03;16;1504
26;2025-12-03;17;1717
26;2025-12-03;18;1855
26;2025-12-03;19;1265
26;2025-12-03;20;781
26;2025-12-03;21;495
26;2025-12-03;22;247
26;2025-12-03;23;129
26;2025-12-04;0;38
26;2025-12-04;1;4
26;2025-12-04;2;0
26;2025-12-04;3;0
26;2025-12-04;4;8
26;2025-12-04;5;88
26;2025-12-04;6;500
26;2025-12-04;7;1108
26;2025-12-04;8;2239
26;2025-12-04;9;1489
26;2025-12-04;10;1225
26;2025-12-04;11;1155
26;2025-12-04;12;1190
26;2025-12-04;13;1216
26;2025-12-04;14;1270
26;2025-12-04;15;1360
26;2025-12-04;16;1520
26;2025-12-04;17;1712
26;2025-12-04;18;1886
26;2025-12-04;19;1263
26;2025-12-04;20;779
26;2025-12-04;21;488
26;2025-12-04;22;247
26;2025-12-04;23;134
26;2025-12-05;0;38
26;2025-12-05;1;4
26;2025-12-05;2;0
26;2025-12-05;3;0
26;2025-12-05;4;9
26;2025-12-05;5;86
26;2025-12-05;6;496
26;2025-12-05;7;1088
26;2025-12-05;8;2168
26;2025-12-05;9;1407
26;2025-12-05;10;1209
26;2025-12-05;11;1152
26;2025-12-05;12;1189
26;2025-12-05;13;1235
26;2025-12-05;14;1282
26;2025-12-05;15;1404
26;2025-12-05;16;1622
26;2025-12-05;17;1740
26;2025-12-05;18;1526
26;2025-12-05;19;1150
26;2025-12-05;20;741
26;2025-12-05;21;455
26;2025-12-05;22;238
26;2025-12-05;23;144
26;2025-12-06;0;45
26;2025-12-06;1;4
26;2025-12-06;2;0
26;2025-12-06;3;0
26;2025-12-06;4;5
26;2025-12-06;5;51
26;2025-12-06;6;240
26;2025-12-06;7;381
26;2025-12-06;8;653
26;2025-12-06;9;707
26;2025-12-06;10;815
26;2025-12-06;11;958
26;2025-12-06;12;1027
26;2025-12-06;13;1057
26;2025-12-06;14;1057
26;2025-12-06;15;1012
26;2025-12-06;16;1028
26;2025-12-06;17;977
26;2025-12-06;18;912
26;2025-12-06;19;793
26;2025-12-06;20;564
26;2025-12-06;21;376
26;2025-12-06;22;234
26;2025-12-06;23;143
26;2025-12-07;0;50
26;2025-12-07;1;7
26;2025-12-07;2;0
26;2025-12-07;3;0
26;2025-12-07;4;3
26;2025-12-07;5;31
26;2025-12-07;6;167
26;2025-12-07;7;259
26;2025-12-07;8;378
26;2025-12-07;9;513
26;2025-12-07;10;602
26;2025-12-07;11;750
26;2025-12-07;12;815
26;2025-12-07;13;863
26;2025-12-07;14;863
26;2025-12-07;15;817
26;2025-12-07;16;796
26;2025-12-07;17;787
26;2025-12-07;18;724
26;2025-12-07;19;596
26;2025-12-07;20;416
26;2025-12-07;21;299
26;2025-12-07;22;195
26;2025-12-07;23;120
26;2025-12-08;0;30
26;2025-12-08;1;4
26;2025-12-08;2;0
26;2025-12-08;3;0
26;2025-12-08;4;5
26;2025-12-08;5;84
26;2025-12-08;6;500
26;2025-12-08;7;1060
26;2025-12-08;8;2084
26;2025-12-08;9;1424
26;2025-12-08;10;1189
26;2025-12-08;11;1103
26;2025-12-08;12;1142
26;2025-12-08;13;1185
26;2025-12-08;14;1209
26;2025-12-08;15;1299
26;2025-12-08;16;1470
26;2025-12-08;17;1704
26;2025-12-08;18;1878
26;2025-12-08;19;1265
26;2025-12-08;20;767
26;2025-12-08;21;432
26;2025-12-08;22;210
26;2025-12-08;23;116
26;2025-12-09;0;31
26;2025-12-09;1;6
26;2025-12-09;2;0
26;2025-12-09;3;0
26;2025-12-09;4;8
26;2025-12-09;5;88
26;2025-12-09;6;503
26;2025-12-09;7;1110
26;2025-12-09;8;2183
26;2025-12-09;9;1484
26;2025-12-09;10;1232
26;2025-12-09;11;1138
26;2025-12-09;12;1172
26;2025-12-09;13;1204
26;2025-12-09;14;1242
26;2025-12-09;15;1319
26;2025-12-09;16;1500
26;2025-12-09;17;1709
26;2025-12-09;18;1871
26;2025-12-09;19;1263
26;2025-12-09;20;782
26;2025-12-09;21;457
26;2025-12-09;22;218
26;2025-12-09;23;118
26;2025-12-10;0;31
26;2025-12-10;1;4
26;2025-12-10;2;0
26;2025-12-10;3;0
26;2025-12-10;4;8
26;2025-12-10;5;88
26;2025-12-10;6;502
26;2025-12-10;7;1116
26;2025-12-10;8;2234
26;2025-12-10;9;1487
26;2025-12-10;10;1235
26;2025-12-10;11;1155
26;2025-12-10;12;1196
26;2025-12-10;13;1240
26;2025-12-10;14;1278
26;2025-12-10;15;1359
26;2025-12-10;16;1497
26;2025-12-10;17;1705
26;2025-12-10;18;1844
26;2025-12-10;19;1264
26;2025-12-10;20;780
26;2025-12-10;21;494
26;2025-12-10;22;241
26;2025-12-10;23;125
26;2025-12-11;0;37
26;2025-12-11;1;4
26;2025-12-11;2;0
26;2025-12-11;3;0
26;2025-12-11;4;8
26;2025-12-11;5;88
26;2025-12-11;6;499
26;2025-12-11;7;1094
26;2025-12-11;8;2213
26;2025-12-11;9;1468
26;2025-12-11;10;1216
26;2025-12-11;11;1155
26;2025-12-11;12;1183
26;2025-12-11;13;1209
26;2025-12-11;14;1259
26;2025-12-11;15;1359
26;2025-12-11;16;1510
26;2025-12-11;17;1694
26;2025-12-11;18;1862
26;2025-12-11;19;1251
26;2025-12-11;20;781
26;2025-12-11;21;483
26;2025-12-11;22;240
26;2025-12-11;23;129
26;2025-12-12;0;35
26;2025-12-12;1;4
26;2025-12-12;2;0
26;2025-12-12;3;0
26;2025-12-12;4;9
26;2025-12-12;5;86
26;2025-12-12;6;497
26;2025-12-12;7;1080
26;2025-12-12;8;2148
26;2025-12-12;9;1388
26;2025-12-12;10;1200
26;2025-12-12;11;1139
26;2025-12-12;12;1175
26;2025-12-12;13;1225
26;2025-12-12;14;1271
26;2025-12-12;15;1392
26;2025-12-12;16;1604
26;2025-12-12;17;1700
26;2025-12-12;18;1499
26;2025-12-12;19;1128
26;2025-12-12;20;728
26;2025-12-12;21;444
26;2025-12-12;22;222
26;2025-12-12;23;137
26;2025-12-13;0;42
26;2025-12-13;1;3
26;2025-12-13;2;0
26;2025-12-13;3;0
26;2025-12-13;4;4
26;2025-12-13;5;49
26;2025-12-13;6;242
26;2025-12-13;7;380
26;2025-12-13;8;635
26;2025-12-13;9;689
26;2025-12-13;10;800
26;2025-12-13;11;933
26;2025-12-13;12;998
26;2025-12-13;13;1037
26;2025-12-13;14;1043
26;2025-12-13;15;1003
26;2025-12-13;16;1015
26;2025-12-13;17;962
26;2025-12-13;18;897
26;2025-12-13;19;782
26;2025-12-13;20;554
26;2025-12-13;21;364
26;2025-12-13;22;222
26;2025-12-13;23;137
26;2025-12-14;0;49
26;2025-12-14;1;8
26;2025-12-14;2;0
26;2025-12-14;3;0
26;2025-12-14;4;3
26;2025-12-14;5;31
26;2025-12-14;6;167
26;2025-12-14;7;257
26;2025-12-14;8;375
26;2025-12-14;9;504
26;2025-12-14;10;593
26;2025-12-14;11;732
26;2025-12-14;12;801
26;2025-12-14;13;842
26;2025-12-14;14;842
26;2025-12-14;15;801
26;2025-12-14;16;781
26;2025-12-14;17;765
26;2025-12-14;18;699
26;2025-12-14;19;584
26;2025-12-14;20;406
26;2025-12-14;21;289
26;2025-12-14;22;191
26;2025-12-14;23;117
26;2025-12-15;0;30
26;2025-12-15;1;5
26;2025-12-15;2;0
26;2025-12-15;3;0
26;2025-12-15;4;7
26;2025-12-15;5;85
26;2025-12-15;6;501
26;2025-12-15;7;1087
26;2025-12-15;8;2105
26;2025-12-15;9;1430
26;2025-12-15;10;1195
26;2025-12-15;11;1105
26;2025-12-15;12;1148
26;2025-12-15;13;1191
26;2025-12-15;14;1216
26;2025-12-15;15;1316
26;2025-12-15;16;1485
26;2025-12-15;17;1708
26;2025-12-15;18;1891
26;2025-12-15;19;1286
26;2025-12-15;20;771
26;2025-12-15;21;437
26;2025-12-15;22;213
26;2025-12-15;23;117
26;2025-12-16;0;34
26;2025-12-16;1;7
26;2025-12-16;2;0
26;2025-12-16;3;0
26;2025-12-16;4;11
26;2025-12-16;5;91
26;2025-12-16;6;508
26;2025-12-16;7;1122
26;2025-12-16;8;2194
26;2025-12-16;9;1488
26;2025-12-16;10;1230
26;2025-12-16;11;1141
26;2025-12-16;12;1177
26;2025-12-16;13;1202
26;2025-12-16;14;1241
26;2025-12-16;15;1322
26;2025-12-16;16;1505
26;2025-12-16;17;1712
26;2025-12-16;18;1877
26;2025-12-16;19;1269
26;2025-12-16;20;790
26;2025-12-16;21;463
26;2025-12-16;22;226
26;2025-12-16;23;121
26;2025-12-17;0;32
26;2025-12-17;1;5
26;2025-12-17;2;0
26;2025-12-17;3;0
26;2025-12-17;4;11
26;2025-12-17;5;92
26;2025-12-17;6;506
26;2025-12-17;7;1115
26;2025-12-17;8;2220
26;2025-12-17;9;1486
26;2025-12-17;10;1244
26;2025-12-17;11;1159
26;2025-12-17;12;1199
26;2025-12-17;13;1237
26;2025-12-17;14;1283
26;2025-12-17;15;1362
26;2025-12-17;16;1502
26;2025-12-17;17;1706
26;2025-12-17;18;1846
26;2025-12-17;19;1272
26;2025-12-17;20;786
26;2025-12-17;21;494
26;2025-12-17;22;244
26;2025-12-17;23;128
26;2025-12-18;0;35
26;2025-12-18;1;5
26;2025-12-18;2;0
26;2025-12-18;3;0
26;2025-12-18;4;11
26;2025-12-18;5;90
26;2025-12-18;6;506
26;2025-12-18;7;1103
26;2025-12-18;8;2218
26;2025-12-18;9;1480
26;2025-12-18;10;1236
26;2025-12-18;11;1165
26;2025-12-18;12;1196
26;2025-12-18;13;1221
26;2025-12-18;14;1271
26;2025-12-18;15;1370
26;2025-12-18;16;1523
26;2025-12-18;17;1699
26;2025-12-18;18;1872
26;2025-12-18;19;1265
26;2025-12-18;20;787
26;2025-12-18;21;489
26;2025-12-18;22;246
26;2025-12-18;23;135
26;2025-12-19;0;37
26;2025-12-19;1;7
26;2025-12-19;2;0
26;2025-12-19;3;0
26;2025-12-19;4;13
26;2025-12-19;5;88
26;2025-12-19;6;502
26;2025-12-19;7;1088
26;2025-12-19;8;2159
26;2025-12-19;9;1408
26;2025-12-19;10;1210
26;2025-12-19;11;1155
26;2025-12-19;12;1192
26;2025-12-19;13;1236
26;2025-12-19;14;1278
26;2025-12-19;15;1400
26;2025-12-19;16;1624
26;2025-12-19;17;1740
26;2025-12-19;18;1526
26;2025-12-19;19;1157
26;2025-12-19;20;741
26;2025-12-19;21;448
26;2025-12-19;22;231
26;2025-12-19;23;142
26;2025-12-20;0;44
26;2025-12-20;1;5
26;2025-12-20;2;0
26;2025-12-20;3;0
26;2025-12-20;4;7
26;2025-12-20;5;50
26;2025-12-20;6;243
26;2025-12-20;7;381
26;2025-12-20;8;644
26;2025-12-20;9;702
26;2025-12-20;10;812
26;2025-12-20;11;956
26;2025-12-20;12;1016
26;2025-12-20;13;1045
26;2025-12-20;14;1048
26;2025-12-20;15;1003
26;2025-12-20;16;1014
26;2025-12-20;17;968
26;2025-12-20;18;899
26;2025-12-20;19;782
26;2025-12-20;20;558
26;2025-12-20;21;365
26;2025-12-20;22;225
26;2025-12-20;23;138
26;2025-12-21;0;48
26;2025-12-21;1;8
26;2025-12-21;2;0
26;2025-12-21;3;0
26;2025-12-21;4;6
26;2025-12-21;5;31
26;2025-12-21;6;170
26;2025-12-21;7;262
26;2025-12-21;8;378
26;2025-12-21;9;513
26;2025-12-21;10;600
26;2025-12-21;11;745
26;2025-12-21;12;811
26;2025-12-21;13;854
26;2025-12-21;14;848
26;2025-12-21;15;810
26;2025-12-21;16;794
26;2025-12-21;17;783
26;2025-12-21;18;714
26;2025-12-21;19;587
26;2025-12-21;20;409
26;2025-12-21;21;293
26;2025-12-21;22;183
26;2025-12-21;23;114
26;2025-12-22;0;30
26;2025-12-22;1;5
26;2025-12-22;2;0
26;2025-12-22;3;0
26;2025-12-22;4;10
26;2025-12-22;5;87
26;2025-12-22;6;503
26;2025-12-22;7;1096
26;2025-12-22;8;2099
26;2025-12-22;9;1423
26;2025-12-22;10;1196
26;2025-12-22;11;1115
26;2025-12-22;12;1157
26;2025-12-22;13;1199
26;2025-12-22;14;1224
26;2025-12-22;15;1321
26;2025-12-22;16;1485
26;2025-12-22;17;1698
26;2025-12-22;18;1865
26;2025-12-22;19;1273
26;2025-12-22;20;770
26;2025-12-22;21;433
26;2025-12-22;22;205
26;2025-12-22;23;111
26;2025-12-23;0;31
26;2025-12-23;1;6
26;2025-12-23;2;0
26;2025-12-23;3;0
26;2025-12-23;4;12
26;2025-12-23;5;89
26;2025-12-23;6;509
26;2025-12-23;7;1117
26;2025-12-23;8;2182
26;2025-12-23;9;1489
26;2025-12-23;10;1236
26;2025-12-23;11;1147
26;2025-12-23;12;1181
26;2025-12-23;13;1206
26;2025-12-23;14;1248
26;2025-12-23;15;1332
26;2025-12-23;16;1512
26;2025-12-23;17;1734
26;2025-12-23;18;1891
26;2025-12-23;19;1286
26;2025-12-23;20;792
26;2025-12-23;21;470
26;2025-12-23;22;227
26;2025-12-23;23;124
26;2025-12-24;0;34
26;2025-12-24;1;6
26;2025-12-24;2;0
26;2025-12-24;3;0
26;2025-12-24;4;11
26;2025-12-24;5;90
26;2025-12-24;6;507
26;2025-12-24;7;1109
26;2025-12-24;8;2218
26;2025-12-24;9;1481
26;2025-12-24;10;1228
26;2025-12-24;11;1158
26;2025-12-24;12;1191
26;2025-12-24;13;1231
26;2025-12-24;14;1272
26;2025-12-24;15;1354
26;2025-12-24;16;1488
26;2025-12-24;17;1686
26;2025-12-24;18;1825
26;2025-12-24;19;1256
26;2025-12-24;20;781
26;2025-12-24;21;488
26;2025-12-24;22;233
26;2025-12-24;23;121
26;2025-12-25;0;34
26;2025-12-25;1;5
26;2025-12-25;2;0
26;2025-12-25;3;0
26;2025-12-25;4;12
26;2025-12-25;5;90
26;2025-12-25;6;508
26;2025-12-25;7;1099
26;2025-12-25;8;2217
26;2025-12-25;9;1483
26;2025-12-25;10;1236
26;2025-12-25;11;1160
26;2025-12-25;12;1195
26;2025-12-25;13;1220
26;2025-12-25;14;1260
26;2025-12-25;15;1356
26;2025-12-25;16;1508
26;2025-12-25;17;1679
26;2025-12-25;18;1846
26;2025-12-25;19;1246
26;2025-12-25;20;771
26;2025-12-25;21;464
26;2025-12-25;22;231
26;2025-12-25;23;124
26;2025-12-26;0;30
26;2025-12-26;1;3
26;2025-12-26;2;0
26;2025-12-26;3;0
26;2025-12-26;4;11
26;2025-12-26;5;83
26;2025-12-26;6;502
26;2025-12-26;7;1074
26;2025-12-26;8;2116
26;2025-12-26;9;1376
26;2025-12-26;10;1189
26;2025-12-26;11;1131
26;2025-12-26;12;1169
26;2025-12-26;13;1217
26;2025-12-26;14;1258
26;2025-12-26;15;1375
26;2025-12-26;16;1592
26;2025-12-26;17;1670
26;2025-12-26;18;1466
26;2025-12-26;19;1121
26;2025-12-26;20;738
26;2025-12-26;21;446
26;2025-12-26;22;226
26;2025-12-26;23;137
26;2025-12-27;0;42
26;2025-12-27;1;4
26;2025-12-27;2;0
26;2025-12-27;3;0
26;2025-12-27;4;7
26;2025-12-27;5;48
26;2025-12-27;6;241
26;2025-12-27;7;378
26;2025-12-27;8;634
26;2025-12-27;9;703
26;2025-12-27;10;814
26;2025-12-27;11;966
26;2025-12-27;12;1031
26;2025-12-27;13;1054
26;2025-12-27;14;1050
26;2025-12-27;15;1011
26;2025-12-27;16;1019
26;2025-12-27;17;970
26;2025-12-27;18;903
26;2025-12-27;19;783
26;2025-12-27;20;561
26;2025-12-27;21;370
26;2025-12-27;22;229
26;2025-12-27;23;142
26;2025-12-28;0;50
26;2025-12-28;1;10
26;2025-12-28;2;0
26;2025-12-28;3;0
26;2025-12-28;4;5
26;2025-12-28;5;31
26;2025-12-28;6;169
26;2025-12-28;7;260
26;2025-12-28;8;377
26;2025-12-28;9;511
26;2025-12-28;10;599
26;2025-12-28;11;750
26;2025-12-28;12;814
26;2025-12-28;13;860
26;2025-12-28;14;854
26;2025-12-28;15;816
26;2025-12-28;16;799
26;2025-12-28;17;786
26;2025-12-28;18;719
26;2025-12-28;19;593
26;2025-12-28;20;415
26;2025-12-28;21;299
26;2025-12-28;22;195
26;2025-12-28;23;123
26;2025-12-29;0;44
26;2025-12-29;1;17
26;2025-12-29;2;0
26;2025-12-29;3;0
26;2025-12-29;4;19
26;2025-12-29;5;95
26;2025-12-29;6;501
26;2025-12-29;7;1068
26;2025-12-29;8;2000
26;2025-12-29;9;1377
26;2025-12-29;10;1156
26;2025-12-29;11;1081
26;2025-12-29;12;1112
26;2025-12-29;13;1154
26;2025-12-29;14;1175
26;2025-12-29;15;1273
26;2025-12-29;16;1419
26;2025-12-29;17;1630
26;2025-12-29;18;1769
26;2025-12-29;19;1239
26;2025-12-29;20;753
26;2025-12-29;21;430
26;2025-12-29;22;219
26;2025-12-29;23;127
26;2025-12-30;0;47
26;2025-12-30;1;20
26;2025-12-30;2;0
26;2025-12-30;3;0
26;2025-12-30;4;22
26;2025-12-30;5;97
26;2025-12-30;6;492
26;2025-12-30;7;1059
26;2025-12-30;8;2027
26;2025-12-30;9;1402
26;2025-12-30;10;1169
26;2025-12-30;11;1100
26;2025-12-30;12;1120
26;2025-12-30;13;1146
26;2025-12-30;14;1186
26;2025-12-30;15;1272
26;2025-12-30;16;1417
26;2025-12-30;17;1602
26;2025-12-30;18;1717
26;2025-12-30;19;1204
26;2025-12-30;20;759
26;2025-12-30;21;441
26;2025-12-30;22;222
26;2025-12-30;23;127
26;2025-12-31;0;50
26;2025-12-31;1;28
26;2025-12-31;2;0
26;2025-12-31;3;0
26;2025-12-31;4;23
26;2025-12-31;5;61
26;2025-12-31;6;296
26;2025-12-31;7;516
26;2025-12-31;8;800
26;2025-12-31;9;771
26;2025-12-31;10;731
26;2025-12-31;11;724
26;2025-12-31;12;740
26;2025-12-31;13;740
26;2025-12-31;14;743
26;2025-12-31;15;737
26;2025-12-31;16;744
26;2025-12-31;17;783
26;2025-12-31;18;851
26;2025-12-31;19;727
26;2025-12-31;20;537
26;2025-12-31;21;394
26;2025-12-31;22;222
26;2025-12-31;23;134
28;2025-11-01;0;5
28;2025-11-01;1;3
28;2025-11-01;2;0
28;2025-11-01;3;0
28;2025-11-01;4;4
28;2025-11-01;5;49
28;2025-11-01;6;139
28;2025-11-01;7;348
28;2025-11-01;8;537
28;2025-11-01;9;513
28;2025-11-01;10;483
28;2025-11-01;11;492
28;2025-11-01;12;554
28;2025-11-01;13;583
28;2025-11-01;14;569
28;2025-11-01;15;575
28;2025-11-01;16;600
28;2025-11-01;17;613
28;2025-11-01;18;561
28;2025-11-01;19;454
28;2025-11-01;20;336
28;2025-11-01;21;269
28;2025-11-01;22;123
28;2025-11-01;23;17
28;2025-11-02;0;7
28;2025-11-02;1;2
28;2025-11-02;2;0
28;2025-11-02;3;0
28;2025-11-02;4;1
28;2025-11-02;5;28
28;2025-11-02;6;84
28;2025-11-02;7;155
28;2025-11-02;8;240
28;2025-11-02;9;301
28;2025-11-02;10;330
28;2025-11-02;11;366
28;2025-11-02;12;422
28;2025-11-02;13;476
28;2025-11-02;14;482
28;2025-11-02;15;477
28;2025-11-02;16;456
28;2025-11-02;17;453
28;2025-11-02;18;407
28;2025-11-02;19;349
28;2025-11-02;20;292
28;2025-11-02;21;236
28;2025-11-02;22;107
28;2025-11-02;23;13
28;2025-11-03;0;11
28;2025-11-03;1;8
28;2025-11-03;2;0
28;2025-11-03;3;0
28;2025-11-03;4;5
28;2025-11-03;5;43
28;2025-11-03;6;153
28;2025-11-03;7;356
28;2025-11-03;8;482
28;2025-11-03;9;479
28;2025-11-03;10;421
28;2025-11-03;11;406
28;2025-11-03;12;459
28;2025-11-03;13;475
28;2025-11-03;14;456
28;2025-11-03;15;456
28;2025-11-03;16;467
28;2025-11-03;17;466
28;2025-11-03;18;444
28;2025-11-03;19;393
28;2025-11-03;20;317
28;2025-11-03;21;235
28;2025-11-03;22;104
28;2025-11-03;23;25
28;2025-11-04;0;11
28;2025-11-04;1;7
28;2025-11-04;2;0
28;2025-11-04;3;0
28;2025-11-04;4;6
28;2025-11-04;5;36
28;2025-11-04;6;147
28;2025-11-04;7;312
28;2025-11-04;8;403
28;2025-11-04;9;389
28;2025-11-04;10;368
28;2025-11-04;11;375
28;2025-11-04;12;422
28;2025-11-04;13;431
28;2025-11-04;14;416
28;2025-11-04;15;416
28;2025-11-04;16;413
28;2025-11-04;17;415
28;2025-11-04;18;405
28;2025-11-04;19;369
28;2025-11-04;20;321
28;2025-11-04;21;237
28;2025-11-04;22;101
28;2025-11-04;23;19
28;2025-11-05;0;6
28;2025-11-05;1;4
28;2025-11-05;2;0
28;2025-11-05;3;0
28;2025-11-05;4;4
28;2025-11-05;5;76
28;2025-11-05;6;257
28;2025-11-05;7;672
28;2025-11-05;8;997
28;2025-11-05;9;754
28;2025-11-05;10;564
28;2025-11-05;11;538
28;2025-11-05;12;615
28;2025-11-05;13;652
28;2025-11-05;14;595
28;2025-11-05;15;634
28;2025-11-05;16;766
28;2025-11-05;17;867
28;2025-11-05;18;882
28;2025-11-05;19;668
28;2025-11-05;20;475
28;2025-11-05;21;311
28;2025-11-05;22;132
28;2025-11-05;23;15
28;2025-11-06;0;9
28;2025-11-06;1;4
28;2025-11-06;2;0
28;2025-11-06;3;0
28;2025-11-06;4;5
28;2025-11-06;5;86
28;2025-11-06;6;263
28;2025-11-06;7;733
28;2025-11-06;8;1139
28;2025-11-06;9;821
28;2025-11-06;10;603
28;2025-11-06;11;554
28;2025-11-06;12;640
28;2025-11-06;13;688
28;2025-11-06;14;634
28;2025-11-06;15;675
28;2025-11-06;16;817
28;2025-11-06;17;962
28;2025-11-06;18;965
28;2025-11-06;19;716
28;2025-11-06;20;504
28;2025-11-06;21;331
28;2025-11-06;22;142
28;2025-11-06;23;15
28;2025-11-07;0;8
28;2025-11-07;1;3
28;2025-11-07;2;0
28;2025-11-07;3;0
28;2025-11-07;4;4
28;2025-11-07;5;81
28;2025-11-07;6;254
28;2025-11-07;7;734
28;2025-11-07;8;1160
28;2025-11-07;9;824
28;2025-11-07;10;620
28;2025-11-07;11;575
28;2025-11-07;12;692
28;2025-11-07;13;722
28;2025-11-07;14;688
28;2025-11-07;15;716
28;2025-11-07;16;908
28;2025-11-07;17;956
28;2025-11-07;18;833
28;2025-11-07;19;631
28;2025-11-07;20;450
28;2025-11-07;21;305
28;2025-11-07;22;142
28;2025-11-07;23;17
28;2025-11-08;0;9
28;2025-11-08;1;3
28;2025-11-08;2;0
28;2025-11-08;3;0
28;2025-11-08;4;2
28;2025-11-08;5;40
28;2025-11-08;6;109
28;2025-11-08;7;242
28;2025-11-08;8;392
28;2025-11-08;9;453
28;2025-11-08;10;470
28;2025-11-08;11;483
28;2025-11-08;12;559
28;2025-11-08;13;595
28;2025-11-08;14;592
28;2025-11-08;15;584
28;2025-11-08;16;562
28;2025-11-08;17;550
28;2025-11-08;18;498
28;2025-11-08;19;428
28;2025-11-08;20;342
28;2025-11-08;21;279
28;2025-11-08;22;135
28;2025-11-08;23;21
28;2025-11-09;0;10
28;2025-11-09;1;5
28;2025-11-09;2;0
28;2025-11-09;3;0
28;2025-11-09;4;4
28;2025-11-09;5;34
28;2025-11-09;6;91
28;2025-11-09;7;160
28;2025-11-09;8;247
28;2025-11-09;9;322
28;2025-11-09;10;355
28;2025-11-09;11;383
28;2025-11-09;12;442
28;2025-11-09;13;495
28;2025-11-09;14;491
28;2025-11-09;15;495
28;2025-11-09;16;474
28;2025-11-09;17;462
28;2025-11-09;18;415
28;2025-11-09;19;354
28;2025-11-09;20;301
28;2025-11-09;21;247
28;2025-11-09;22;112
28;2025-11-09;23;14
28;2025-11-10;0;5
28;2025-11-10;1;4
28;2025-11-10;2;0
28;2025-11-10;3;0
28;2025-11-10;4;4
28;2025-11-10;5;77
28;2025-11-10;6;245
28;2025-11-10;7;648
28;2025-11-10;8;1069
28;2025-11-10;9;807
28;2025-11-10;10;573
28;2025-11-10;11;516
28;2025-11-10;12;591
28;2025-11-10;13;628
28;2025-11-10;14;581
28;2025-11-10;15;601
28;2025-11-10;16;752
28;2025-11-10;17;896
28;2025-11-10;18;932
28;2025-11-10;19;688
28;2025-11-10;20;456
28;2025-11-10;21;289
28;2025-11-10;22;126
28;2025-11-10;23;12
28;2025-11-11;0;8
28;2025-11-11;1;5
28;2025-11-11;2;0
28;2025-11-11;3;0
28;2025-11-11;4;8
28;2025-11-11;5;79
28;2025-11-11;6;258
28;2025-11-11;7;699
28;2025-11-11;8;1153
28;2025-11-11;9;866
28;2025-11-11;10;633
28;2025-11-11;11;565
28;2025-11-11;12;653
28;2025-11-11;13;697
28;2025-11-11;14;648
28;2025-11-11;15;653
28;2025-11-11;16;801
28;2025-11-11;17;971
28;2025-11-11;18;973
28;2025-11-11;19;727
28;2025-11-11;20;500
28;2025-11-11;21;322
28;2025-11-11;22;136
28;2025-11-11;23;13
28;2025-11-12;0;10
28;2025-11-12;1;5
28;2025-11-12;2;0
28;2025-11-12;3;0
28;2025-11-12;4;6
28;2025-11-12;5;88
28;2025-11-12;6;280
28;2025-11-12;7;766
28;2025-11-12;8;1219
28;2025-11-12;9;852
28;2025-11-12;10;638
28;2025-11-12;11;589
28;2025-11-12;12;696
28;2025-11-12;13;731
28;2025-11-12;14;671
28;2025-11-12;15;712
28;2025-11-12;16;878
28;2025-11-12;17;978
28;2025-11-12;18;997
28;2025-11-12;19;730
28;2025-11-12;20;510
28;2025-11-12;21;330
28;2025-11-12;22;142
28;2025-11-12;23;13
28;2025-11-13;0;7
28;2025-11-13;1;3
28;2025-11-13;2;0
28;2025-11-13;3;0
28;2025-11-13;4;6
28;2025-11-13;5;88
28;2025-11-13;6;281
28;2025-11-13;7;795
28;2025-11-13;8;1248
28;2025-11-13;9;877
28;2025-11-13;10;648
28;2025-11-13;11;588
28;2025-11-13;12;700
28;2025-11-13;13;744
28;2025-11-13;14;680
28;2025-11-13;15;714
28;2025-11-13;16;879
28;2025-11-13;17;1013
28;2025-11-13;18;1016
28;2025-11-13;19;747
28;2025-11-13;20;527
28;2025-11-13;21;347
28;2025-11-13;22;146
28;2025-11-13;23;13
28;2025-11-14;0;7
28;2025-11-14;1;1
28;2025-11-14;2;0
28;2025-11-14;3;0
28;2025-11-14;4;4
28;2025-11-14;5;82
28;2025-11-14;6;260
28;2025-11-14;7;771
28;2025-11-14;8;1210
28;2025-11-14;9;850
28;2025-11-14;10;641
28;2025-11-14;11;600
28;2025-11-14;12;719
28;2025-11-14;13;759
28;2025-11-14;14;715
28;2025-11-14;15;752
28;2025-11-14;16;945
28;2025-11-14;17;990
28;2025-11-14;18;864
28;2025-11-14;19;653
28;2025-11-14;20;479
28;2025-11-14;21;323
28;2025-11-14;22;147
28;2025-11-14;23;14
28;2025-11-15;0;8
28;2025-11-15;1;2
28;2025-11-15;2;0
28;2025-11-15;3;0
28;2025-11-15;4;2
28;2025-11-15;5;40
28;2025-11-15;6;107
28;2025-11-15;7;240
28;2025-11-15;8;384
28;2025-11-15;9;460
28;2025-11-15;10;481
28;2025-11-15;11;505
28;2025-11-15;12;579
28;2025-11-15;13;618
28;2025-11-15;14;608
28;2025-11-15;15;602
28;2025-11-15;16;577
28;2025-11-15;17;566
28;2025-11-15;18;513
28;2025-11-15;19;443
28;2025-11-15;20;357
28;2025-11-15;21;280
28;2025-11-15;22;137
28;2025-11-15;23;20
28;2025-11-16;0;10
28;2025-11-16;1;4
28;2025-11-16;2;0
28;2025-11-16;3;0
28;2025-11-16;4;2
28;2025-11-16;5;31
28;2025-11-16;6;88
28;2025-11-16;7;159
28;2025-11-16;8;253
28;2025-11-16;9;326
28;2025-11-16;10;363
28;2025-11-16;11;394
28;2025-11-16;12;459
28;2025-11-16;13;505
28;2025-11-16;14;505
28;2025-11-16;15;506
28;2025-11-16;16;491
28;2025-11-16;17;479
28;2025-11-16;18;433
28;2025-11-16;19;371
28;2025-11-16;20;311
28;2025-11-16;21;255
28;2025-11-16;22;118
28;2025-11-16;23;16
28;2025-11-17;0;3
28;2025-11-17;1;1
28;2025-11-17;2;0
28;2025-11-17;3;0
28;2025-11-17;4;3
28;2025-11-17;5;80
28;2025-11-17;6;262
28;2025-11-17;7;724
28;2025-11-17;8;1170
28;2025-11-17;9;848
28;2025-11-17;10;602
28;2025-11-17;11;550
28;2025-11-17;12;648
28;2025-11-17;13;672
28;2025-11-17;14;619
28;2025-11-17;15;641
28;2025-11-17;16;811
28;2025-11-17;17;934
28;2025-11-17;18;947
28;2025-11-17;19;721
28;2025-11-17;20;493
28;2025-11-17;21;321
28;2025-11-17;22;133
28;2025-11-17;23;11
28;2025-11-18;0;5
28;2025-11-18;1;2
28;2025-11-18;2;0
28;2025-11-18;3;0
28;2025-11-18;4;4
28;2025-11-18;5;83
28;2025-11-18;6;277
28;2025-11-18;7;775
28;2025-11-18;8;1210
28;2025-11-18;9;867
28;2025-11-18;10;654
28;2025-11-18;11;589
28;2025-11-18;12;694
28;2025-11-18;13;730
28;2025-11-18;14;676
28;2025-11-18;15;683
28;2025-11-18;16;828
28;2025-11-18;17;963
28;2025-11-18;18;952
28;2025-11-18;19;735
28;2025-11-18;20;521
28;2025-11-18;21;335
28;2025-11-18;22;139
28;2025-11-18;23;12
28;2025-11-19;0;5
28;2025-11-19;1;1
28;2025-11-19;2;0
28;2025-11-19;3;0
28;2025-11-19;4;3
28;2025-11-19;5;86
28;2025-11-19;6;278
28;2025-11-19;7;783
28;2025-11-19;8;1227
28;2025-11-19;9;859
28;2025-11-19;10;644
28;2025-11-19;11;601
28;2025-11-19;12;709
28;2025-11-19;13;746
28;2025-11-19;14;681
28;2025-11-19;15;723
28;2025-11-19;16;892
28;2025-11-19;17;983
28;2025-11-19;18;997
28;2025-11-19;19;738
28;2025-11-19;20;521
28;2025-11-19;21;340
28;2025-11-19;22;142
28;2025-11-19;23;13
28;2025-11-20;0;4
28;2025-11-20;1;1
28;2025-11-20;2;0
28;2025-11-20;3;0
28;2025-11-20;4;2
28;2025-11-20;5;84
28;2025-11-20;6;279
28;2025-11-20;7;801
28;2025-11-20;8;1250
28;2025-11-20;9;880
28;2025-11-20;10;659
28;2025-11-20;11;599
28;2025-11-20;12;709
28;2025-11-20;13;754
28;2025-11-20;14;689
28;2025-11-20;15;717
28;2025-11-20;16;879
28;2025-11-20;17;1013
28;2025-11-20;18;1017
28;2025-11-20;19;750
28;2025-11-20;20;539
28;2025-11-20;21;355
28;2025-11-20;22;143
28;2025-11-20;23;14
28;2025-11-21;0;4
28;2025-11-21;1;0
28;2025-11-21;2;0
28;2025-11-21;3;0
28;2025-11-21;4;2
28;2025-11-21;5;76
28;2025-11-21;6;255
28;2025-11-21;7;755
28;2025-11-21;8;1194
28;2025-11-21;9;839
28;2025-11-21;10;639
28;2025-11-21;11;600
28;2025-11-21;12;719
28;2025-11-21;13;758
28;2025-11-21;14;714
28;2025-11-21;15;754
28;2025-11-21;16;950
28;2025-11-21;17;995
28;2025-11-21;18;863
28;2025-11-21;19;656
28;2025-11-21;20;486
28;2025-11-21;21;331
28;2025-11-21;22;149
28;2025-11-21;23;15
28;2025-11-22;0;7
28;2025-11-22;1;3
28;2025-11-22;2;0
28;2025-11-22;3;0
28;2025-11-22;4;1
28;2025-11-22;5;37
28;2025-11-22;6;104
28;2025-11-22;7;237
28;2025-11-22;8;389
28;2025-11-22;9;461
28;2025-11-22;10;485
28;2025-11-22;11;512
28;2025-11-22;12;587
28;2025-11-22;13;620
28;2025-11-22;14;605
28;2025-11-22;15;597
28;2025-11-22;16;574
28;2025-11-22;17;567
28;2025-11-22;18;513
28;2025-11-22;19;441
28;2025-11-22;20;360
28;2025-11-22;21;280
28;2025-11-22;22;137
28;2025-11-22;23;19
28;2025-11-23;0;9
28;2025-11-23;1;3
28;2025-11-23;2;0
28;2025-11-23;3;0
28;2025-11-23;4;3
28;2025-11-23;5;30
28;2025-11-23;6;88
28;2025-11-23;7;158
28;2025-11-23;8;251
28;2025-11-23;9;324
28;2025-11-23;10;367
28;2025-11-23;11;401
28;2025-11-23;12;472
28;2025-11-23;13;524
28;2025-11-23;14;521
28;2025-11-23;15;516
28;2025-11-23;16;502
28;2025-11-23;17;494
28;2025-11-23;18;442
28;2025-11-23;19;381
28;2025-11-23;20;315
28;2025-11-23;21;256
28;2025-11-23;22;117
28;2025-11-23;23;14
28;2025-11-24;0;2
28;2025-11-24;1;2
28;2025-11-24;2;0
28;2025-11-24;3;0
28;2025-11-24;4;3
28;2025-11-24;5;80
28;2025-11-24;6;264
28;2025-11-24;7;734
28;2025-11-24;8;1189
28;2025-11-24;9;853
28;2025-11-24;10;609
28;2025-11-24;11;559
28;2025-11-24;12;655
28;2025-11-24;13;685
28;2025-11-24;14;629
28;2025-11-24;15;652
28;2025-11-24;16;825
28;2025-11-24;17;949
28;2025-11-24;18;954
28;2025-11-24;19;723
28;2025-11-24;20;497
28;2025-11-24;21;318
28;2025-11-24;22;133
28;2025-11-24;23;11
28;2025-11-25;0;6
28;2025-11-25;1;2
28;2025-11-25;2;0
28;2025-11-25;3;0
28;2025-11-25;4;4
28;2025-11-25;5;81
28;2025-11-25;6;279
28;2025-11-25;7;796
28;2025-11-25;8;1241
28;2025-11-25;9;868
28;2025-11-25;10;660
28;2025-11-25;11;592
28;2025-11-25;12;696
28;2025-11-25;13;742
28;2025-11-25;14;687
28;2025-11-25;15;698
28;2025-11-25;16;851
28;2025-11-25;17;982
28;2025-11-25;18;969
28;2025-11-25;19;740
28;2025-11-25;20;525
28;2025-11-25;21;332
28;2025-11-25;22;135
28;2025-11-25;23;13
28;2025-11-26;0;7
28;2025-11-26;1;2
28;2025-11-26;2;0
28;2025-11-26;3;0
28;2025-11-26;4;3
28;2025-11-26;5;87
28;2025-11-26;6;279
28;2025-11-26;7;798
28;2025-11-26;8;1253
28;2025-11-26;9;873
28;2025-11-26;10;650
28;2025-11-26;11;607
28;2025-11-26;12;718
28;2025-11-26;13;761
28;2025-11-26;14;687
28;2025-11-26;15;727
28;2025-11-26;16;901
28;2025-11-26;17;993
28;2025-11-26;18;1004
28;2025-11-26;19;745
28;2025-11-26;20;524
28;2025-11-26;21;340
28;2025-11-26;22;144
28;2025-11-26;23;13
28;2025-11-27;0;5
28;2025-11-27;1;1
28;2025-11-27;2;0
28;2025-11-27;3;0
28;2025-11-27;4;3
28;2025-11-27;5;88
28;2025-11-27;6;284
28;2025-11-27;7;818
28;2025-11-27;8;1276
28;2025-11-27;9;890
28;2025-11-27;10;671
28;2025-11-27;11;607
28;2025-11-27;12;722
28;2025-11-27;13;773
28;2025-11-27;14;699
28;2025-11-27;15;728
28;2025-11-27;16;892
28;2025-11-27;17;1035
28;2025-11-27;18;1037
28;2025-11-27;19;768
28;2025-11-27;20;542
28;2025-11-27;21;358
28;2025-11-27;22;148
28;2025-11-27;23;15
28;2025-11-28;0;6
28;2025-11-28;1;0
28;2025-11-28;2;0
28;2025-11-28;3;0
28;2025-11-28;4;3
28;2025-11-28;5;80
28;2025-11-28;6;257
28;2025-11-28;7;768
28;2025-11-28;8;1205
28;2025-11-28;9;839
28;2025-11-28;10;650
28;2025-11-28;11;605
28;2025-11-28;12;725
28;2025-11-28;13;767
28;2025-11-28;14;721
28;2025-11-28;15;761
28;2025-11-28;16;957
28;2025-11-28;17;1001
28;2025-11-28;18;871
28;2025-11-28;19;661
28;2025-11-28;20;491
28;2025-11-28;21;339
28;2025-11-28;22;152
28;2025-11-28;23;17
28;2025-11-29;0;7
28;2025-11-29;1;1
28;2025-11-29;2;0
28;2025-11-29;3;0
28;2025-11-29;4;1
28;2025-11-29;5;37
28;2025-11-29;6;106
28;2025-11-29;7;238
28;2025-11-29;8;390
28;2025-11-29;9;464
28;2025-11-29;10;493
28;2025-11-29;11;523
28;2025-11-29;12;600
28;2025-11-29;13;632
28;2025-11-29;14;614
28;2025-11-29;15;609
28;2025-11-29;16;586
28;2025-11-29;17;578
28;2025-11-29;18;527
28;2025-11-29;19;457
28;2025-11-29;20;377
28;2025-11-29;21;292
28;2025-11-29;22;148
28;2025-11-29;23;22
28;2025-11-30;0;10
28;2025-11-30;1;4
28;2025-11-30;2;0
28;2025-11-30;3;0
28;2025-11-30;4;3
28;2025-11-30;5;35
28;2025-11-30;6;91
28;2025-11-30;7;162
28;2025-11-30;8;255
28;2025-11-30;9;332
28;2025-11-30;10;379
28;2025-11-30;11;413
28;2025-11-30;12;474
28;2025-11-30;13;530
28;2025-11-30;14;529
28;2025-11-30;15;528
28;2025-11-30;16;513
28;2025-11-30;17;507
28;2025-11-30;18;457
28;2025-11-30;19;396
28;2025-11-30;20;330
28;2025-11-30;21;268
28;2025-11-30;22;133
28;2025-11-30;23;19
28;2025-12-01;0;7
28;2025-12-01;1;2
28;2025-12-01;2;0
28;2025-12-01;3;0
28;2025-12-01;4;2
28;2025-12-01;5;80
28;2025-12-01;6;262
28;2025-12-01;7;747
28;2025-12-01;8;1200
28;2025-12-01;9;851
28;2025-12-01;10;602
28;2025-12-01;11;545
28;2025-12-01;12;653
28;2025-12-01;13;683
28;2025-12-01;14;630
28;2025-12-01;15;652
28;2025-12-01;16;830
28;2025-12-01;17;964
28;2025-12-01;18;974
28;2025-12-01;19;727
28;2025-12-01;20;493
28;2025-12-01;21;320
28;2025-12-01;22;129
28;2025-12-01;23;13
28;2025-12-02;0;5
28;2025-12-02;1;2
28;2025-12-02;2;0
28;2025-12-02;3;0
28;2025-12-02;4;6
28;2025-12-02;5;84
28;2025-12-02;6;280
28;2025-12-02;7;812
28;2025-12-02;8;1271
28;2025-12-02;9;880
28;2025-12-02;10;656
28;2025-12-02;11;584
28;2025-12-02;12;702
28;2025-12-02;13;752
28;2025-12-02;14;692
28;2025-12-02;15;697
28;2025-12-02;16;864
28;2025-12-02;17;1015
28;2025-12-02;18;991
28;2025-12-02;19;758
28;2025-12-02;20;527
28;2025-12-02;21;338
28;2025-12-02;22;133
28;2025-12-02;23;14
28;2025-12-03;0;7
28;2025-12-03;1;2
28;2025-12-03;2;0
28;2025-12-03;3;0
28;2025-12-03;4;4
28;2025-12-03;5;89
28;2025-12-03;6;282
28;2025-12-03;7;822
28;2025-12-03;8;1291
28;2025-12-03;9;881
28;2025-12-03;10;659
28;2025-12-03;11;605
28;2025-12-03;12;722
28;2025-12-03;13;774
28;2025-12-03;14;700
28;2025-12-03;15;745
28;2025-12-03;16;929
28;2025-12-03;17;1033
28;2025-12-03;18;1028
28;2025-12-03;19;767
28;2025-12-03;20;527
28;2025-12-03;21;342
28;2025-12-03;22;140
28;2025-12-03;23;14
28;2025-12-04;0;7
28;2025-12-04;1;1
28;2025-12-04;2;0
28;2025-12-04;3;0
28;2025-12-04;4;5
28;2025-12-04;5;89
28;2025-12-04;6;284
28;2025-12-04;7;834
28;2025-12-04;8;1294
28;2025-12-04;9;894
28;2025-12-04;10;666
28;2025-12-04;11;594
28;2025-12-04;12;723
28;2025-12-04;13;777
28;2025-12-04;14;709
28;2025-12-04;15;741
28;2025-12-04;16;914
28;2025-12-04;17;1063
28;2025-12-04;18;1053
28;2025-12-04;19;776
28;2025-12-04;20;538
28;2025-12-04;21;353
28;2025-12-04;22;142
28;2025-12-04;23;17
28;2025-12-05;0;7
28;2025-12-05;1;2
28;2025-12-05;2;0
28;2025-12-05;3;0
28;2025-12-05;4;4
28;2025-12-05;5;82
28;2025-12-05;6;258
28;2025-12-05;7;791
28;2025-12-05;8;1234
28;2025-12-05;9;854
28;2025-12-05;10;646
28;2025-12-05;11;594
28;2025-12-05;12;728
28;2025-12-05;13;775
28;2025-12-05;14;731
28;2025-12-05;15;768
28;2025-12-05;16;974
28;2025-12-05;17;1023
28;2025-12-05;18;883
28;2025-12-05;19;669
28;2025-12-05;20;481
28;2025-12-05;21;333
28;2025-12-05;22;144
28;2025-12-05;23;17
28;2025-12-06;0;7
28;2025-12-06;1;1
28;2025-12-06;2;0
28;2025-12-06;3;0
28;2025-12-06;4;1
28;2025-12-06;5;37
28;2025-12-06;6;105
28;2025-12-06;7;236
28;2025-12-06;8;385
28;2025-12-06;9;456
28;2025-12-06;10;488
28;2025-12-06;11;520
28;2025-12-06;12;595
28;2025-12-06;13;620
28;2025-12-06;14;605
28;2025-12-06;15;598
28;2025-12-06;16;581
28;2025-12-06;17;565
28;2025-12-06;18;503
28;2025-12-06;19;429
28;2025-12-06;20;349
28;2025-12-06;21;270
28;2025-12-06;22;126
28;2025-12-06;23;17
28;2025-12-07;0;8
28;2025-12-07;1;3
28;2025-12-07;2;0
28;2025-12-07;3;0
28;2025-12-07;4;3
28;2025-12-07;5;31
28;2025-12-07;6;85
28;2025-12-07;7;155
28;2025-12-07;8;242
28;2025-12-07;9;317
28;2025-12-07;10;366
28;2025-12-07;11;398
28;2025-12-07;12;459
28;2025-12-07;13;511
28;2025-12-07;14;509
28;2025-12-07;15;503
28;2025-12-07;16;492
28;2025-12-07;17;482
28;2025-12-07;18;426
28;2025-12-07;19;363
28;2025-12-07;20;303
28;2025-12-07;21;250
28;2025-12-07;22;113
28;2025-12-07;23;15
28;2025-12-08;0;4
28;2025-12-08;1;2
28;2025-12-08;2;0
28;2025-12-08;3;0
28;2025-12-08;4;3
28;2025-12-08;5;77
28;2025-12-08;6;260
28;2025-12-08;7;746
28;2025-12-08;8;1194
28;2025-12-08;9;844
28;2025-12-08;10;595
28;2025-12-08;11;539
28;2025-12-08;12;647
28;2025-12-08;13;679
28;2025-12-08;14;626
28;2025-12-08;15;649
28;2025-12-08;16;832
28;2025-12-08;17;962
28;2025-12-08;18;971
28;2025-12-08;19;729
28;2025-12-08;20;491
28;2025-12-08;21;319
28;2025-12-08;22;129
28;2025-12-08;23;13
28;2025-12-09;0;6
28;2025-12-09;1;3
28;2025-12-09;2;0
28;2025-12-09;3;0
28;2025-12-09;4;5
28;2025-12-09;5;81
28;2025-12-09;6;277
28;2025-12-09;7;813
28;2025-12-09;8;1259
28;2025-12-09;9;879
28;2025-12-09;10;653
28;2025-12-09;11;581
28;2025-12-09;12;697
28;2025-12-09;13;743
28;2025-12-09;14;682
28;2025-12-09;15;691
28;2025-12-09;16;858
28;2025-12-09;17;995
28;2025-12-09;18;972
28;2025-12-09;19;745
28;2025-12-09;20;515
28;2025-12-09;21;327
28;2025-12-09;22;129
28;2025-12-09;23;13
28;2025-12-10;0;6
28;2025-12-10;1;1
28;2025-12-10;2;0
28;2025-12-10;3;0
28;2025-12-10;4;4
28;2025-12-10;5;84
28;2025-12-10;6;276
28;2025-12-10;7;810
28;2025-12-10;8;1276
28;2025-12-10;9;872
28;2025-12-10;10;646
28;2025-12-10;11;587
28;2025-12-10;12;709
28;2025-12-10;13;755
28;2025-12-10;14;685
28;2025-12-10;15;727
28;2025-12-10;16;910
28;2025-12-10;17;1014
28;2025-12-10;18;1016
28;2025-12-10;19;757
28;2025-12-10;20;524
28;2025-12-10;21;339
28;2025-12-10;22;139
28;2025-12-10;23;13
28;2025-12-11;0;7
28;2025-12-11;1;2
28;2025-12-11;2;0
28;2025-12-11;3;0
28;2025-12-11;4;4
28;2025-12-11;5;86
28;2025-12-11;6;281
28;2025-12-11;7;836
28;2025-12-11;8;1291
28;2025-12-11;9;898
28;2025-12-11;10;669
28;2025-12-11;11;595
28;2025-12-11;12;723
28;2025-12-11;13;771
28;2025-12-11;14;694
28;2025-12-11;15;728
28;2025-12-11;16;905
28;2025-12-11;17;1054
28;2025-12-11;18;1040
28;2025-12-11;19;769
28;2025-12-11;20;537
28;2025-12-11;21;355
28;2025-12-11;22;143
28;2025-12-11;23;18
28;2025-12-12;0;8
28;2025-12-12;1;3
28;2025-12-12;2;0
28;2025-12-12;3;0
28;2025-12-12;4;5
28;2025-12-12;5;82
28;2025-12-12;6;258
28;2025-12-12;7;794
28;2025-12-12;8;1249
28;2025-12-12;9;857
28;2025-12-12;10;649
28;2025-12-12;11;595
28;2025-12-12;12;730
28;2025-12-12;13;774
28;2025-12-12;14;721
28;2025-12-12;15;765
28;2025-12-12;16;965
28;2025-12-12;17;1017
28;2025-12-12;18;886
28;2025-12-12;19;664
28;2025-12-12;20;477
28;2025-12-12;21;332
28;2025-12-12;22;145
28;2025-12-12;23;19
28;2025-12-13;0;8
28;2025-12-13;1;1
28;2025-12-13;2;0
28;2025-12-13;3;0
28;2025-12-13;4;1
28;2025-12-13;5;38
28;2025-12-13;6;106
28;2025-12-13;7;238
28;2025-12-13;8;389
28;2025-12-13;9;465
28;2025-12-13;10;496
28;2025-12-13;11;525
28;2025-12-13;12;601
28;2025-12-13;13;628
28;2025-12-13;14;610
28;2025-12-13;15;607
28;2025-12-13;16;588
28;2025-12-13;17;573
28;2025-12-13;18;508
28;2025-12-13;19;435
28;2025-12-13;20;346
28;2025-12-13;21;272
28;2025-12-13;22;131
28;2025-12-13;23;22
28;2025-12-14;0;12
28;2025-12-14;1;6
28;2025-12-14;2;0
28;2025-12-14;3;0
28;2025-12-14;4;5
28;2025-12-14;5;32
28;2025-12-14;6;85
28;2025-12-14;7;157
28;2025-12-14;8;245
28;2025-12-14;9;327
28;2025-12-14;10;375
28;2025-12-14;11;406
28;2025-12-14;12;466
28;2025-12-14;13;517
28;2025-12-14;14;513
28;2025-12-14;15;508
28;2025-12-14;16;497
28;2025-12-14;17;485
28;2025-12-14;18;427
28;2025-12-14;19;363
28;2025-12-14;20;301
28;2025-12-14;21;250
28;2025-12-14;22;113
28;2025-12-14;23;18
28;2025-12-15;0;7
28;2025-12-15;1;3
28;2025-12-15;2;0
28;2025-12-15;3;0
28;2025-12-15;4;4
28;2025-12-15;5;79
28;2025-12-15;6;260
28;2025-12-15;7;750
28;2025-12-15;8;1195
28;2025-12-15;9;856
28;2025-12-15;10;605
28;2025-12-15;11;549
28;2025-12-15;12;660
28;2025-12-15;13;690
28;2025-12-15;14;636
28;2025-12-15;15;660
28;2025-12-15;16;844
28;2025-12-15;17;971
28;2025-12-15;18;983
28;2025-12-15;19;733
28;2025-12-15;20;495
28;2025-12-15;21;321
28;2025-12-15;22;131
28;2025-12-15;23;16
28;2025-12-16;0;6
28;2025-12-16;1;2
28;2025-12-16;2;0
28;2025-12-16;3;0
28;2025-12-16;4;4
28;2025-12-16;5;80
28;2025-12-16;6;273
28;2025-12-16;7;812
28;2025-12-16;8;1267
28;2025-12-16;9;879
28;2025-12-16;10;648
28;2025-12-16;11;576
28;2025-12-16;12;694
28;2025-12-16;13;742
28;2025-12-16;14;682
28;2025-12-16;15;690
28;2025-12-16;16;855
28;2025-12-16;17;998
28;2025-12-16;18;977
28;2025-12-16;19;751
28;2025-12-16;20;518
28;2025-12-16;21;332
28;2025-12-16;22;132
28;2025-12-16;23;13
28;2025-12-17;0;6
28;2025-12-17;1;0
28;2025-12-17;2;0
28;2025-12-17;3;0
28;2025-12-17;4;3
28;2025-12-17;5;85
28;2025-12-17;6;276
28;2025-12-17;7;816
28;2025-12-17;8;1275
28;2025-12-17;9;868
28;2025-12-17;10;639
28;2025-12-17;11;587
28;2025-12-17;12;705
28;2025-12-17;13;751
28;2025-12-17;14;682
28;2025-12-17;15;723
28;2025-12-17;16;905
28;2025-12-17;17;1014
28;2025-12-17;18;1015
28;2025-12-17;19;756
28;2025-12-17;20;523
28;2025-12-17;21;340
28;2025-12-17;22;138
28;2025-12-17;23;14
28;2025-12-18;0;7
28;2025-12-18;1;1
28;2025-12-18;2;0
28;2025-12-18;3;0
28;2025-12-18;4;2
28;2025-12-18;5;82
28;2025-12-18;6;278
28;2025-12-18;7;841
28;2025-12-18;8;1292
28;2025-12-18;9;893
28;2025-12-18;10;659
28;2025-12-18;11;588
28;2025-12-18;12;713
28;2025-12-18;13;763
28;2025-12-18;14;694
28;2025-12-18;15;729
28;2025-12-18;16;901
28;2025-12-18;17;1055
28;2025-12-18;18;1044
28;2025-12-18;19;767
28;2025-12-18;20;535
28;2025-12-18;21;353
28;2025-12-18;22;141
28;2025-12-18;23;17
28;2025-12-19;0;6
28;2025-12-19;1;1
28;2025-12-19;2;0
28;2025-12-19;3;0
28;2025-12-19;4;2
28;2025-12-19;5;78
28;2025-12-19;6;253
28;2025-12-19;7;780
28;2025-12-19;8;1227
28;2025-12-19;9;842
28;2025-12-19;10;643
28;2025-12-19;11;591
28;2025-12-19;12;718
28;2025-12-19;13;764
28;2025-12-19;14;718
28;2025-12-19;15;756
28;2025-12-19;16;964
28;2025-12-19;17;1018
28;2025-12-19;18;879
28;2025-12-19;19;660
28;2025-12-19;20;476
28;2025-12-19;21;329
28;2025-12-19;22;143
28;2025-12-19;23;19
28;2025-12-20;0;6
28;2025-12-20;1;1
28;2025-12-20;2;0
28;2025-12-20;3;0
28;2025-12-20;4;1
28;2025-12-20;5;33
28;2025-12-20;6;100
28;2025-12-20;7;230
28;2025-12-20;8;383
28;2025-12-20;9;458
28;2025-12-20;10;492
28;2025-12-20;11;525
28;2025-12-20;12;598
28;2025-12-20;13;624
28;2025-12-20;14;609
28;2025-12-20;15;605
28;2025-12-20;16;582
28;2025-12-20;17;578
28;2025-12-20;18;516
28;2025-12-20;19;439
28;2025-12-20;20;352
28;2025-12-20;21;278
28;2025-12-20;22;132
28;2025-12-20;23;20
28;2025-12-21;0;11
28;2025-12-21;1;5
28;2025-12-21;2;0
28;2025-12-21;3;0
28;2025-12-21;4;5
28;2025-12-21;5;30
28;2025-12-21;6;87
28;2025-12-21;7;157
28;2025-12-21;8;250
28;2025-12-21;9;325
28;2025-12-21;10;371
28;2025-12-21;11;406
28;2025-12-21;12;467
28;2025-12-21;13;519
28;2025-12-21;14;518
28;2025-12-21;15;514
28;2025-12-21;16;503
28;2025-12-21;17;498
28;2025-12-21;18;437
28;2025-12-21;19;371
28;2025-12-21;20;307
28;2025-12-21;21;250
28;2025-12-21;22;113
28;2025-12-21;23;18
28;2025-12-22;0;6
28;2025-12-22;1;3
28;2025-12-22;2;0
28;2025-12-22;3;0
28;2025-12-22;4;4
28;2025-12-22;5;79
28;2025-12-22;6;260
28;2025-12-22;7;751
28;2025-12-22;8;1215
28;2025-12-22;9;847
28;2025-12-22;10;607
28;2025-12-22;11;551
28;2025-12-22;12;659
28;2025-12-22;13;691
28;2025-12-22;14;636
28;2025-12-22;15;654
28;2025-12-22;16;836
28;2025-12-22;17;959
28;2025-12-22;18;968
28;2025-12-22;19;726
28;2025-12-22;20;490
28;2025-12-22;21;318
28;2025-12-22;22;129
28;2025-12-22;23;14
28;2025-12-23;0;6
28;2025-12-23;1;2
28;2025-12-23;2;0
28;2025-12-23;3;0
28;2025-12-23;4;4
28;2025-12-23;5;80
28;2025-12-23;6;277
28;2025-12-23;7;807
28;2025-12-23;8;1255
28;2025-12-23;9;871
28;2025-12-23;10;655
28;2025-12-23;11;584
28;2025-12-23;12;698
28;2025-12-23;13;743
28;2025-12-23;14;685
28;2025-12-23;15;691
28;2025-12-23;16;850
28;2025-12-23;17;994
28;2025-12-23;18;973
28;2025-12-23;19;747
28;2025-12-23;20;520
28;2025-12-23;21;331
28;2025-12-23;22;129
28;2025-12-23;23;13
28;2025-12-24;0;5
28;2025-12-24;1;0
28;2025-12-24;2;0
28;2025-12-24;3;0
28;2025-12-24;4;3
28;2025-12-24;5;83
28;2025-12-24;6;274
28;2025-12-24;7;807
28;2025-12-24;8;1261
28;2025-12-24;9;862
28;2025-12-24;10;643
28;2025-12-24;11;600
28;2025-12-24;12;717
28;2025-12-24;13;756
28;2025-12-24;14;688
28;2025-12-24;15;727
28;2025-12-24;16;910
28;2025-12-24;17;1005
28;2025-12-24;18;1006
28;2025-12-24;19;748
28;2025-12-24;20;521
28;2025-12-24;21;342
28;2025-12-24;22;138
28;2025-12-24;23;15
28;2025-12-25;0;7
28;2025-12-25;1;2
28;2025-12-25;2;0
28;2025-12-25;3;0
28;2025-12-25;4;3
28;2025-12-25;5;84
28;2025-12-25;6;278
28;2025-12-25;7;825
28;2025-12-25;8;1286
28;2025-12-25;9;884
28;2025-12-25;10;665
28;2025-12-25;11;598
28;2025-12-25;12;725
28;2025-12-25;13;775
28;2025-12-25;14;696
28;2025-12-25;15;725
28;2025-12-25;16;899
28;2025-12-25;17;1032
28;2025-12-25;18;1021
28;2025-12-25;19;756
28;2025-12-25;20;527
28;2025-12-25;21;344
28;2025-12-25;22;138
28;2025-12-25;23;17
28;2025-12-26;0;7
28;2025-12-26;1;3
28;2025-12-26;2;0
28;2025-12-26;3;0
28;2025-12-26;4;4
28;2025-12-26;5;81
28;2025-12-26;6;257
28;2025-12-26;7;789
28;2025-12-26;8;1211
28;2025-12-26;9;854
28;2025-12-26;10;650
28;2025-12-26;11;604
28;2025-12-26;12;735
28;2025-12-26;13;774
28;2025-12-26;14;722
28;2025-12-26;15;764
28;2025-12-26;16;958
28;2025-12-26;17;1008
28;2025-12-26;18;877
28;2025-12-26;19;661
28;2025-12-26;20;482
28;2025-12-26;21;336
28;2025-12-26;22;149
28;2025-12-26;23;18
28;2025-12-27;0;8
28;2025-12-27;1;1
28;2025-12-27;2;0
28;2025-12-27;3;0
28;2025-12-27;4;1
28;2025-12-27;5;35
28;2025-12-27;6;102
28;2025-12-27;7;232
28;2025-12-27;8;385
28;2025-12-27;9;457
28;2025-12-27;10;491
28;2025-12-27;11;524
28;2025-12-27;12;602
28;2025-12-27;13;627
28;2025-12-27;14;610
28;2025-12-27;15;602
28;2025-12-27;16;582
28;2025-12-27;17;576
28;2025-12-27;18;515
28;2025-12-27;19;437
28;2025-12-27;20;351
28;2025-12-27;21;277
28;2025-12-27;22;134
28;2025-12-27;23;21
28;2025-12-28;0;12
28;2025-12-28;1;6
28;2025-12-28;2;0
28;2025-12-28;3;0
28;2025-12-28;4;4
28;2025-12-28;5;31
28;2025-12-28;6;85
28;2025-12-28;7;157
28;2025-12-28;8;247
28;2025-12-28;9;324
28;2025-12-28;10;373
28;2025-12-28;11;410
28;2025-12-28;12;472
28;2025-12-28;13;524
28;2025-12-28;14;521
28;2025-12-28;15;516
28;2025-12-28;16;505
28;2025-12-28;17;497
28;2025-12-28;18;437
28;2025-12-28;19;372
28;2025-12-28;20;311
28;2025-12-28;21;258
28;2025-12-28;22;120
28;2025-12-28;23;18
28;2025-12-29;0;10
28;2025-12-29;1;5
28;2025-12-29;2;0
28;2025-12-29;3;0
28;2025-12-29;4;5
28;2025-12-29;5;76
28;2025-12-29;6;255
28;2025-12-29;7;716
28;2025-12-29;8;1128
28;2025-12-29;9;822
28;2025-12-29;10;587
28;2025-12-29;11;536
28;2025-12-29;12;640
28;2025-12-29;13;666
28;2025-12-29;14;612
28;2025-12-29;15;634
28;2025-12-29;16;794
28;2025-12-29;17;921
28;2025-12-29;18;922
28;2025-12-29;19;702
28;2025-12-29;20;475
28;2025-12-29;21;304
28;2025-12-29;22;128
28;2025-12-29;23;18
28;2025-12-30;0;14
28;2025-12-30;1;9
28;2025-12-30;2;0
28;2025-12-30;3;0
28;2025-12-30;4;11
28;2025-12-30;5;80
28;2025-12-30;6;261
28;2025-12-30;7;738
28;2025-12-30;8;1147
28;2025-12-30;9;831
28;2025-12-30;10;630
28;2025-12-30;11;573
28;2025-12-30;12;680
28;2025-12-30;13;717
28;2025-12-30;14;668
28;2025-12-30;15;676
28;2025-12-30;16;812
28;2025-12-30;17;922
28;2025-12-30;18;885
28;2025-12-30;19;692
28;2025-12-30;20;498
28;2025-12-30;21;329
28;2025-12-30;22;137
28;2025-12-30;23;22
28;2025-12-31;0;20
28;2025-12-31;1;15
28;2025-12-31;2;0
28;2025-12-31;3;0
28;2025-12-31;4;13
28;2025-12-31;5;40
28;2025-12-31;6;151
28;2025-12-31;7;356
28;2025-12-31;8;499
28;2025-12-31;9;484
28;2025-12-31;10;436
28;2025-12-31;11;432
28;2025-12-31;12;490
28;2025-12-31;13;511
28;2025-12-31;14;484
28;2025-12-31;15;487
28;2025-12-31;16;509
28;2025-12-31;17;517
28;2025-12-31;18;489
28;2025-12-31;19;425
28;2025-12-31;20;367
28;2025-12-31;21;257
28;2025-12-31;22;123
28;2025-12-31;23;23
50;2025-11-01;0;53
50;2025-11-01;1;12
50;2025-11-01;2;0
50;2025-11-01;3;0
50;2025-11-01;4;12
50;2025-11-01;5;50
50;2025-11-01;6;235
50;2025-11-01;7;628
50;2025-11-01;8;897
50;2025-11-01;9;769
50;2025-11-01;10;681
50;2025-11-01;11;709
50;2025-11-01;12;713
50;2025-11-01;13;743
50;2025-11-01;14;762
50;2025-11-01;15;811
50;2025-11-01;16;857
50;2025-11-01;17;908
50;2025-11-01;18;839
50;2025-11-01;19;628
50;2025-11-01;20;436
50;2025-11-01;21;320
50;2025-11-01;22;177
50;2025-11-01;23;115
50;2025-11-02;0;36
50;2025-11-02;1;12
50;2025-11-02;2;0
50;2025-11-02;3;0
50;2025-11-02;4;8
50;2025-11-02;5;26
50;2025-11-02;6;106
50;2025-11-02;7;171
50;2025-11-02;8;246
50;2025-11-02;9;283
50;2025-11-02;10;296
50;2025-11-02;11;367
50;2025-11-02;12;397
50;2025-11-02;13;420
50;2025-11-02;14;446
50;2025-11-02;15;441
50;2025-11-02;16;461
50;2025-11-02;17;437
50;2025-11-02;18;386
50;2025-11-02;19;329
50;2025-11-02;20;269
50;2025-11-02;21;219
50;2025-11-02;22;144
50;2025-11-02;23;93
50;2025-11-03;0;55
50;2025-11-03;1;36
50;2025-11-03;2;0
50;2025-11-03;3;0
50;2025-11-03;4;28
50;2025-11-03;5;60
50;2025-11-03;6;315
50;2025-11-03;7;652
50;2025-11-03;8;902
50;2025-11-03;9;926
50;2025-11-03;10;843
50;2025-11-03;11;825
50;2025-11-03;12;826
50;2025-11-03;13;832
50;2025-11-03;14;819
50;2025-11-03;15;816
50;2025-11-03;16;811
50;2025-11-03;17;944
50;2025-11-03;18;986
50;2025-11-03;19;786
50;2025-11-03;20;585
50;2025-11-03;21;477
50;2025-11-03;22;245
50;2025-11-03;23;153
50;2025-11-04;0;64
50;2025-11-04;1;35
50;2025-11-04;2;0
50;2025-11-04;3;0
50;2025-11-04;4;29
50;2025-11-04;5;53
50;2025-11-04;6;296
50;2025-11-04;7;597
50;2025-11-04;8;786
50;2025-11-04;9;783
50;2025-11-04;10;742
50;2025-11-04;11;748
50;2025-11-04;12;759
50;2025-11-04;13;769
50;2025-11-04;14;750
50;2025-11-04;15;748
50;2025-11-04;16;733
50;2025-11-04;17;853
50;2025-11-04;18;908
50;2025-11-04;19;737
50;2025-11-04;20;575
50;2025-11-04;21;465
50;2025-11-04;22;229
50;2025-11-04;23;145
50;2025-11-05;0;37
50;2025-11-05;1;15
50;2025-11-05;2;0
50;2025-11-05;3;0
50;2025-11-05;4;13
50;2025-11-05;5;77
50;2025-11-05;6;508
50;2025-11-05;7;1621
50;2025-11-05;8;2461
50;2025-11-05;9;1919
50;2025-11-05;10;1529
50;2025-11-05;11;1447
50;2025-11-05;12;1395
50;2025-11-05;13;1381
50;2025-11-05;14;1356
50;2025-11-05;15;1404
50;2025-11-05;16;1586
50;2025-11-05;17;2103
50;2025-11-05;18;2218
50;2025-11-05;19;1462
50;2025-11-05;20;879
50;2025-11-05;21;601
50;2025-11-05;22;264
50;2025-11-05;23;139
50;2025-11-06;0;36
50;2025-11-06;1;10
50;2025-11-06;2;0
50;2025-11-06;3;0
50;2025-11-06;4;10
50;2025-11-06;5;80
50;2025-11-06;6;499
50;2025-11-06;7;1666
50;2025-11-06;8;2647
50;2025-11-06;9;2036
50;2025-11-06;10;1625
50;2025-11-06;11;1522
50;2025-11-06;12;1466
50;2025-11-06;13;1436
50;2025-11-06;14;1398
50;2025-11-06;15;1524
50;2025-11-06;16;1667
50;2025-11-06;17;2246
50;2025-11-06;18;2392
50;2025-11-06;19;1514
50;2025-11-06;20;1046
50;2025-11-06;21;709
50;2025-11-06;22;330
50;2025-11-06;23;180
50;2025-11-07;0;51
50;2025-11-07;1;14
50;2025-11-07;2;0
50;2025-11-07;3;0
50;2025-11-07;4;11
50;2025-11-07;5;79
50;2025-11-07;6;535
50;2025-11-07;7;1660
50;2025-11-07;8;2627
50;2025-11-07;9;2018
50;2025-11-07;10;1535
50;2025-11-07;11;1512
50;2025-11-07;12;1475
50;2025-11-07;13;1483
50;2025-11-07;14;1441
50;2025-11-07;15;1669
50;2025-11-07;16;1963
50;2025-11-07;17;2096
50;2025-11-07;18;1811
50;2025-11-07;19;1257
50;2025-11-07;20;849
50;2025-11-07;21;603
50;2025-11-07;22;293
50;2025-11-07;23;168
50;2025-11-08;0;55
50;2025-11-08;1;11
50;2025-11-08;2;0
50;2025-11-08;3;0
50;2025-11-08;4;1
50;2025-11-08;5;24
50;2025-11-08;6;144
50;2025-11-08;7;314
50;2025-11-08;8;466
50;2025-11-08;9;516
50;2025-11-08;10;546
50;2025-11-08;11;619
50;2025-11-08;12;694
50;2025-11-08;13;737
50;2025-11-08;14;747
50;2025-11-08;15;758
50;2025-11-08;16;757
50;2025-11-08;17;740
50;2025-11-08;18;682
50;2025-11-08;19;568
50;2025-11-08;20;429
50;2025-11-08;21;330
50;2025-11-08;22;183
50;2025-11-08;23;117
50;2025-11-09;0;30
50;2025-11-09;1;6
50;2025-11-09;2;0
50;2025-11-09;3;0
50;2025-11-09;4;1
50;2025-11-09;5;15
50;2025-11-09;6;108
50;2025-11-09;7;172
50;2025-11-09;8;261
50;2025-11-09;9;312
50;2025-11-09;10;340
50;2025-11-09;11;429
50;2025-11-09;12;478
50;2025-11-09;13;514
50;2025-11-09;14;529
50;2025-11-09;15;520
50;2025-11-09;16;520
50;2025-11-09;17;511
50;2025-11-09;18;468
50;2025-11-09;19;390
50;2025-11-09;20;306
50;2025-11-09;21;247
50;2025-11-09;22;145
50;2025-11-09;23;89
50;2025-11-10;0;36
50;2025-11-10;1;19
50;2025-11-10;2;0
50;2025-11-10;3;0
50;2025-11-10;4;13
50;2025-11-10;5;77
50;2025-11-10;6;483
50;2025-11-10;7;1452
50;2025-11-10;8;2268
50;2025-11-10;9;1833
50;2025-11-10;10;1453
50;2025-11-10;11;1376
50;2025-11-10;12;1293
50;2025-11-10;13;1292
50;2025-11-10;14;1251
50;2025-11-10;15;1342
50;2025-11-10;16;1438
50;2025-11-10;17;1890
50;2025-11-10;18;2080
50;2025-11-10;19;1351
50;2025-11-10;20;831
50;2025-11-10;21;552
50;2025-11-10;22;254
50;2025-11-10;23;132
50;2025-11-11;0;38
50;2025-11-11;1;11
50;2025-11-11;2;0
50;2025-11-11;3;0
50;2025-11-11;4;11
50;2025-11-11;5;75
50;2025-11-11;6;485
50;2025-11-11;7;1484
50;2025-11-11;8;2355
50;2025-11-11;9;1907
50;2025-11-11;10;1582
50;2025-11-11;11;1445
50;2025-11-11;12;1370
50;2025-11-11;13;1330
50;2025-11-11;14;1291
50;2025-11-11;15;1390
50;2025-11-11;16;1479
50;2025-11-11;17;2015
50;2025-11-11;18;2164
50;2025-11-11;19;1379
50;2025-11-11;20;898
50;2025-11-11;21;593
50;2025-11-11;22;268
50;2025-11-11;23;136
50;2025-11-12;0;35
50;2025-11-12;1;12
50;2025-11-12;2;0
50;2025-11-12;3;0
50;2025-11-12;4;5
50;2025-11-12;5;77
50;2025-11-12;6;536
50;2025-11-12;7;1664
50;2025-11-12;8;2644
50;2025-11-12;9;2028
50;2025-11-12;10;1598
50;2025-11-12;11;1509
50;2025-11-12;12;1438
50;2025-11-12;13;1427
50;2025-11-12;14;1398
50;2025-11-12;15;1502
50;2025-11-12;16;1659
50;2025-11-12;17;2236
50;2025-11-12;18;2389
50;2025-11-12;19;1515
50;2025-11-12;20;940
50;2025-11-12;21;641
50;2025-11-12;22;295
50;2025-11-12;23;151
50;2025-11-13;0;41
50;2025-11-13;1;11
50;2025-11-13;2;0
50;2025-11-13;3;0
50;2025-11-13;4;10
50;2025-11-13;5;82
50;2025-11-13;6;547
50;2025-11-13;7;1701
50;2025-11-13;8;2704
50;2025-11-13;9;2095
50;2025-11-13;10;1618
50;2025-11-13;11;1553
50;2025-11-13;12;1499
50;2025-11-13;13;1475
50;2025-11-13;14;1423
50;2025-11-13;15;1543
50;2025-11-13;16;1707
50;2025-11-13;17;2269
50;2025-11-13;18;2429
50;2025-11-13;19;1526
50;2025-11-13;20;1004
50;2025-11-13;21;704
50;2025-11-13;22;335
50;2025-11-13;23;174
50;2025-11-14;0;51
50;2025-11-14;1;10
50;2025-11-14;2;0
50;2025-11-14;3;0
50;2025-11-14;4;9
50;2025-11-14;5;75
50;2025-11-14;6;548
50;2025-11-14;7;1676
50;2025-11-14;8;2654
50;2025-11-14;9;2049
50;2025-11-14;10;1566
50;2025-11-14;11;1547
50;2025-11-14;12;1519
50;2025-11-14;13;1514
50;2025-11-14;14;1474
50;2025-11-14;15;1688
50;2025-11-14;16;1976
50;2025-11-14;17;2134
50;2025-11-14;18;1863
50;2025-11-14;19;1321
50;2025-11-14;20;878
50;2025-11-14;21;627
50;2025-11-14;22;311
50;2025-11-14;23;168
50;2025-11-15;0;54
50;2025-11-15;1;10
50;2025-11-15;2;0
50;2025-11-15;3;0
50;2025-11-15;4;5
50;2025-11-15;5;24
50;2025-11-15;6;152
50;2025-11-15;7;330
50;2025-11-15;8;491
50;2025-11-15;9;560
50;2025-11-15;10;600
50;2025-11-15;11;675
50;2025-11-15;12;730
50;2025-11-15;13;774
50;2025-11-15;14;786
50;2025-11-15;15;789
50;2025-11-15;16;778
50;2025-11-15;17;765
50;2025-11-15;18;710
50;2025-11-15;19;625
50;2025-11-15;20;476
50;2025-11-15;21;376
50;2025-11-15;22;199
50;2025-11-15;23;128
50;2025-11-16;0;37
50;2025-11-16;1;12
50;2025-11-16;2;0
50;2025-11-16;3;0
50;2025-11-16;4;2
50;2025-11-16;5;16
50;2025-11-16;6;115
50;2025-11-16;7;186
50;2025-11-16;8;289
50;2025-11-16;9;348
50;2025-11-16;10;383
50;2025-11-16;11;477
50;2025-11-16;12;527
50;2025-11-16;13;572
50;2025-11-16;14;599
50;2025-11-16;15;597
50;2025-11-16;16;586
50;2025-11-16;17;583
50;2025-11-16;18;524
50;2025-11-16;19;441
50;2025-11-16;20;345
50;2025-11-16;21;268
50;2025-11-16;22;154
50;2025-11-16;23;90
50;2025-11-17;0;32
50;2025-11-17;1;13
50;2025-11-17;2;0
50;2025-11-17;3;0
50;2025-11-17;4;12
50;2025-11-17;5;78
50;2025-11-17;6;531
50;2025-11-17;7;1715
50;2025-11-17;8;2694
50;2025-11-17;9;2067
50;2025-11-17;10;1569
50;2025-11-17;11;1484
50;2025-11-17;12;1404
50;2025-11-17;13;1393
50;2025-11-17;14;1360
50;2025-11-17;15;1465
50;2025-11-17;16;1601
50;2025-11-17;17;2174
50;2025-11-17;18;2382
50;2025-11-17;19;1496
50;2025-11-17;20;919
50;2025-11-17;21;612
50;2025-11-17;22;284
50;2025-11-17;23;150
50;2025-11-18;0;37
50;2025-11-18;1;11
50;2025-11-18;2;0
50;2025-11-18;3;0
50;2025-11-18;4;10
50;2025-11-18;5;78
50;2025-11-18;6;530
50;2025-11-18;7;1724
50;2025-11-18;8;2750
50;2025-11-18;9;2117
50;2025-11-18;10;1655
50;2025-11-18;11;1531
50;2025-11-18;12;1462
50;2025-11-18;13;1432
50;2025-11-18;14;1397
50;2025-11-18;15;1518
50;2025-11-18;16;1630
50;2025-11-18;17;2304
50;2025-11-18;18;2460
50;2025-11-18;19;1523
50;2025-11-18;20;974
50;2025-11-18;21;659
50;2025-11-18;22;292
50;2025-11-18;23;149
50;2025-11-19;0;38
50;2025-11-19;1;13
50;2025-11-19;2;0
50;2025-11-19;3;0
50;2025-11-19;4;11
50;2025-11-19;5;82
50;2025-11-19;6;560
50;2025-11-19;7;1738
50;2025-11-19;8;2725
50;2025-11-19;9;2134
50;2025-11-19;10;1638
50;2025-11-19;11;1555
50;2025-11-19;12;1504
50;2025-11-19;13;1502
50;2025-11-19;14;1470
50;2025-11-19;15;1596
50;2025-11-19;16;1748
50;2025-11-19;17;2331
50;2025-11-19;18;2454
50;2025-11-19;19;1568
50;2025-11-19;20;965
50;2025-11-19;21;669
50;2025-11-19;22;307
50;2025-11-19;23;159
50;2025-11-20;0;45
50;2025-11-20;1;12
50;2025-11-20;2;0
50;2025-11-20;3;0
50;2025-11-20;4;11
50;2025-11-20;5;80
50;2025-11-20;6;563
50;2025-11-20;7;1747
50;2025-11-20;8;2753
50;2025-11-20;9;2138
50;2025-11-20;10;1638
50;2025-11-20;11;1574
50;2025-11-20;12;1515
50;2025-11-20;13;1491
50;2025-11-20;14;1460
50;2025-11-20;15;1587
50;2025-11-20;16;1769
50;2025-11-20;17;2306
50;2025-11-20;18;2462
50;2025-11-20;19;1556
50;2025-11-20;20;997
50;2025-11-20;21;711
50;2025-11-20;22;336
50;2025-11-20;23;174
50;2025-11-21;0;52
50;2025-11-21;1;12
50;2025-11-21;2;0
50;2025-11-21;3;0
50;2025-11-21;4;9
50;2025-11-21;5;76
50;2025-11-21;6;562
50;2025-11-21;7;1709
50;2025-11-21;8;2684
50;2025-11-21;9;2094
50;2025-11-21;10;1593
50;2025-11-21;11;1580
50;2025-11-21;12;1547
50;2025-11-21;13;1541
50;2025-11-21;14;1501
50;2025-11-21;15;1727
50;2025-11-21;16;2015
50;2025-11-21;17;2145
50;2025-11-21;18;1893
50;2025-11-21;19;1344
50;2025-11-21;20;896
50;2025-11-21;21;644
50;2025-11-21;22;329
50;2025-11-21;23;179
50;2025-11-22;0;57
50;2025-11-22;1;14
50;2025-11-22;2;0
50;2025-11-22;3;0
50;2025-11-22;4;1
50;2025-11-22;5;20
50;2025-11-22;6;150
50;2025-11-22;7;318
50;2025-11-22;8;500
50;2025-11-22;9;577
50;2025-11-22;10;613
50;2025-11-22;11;688
50;2025-11-22;12;730
50;2025-11-22;13;762
50;2025-11-22;14;769
50;2025-11-22;15;774
50;2025-11-22;16;764
50;2025-11-22;17;750
50;2025-11-22;18;709
50;2025-11-22;19;629
50;2025-11-22;20;501
50;2025-11-22;21;391
50;2025-11-22;22;203
50;2025-11-22;23;126
50;2025-11-23;0;38
50;2025-11-23;1;8
50;2025-11-23;2;0
50;2025-11-23;3;0
50;2025-11-23;4;1
50;2025-11-23;5;12
50;2025-11-23;6;110
50;2025-11-23;7;180
50;2025-11-23;8;291
50;2025-11-23;9;357
50;2025-11-23;10;394
50;2025-11-23;11;474
50;2025-11-23;12;541
50;2025-11-23;13;587
50;2025-11-23;14;627
50;2025-11-23;15;628
50;2025-11-23;16;628
50;2025-11-23;17;622
50;2025-11-23;18;569
50;2025-11-23;19;469
50;2025-11-23;20;358
50;2025-11-23;21;268
50;2025-11-23;22;157
50;2025-11-23;23;90
50;2025-11-24;0;32
50;2025-11-24;1;13
50;2025-11-24;2;0
50;2025-11-24;3;0
50;2025-11-24;4;10
50;2025-11-24;5;77
50;2025-11-24;6;549
50;2025-11-24;7;1750
50;2025-11-24;8;2735
50;2025-11-24;9;2133
50;2025-11-24;10;1586
50;2025-11-24;11;1513
50;2025-11-24;12;1438
50;2025-11-24;13;1431
50;2025-11-24;14;1395
50;2025-11-24;15;1524
50;2025-11-24;16;1662
50;2025-11-24;17;2287
50;2025-11-24;18;2443
50;2025-11-24;19;1528
50;2025-11-24;20;933
50;2025-11-24;21;626
50;2025-11-24;22;289
50;2025-11-24;23;150
50;2025-11-25;0;41
50;2025-11-25;1;14
50;2025-11-25;2;0
50;2025-11-25;3;0
50;2025-11-25;4;13
50;2025-11-25;5;84
50;2025-11-25;6;568
50;2025-11-25;7;1819
50;2025-11-25;8;2823
50;2025-11-25;9;2198
50;2025-11-25;10;1714
50;2025-11-25;11;1598
50;2025-11-25;12;1537
50;2025-11-25;13;1523
50;2025-11-25;14;1480
50;2025-11-25;15;1614
50;2025-11-25;16;1728
50;2025-11-25;17;2388
50;2025-11-25;18;2520
50;2025-11-25;19;1574
50;2025-11-25;20;1010
50;2025-11-25;21;690
50;2025-11-25;22;312
50;2025-11-25;23;160
50;2025-11-26;0;44
50;2025-11-26;1;19
50;2025-11-26;2;0
50;2025-11-26;3;0
50;2025-11-26;4;13
50;2025-11-26;5;88
50;2025-11-26;6;577
50;2025-11-26;7;1782
50;2025-11-26;8;2812
50;2025-11-26;9;2160
50;2025-11-26;10;1661
50;2025-11-26;11;1600
50;2025-11-26;12;1560
50;2025-11-26;13;1564
50;2025-11-26;14;1540
50;2025-11-26;15;1660
50;2025-11-26;16;1826
50;2025-11-26;17;2388
50;2025-11-26;18;2507
50;2025-11-26;19;1583
50;2025-11-26;20;970
50;2025-11-26;21;683
50;2025-11-26;22;321
50;2025-11-26;23;166
50;2025-11-27;0;49
50;2025-11-27;1;15
50;2025-11-27;2;0
50;2025-11-27;3;0
50;2025-11-27;4;10
50;2025-11-27;5;85
50;2025-11-27;6;578
50;2025-11-27;7;1769
50;2025-11-27;8;2788
50;2025-11-27;9;2163
50;2025-11-27;10;1647
50;2025-11-27;11;1576
50;2025-11-27;12;1535
50;2025-11-27;13;1526
50;2025-11-27;14;1495
50;2025-11-27;15;1627
50;2025-11-27;16;1829
50;2025-11-27;17;2333
50;2025-11-27;18;2494
50;2025-11-27;19;1565
50;2025-11-27;20;999
50;2025-11-27;21;712
50;2025-11-27;22;341
50;2025-11-27;23;179
50;2025-11-28;0;48
50;2025-11-28;1;12
50;2025-11-28;2;0
50;2025-11-28;3;0
50;2025-11-28;4;9
50;2025-11-28;5;78
50;2025-11-28;6;562
50;2025-11-28;7;1723
50;2025-11-28;8;2708
50;2025-11-28;9;2091
50;2025-11-28;10;1585
50;2025-11-28;11;1575
50;2025-11-28;12;1556
50;2025-11-28;13;1553
50;2025-11-28;14;1503
50;2025-11-28;15;1739
50;2025-11-28;16;2028
50;2025-11-28;17;2147
50;2025-11-28;18;1883
50;2025-11-28;19;1336
50;2025-11-28;20;886
50;2025-11-28;21;628
50;2025-11-28;22;320
50;2025-11-28;23;171
50;2025-11-29;0;53
50;2025-11-29;1;5
50;2025-11-29;2;0
50;2025-11-29;3;0
50;2025-11-29;4;1
50;2025-11-29;5;16
50;2025-11-29;6;143
50;2025-11-29;7;309
50;2025-11-29;8;489
50;2025-11-29;9;564
50;2025-11-29;10;596
50;2025-11-29;11;667
50;2025-11-29;12;714
50;2025-11-29;13;744
50;2025-11-29;14;748
50;2025-11-29;15;750
50;2025-11-29;16;744
50;2025-11-29;17;732
50;2025-11-29;18;681
50;2025-11-29;19;602
50;2025-11-29;20;485
50;2025-11-29;21;373
50;2025-11-29;22;195
50;2025-11-29;23;121
50;2025-11-30;0;33
50;2025-11-30;1;3
50;2025-11-30;2;0
50;2025-11-30;3;0
50;2025-11-30;4;1
50;2025-11-30;5;10
50;2025-11-30;6;109
50;2025-11-30;7;170
50;2025-11-30;8;283
50;2025-11-30;9;346
50;2025-11-30;10;383
50;2025-11-30;11;463
50;2025-11-30;12;539
50;2025-11-30;13;588
50;2025-11-30;14;615
50;2025-11-30;15;615
50;2025-11-30;16;614
50;2025-11-30;17;609
50;2025-11-30;18;562
50;2025-11-30;19;473
50;2025-11-30;20;356
50;2025-11-30;21;267
50;2025-11-30;22;153
50;2025-11-30;23;90
50;2025-12-01;0;33
50;2025-12-01;1;11
50;2025-12-01;2;0
50;2025-12-01;3;0
50;2025-12-01;4;10
50;2025-12-01;5;75
50;2025-12-01;6;545
50;2025-12-01;7;1778
50;2025-12-01;8;2716
50;2025-12-01;9;2123
50;2025-12-01;10;1589
50;2025-12-01;11;1515
50;2025-12-01;12;1446
50;2025-12-01;13;1447
50;2025-12-01;14;1412
50;2025-12-01;15;1548
50;2025-12-01;16;1684
50;2025-12-01;17;2296
50;2025-12-01;18;2450
50;2025-12-01;19;1545
50;2025-12-01;20;932
50;2025-12-01;21;648
50;2025-12-01;22;292
50;2025-12-01;23;155
50;2025-12-02;0;42
50;2025-12-02;1;13
50;2025-12-02;2;0
50;2025-12-02;3;0
50;2025-12-02;4;12
50;2025-12-02;5;81
50;2025-12-02;6;574
50;2025-12-02;7;1847
50;2025-12-02;8;2830
50;2025-12-02;9;2204
50;2025-12-02;10;1739
50;2025-12-02;11;1618
50;2025-12-02;12;1553
50;2025-12-02;13;1552
50;2025-12-02;14;1516
50;2025-12-02;15;1661
50;2025-12-02;16;1767
50;2025-12-02;17;2431
50;2025-12-02;18;2552
50;2025-12-02;19;1596
50;2025-12-02;20;1033
50;2025-12-02;21;708
50;2025-12-02;22;320
50;2025-12-02;23;162
50;2025-12-03;0;50
50;2025-12-03;1;17
50;2025-12-03;2;0
50;2025-12-03;3;0
50;2025-12-03;4;9
50;2025-12-03;5;83
50;2025-12-03;6;559
50;2025-12-03;7;1796
50;2025-12-03;8;2805
50;2025-12-03;9;2189
50;2025-12-03;10;1717
50;2025-12-03;11;1620
50;2025-12-03;12;1562
50;2025-12-03;13;1573
50;2025-12-03;14;1564
50;2025-12-03;15;1699
50;2025-12-03;16;1867
50;2025-12-03;17;2395
50;2025-12-03;18;2514
50;2025-12-03;19;1598
50;2025-12-03;20;978
50;2025-12-03;21;692
50;2025-12-03;22;320
50;2025-12-03;23;162
50;2025-12-04;0;50
50;2025-12-04;1;12
50;2025-12-04;2;0
50;2025-12-04;3;0
50;2025-12-04;4;7
50;2025-12-04;5;77
50;2025-12-04;6;556
50;2025-12-04;7;1773
50;2025-12-04;8;2745
50;2025-12-04;9;2142
50;2025-12-04;10;1666
50;2025-12-04;11;1589
50;2025-12-04;12;1544
50;2025-12-04;13;1537
50;2025-12-04;14;1511
50;2025-12-04;15;1661
50;2025-12-04;16;1854
50;2025-12-04;17;2307
50;2025-12-04;18;2460
50;2025-12-04;19;1566
50;2025-12-04;20;986
50;2025-12-04;21;713
50;2025-12-04;22;339
50;2025-12-04;23;181
50;2025-12-05;0;51
50;2025-12-05;1;11
50;2025-12-05;2;0
50;2025-12-05;3;0
50;2025-12-05;4;7
50;2025-12-05;5;74
50;2025-12-05;6;548
50;2025-12-05;7;1724
50;2025-12-05;8;2683
50;2025-12-05;9;2055
50;2025-12-05;10;1592
50;2025-12-05;11;1569
50;2025-12-05;12;1546
50;2025-12-05;13;1558
50;2025-12-05;14;1519
50;2025-12-05;15;1782
50;2025-12-05;16;2052
50;2025-12-05;17;2129
50;2025-12-05;18;1866
50;2025-12-05;19;1304
50;2025-12-05;20;862
50;2025-12-05;21;626
50;2025-12-05;22;304
50;2025-12-05;23;169
50;2025-12-06;0;43
50;2025-12-06;1;2
50;2025-12-06;2;0
50;2025-12-06;3;0
50;2025-12-06;4;0
50;2025-12-06;5;4
50;2025-12-06;6;81
50;2025-12-06;7;232
50;2025-12-06;8;409
50;2025-12-06;9;484
50;2025-12-06;10;517
50;2025-12-06;11;579
50;2025-12-06;12;629
50;2025-12-06;13;658
50;2025-12-06;14;666
50;2025-12-06;15;672
50;2025-12-06;16;665
50;2025-12-06;17;649
50;2025-12-06;18;593
50;2025-12-06;19;512
50;2025-12-06;20;408
50;2025-12-06;21;310
50;2025-12-06;22;135
50;2025-12-06;23;87
50;2025-12-07;0;22
50;2025-12-07;1;4
50;2025-12-07;2;0
50;2025-12-07;3;0
50;2025-12-07;4;0
50;2025-12-07;5;4
50;2025-12-07;6;66
50;2025-12-07;7;104
50;2025-12-07;8;202
50;2025-12-07;9;256
50;2025-12-07;10;286
50;2025-12-07;11;361
50;2025-12-07;12;446
50;2025-12-07;13;490
50;2025-12-07;14;516
50;2025-12-07;15;516
50;2025-12-07;16;520
50;2025-12-07;17;519
50;2025-12-07;18;469
50;2025-12-07;19;379
50;2025-12-07;20;287
50;2025-12-07;21;208
50;2025-12-07;22;97
50;2025-12-07;23;59
50;2025-12-08;0;28
50;2025-12-08;1;9
50;2025-12-08;2;0
50;2025-12-08;3;0
50;2025-12-08;4;9
50;2025-12-08;5;67
50;2025-12-08;6;533
50;2025-12-08;7;1741
50;2025-12-08;8;2692
50;2025-12-08;9;2064
50;2025-12-08;10;1566
50;2025-12-08;11;1499
50;2025-12-08;12;1421
50;2025-12-08;13;1414
50;2025-12-08;14;1378
50;2025-12-08;15;1529
50;2025-12-08;16;1660
50;2025-12-08;17;2283
50;2025-12-08;18;2441
50;2025-12-08;19;1515
50;2025-12-08;20;912
50;2025-12-08;21;619
50;2025-12-08;22;279
50;2025-12-08;23;143
50;2025-12-09;0;37
50;2025-12-09;1;8
50;2025-12-09;2;0
50;2025-12-09;3;0
50;2025-12-09;4;11
50;2025-12-09;5;75
50;2025-12-09;6;560
50;2025-12-09;7;1833
50;2025-12-09;8;2810
50;2025-12-09;9;2182
50;2025-12-09;10;1727
50;2025-12-09;11;1583
50;2025-12-09;12;1529
50;2025-12-09;13;1527
50;2025-12-09;14;1503
50;2025-12-09;15;1653
50;2025-12-09;16;1773
50;2025-12-09;17;2422
50;2025-12-09;18;2529
50;2025-12-09;19;1570
50;2025-12-09;20;1013
50;2025-12-09;21;692
50;2025-12-09;22;308
50;2025-12-09;23;153
50;2025-12-10;0;48
50;2025-12-10;1;12
50;2025-12-10;2;0
50;2025-12-10;3;0
50;2025-12-10;4;11
50;2025-12-10;5;82
50;2025-12-10;6;559
50;2025-12-10;7;1798
50;2025-12-10;8;2797
50;2025-12-10;9;2156
50;2025-12-10;10;1702
50;2025-12-10;11;1604
50;2025-12-10;12;1544
50;2025-12-10;13;1562
50;2025-12-10;14;1544
50;2025-12-10;15;1706
50;2025-12-10;16;1869
50;2025-12-10;17;2393
50;2025-12-10;18;2498
50;2025-12-10;19;1576
50;2025-12-10;20;952
50;2025-12-10;21;665
50;2025-12-10;22;304
50;2025-12-10;23;153
50;2025-12-11;0;53
50;2025-12-11;1;13
50;2025-12-11;2;0
50;2025-12-11;3;0
50;2025-12-11;4;13
50;2025-12-11;5;79
50;2025-12-11;6;552
50;2025-12-11;7;1759
50;2025-12-11;8;2751
50;2025-12-11;9;2117
50;2025-12-11;10;1639
50;2025-12-11;11;1575
50;2025-12-11;12;1516
50;2025-12-11;13;1516
50;2025-12-11;14;1499
50;2025-12-11;15;1653
50;2025-12-11;16;1853
50;2025-12-11;17;2327
50;2025-12-11;18;2461
50;2025-12-11;19;1534
50;2025-12-11;20;955
50;2025-12-11;21;691
50;2025-12-11;22;325
50;2025-12-11;23;171
50;2025-12-12;0;56
50;2025-12-12;1;14
50;2025-12-12;2;0
50;2025-12-12;3;0
50;2025-12-12;4;13
50;2025-12-12;5;77
50;2025-12-12;6;548
50;2025-12-12;7;1721
50;2025-12-12;8;2672
50;2025-12-12;9;2050
50;2025-12-12;10;1579
50;2025-12-12;11;1551
50;2025-12-12;12;1540
50;2025-12-12;13;1551
50;2025-12-12;14;1530
50;2025-12-12;15;1790
50;2025-12-12;16;2056
50;2025-12-12;17;2146
50;2025-12-12;18;1888
50;2025-12-12;19;1300
50;2025-12-12;20;864
50;2025-12-12;21;617
50;2025-12-12;22;301
50;2025-12-12;23;163
50;2025-12-13;0;47
50;2025-12-13;1;10
50;2025-12-13;2;0
50;2025-12-13;3;0
50;2025-12-13;4;6
50;2025-12-13;5;12
50;2025-12-13;6;88
50;2025-12-13;7;247
50;2025-12-13;8;426
50;2025-12-13;9;502
50;2025-12-13;10;536
50;2025-12-13;11;600
50;2025-12-13;12;646
50;2025-12-13;13;678
50;2025-12-13;14;681
50;2025-12-13;15;682
50;2025-12-13;16;672
50;2025-12-13;17;660
50;2025-12-13;18;604
50;2025-12-13;19;515
50;2025-12-13;20;410
50;2025-12-13;21;313
50;2025-12-13;22;136
50;2025-12-13;23;93
50;2025-12-14;0;26
50;2025-12-14;1;11
50;2025-12-14;2;0
50;2025-12-14;3;0
50;2025-12-14;4;4
50;2025-12-14;5;13
50;2025-12-14;6;65
50;2025-12-14;7;106
50;2025-12-14;8;202
50;2025-12-14;9;252
50;2025-12-14;10;280
50;2025-12-14;11;356
50;2025-12-14;12;443
50;2025-12-14;13;489
50;2025-12-14;14;513
50;2025-12-14;15;515
50;2025-12-14;16;513
50;2025-12-14;17;515
50;2025-12-14;18;462
50;2025-12-14;19;373
50;2025-12-14;20;279
50;2025-12-14;21;208
50;2025-12-14;22;94
50;2025-12-14;23;56
50;2025-12-15;0;32
50;2025-12-15;1;15
50;2025-12-15;2;0
50;2025-12-15;3;0
50;2025-12-15;4;14
50;2025-12-15;5;74
50;2025-12-15;6;541
50;2025-12-15;7;1767
50;2025-12-15;8;2751
50;2025-12-15;9;2096
50;2025-12-15;10;1577
50;2025-12-15;11;1515
50;2025-12-15;12;1428
50;2025-12-15;13;1423
50;2025-12-15;14;1394
50;2025-12-15;15;1564
50;2025-12-15;16;1678
50;2025-12-15;17;2321
50;2025-12-15;18;2474
50;2025-12-15;19;1519
50;2025-12-15;20;910
50;2025-12-15;21;626
50;2025-12-15;22;282
50;2025-12-15;23;147
50;2025-12-16;0;45
50;2025-12-16;1;18
50;2025-12-16;2;0
50;2025-12-16;3;0
50;2025-12-16;4;21
50;2025-12-16;5;84
50;2025-12-16;6;569
50;2025-12-16;7;1855
50;2025-12-16;8;2838
50;2025-12-16;9;2201
50;2025-12-16;10;1732
50;2025-12-16;11;1608
50;2025-12-16;12;1541
50;2025-12-16;13;1536
50;2025-12-16;14;1507
50;2025-12-16;15;1671
50;2025-12-16;16;1778
50;2025-12-16;17;2425
50;2025-12-16;18;2537
50;2025-12-16;19;1558
50;2025-12-16;20;994
50;2025-12-16;21;682
50;2025-12-16;22;304
50;2025-12-16;23;157
50;2025-12-17;0;51
50;2025-12-17;1;20
50;2025-12-17;2;0
50;2025-12-17;3;0
50;2025-12-17;4;18
50;2025-12-17;5;85
50;2025-12-17;6;556
50;2025-12-17;7;1787
50;2025-12-17;8;2773
50;2025-12-17;9;2140
50;2025-12-17;10;1688
50;2025-12-17;11;1600
50;2025-12-17;12;1545
50;2025-12-17;13;1547
50;2025-12-17;14;1531
50;2025-12-17;15;1693
50;2025-12-17;16;1860
50;2025-12-17;17;2378
50;2025-12-17;18;2490
50;2025-12-17;19;1570
50;2025-12-17;20;940
50;2025-12-17;21;663
50;2025-12-17;22;301
50;2025-12-17;23;155
50;2025-12-18;0;52
50;2025-12-18;1;14
50;2025-12-18;2;0
50;2025-12-18;3;0
50;2025-12-18;4;13
50;2025-12-18;5;79
50;2025-12-18;6;552
50;2025-12-18;7;1779
50;2025-12-18;8;2732
50;2025-12-18;9;2105
50;2025-12-18;10;1639
50;2025-12-18;11;1578
50;2025-12-18;12;1526
50;2025-12-18;13;1519
50;2025-12-18;14;1493
50;2025-12-18;15;1640
50;2025-12-18;16;1839
50;2025-12-18;17;2309
50;2025-12-18;18;2444
50;2025-12-18;19;1534
50;2025-12-18;20;944
50;2025-12-18;21;678
50;2025-12-18;22;316
50;2025-12-18;23;170
50;2025-12-19;0;52
50;2025-12-19;1;17
50;2025-12-19;2;0
50;2025-12-19;3;0
50;2025-12-19;4;14
50;2025-12-19;5;78
50;2025-12-19;6;548
50;2025-12-19;7;1729
50;2025-12-19;8;2700
50;2025-12-19;9;2071
50;2025-12-19;10;1592
50;2025-12-19;11;1566
50;2025-12-19;12;1540
50;2025-12-19;13;1540
50;2025-12-19;14;1514
50;2025-12-19;15;1791
50;2025-12-19;16;2053
50;2025-12-19;17;2149
50;2025-12-19;18;1896
50;2025-12-19;19;1300
50;2025-12-19;20;859
50;2025-12-19;21;617
50;2025-12-19;22;301
50;2025-12-19;23;170
50;2025-12-20;0;51
50;2025-12-20;1;10
50;2025-12-20;2;0
50;2025-12-20;3;0
50;2025-12-20;4;1
50;2025-12-20;5;8
50;2025-12-20;6;84
50;2025-12-20;7;245
50;2025-12-20;8;423
50;2025-12-20;9;493
50;2025-12-20;10;520
50;2025-12-20;11;584
50;2025-12-20;12;636
50;2025-12-20;13;662
50;2025-12-20;14;670
50;2025-12-20;15;670
50;2025-12-20;16;662
50;2025-12-20;17;647
50;2025-12-20;18;589
50;2025-12-20;19;507
50;2025-12-20;20;404
50;2025-12-20;21;304
50;2025-12-20;22;135
50;2025-12-20;23;90
50;2025-12-21;0;26
50;2025-12-21;1;10
50;2025-12-21;2;0
50;2025-12-21;3;0
50;2025-12-21;4;2
50;2025-12-21;5;10
50;2025-12-21;6;69
50;2025-12-21;7;110
50;2025-12-21;8;208
50;2025-12-21;9;251
50;2025-12-21;10;287
50;2025-12-21;11;358
50;2025-12-21;12;441
50;2025-12-21;13;491
50;2025-12-21;14;516
50;2025-12-21;15;517
50;2025-12-21;16;519
50;2025-12-21;17;521
50;2025-12-21;18;474
50;2025-12-21;19;385
50;2025-12-21;20;290
50;2025-12-21;21;211
50;2025-12-21;22;104
50;2025-12-21;23;67
50;2025-12-22;0;31
50;2025-12-22;1;12
50;2025-12-22;2;0
50;2025-12-22;3;0
50;2025-12-22;4;11
50;2025-12-22;5;71
50;2025-12-22;6;540
50;2025-12-22;7;1764
50;2025-12-22;8;2723
50;2025-12-22;9;2121
50;2025-12-22;10;1573
50;2025-12-22;11;1505
50;2025-12-22;12;1439
50;2025-12-22;13;1423
50;2025-12-22;14;1399
50;2025-12-22;15;1557
50;2025-12-22;16;1686
50;2025-12-22;17;2308
50;2025-12-22;18;2458
50;2025-12-22;19;1531
50;2025-12-22;20;922
50;2025-12-22;21;614
50;2025-12-22;22;277
50;2025-12-22;23;144
50;2025-12-23;0;42
50;2025-12-23;1;13
50;2025-12-23;2;0
50;2025-12-23;3;0
50;2025-12-23;4;16
50;2025-12-23;5;79
50;2025-12-23;6;568
50;2025-12-23;7;1855
50;2025-12-23;8;2840
50;2025-12-23;9;2214
50;2025-12-23;10;1735
50;2025-12-23;11;1604
50;2025-12-23;12;1533
50;2025-12-23;13;1529
50;2025-12-23;14;1489
50;2025-12-23;15;1651
50;2025-12-23;16;1784
50;2025-12-23;17;2431
50;2025-12-23;18;2535
50;2025-12-23;19;1581
50;2025-12-23;20;994
50;2025-12-23;21;678
50;2025-12-23;22;306
50;2025-12-23;23;160
50;2025-12-24;0;52
50;2025-12-24;1;21
50;2025-12-24;2;0
50;2025-12-24;3;0
50;2025-12-24;4;19
50;2025-12-24;5;82
50;2025-12-24;6;560
50;2025-12-24;7;1793
50;2025-12-24;8;2802
50;2025-12-24;9;2177
50;2025-12-24;10;1695
50;2025-12-24;11;1591
50;2025-12-24;12;1541
50;2025-12-24;13;1542
50;2025-12-24;14;1525
50;2025-12-24;15;1686
50;2025-12-24;16;1853
50;2025-12-24;17;2394
50;2025-12-24;18;2510
50;2025-12-24;19;1584
50;2025-12-24;20;940
50;2025-12-24;21;668
50;2025-12-24;22;307
50;2025-12-24;23;154
50;2025-12-25;0;55
50;2025-12-25;1;17
50;2025-12-25;2;0
50;2025-12-25;3;0
50;2025-12-25;4;18
50;2025-12-25;5;80
50;2025-12-25;6;557
50;2025-12-25;7;1784
50;2025-12-25;8;2769
50;2025-12-25;9;2147
50;2025-12-25;10;1652
50;2025-12-25;11;1580
50;2025-12-25;12;1527
50;2025-12-25;13;1511
50;2025-12-25;14;1500
50;2025-12-25;15;1650
50;2025-12-25;16;1852
50;2025-12-25;17;2330
50;2025-12-25;18;2472
50;2025-12-25;19;1555
50;2025-12-25;20;946
50;2025-12-25;21;675
50;2025-12-25;22;307
50;2025-12-25;23;165
50;2025-12-26;0;52
50;2025-12-26;1;18
50;2025-12-26;2;0
50;2025-12-26;3;0
50;2025-12-26;4;17
50;2025-12-26;5;77
50;2025-12-26;6;557
50;2025-12-26;7;1735
50;2025-12-26;8;2707
50;2025-12-26;9;2085
50;2025-12-26;10;1598
50;2025-12-26;11;1582
50;2025-12-26;12;1548
50;2025-12-26;13;1553
50;2025-12-26;14;1531
50;2025-12-26;15;1799
50;2025-12-26;16;2061
50;2025-12-26;17;2153
50;2025-12-26;18;1908
50;2025-12-26;19;1306
50;2025-12-26;20;862
50;2025-12-26;21;619
50;2025-12-26;22;307
50;2025-12-26;23;170
50;2025-12-27;0;51
50;2025-12-27;1;14
50;2025-12-27;2;0
50;2025-12-27;3;0
50;2025-12-27;4;4
50;2025-12-27;5;11
50;2025-12-27;6;91
50;2025-12-27;7;246
50;2025-12-27;8;428
50;2025-12-27;9;502
50;2025-12-27;10;528
50;2025-12-27;11;597
50;2025-12-27;12;642
50;2025-12-27;13;674
50;2025-12-27;14;684
50;2025-12-27;15;684
50;2025-12-27;16;677
50;2025-12-27;17;666
50;2025-12-27;18;606
50;2025-12-27;19;515
50;2025-12-27;20;414
50;2025-12-27;21;315
50;2025-12-27;22;141
50;2025-12-27;23;94
50;2025-12-28;0;31
50;2025-12-28;1;12
50;2025-12-28;2;0
50;2025-12-28;3;0
50;2025-12-28;4;4
50;2025-12-28;5;14
50;2025-12-28;6;74
50;2025-12-28;7;120
50;2025-12-28;8;219
50;2025-12-28;9;266
50;2025-12-28;10;297
50;2025-12-28;11;371
50;2025-12-28;12;453
50;2025-12-28;13;496
50;2025-12-28;14;523
50;2025-12-28;15;521
50;2025-12-28;16;517
50;2025-12-28;17;519
50;2025-12-28;18;468
50;2025-12-28;19;388
50;2025-12-28;20;293
50;2025-12-28;21;217
50;2025-12-28;22;106
50;2025-12-28;23;67
50;2025-12-29;0;47
50;2025-12-29;1;30
50;2025-12-29;2;0
50;2025-12-29;3;0
50;2025-12-29;4;27
50;2025-12-29;5;87
50;2025-12-29;6;542
50;2025-12-29;7;1699
50;2025-12-29;8;2646
50;2025-12-29;9;2035
50;2025-12-29;10;1532
50;2025-12-29;11;1477
50;2025-12-29;12;1390
50;2025-12-29;13;1378
50;2025-12-29;14;1347
50;2025-12-29;15;1485
50;2025-12-29;16;1605
50;2025-12-29;17;2187
50;2025-12-29;18;2348
50;2025-12-29;19;1484
50;2025-12-29;20;901
50;2025-12-29;21;623
50;2025-12-29;22;298
50;2025-12-29;23;167
50;2025-12-30;0;64
50;2025-12-30;1;36
50;2025-12-30;2;0
50;2025-12-30;3;0
50;2025-12-30;4;35
50;2025-12-30;5;98
50;2025-12-30;6;558
50;2025-12-30;7;1737
50;2025-12-30;8;2684
50;2025-12-30;9;2094
50;2025-12-30;10;1632
50;2025-12-30;11;1515
50;2025-12-30;12;1467
50;2025-12-30;13;1448
50;2025-12-30;14;1407
50;2025-12-30;15;1552
50;2025-12-30;16;1669
50;2025-12-30;17;2249
50;2025-12-30;18;2359
50;2025-12-30;19;1478
50;2025-12-30;20;961
50;2025-12-30;21;668
50;2025-12-30;22;315
50;2025-12-30;23;173
50;2025-12-31;0;71
50;2025-12-31;1;40
50;2025-12-31;2;0
50;2025-12-31;3;0
50;2025-12-31;4;30
50;2025-12-31;5;48
50;2025-12-31;6;274
50;2025-12-31;7;609
50;2025-12-31;8;872
50;2025-12-31;9;836
50;2025-12-31;10;765
50;2025-12-31;11;747
50;2025-12-31;12;763
50;2025-12-31;13;766
50;2025-12-31;14;767
50;2025-12-31;15;755
50;2025-12-31;16;737
50;2025-12-31;17;825
50;2025-12-31;18;842
50;2025-12-31;19;678
50;2025-12-31;20;525
50;2025-12-31;21;441
50;2025-12-31;22;232
50;2025-12-31;23;139
