time,avg_occupancy_rate,source
2025-01-01 00:00:00,40.71254912163413,2025_synthetic
2025-01-01 01:00:00,46.31650237779654,2025_synthetic
2025-01-01 02:00:00,44.29078516032885,2025_synthetic
2025-01-01 03:00:00,41.51141657973235,2025_synthetic
2025-01-01 04:00:00,43.398456506365214,2025_synthetic
2025-01-01 05:00:00,42.78495646745853,2025_synthetic
2025-01-01 06:00:00,46.28405996264844,2025_synthetic
2025-01-01 07:00:00,51.35060926975557,2025_synthetic
2025-01-01 08:00:00,64.82901161978185,2025_synthetic
2025-01-01 09:00:00,70.10830218812006,2025_synthetic
2025-01-01 10:00:00,74.58799322233402,2025_synthetic
2025-01-01 11:00:00,73.7027886365915,2025_synthetic
2025-01-01 12:00:00,70.51248619433527,2025_synthetic
2025-01-01 13:00:00,73.9903806203409,2025_synthetic
2025-01-01 14:00:00,76.29875113748174,2025_synthetic
2025-01-01 15:00:00,75.6145954648796,2025_synthetic
2025-01-01 16:00:00,78.08780990131554,2025_synthetic
2025-01-01 17:00:00,73.06862419468747,2025_synthetic
2025-01-01 18:00:00,65.43628136749255,2025_synthetic
2025-01-01 19:00:00,56.32650251042503,2025_synthetic
2025-01-01 20:00:00,53.554467098651834,2025_synthetic
2025-01-01 21:00:00,47.74891920314826,2025_synthetic
2025-01-01 22:00:00,46.92327125531915,2025_synthetic
2025-01-01 23:00:00,42.85377238135276,2025_synthetic
2025-01-02 00:00:00,46.69178383764963,2025_synthetic
2025-01-02 01:00:00,44.69509938270464,2025_synthetic
2025-01-02 02:00:00,41.87145813949769,2025_synthetic
2025-01-02 03:00:00,43.77961052979927,2025_synthetic
2025-01-02 04:00:00,44.58368132330387,2025_synthetic
2025-01-02 05:00:00,44.71786838082378,2025_synthetic
2025-01-02 06:00:00,44.12014588351101,2025_synthetic
2025-01-02 07:00:00,51.74091269382436,2025_synthetic
2025-01-02 08:00:00,63.799566096725016,2025_synthetic
2025-01-02 09:00:00,67.55565223413811,2025_synthetic
2025-01-02 10:00:00,69.77113449619515,2025_synthetic
2025-01-02 11:00:00,69.62107420961486,2025_synthetic
2025-01-02 12:00:00,72.60892893225439,2025_synthetic
2025-01-02 13:00:00,73.10147024654161,2025_synthetic
2025-01-02 14:00:00,71.59794486896936,2025_synthetic
2025-01-02 15:00:00,72.07146231236216,2025_synthetic
2025-01-02 16:00:00,70.83171674973136,2025_synthetic
2025-01-02 17:00:00,65.91269868858265,2025_synthetic
2025-01-02 18:00:00,55.37809026580504,2025_synthetic
2025-01-02 19:00:00,54.959787340953056,2025_synthetic
2025-01-02 20:00:00,53.677373164171,2025_synthetic
2025-01-02 21:00:00,51.99562330738233,2025_synthetic
2025-01-02 22:00:00,54.11661640338839,2025_synthetic
2025-01-02 23:00:00,51.23053145011335,2025_synthetic
2025-01-03 00:00:00,50.01971920835081,2025_synthetic
2025-01-03 01:00:00,49.2162188053544,2025_synthetic
2025-01-03 02:00:00,48.74393106225992,2025_synthetic
2025-01-03 03:00:00,48.58107023012931,2025_synthetic
2025-01-03 04:00:00,48.45430141170216,2025_synthetic
2025-01-03 05:00:00,48.14654438201348,2025_synthetic
2025-01-03 06:00:00,48.579585839566704,2025_synthetic
2025-01-03 07:00:00,48.551911980708496,2025_synthetic
2025-01-03 08:00:00,48.83297752908645,2025_synthetic
2025-01-03 09:00:00,49.50667880791261,2025_synthetic
2025-01-03 10:00:00,50.64918740782612,2025_synthetic
2025-01-03 11:00:00,52.523174576354606,2025_synthetic
2025-01-03 12:00:00,54.35995329892784,2025_synthetic
2025-01-03 13:00:00,55.62540933734766,2025_synthetic
2025-01-03 14:00:00,56.97907448020156,2025_synthetic
2025-01-03 15:00:00,58.394398495142774,2025_synthetic
2025-01-03 16:00:00,58.80383277737637,2025_synthetic
2025-01-03 17:00:00,58.88838889500878,2025_synthetic
2025-01-03 18:00:00,58.82352478007173,2025_synthetic
2025-01-03 19:00:00,58.52628627913872,2025_synthetic
2025-01-03 20:00:00,57.546586200914184,2025_synthetic
2025-01-03 21:00:00,55.15581672570252,2025_synthetic
2025-01-03 22:00:00,53.13264061667221,2025_synthetic
2025-01-03 23:00:00,51.19269292889541,2025_synthetic
2025-01-04 00:00:00,50.07639507261662,2025_synthetic
2025-01-04 01:00:00,49.37138363213682,2025_synthetic
2025-01-04 02:00:00,48.86098850418138,2025_synthetic
2025-01-04 03:00:00,48.36584718018255,2025_synthetic
2025-01-04 04:00:00,48.40569425192365,2025_synthetic
2025-01-04 05:00:00,48.607929229101444,2025_synthetic
2025-01-04 06:00:00,49.002556192702,2025_synthetic
2025-01-04 07:00:00,49.202152369195616,2025_synthetic
2025-01-04 08:00:00,48.77870197959433,2025_synthetic
2025-01-04 09:00:00,49.953980907995785,2025_synthetic
2025-01-04 10:00:00,51.359143597014636,2025_synthetic
2025-01-04 11:00:00,53.50398484340377,2025_synthetic
2025-01-04 12:00:00,43.880329818587434,2025_synthetic
2025-01-04 13:00:00,48.07302979284721,2025_synthetic
2025-01-04 14:00:00,48.303182796619076,2025_synthetic
2025-01-04 15:00:00,45.78330348191282,2025_synthetic
2025-01-04 16:00:00,51.172989187240944,2025_synthetic
2025-01-04 17:00:00,47.15149127317972,2025_synthetic
2025-01-04 18:00:00,51.83071864408212,2025_synthetic
2025-01-04 19:00:00,50.865670035371835,2025_synthetic
2025-01-04 20:00:00,45.439931066759506,2025_synthetic
2025-01-04 21:00:00,46.02740580981527,2025_synthetic
2025-01-04 22:00:00,41.13193048110655,2025_synthetic
2025-01-04 23:00:00,43.67290504121316,2025_synthetic
2025-01-05 00:00:00,39.19541295865842,2025_synthetic
2025-01-05 01:00:00,38.05741495523137,2025_synthetic
2025-01-05 02:00:00,39.553984739360274,2025_synthetic
2025-01-05 03:00:00,38.380751509376175,2025_synthetic
2025-01-05 04:00:00,39.31715609158453,2025_synthetic
2025-01-05 05:00:00,42.43942425568898,2025_synthetic
2025-01-05 06:00:00,40.84406376800925,2025_synthetic
2025-01-05 07:00:00,55.41243520759261,2025_synthetic
2025-01-05 08:00:00,60.660612924895176,2025_synthetic
2025-01-05 09:00:00,72.78477293250964,2025_synthetic
2025-01-05 10:00:00,69.53114115860605,2025_synthetic
2025-01-05 11:00:00,72.57353394211327,2025_synthetic
2025-01-05 12:00:00,72.17442559145685,2025_synthetic
2025-01-05 13:00:00,73.3780023993934,2025_synthetic
2025-01-05 14:00:00,75.19704041938623,2025_synthetic
2025-01-05 15:00:00,76.42356084022119,2025_synthetic
2025-01-05 16:00:00,74.6354622761461,2025_synthetic
2025-01-05 17:00:00,69.0658912406476,2025_synthetic
2025-01-05 18:00:00,64.5298049106008,2025_synthetic
2025-01-05 19:00:00,52.02579521645207,2025_synthetic
2025-01-05 20:00:00,45.148903038427264,2025_synthetic
2025-01-05 21:00:00,41.740845035104215,2025_synthetic
2025-01-05 22:00:00,41.61758904365346,2025_synthetic
2025-01-05 23:00:00,41.5190202705637,2025_synthetic
2025-01-06 00:00:00,36.24542313665026,2025_synthetic
2025-01-06 01:00:00,39.54536839385929,2025_synthetic
2025-01-06 02:00:00,42.76020749264108,2025_synthetic
2025-01-06 03:00:00,42.23035043358164,2025_synthetic
2025-01-06 04:00:00,38.22437323354404,2025_synthetic
2025-01-06 05:00:00,37.14578338801078,2025_synthetic
2025-01-06 06:00:00,43.31406280271267,2025_synthetic
2025-01-06 07:00:00,47.29136603700091,2025_synthetic
2025-01-06 08:00:00,66.4630915788718,2025_synthetic
2025-01-06 09:00:00,69.5375396275622,2025_synthetic
2025-01-06 10:00:00,75.66538883123478,2025_synthetic
2025-01-06 11:00:00,70.26064317552759,2025_synthetic
2025-01-06 12:00:00,76.39244446217332,2025_synthetic
2025-01-06 13:00:00,75.14899831837663,2025_synthetic
2025-01-06 14:00:00,74.97746612866456,2025_synthetic
2025-01-06 15:00:00,72.68364963192815,2025_synthetic
2025-01-06 16:00:00,75.87932778583229,2025_synthetic
2025-01-06 17:00:00,73.30609180865476,2025_synthetic
2025-01-06 18:00:00,68.81785507893196,2025_synthetic
2025-01-06 19:00:00,58.023828244344465,2025_synthetic
2025-01-06 20:00:00,48.95118205627382,2025_synthetic
2025-01-06 21:00:00,45.43849810175121,2025_synthetic
2025-01-06 22:00:00,42.66677654535139,2025_synthetic
2025-01-06 23:00:00,46.44054043357447,2025_synthetic
2025-01-07 00:00:00,41.56756309783631,2025_synthetic
2025-01-07 01:00:00,45.80514980350878,2025_synthetic
2025-01-07 02:00:00,42.991111177783296,2025_synthetic
2025-01-07 03:00:00,42.64659217408002,2025_synthetic
2025-01-07 04:00:00,42.287122199431494,2025_synthetic
2025-01-07 05:00:00,44.533299525502876,2025_synthetic
2025-01-07 06:00:00,44.200280876510746,2025_synthetic
2025-01-07 07:00:00,53.04757924525317,2025_synthetic
2025-01-07 08:00:00,66.36791038519485,2025_synthetic
2025-01-07 09:00:00,70.25715626384341,2025_synthetic
2025-01-07 10:00:00,71.65613106494168,2025_synthetic
2025-01-07 11:00:00,75.89279291801444,2025_synthetic
2025-01-07 12:00:00,75.72302895985155,2025_synthetic
2025-01-07 13:00:00,77.48450217759171,2025_synthetic
2025-01-07 14:00:00,75.16293427473445,2025_synthetic
2025-01-07 15:00:00,72.98680147373977,2025_synthetic
2025-01-07 16:00:00,78.25959560021016,2025_synthetic
2025-01-07 17:00:00,75.29854092403467,2025_synthetic
2025-01-07 18:00:00,67.63586229861774,2025_synthetic
2025-01-07 19:00:00,55.76073096806501,2025_synthetic
2025-01-07 20:00:00,50.020345920887635,2025_synthetic
2025-01-07 21:00:00,51.12961364644852,2025_synthetic
2025-01-07 22:00:00,45.010644927728094,2025_synthetic
2025-01-07 23:00:00,42.64355973562174,2025_synthetic
2025-01-08 00:00:00,46.58608279047888,2025_synthetic
2025-01-08 01:00:00,43.63773683987781,2025_synthetic
2025-01-08 02:00:00,46.09566068672399,2025_synthetic
2025-01-08 03:00:00,39.28311303202783,2025_synthetic
2025-01-08 04:00:00,43.14655812245057,2025_synthetic
2025-01-08 05:00:00,46.55384157516475,2025_synthetic
2025-01-08 06:00:00,44.87682853312971,2025_synthetic
2025-01-08 07:00:00,53.55360298725513,2025_synthetic
2025-01-08 08:00:00,62.74472556531996,2025_synthetic
2025-01-08 09:00:00,72.43381116010545,2025_synthetic
2025-01-08 10:00:00,71.74576469645784,2025_synthetic
2025-01-08 11:00:00,74.79098502946212,2025_synthetic
2025-01-08 12:00:00,73.0929954257807,2025_synthetic
2025-01-08 13:00:00,79.37110129703879,2025_synthetic
2025-01-08 14:00:00,78.77832800366917,2025_synthetic
2025-01-08 15:00:00,75.41991154443815,2025_synthetic
2025-01-08 16:00:00,72.30066358762743,2025_synthetic
2025-01-08 17:00:00,75.01234512225285,2025_synthetic
2025-01-08 18:00:00,64.52380003112495,2025_synthetic
2025-01-08 19:00:00,54.138780780202076,2025_synthetic
2025-01-08 20:00:00,47.709397594836084,2025_synthetic
2025-01-08 21:00:00,47.635018241517876,2025_synthetic
2025-01-08 22:00:00,44.24299050960081,2025_synthetic
2025-01-08 23:00:00,43.804948816252335,2025_synthetic
2025-01-09 00:00:00,45.316323569002584,2025_synthetic
2025-01-09 01:00:00,43.129170682562645,2025_synthetic
2025-01-09 02:00:00,44.03960953935754,2025_synthetic
2025-01-09 03:00:00,42.5379602707697,2025_synthetic
2025-01-09 04:00:00,43.67727754592301,2025_synthetic
2025-01-09 05:00:00,49.1463169415854,2025_synthetic
2025-01-09 06:00:00,44.4994125532724,2025_synthetic
2025-01-09 07:00:00,53.85907513223522,2025_synthetic
2025-01-09 08:00:00,59.91586030929921,2025_synthetic
2025-01-09 09:00:00,71.38566749608785,2025_synthetic
2025-01-09 10:00:00,69.72331663009832,2025_synthetic
2025-01-09 11:00:00,74.4879092345585,2025_synthetic
2025-01-09 12:00:00,72.19940746374338,2025_synthetic
2025-01-09 13:00:00,74.71818351325085,2025_synthetic
2025-01-09 14:00:00,73.62221602182782,2025_synthetic
2025-01-09 15:00:00,70.74348833756002,2025_synthetic
2025-01-09 16:00:00,71.53301906139556,2025_synthetic
2025-01-09 17:00:00,53.775349179826925,2025_synthetic
2025-01-09 18:00:00,54.28113324104946,2025_synthetic
2025-01-09 19:00:00,55.1043799871272,2025_synthetic
2025-01-09 20:00:00,54.743317416970996,2025_synthetic
2025-01-09 21:00:00,54.22357757812074,2025_synthetic
2025-01-09 22:00:00,53.09628701354053,2025_synthetic
2025-01-09 23:00:00,53.21692015796467,2025_synthetic
2025-01-10 00:00:00,52.411862542553266,2025_synthetic
2025-01-10 01:00:00,51.74673062637687,2025_synthetic
2025-01-10 02:00:00,51.450089638965096,2025_synthetic
2025-01-10 03:00:00,51.7425073152816,2025_synthetic
2025-01-10 04:00:00,52.571578627015164,2025_synthetic
2025-01-10 05:00:00,53.232660091236866,2025_synthetic
2025-01-10 06:00:00,53.05895831866001,2025_synthetic
2025-01-10 07:00:00,52.91380996673054,2025_synthetic
2025-01-10 08:00:00,52.93567125544054,2025_synthetic
2025-01-10 09:00:00,53.265122327670895,2025_synthetic
2025-01-10 10:00:00,54.02105166666262,2025_synthetic
2025-01-10 11:00:00,54.963905137145005,2025_synthetic
2025-01-10 12:00:00,55.559730148634934,2025_synthetic
2025-01-10 13:00:00,56.555065250610525,2025_synthetic
2025-01-10 14:00:00,56.54693037793805,2025_synthetic
2025-01-10 15:00:00,56.27084981328244,2025_synthetic
2025-01-10 16:00:00,56.63359332883396,2025_synthetic
2025-01-10 17:00:00,57.072171623093496,2025_synthetic
2025-01-10 18:00:00,57.15722700153579,2025_synthetic
2025-01-10 19:00:00,57.140745968581015,2025_synthetic
2025-01-10 20:00:00,57.08451735161405,2025_synthetic
2025-01-10 21:00:00,56.14568010242182,2025_synthetic
2025-01-10 22:00:00,54.51645162936413,2025_synthetic
2025-01-10 23:00:00,54.02846646276174,2025_synthetic
2025-01-11 00:00:00,52.764318473318696,2025_synthetic
2025-01-11 01:00:00,51.77245252134668,2025_synthetic
2025-01-11 02:00:00,51.83990569351387,2025_synthetic
2025-01-11 03:00:00,52.15908297670399,2025_synthetic
2025-01-11 04:00:00,51.99525379785444,2025_synthetic
2025-01-11 05:00:00,52.79533326808226,2025_synthetic
2025-01-11 06:00:00,52.55750300053047,2025_synthetic
2025-01-11 07:00:00,52.07869746557613,2025_synthetic
2025-01-11 08:00:00,52.414690871817086,2025_synthetic
2025-01-11 09:00:00,52.88256935041409,2025_synthetic
2025-01-11 10:00:00,53.781130066642696,2025_synthetic
2025-01-11 11:00:00,54.67004917977313,2025_synthetic
2025-01-11 12:00:00,55.47060908674742,2025_synthetic
2025-01-11 13:00:00,56.35767150989227,2025_synthetic
2025-01-11 14:00:00,56.812101735041644,2025_synthetic
2025-01-11 15:00:00,56.704203600684735,2025_synthetic
2025-01-11 16:00:00,56.98234836277694,2025_synthetic
2025-01-11 17:00:00,57.55933797480579,2025_synthetic
2025-01-11 18:00:00,57.66754161599777,2025_synthetic
2025-01-11 19:00:00,57.50900276586077,2025_synthetic
2025-01-11 20:00:00,56.53498149922311,2025_synthetic
2025-01-11 21:00:00,54.97742088518436,2025_synthetic
2025-01-11 22:00:00,54.496866707686706,2025_synthetic
2025-01-11 23:00:00,54.083766870760094,2025_synthetic
2025-01-12 00:00:00,53.6736521287258,2025_synthetic
2025-01-12 01:00:00,53.412022716629295,2025_synthetic
2025-01-12 02:00:00,53.07797616598976,2025_synthetic
2025-01-12 03:00:00,53.07416847765113,2025_synthetic
2025-01-12 04:00:00,53.314085397135315,2025_synthetic
2025-01-12 05:00:00,53.30466554487738,2025_synthetic
2025-01-12 06:00:00,54.33691825404425,2025_synthetic
2025-01-12 07:00:00,60.22869579897477,2025_synthetic
2025-01-12 08:00:00,68.7057216460615,2025_synthetic
2025-01-12 09:00:00,73.55775115066457,2025_synthetic
2025-01-12 10:00:00,75.56952560019866,2025_synthetic
2025-01-12 11:00:00,77.06530045855861,2025_synthetic
2025-01-12 12:00:00,76.89060638231147,2025_synthetic
2025-01-12 13:00:00,77.08501714931586,2025_synthetic
2025-01-12 14:00:00,77.11231623747918,2025_synthetic
2025-01-12 15:00:00,76.49760417638862,2025_synthetic
2025-01-12 16:00:00,75.63023940358553,2025_synthetic
2025-01-12 17:00:00,74.39045094226196,2025_synthetic
2025-01-12 18:00:00,70.06039470846889,2025_synthetic
2025-01-12 19:00:00,63.8480885347368,2025_synthetic
2025-01-12 20:00:00,59.54257314713033,2025_synthetic
2025-01-12 21:00:00,57.86199673691945,2025_synthetic
2025-01-12 22:00:00,57.011419487335374,2025_synthetic
2025-01-12 23:00:00,56.58233359503337,2025_synthetic
2025-01-13 00:00:00,55.88608384132968,2025_synthetic
2025-01-13 01:00:00,55.63446172554592,2025_synthetic
2025-01-13 02:00:00,55.589670767074004,2025_synthetic
2025-01-13 03:00:00,55.7941138073478,2025_synthetic
2025-01-13 04:00:00,55.994082723181315,2025_synthetic
2025-01-13 05:00:00,56.2061472452814,2025_synthetic
2025-01-13 06:00:00,57.974269164674794,2025_synthetic
2025-01-13 07:00:00,64.08888001257932,2025_synthetic
2025-01-13 08:00:00,71.59614702354654,2025_synthetic
2025-01-13 09:00:00,75.73046815757112,2025_synthetic
2025-01-13 10:00:00,76.99055986294823,2025_synthetic
2025-01-13 11:00:00,77.67311613698105,2025_synthetic
2025-01-13 12:00:00,78.15580641052111,2025_synthetic
2025-01-13 13:00:00,78.38452960905161,2025_synthetic
2025-01-13 14:00:00,78.21831272508763,2025_synthetic
2025-01-13 15:00:00,77.93950245443028,2025_synthetic
2025-01-13 16:00:00,77.19909796677302,2025_synthetic
2025-01-13 17:00:00,75.39540695854137,2025_synthetic
2025-01-13 18:00:00,71.2833468441532,2025_synthetic
2025-01-13 19:00:00,64.36174043871584,2025_synthetic
2025-01-13 20:00:00,59.08929097586595,2025_synthetic
2025-01-13 21:00:00,57.20953749349577,2025_synthetic
2025-01-13 22:00:00,55.99680304904926,2025_synthetic
2025-01-13 23:00:00,54.92042253940613,2025_synthetic
2025-01-14 00:00:00,54.0140005847047,2025_synthetic
2025-01-14 01:00:00,54.194394080533,2025_synthetic
2025-01-14 02:00:00,53.975221849493764,2025_synthetic
2025-01-14 03:00:00,53.85530418828637,2025_synthetic
2025-01-14 04:00:00,53.79314627006255,2025_synthetic
2025-01-14 05:00:00,54.052751607239955,2025_synthetic
2025-01-14 06:00:00,55.25605189214312,2025_synthetic
2025-01-14 07:00:00,61.93729789319858,2025_synthetic
2025-01-14 08:00:00,70.04661518299899,2025_synthetic
2025-01-14 09:00:00,74.23755216446493,2025_synthetic
2025-01-14 10:00:00,76.268838481347,2025_synthetic
2025-01-14 11:00:00,77.89350827010749,2025_synthetic
2025-01-14 12:00:00,78.04686911724356,2025_synthetic
2025-01-14 13:00:00,78.13179094081303,2025_synthetic
2025-01-14 14:00:00,78.21463479194566,2025_synthetic
2025-01-14 15:00:00,77.41812999626706,2025_synthetic
2025-01-14 16:00:00,76.61236878610937,2025_synthetic
2025-01-14 17:00:00,75.2795365456968,2025_synthetic
2025-01-14 18:00:00,71.5629397093171,2025_synthetic
2025-01-14 19:00:00,64.82030011556205,2025_synthetic
2025-01-14 20:00:00,59.654212521981506,2025_synthetic
2025-01-14 21:00:00,58.3034905978643,2025_synthetic
2025-01-14 22:00:00,56.42508772116017,2025_synthetic
2025-01-14 23:00:00,55.41795533429654,2025_synthetic
2025-01-15 00:00:00,55.26033869164833,2025_synthetic
2025-01-15 01:00:00,54.873756988728545,2025_synthetic
2025-01-15 02:00:00,55.36263861383341,2025_synthetic
2025-01-15 03:00:00,55.26472070627132,2025_synthetic
2025-01-15 04:00:00,55.47995377929491,2025_synthetic
2025-01-15 05:00:00,55.00762477776511,2025_synthetic
2025-01-15 06:00:00,57.18683866533924,2025_synthetic
2025-01-15 07:00:00,63.35054117689509,2025_synthetic
2025-01-15 08:00:00,71.58706229686095,2025_synthetic
2025-01-15 09:00:00,75.75512919009023,2025_synthetic
2025-01-15 10:00:00,78.03602883621751,2025_synthetic
2025-01-15 11:00:00,79.15494488341457,2025_synthetic
2025-01-15 12:00:00,79.30742187572861,2025_synthetic
2025-01-15 13:00:00,79.679795156513,2025_synthetic
2025-01-15 14:00:00,79.36781064786794,2025_synthetic
2025-01-15 15:00:00,78.53169089188066,2025_synthetic
2025-01-15 16:00:00,77.4342523138764,2025_synthetic
2025-01-15 17:00:00,76.0792152861951,2025_synthetic
2025-01-15 18:00:00,71.84575806746815,2025_synthetic
2025-01-15 19:00:00,64.53129035600801,2025_synthetic
2025-01-15 20:00:00,59.79500275911195,2025_synthetic
2025-01-15 21:00:00,57.62552545267046,2025_synthetic
2025-01-15 22:00:00,55.7678609654791,2025_synthetic
2025-01-15 23:00:00,55.39985359791628,2025_synthetic
2025-01-16 00:00:00,54.8363573658102,2025_synthetic
2025-01-16 01:00:00,54.10888796199302,2025_synthetic
2025-01-16 02:00:00,54.2638268156,2025_synthetic
2025-01-16 03:00:00,54.400573795164746,2025_synthetic
2025-01-16 04:00:00,54.031749758878334,2025_synthetic
2025-01-16 05:00:00,54.47823143611896,2025_synthetic
2025-01-16 06:00:00,55.63589463386787,2025_synthetic
2025-01-16 07:00:00,62.7737649570934,2025_synthetic
2025-01-16 08:00:00,71.00547765787056,2025_synthetic
2025-01-16 09:00:00,76.09732016271943,2025_synthetic
2025-01-16 10:00:00,77.36331789281036,2025_synthetic
2025-01-16 11:00:00,78.1405025939817,2025_synthetic
2025-01-16 12:00:00,78.83553503255412,2025_synthetic
2025-01-16 13:00:00,79.04673470477502,2025_synthetic
2025-01-16 14:00:00,78.69469335237744,2025_synthetic
2025-01-16 15:00:00,77.90636050618,2025_synthetic
2025-01-16 16:00:00,76.4142630523557,2025_synthetic
2025-01-16 17:00:00,72.72539691228577,2025_synthetic
2025-01-16 18:00:00,66.51772921450771,2025_synthetic
2025-01-16 19:00:00,62.50252099922475,2025_synthetic
2025-01-16 20:00:00,59.57229344289332,2025_synthetic
2025-01-16 21:00:00,57.80607796638493,2025_synthetic
2025-01-16 22:00:00,56.042631488574656,2025_synthetic
2025-01-16 23:00:00,55.18632659995106,2025_synthetic
2025-01-17 00:00:00,54.42303962012332,2025_synthetic
2025-01-17 01:00:00,53.913597796039106,2025_synthetic
2025-01-17 02:00:00,53.724652298368376,2025_synthetic
2025-01-17 03:00:00,53.7944840489741,2025_synthetic
2025-01-17 04:00:00,53.759602788469266,2025_synthetic
2025-01-17 05:00:00,53.91705623516485,2025_synthetic
2025-01-17 06:00:00,54.27040276983402,2025_synthetic
2025-01-17 07:00:00,54.575896082943345,2025_synthetic
2025-01-17 08:00:00,54.96157190727339,2025_synthetic
2025-01-17 09:00:00,55.53160952340755,2025_synthetic
2025-01-17 10:00:00,56.20296404246177,2025_synthetic
2025-01-17 11:00:00,57.982476262787294,2025_synthetic
2025-01-17 12:00:00,58.367169565374475,2025_synthetic
2025-01-17 13:00:00,59.00544025877346,2025_synthetic
2025-01-17 14:00:00,59.482210687835796,2025_synthetic
2025-01-17 15:00:00,58.708992231624066,2025_synthetic
2025-01-17 16:00:00,58.367073931472746,2025_synthetic
2025-01-17 17:00:00,58.704586906476756,2025_synthetic
2025-01-17 18:00:00,58.355103399786145,2025_synthetic
2025-01-17 19:00:00,58.36148070492533,2025_synthetic
2025-01-17 20:00:00,57.589521426191496,2025_synthetic
2025-01-17 21:00:00,56.16283867757864,2025_synthetic
2025-01-17 22:00:00,54.50223950729601,2025_synthetic
2025-01-17 23:00:00,52.86637330177594,2025_synthetic
2025-01-18 00:00:00,51.752333963536074,2025_synthetic
2025-01-18 01:00:00,51.8121267098023,2025_synthetic
2025-01-18 02:00:00,52.11154670290881,2025_synthetic
2025-01-18 03:00:00,51.49160723159528,2025_synthetic
2025-01-18 04:00:00,51.464239432994276,2025_synthetic
2025-01-18 05:00:00,50.93431493152569,2025_synthetic
2025-01-18 06:00:00,51.090115075900215,2025_synthetic
2025-01-18 07:00:00,50.849974204016334,2025_synthetic
2025-01-18 08:00:00,51.11106272806964,2025_synthetic
2025-01-18 09:00:00,52.539823602343645,2025_synthetic
2025-01-18 10:00:00,53.05383830673324,2025_synthetic
2025-01-18 11:00:00,54.74865479426978,2025_synthetic
2025-01-18 12:00:00,55.970352965742606,2025_synthetic
2025-01-18 13:00:00,57.076687666858476,2025_synthetic
2025-01-18 14:00:00,57.55644413101058,2025_synthetic
2025-01-18 15:00:00,57.62426745024776,2025_synthetic
2025-01-18 16:00:00,57.87907984718461,2025_synthetic
2025-01-18 17:00:00,57.71486711386166,2025_synthetic
2025-01-18 18:00:00,57.491634473877326,2025_synthetic
2025-01-18 19:00:00,57.287676679389676,2025_synthetic
2025-01-18 20:00:00,56.14294514264005,2025_synthetic
2025-01-18 21:00:00,54.71070192474717,2025_synthetic
2025-01-18 22:00:00,53.49593329935884,2025_synthetic
2025-01-18 23:00:00,52.733103140021974,2025_synthetic
2025-01-19 00:00:00,52.57347737492293,2025_synthetic
2025-01-19 01:00:00,52.313502572842225,2025_synthetic
2025-01-19 02:00:00,52.396991153949514,2025_synthetic
2025-01-19 03:00:00,52.200821712700375,2025_synthetic
2025-01-19 04:00:00,52.39567182211819,2025_synthetic
2025-01-19 05:00:00,52.57339917897637,2025_synthetic
2025-01-19 06:00:00,54.359556736754385,2025_synthetic
2025-01-19 07:00:00,62.4599477820341,2025_synthetic
2025-01-19 08:00:00,71.7032366925659,2025_synthetic
2025-01-19 09:00:00,76.06824951180064,2025_synthetic
2025-01-19 10:00:00,78.1836267041829,2025_synthetic
2025-01-19 11:00:00,79.21490201373672,2025_synthetic
2025-01-19 12:00:00,79.66614927882947,2025_synthetic
2025-01-19 13:00:00,79.97978955722385,2025_synthetic
2025-01-19 14:00:00,79.60128072143092,2025_synthetic
2025-01-19 15:00:00,79.18085583066949,2025_synthetic
2025-01-19 16:00:00,78.08327858330762,2025_synthetic
2025-01-19 17:00:00,76.38004617062995,2025_synthetic
2025-01-19 18:00:00,71.07632761450384,2025_synthetic
2025-01-19 19:00:00,62.65186583294546,2025_synthetic
2025-01-19 20:00:00,57.25295852743179,2025_synthetic
2025-01-19 21:00:00,55.056654367466706,2025_synthetic
2025-01-19 22:00:00,54.0752474587093,2025_synthetic
2025-01-19 23:00:00,52.778709829963915,2025_synthetic
2025-01-20 00:00:00,52.59607258665116,2025_synthetic
2025-01-20 01:00:00,52.30338457049383,2025_synthetic
2025-01-20 02:00:00,51.773221720549294,2025_synthetic
2025-01-20 03:00:00,52.204038589576214,2025_synthetic
2025-01-20 04:00:00,52.211680009876716,2025_synthetic
2025-01-20 05:00:00,51.795761281914885,2025_synthetic
2025-01-20 06:00:00,54.03529650878627,2025_synthetic
2025-01-20 07:00:00,62.50057183978632,2025_synthetic
2025-01-20 08:00:00,72.10390203031568,2025_synthetic
2025-01-20 09:00:00,76.47730522108372,2025_synthetic
2025-01-20 10:00:00,78.47851862707444,2025_synthetic
2025-01-20 11:00:00,79.80899001694308,2025_synthetic
2025-01-20 12:00:00,80.67055335737606,2025_synthetic
2025-01-20 13:00:00,80.69715094905766,2025_synthetic
2025-01-20 14:00:00,80.98514118767753,2025_synthetic
2025-01-20 15:00:00,80.865780452428,2025_synthetic
2025-01-20 16:00:00,79.39860489033754,2025_synthetic
2025-01-20 17:00:00,77.53008192780524,2025_synthetic
2025-01-20 18:00:00,72.05695490471656,2025_synthetic
2025-01-20 19:00:00,63.693825242122436,2025_synthetic
2025-01-20 20:00:00,58.36023877140905,2025_synthetic
2025-01-20 21:00:00,55.77286746712476,2025_synthetic
2025-01-20 22:00:00,53.68361978792423,2025_synthetic
2025-01-20 23:00:00,52.479020614519555,2025_synthetic
2025-01-21 00:00:00,52.19850802167302,2025_synthetic
2025-01-21 01:00:00,52.28927406703127,2025_synthetic
2025-01-21 02:00:00,51.76332785053661,2025_synthetic
2025-01-21 03:00:00,51.57579672883821,2025_synthetic
2025-01-21 04:00:00,51.50218845965939,2025_synthetic
2025-01-21 05:00:00,51.65803150189677,2025_synthetic
2025-01-21 06:00:00,53.631567534371804,2025_synthetic
2025-01-21 07:00:00,61.83142359039539,2025_synthetic
2025-01-21 08:00:00,70.80865494870844,2025_synthetic
2025-01-21 09:00:00,75.32987239175418,2025_synthetic
2025-01-21 10:00:00,77.87470169022248,2025_synthetic
2025-01-21 11:00:00,79.03407418702051,2025_synthetic
2025-01-21 12:00:00,79.74690206417947,2025_synthetic
2025-01-21 13:00:00,79.65374349170465,2025_synthetic
2025-01-21 14:00:00,79.70112292712906,2025_synthetic
2025-01-21 15:00:00,79.1250687832734,2025_synthetic
2025-01-21 16:00:00,78.1155673828604,2025_synthetic
2025-01-21 17:00:00,75.8787869003676,2025_synthetic
2025-01-21 18:00:00,70.51158175075486,2025_synthetic
2025-01-21 19:00:00,62.17712701310846,2025_synthetic
2025-01-21 20:00:00,56.824867024712525,2025_synthetic
2025-01-21 21:00:00,54.45825124617572,2025_synthetic
2025-01-21 22:00:00,52.39065338695603,2025_synthetic
2025-01-21 23:00:00,51.18126984410925,2025_synthetic
2025-01-22 00:00:00,50.334208404874246,2025_synthetic
2025-01-22 01:00:00,50.02118458619165,2025_synthetic
2025-01-22 02:00:00,49.71439456442049,2025_synthetic
2025-01-22 03:00:00,49.8876910538366,2025_synthetic
2025-01-22 04:00:00,49.68669574271682,2025_synthetic
2025-01-22 05:00:00,50.162263780119645,2025_synthetic
2025-01-22 06:00:00,52.10490117713489,2025_synthetic
2025-01-22 07:00:00,60.344740889783964,2025_synthetic
2025-01-22 08:00:00,69.84137257576654,2025_synthetic
2025-01-22 09:00:00,74.97014862152653,2025_synthetic
2025-01-22 10:00:00,77.86500220172906,2025_synthetic
2025-01-22 11:00:00,79.19840779760789,2025_synthetic
2025-01-22 12:00:00,79.82054204804827,2025_synthetic
2025-01-22 13:00:00,80.0956380008652,2025_synthetic
2025-01-22 14:00:00,80.08534447076995,2025_synthetic
2025-01-22 15:00:00,79.34554944312595,2025_synthetic
2025-01-22 16:00:00,78.02359363159792,2025_synthetic
2025-01-22 17:00:00,76.26882182812597,2025_synthetic
2025-01-22 18:00:00,70.96267557384844,2025_synthetic
2025-01-22 19:00:00,62.64049648056229,2025_synthetic
2025-01-22 20:00:00,57.743420052648275,2025_synthetic
2025-01-22 21:00:00,57.0707285213999,2025_synthetic
2025-01-22 22:00:00,52.852949147414265,2025_synthetic
2025-01-22 23:00:00,51.42387882617365,2025_synthetic
2025-01-23 00:00:00,50.39642386156987,2025_synthetic
2025-01-23 01:00:00,50.4469889824216,2025_synthetic
2025-01-23 02:00:00,50.560444929178445,2025_synthetic
2025-01-23 03:00:00,50.80763401601996,2025_synthetic
2025-01-23 04:00:00,50.75635465122181,2025_synthetic
2025-01-23 05:00:00,51.01238519360534,2025_synthetic
2025-01-23 06:00:00,51.834557399656006,2025_synthetic
2025-01-23 07:00:00,59.47209814974448,2025_synthetic
2025-01-23 08:00:00,68.89481577371016,2025_synthetic
2025-01-23 09:00:00,73.89068536244469,2025_synthetic
2025-01-23 10:00:00,76.1632261554806,2025_synthetic
2025-01-23 11:00:00,76.78781352597494,2025_synthetic
2025-01-23 12:00:00,76.85681822949326,2025_synthetic
2025-01-23 13:00:00,76.90391644426141,2025_synthetic
2025-01-23 14:00:00,76.16130879688288,2025_synthetic
2025-01-23 15:00:00,75.41826756104771,2025_synthetic
2025-01-23 16:00:00,73.98415723315112,2025_synthetic
2025-01-23 17:00:00,70.20521045466533,2025_synthetic
2025-01-23 18:00:00,63.45469842843317,2025_synthetic
2025-01-23 19:00:00,58.386815679924425,2025_synthetic
2025-01-23 20:00:00,55.986175820507704,2025_synthetic
2025-01-23 21:00:00,54.03539516006534,2025_synthetic
2025-01-23 22:00:00,52.373669914828,2025_synthetic
2025-01-23 23:00:00,50.56599762564014,2025_synthetic
2025-01-24 00:00:00,49.74160864597043,2025_synthetic
2025-01-24 01:00:00,49.16104002998186,2025_synthetic
2025-01-24 02:00:00,49.23409132371954,2025_synthetic
2025-01-24 03:00:00,49.242687535323384,2025_synthetic
2025-01-24 04:00:00,48.99591386717228,2025_synthetic
2025-01-24 05:00:00,49.141263409870994,2025_synthetic
2025-01-24 06:00:00,49.14349975810249,2025_synthetic
2025-01-24 07:00:00,49.44568078266833,2025_synthetic
2025-01-24 08:00:00,50.185302323689015,2025_synthetic
2025-01-24 09:00:00,51.037463970016105,2025_synthetic
2025-01-24 10:00:00,52.26070774799004,2025_synthetic
2025-01-24 11:00:00,53.97977834707068,2025_synthetic
2025-01-24 12:00:00,55.23175006326105,2025_synthetic
2025-01-24 13:00:00,56.24051244805772,2025_synthetic
2025-01-24 14:00:00,56.36538492669119,2025_synthetic
2025-01-24 15:00:00,56.21365558437414,2025_synthetic
2025-01-24 16:00:00,56.645726092566264,2025_synthetic
2025-01-24 17:00:00,56.732099598238406,2025_synthetic
2025-01-24 18:00:00,56.28730190260787,2025_synthetic
2025-01-24 19:00:00,56.26480093744265,2025_synthetic
2025-01-24 20:00:00,55.216117833615684,2025_synthetic
2025-01-24 21:00:00,54.32398227988122,2025_synthetic
2025-01-24 22:00:00,52.647225720780376,2025_synthetic
2025-01-24 23:00:00,50.609561503071646,2025_synthetic
2025-01-25 00:00:00,49.89073489282329,2025_synthetic
2025-01-25 01:00:00,49.36980100301825,2025_synthetic
2025-01-25 02:00:00,49.261539729906765,2025_synthetic
2025-01-25 03:00:00,49.25530945983228,2025_synthetic
2025-01-25 04:00:00,49.60755513974617,2025_synthetic
2025-01-25 05:00:00,49.109208620224194,2025_synthetic
2025-01-25 06:00:00,49.78386819471779,2025_synthetic
2025-01-25 07:00:00,49.50553870919536,2025_synthetic
2025-01-25 08:00:00,49.60220946207099,2025_synthetic
2025-01-25 09:00:00,49.79189936231664,2025_synthetic
2025-01-25 10:00:00,50.91650754601348,2025_synthetic
2025-01-25 11:00:00,51.738408157530756,2025_synthetic
2025-01-25 12:00:00,53.24031945949159,2025_synthetic
2025-01-25 13:00:00,54.98520458760845,2025_synthetic
2025-01-25 14:00:00,54.83671004119765,2025_synthetic
2025-01-25 15:00:00,55.79886763188804,2025_synthetic
2025-01-25 16:00:00,55.37209378394637,2025_synthetic
2025-01-25 17:00:00,55.53848185245516,2025_synthetic
2025-01-25 18:00:00,55.54779082074103,2025_synthetic
2025-01-25 19:00:00,53.86706334710705,2025_synthetic
2025-01-25 20:00:00,53.54722062657302,2025_synthetic
2025-01-25 21:00:00,52.21543624785228,2025_synthetic
2025-01-25 22:00:00,50.430224230365496,2025_synthetic
2025-01-25 23:00:00,50.430248967076196,2025_synthetic
2025-01-26 00:00:00,49.915448393594616,2025_synthetic
2025-01-26 01:00:00,49.56298300734525,2025_synthetic
2025-01-26 02:00:00,49.63728261927928,2025_synthetic
2025-01-26 03:00:00,49.855889894883774,2025_synthetic
2025-01-26 04:00:00,49.55561212603887,2025_synthetic
2025-01-26 05:00:00,50.12432764547967,2025_synthetic
2025-01-26 06:00:00,51.40538091579415,2025_synthetic
2025-01-26 07:00:00,59.592406034429324,2025_synthetic
2025-01-26 08:00:00,68.92373834039113,2025_synthetic
2025-01-26 09:00:00,74.21597297982242,2025_synthetic
2025-01-26 10:00:00,76.3917146759176,2025_synthetic
2025-01-26 11:00:00,77.19998684536594,2025_synthetic
2025-01-26 12:00:00,77.25428040045495,2025_synthetic
2025-01-26 13:00:00,77.36496439675133,2025_synthetic
2025-01-26 14:00:00,77.23948346802706,2025_synthetic
2025-01-26 15:00:00,76.89472824482345,2025_synthetic
2025-01-26 16:00:00,75.87175009230094,2025_synthetic
2025-01-26 17:00:00,74.03179324040656,2025_synthetic
2025-01-26 18:00:00,68.12747881421168,2025_synthetic
2025-01-26 19:00:00,60.24275748850039,2025_synthetic
2025-01-26 20:00:00,54.87932319600965,2025_synthetic
2025-01-26 21:00:00,52.37848127250342,2025_synthetic
2025-01-26 22:00:00,51.28488160848768,2025_synthetic
2025-01-26 23:00:00,50.03604392727415,2025_synthetic
2025-01-27 00:00:00,49.07610065898282,2025_synthetic
2025-01-27 01:00:00,48.927295131020415,2025_synthetic
2025-01-27 02:00:00,49.13252396736269,2025_synthetic
2025-01-27 03:00:00,49.18073811415717,2025_synthetic
2025-01-27 04:00:00,48.96386615432374,2025_synthetic
2025-01-27 05:00:00,49.342450643604785,2025_synthetic
2025-01-27 06:00:00,50.54988481031281,2025_synthetic
2025-01-27 07:00:00,57.03654782142401,2025_synthetic
2025-01-27 08:00:00,65.47846818889559,2025_synthetic
2025-01-27 09:00:00,70.57283375612253,2025_synthetic
2025-01-27 10:00:00,72.99682182973399,2025_synthetic
2025-01-27 11:00:00,74.67684166638496,2025_synthetic
2025-01-27 12:00:00,75.55642974779468,2025_synthetic
2025-01-27 13:00:00,76.25795930931054,2025_synthetic
2025-01-27 14:00:00,76.24675558692729,2025_synthetic
2025-01-27 15:00:00,75.55915634996983,2025_synthetic
2025-01-27 16:00:00,74.83170201377101,2025_synthetic
2025-01-27 17:00:00,73.06995470047266,2025_synthetic
2025-01-27 18:00:00,68.07654555954949,2025_synthetic
2025-01-27 19:00:00,60.76771410676645,2025_synthetic
2025-01-27 20:00:00,55.44184663019227,2025_synthetic
2025-01-27 21:00:00,53.18222466308096,2025_synthetic
2025-01-27 22:00:00,51.48827015255067,2025_synthetic
2025-01-27 23:00:00,51.533886808971864,2025_synthetic
2025-01-28 00:00:00,50.47797166272659,2025_synthetic
2025-01-28 01:00:00,50.99293300275464,2025_synthetic
2025-01-28 02:00:00,50.10321549706654,2025_synthetic
2025-01-28 03:00:00,50.10106449415912,2025_synthetic
2025-01-28 04:00:00,50.83245462723036,2025_synthetic
2025-01-28 05:00:00,50.6347929591948,2025_synthetic
2025-01-28 06:00:00,51.489936891304396,2025_synthetic
2025-01-28 07:00:00,58.067959941539776,2025_synthetic
2025-01-28 08:00:00,66.76749933573538,2025_synthetic
2025-01-28 09:00:00,71.55518927405758,2025_synthetic
2025-01-28 10:00:00,73.84904949996044,2025_synthetic
2025-01-28 11:00:00,74.79645519368124,2025_synthetic
2025-01-28 12:00:00,75.50211191753526,2025_synthetic
2025-01-28 13:00:00,75.54187595311703,2025_synthetic
2025-01-28 14:00:00,75.47120258281664,2025_synthetic
2025-01-28 15:00:00,74.91100783578602,2025_synthetic
2025-01-28 16:00:00,74.2045709544163,2025_synthetic
2025-01-28 17:00:00,71.62581095849862,2025_synthetic
2025-01-28 18:00:00,65.81353650196024,2025_synthetic
2025-01-28 19:00:00,58.42568534035739,2025_synthetic
2025-01-28 20:00:00,52.38565501306677,2025_synthetic
2025-01-28 21:00:00,50.413546354753606,2025_synthetic
2025-01-28 22:00:00,48.988316383916455,2025_synthetic
2025-01-28 23:00:00,48.0293603994733,2025_synthetic
2025-01-29 00:00:00,47.357437900652,2025_synthetic
2025-01-29 01:00:00,47.76544964027124,2025_synthetic
2025-01-29 02:00:00,47.17974731543628,2025_synthetic
2025-01-29 03:00:00,47.674583046714986,2025_synthetic
2025-01-29 04:00:00,47.73938734457569,2025_synthetic
2025-01-29 05:00:00,47.91732571527848,2025_synthetic
2025-01-29 06:00:00,49.9234251258362,2025_synthetic
2025-01-29 07:00:00,57.09312059779026,2025_synthetic
2025-01-29 08:00:00,65.90465800316434,2025_synthetic
2025-01-29 09:00:00,71.89855771039058,2025_synthetic
2025-01-29 10:00:00,74.4829157232414,2025_synthetic
2025-01-29 11:00:00,74.71991868279719,2025_synthetic
2025-01-29 12:00:00,75.14830859687613,2025_synthetic
2025-01-29 13:00:00,75.07718589252121,2025_synthetic
2025-01-29 14:00:00,74.98540419833105,2025_synthetic
2025-01-29 15:00:00,74.33447949819512,2025_synthetic
2025-01-29 16:00:00,73.26410990144132,2025_synthetic
2025-01-29 17:00:00,71.38642859550212,2025_synthetic
2025-01-29 18:00:00,66.6080663371548,2025_synthetic
2025-01-29 19:00:00,59.97710610049134,2025_synthetic
2025-01-29 20:00:00,55.58722444809339,2025_synthetic
2025-01-29 21:00:00,52.703174927506694,2025_synthetic
2025-01-29 22:00:00,51.79177106970424,2025_synthetic
2025-01-29 23:00:00,50.781870791439744,2025_synthetic
2025-01-30 00:00:00,50.08326456184126,2025_synthetic
2025-01-30 01:00:00,49.59315691647248,2025_synthetic
2025-01-30 02:00:00,49.6319097894513,2025_synthetic
2025-01-30 03:00:00,49.83801621924511,2025_synthetic
2025-01-30 04:00:00,49.43843306401857,2025_synthetic
2025-01-30 05:00:00,49.723613355456706,2025_synthetic
2025-01-30 06:00:00,51.04591592718589,2025_synthetic
2025-01-30 07:00:00,58.07499139837624,2025_synthetic
2025-01-30 08:00:00,66.14749318145802,2025_synthetic
2025-01-30 09:00:00,71.04801102510112,2025_synthetic
2025-01-30 10:00:00,72.40842633601459,2025_synthetic
2025-01-30 11:00:00,72.98386451850695,2025_synthetic
2025-01-30 12:00:00,73.698448372621,2025_synthetic
2025-01-30 13:00:00,74.18984529946894,2025_synthetic
2025-01-30 14:00:00,73.43225012296476,2025_synthetic
2025-01-30 15:00:00,72.45031784131135,2025_synthetic
2025-01-30 16:00:00,70.22434056166009,2025_synthetic
2025-01-30 17:00:00,67.29444960969764,2025_synthetic
2025-01-30 18:00:00,60.96258108243883,2025_synthetic
2025-01-30 19:00:00,56.92016726768016,2025_synthetic
2025-01-30 20:00:00,54.44012174269962,2025_synthetic
2025-01-30 21:00:00,52.35003987526828,2025_synthetic
2025-01-30 22:00:00,51.10451647778468,2025_synthetic
2025-01-30 23:00:00,50.327475562437,2025_synthetic
2025-01-31 00:00:00,49.43467638353167,2025_synthetic
2025-01-31 01:00:00,48.977667144055715,2025_synthetic
2025-01-31 02:00:00,47.8636507734596,2025_synthetic
2025-01-31 03:00:00,48.545822749369734,2025_synthetic
2025-01-31 04:00:00,48.50865509858377,2025_synthetic
2025-01-31 05:00:00,48.50340781480712,2025_synthetic
2025-01-31 06:00:00,48.10176735432887,2025_synthetic
2025-01-31 07:00:00,49.38323856164564,2025_synthetic
2025-01-31 08:00:00,49.60072908820263,2025_synthetic
2025-01-31 09:00:00,50.44871699770354,2025_synthetic
2025-01-31 10:00:00,51.68099201804842,2025_synthetic
2025-01-31 11:00:00,53.558544901976006,2025_synthetic
2025-01-31 12:00:00,54.53495159519501,2025_synthetic
2025-01-31 13:00:00,55.83653945641069,2025_synthetic
2025-01-31 14:00:00,55.53993440732903,2025_synthetic
2025-01-31 15:00:00,55.93411097048936,2025_synthetic
2025-01-31 16:00:00,55.359889587989805,2025_synthetic
2025-01-31 17:00:00,54.93535977883157,2025_synthetic
2025-01-31 18:00:00,54.322733041925815,2025_synthetic
2025-01-31 19:00:00,54.512353562694244,2025_synthetic
2025-01-31 20:00:00,53.32302044284434,2025_synthetic
2025-01-31 21:00:00,51.75583941105233,2025_synthetic
2025-01-31 22:00:00,50.36041329928335,2025_synthetic
2025-01-31 23:00:00,49.15824344990985,2025_synthetic
2025-02-01 00:00:00,49.09984814165841,2025_synthetic
2025-02-01 01:00:00,48.8493453557375,2025_synthetic
2025-02-01 02:00:00,48.6541862816456,2025_synthetic
2025-02-01 03:00:00,48.474137271330285,2025_synthetic
2025-02-01 04:00:00,48.079036332483355,2025_synthetic
2025-02-01 05:00:00,48.547324773270205,2025_synthetic
2025-02-01 06:00:00,48.47588824308868,2025_synthetic
2025-02-01 07:00:00,48.52048462908198,2025_synthetic
2025-02-01 08:00:00,48.99670534406222,2025_synthetic
2025-02-01 09:00:00,50.059743401695,2025_synthetic
2025-02-01 10:00:00,51.09104474369886,2025_synthetic
2025-02-01 11:00:00,51.93916854651893,2025_synthetic
2025-02-01 12:00:00,53.34553772434347,2025_synthetic
2025-02-01 13:00:00,53.99564112564754,2025_synthetic
2025-02-01 14:00:00,53.67925587353746,2025_synthetic
2025-02-01 15:00:00,53.93481513885922,2025_synthetic
2025-02-01 16:00:00,54.164394458488864,2025_synthetic
2025-02-01 17:00:00,54.32718305929607,2025_synthetic
2025-02-01 18:00:00,53.688025040745146,2025_synthetic
2025-02-01 19:00:00,53.823232481308104,2025_synthetic
2025-02-01 20:00:00,53.032847332521115,2025_synthetic
2025-02-01 21:00:00,51.892028792369274,2025_synthetic
2025-02-01 22:00:00,50.59682748491207,2025_synthetic
2025-02-01 23:00:00,49.99782462515762,2025_synthetic
2025-02-02 00:00:00,49.60413206490716,2025_synthetic
2025-02-02 01:00:00,49.64575604503517,2025_synthetic
2025-02-02 02:00:00,49.39766027548684,2025_synthetic
2025-02-02 03:00:00,49.087776072073275,2025_synthetic
2025-02-02 04:00:00,49.37246009054731,2025_synthetic
2025-02-02 05:00:00,49.462797898648006,2025_synthetic
2025-02-02 06:00:00,51.22443550917099,2025_synthetic
2025-02-02 07:00:00,58.98576619856634,2025_synthetic
2025-02-02 08:00:00,68.18721705192897,2025_synthetic
2025-02-02 09:00:00,73.18993340170948,2025_synthetic
2025-02-02 10:00:00,75.56500580171841,2025_synthetic
2025-02-02 11:00:00,76.60307879990188,2025_synthetic
2025-02-02 12:00:00,77.17357989726591,2025_synthetic
2025-02-02 13:00:00,77.77133016808537,2025_synthetic
2025-02-02 14:00:00,77.18416463372111,2025_synthetic
2025-02-02 15:00:00,77.10288420936098,2025_synthetic
2025-02-02 16:00:00,76.29885451218055,2025_synthetic
2025-02-02 17:00:00,74.59944570783296,2025_synthetic
2025-02-02 18:00:00,68.6688624002214,2025_synthetic
2025-02-02 19:00:00,61.08013242954463,2025_synthetic
2025-02-02 20:00:00,55.09904568575615,2025_synthetic
2025-02-02 21:00:00,52.613586659566536,2025_synthetic
2025-02-02 22:00:00,51.46849925151636,2025_synthetic
2025-02-02 23:00:00,50.92843166516926,2025_synthetic
2025-02-03 00:00:00,50.33114675759676,2025_synthetic
2025-02-03 01:00:00,50.87503261910466,2025_synthetic
2025-02-03 02:00:00,50.702407922331105,2025_synthetic
2025-02-03 03:00:00,50.97423609468174,2025_synthetic
2025-02-03 04:00:00,51.02226485538657,2025_synthetic
2025-02-03 05:00:00,51.08142259113704,2025_synthetic
2025-02-03 06:00:00,52.57744473879351,2025_synthetic
2025-02-03 07:00:00,60.39679555547431,2025_synthetic
2025-02-03 08:00:00,69.24254635863275,2025_synthetic
2025-02-03 09:00:00,74.56586025869842,2025_synthetic
2025-02-03 10:00:00,75.98379897643575,2025_synthetic
2025-02-03 11:00:00,77.07777701835494,2025_synthetic
2025-02-03 12:00:00,77.96771398728531,2025_synthetic
2025-02-03 13:00:00,77.49117228709595,2025_synthetic
2025-02-03 14:00:00,78.23976328055969,2025_synthetic
2025-02-03 15:00:00,77.13803924048337,2025_synthetic
2025-02-03 16:00:00,76.18087388084801,2025_synthetic
2025-02-03 17:00:00,73.95505243028995,2025_synthetic
2025-02-03 18:00:00,67.74884303372585,2025_synthetic
2025-02-03 19:00:00,59.28038834071823,2025_synthetic
2025-02-03 20:00:00,54.31394284338701,2025_synthetic
2025-02-03 21:00:00,50.8660646675343,2025_synthetic
2025-02-03 22:00:00,49.960027012355866,2025_synthetic
2025-02-03 23:00:00,49.47625661678258,2025_synthetic
2025-02-04 00:00:00,47.8686288822593,2025_synthetic
2025-02-04 01:00:00,48.14369922758606,2025_synthetic
2025-02-04 02:00:00,48.176331304648016,2025_synthetic
2025-02-04 03:00:00,48.05311955014669,2025_synthetic
2025-02-04 04:00:00,48.22021341259464,2025_synthetic
2025-02-04 05:00:00,48.587646455249896,2025_synthetic
2025-02-04 06:00:00,50.795417028549664,2025_synthetic
2025-02-04 07:00:00,58.63170767712835,2025_synthetic
2025-02-04 08:00:00,68.62337500740125,2025_synthetic
2025-02-04 09:00:00,73.80139479067299,2025_synthetic
2025-02-04 10:00:00,76.32793859668024,2025_synthetic
2025-02-04 11:00:00,77.178089117739,2025_synthetic
2025-02-04 12:00:00,77.10367529730682,2025_synthetic
2025-02-04 13:00:00,77.09390408116766,2025_synthetic
2025-02-04 14:00:00,76.8894402405464,2025_synthetic
2025-02-04 15:00:00,76.52708854755883,2025_synthetic
2025-02-04 16:00:00,75.41242252574251,2025_synthetic
2025-02-04 17:00:00,73.34395364598126,2025_synthetic
2025-02-04 18:00:00,67.9371182325545,2025_synthetic
2025-02-04 19:00:00,59.49328152076393,2025_synthetic
2025-02-04 20:00:00,53.52415421414872,2025_synthetic
2025-02-04 21:00:00,50.20933381112491,2025_synthetic
2025-02-04 22:00:00,49.29347085288715,2025_synthetic
2025-02-04 23:00:00,47.950816327032264,2025_synthetic
2025-02-05 00:00:00,47.04397396395972,2025_synthetic
2025-02-05 01:00:00,47.03381381111578,2025_synthetic
2025-02-05 02:00:00,47.32554311925636,2025_synthetic
2025-02-05 03:00:00,47.27776429395118,2025_synthetic
2025-02-05 04:00:00,47.3510569090382,2025_synthetic
2025-02-05 05:00:00,47.61264777117372,2025_synthetic
2025-02-05 06:00:00,49.6147810396493,2025_synthetic
2025-02-05 07:00:00,57.94764441485269,2025_synthetic
2025-02-05 08:00:00,67.93972671457509,2025_synthetic
2025-02-05 09:00:00,73.04973916080388,2025_synthetic
2025-02-05 10:00:00,75.88131688631536,2025_synthetic
2025-02-05 11:00:00,78.1757335168047,2025_synthetic
2025-02-05 12:00:00,79.08315677467805,2025_synthetic
2025-02-05 13:00:00,78.64392411817859,2025_synthetic
2025-02-05 14:00:00,78.30682532296734,2025_synthetic
2025-02-05 15:00:00,77.05676557305779,2025_synthetic
2025-02-05 16:00:00,75.80154841453688,2025_synthetic
2025-02-05 17:00:00,73.72591309042558,2025_synthetic
2025-02-05 18:00:00,68.55469723508921,2025_synthetic
2025-02-05 19:00:00,59.74568700653957,2025_synthetic
2025-02-05 20:00:00,54.954782576147004,2025_synthetic
2025-02-05 21:00:00,52.319262266419706,2025_synthetic
2025-02-05 22:00:00,50.38560516255475,2025_synthetic
2025-02-05 23:00:00,48.343245486440026,2025_synthetic
2025-02-06 00:00:00,46.818854192449635,2025_synthetic
2025-02-06 01:00:00,47.28863858176001,2025_synthetic
2025-02-06 02:00:00,47.28218996440276,2025_synthetic
2025-02-06 03:00:00,47.20850250718385,2025_synthetic
2025-02-06 04:00:00,47.22849753331245,2025_synthetic
2025-02-06 05:00:00,47.45481004432381,2025_synthetic
2025-02-06 06:00:00,49.2040274476864,2025_synthetic
2025-02-06 07:00:00,57.52211393576677,2025_synthetic
2025-02-06 08:00:00,66.8336832609908,2025_synthetic
2025-02-06 09:00:00,72.19232819158368,2025_synthetic
2025-02-06 10:00:00,75.0877771909363,2025_synthetic
2025-02-06 11:00:00,76.2733420766483,2025_synthetic
2025-02-06 12:00:00,76.48559823546653,2025_synthetic
2025-02-06 13:00:00,76.53222405013256,2025_synthetic
2025-02-06 14:00:00,75.65893106187667,2025_synthetic
2025-02-06 15:00:00,74.36887822365068,2025_synthetic
2025-02-06 16:00:00,72.35494300157951,2025_synthetic
2025-02-06 17:00:00,67.67018608846715,2025_synthetic
2025-02-06 18:00:00,60.59161259405293,2025_synthetic
2025-02-06 19:00:00,55.45680525666874,2025_synthetic
2025-02-06 20:00:00,52.336971128150566,2025_synthetic
2025-02-06 21:00:00,51.149857453717544,2025_synthetic
2025-02-06 22:00:00,49.24301582085755,2025_synthetic
2025-02-06 23:00:00,47.12827537005733,2025_synthetic
2025-02-07 00:00:00,46.57999507846216,2025_synthetic
2025-02-07 01:00:00,46.72129836208582,2025_synthetic
2025-02-07 02:00:00,45.773158528226475,2025_synthetic
2025-02-07 03:00:00,46.617426859655026,2025_synthetic
2025-02-07 04:00:00,45.660934015963754,2025_synthetic
2025-02-07 05:00:00,45.71889004621276,2025_synthetic
2025-02-07 06:00:00,45.80982895196232,2025_synthetic
2025-02-07 07:00:00,46.4595199597067,2025_synthetic
2025-02-07 08:00:00,47.11227583812372,2025_synthetic
2025-02-07 09:00:00,48.02130066453016,2025_synthetic
2025-02-07 10:00:00,49.90210271957655,2025_synthetic
2025-02-07 11:00:00,52.1366550442619,2025_synthetic
2025-02-07 12:00:00,53.543817770398384,2025_synthetic
2025-02-07 13:00:00,54.471436298533945,2025_synthetic
2025-02-07 14:00:00,54.861416343086304,2025_synthetic
2025-02-07 15:00:00,55.14187002602658,2025_synthetic
2025-02-07 16:00:00,54.742327589063436,2025_synthetic
2025-02-07 17:00:00,54.30137770419132,2025_synthetic
2025-02-07 18:00:00,53.991340288192525,2025_synthetic
2025-02-07 19:00:00,53.37712566499991,2025_synthetic
2025-02-07 20:00:00,52.08413297975144,2025_synthetic
2025-02-07 21:00:00,50.94128187523795,2025_synthetic
2025-02-07 22:00:00,48.41515608920739,2025_synthetic
2025-02-07 23:00:00,46.70094834302699,2025_synthetic
2025-02-08 00:00:00,46.129129490569454,2025_synthetic
2025-02-08 01:00:00,45.831091880745774,2025_synthetic
2025-02-08 02:00:00,45.50327755771233,2025_synthetic
2025-02-08 03:00:00,45.26858287582672,2025_synthetic
2025-02-08 04:00:00,45.57182885938617,2025_synthetic
2025-02-08 05:00:00,45.649531851098686,2025_synthetic
2025-02-08 06:00:00,45.63786919382432,2025_synthetic
2025-02-08 07:00:00,45.55512122394505,2025_synthetic
2025-02-08 08:00:00,45.68374778967555,2025_synthetic
2025-02-08 09:00:00,47.044811852859176,2025_synthetic
2025-02-08 10:00:00,48.653237633315825,2025_synthetic
2025-02-08 11:00:00,50.39329967479119,2025_synthetic
2025-02-08 12:00:00,51.98213857394459,2025_synthetic
2025-02-08 13:00:00,53.298691333810055,2025_synthetic
2025-02-08 14:00:00,54.04538520716497,2025_synthetic
2025-02-08 15:00:00,54.404765057431135,2025_synthetic
2025-02-08 16:00:00,54.62183432993638,2025_synthetic
2025-02-08 17:00:00,54.785178202411075,2025_synthetic
2025-02-08 18:00:00,54.06558282826262,2025_synthetic
2025-02-08 19:00:00,53.184995142379776,2025_synthetic
2025-02-08 20:00:00,51.870304844338634,2025_synthetic
2025-02-08 21:00:00,50.316474105925785,2025_synthetic
2025-02-08 22:00:00,48.990193230837164,2025_synthetic
2025-02-08 23:00:00,48.296470222817646,2025_synthetic
2025-02-09 00:00:00,47.55266683428937,2025_synthetic
2025-02-09 01:00:00,47.72110208458281,2025_synthetic
2025-02-09 02:00:00,47.544656710118105,2025_synthetic
2025-02-09 03:00:00,47.54693721007239,2025_synthetic
2025-02-09 04:00:00,47.24079553959005,2025_synthetic
2025-02-09 05:00:00,47.468638582256744,2025_synthetic
2025-02-09 06:00:00,50.18397689410958,2025_synthetic
2025-02-09 07:00:00,58.68519648549664,2025_synthetic
2025-02-09 08:00:00,68.5373459427083,2025_synthetic
2025-02-09 09:00:00,74.12360784517608,2025_synthetic
2025-02-09 10:00:00,76.56666886339175,2025_synthetic
2025-02-09 11:00:00,77.62577724795459,2025_synthetic
2025-02-09 12:00:00,78.37627906231191,2025_synthetic
2025-02-09 13:00:00,78.38192945797206,2025_synthetic
2025-02-09 14:00:00,77.72389483446054,2025_synthetic
2025-02-09 15:00:00,76.8491577756912,2025_synthetic
2025-02-09 16:00:00,75.7256892211493,2025_synthetic
2025-02-09 17:00:00,73.5760568118134,2025_synthetic
2025-02-09 18:00:00,66.80727763510063,2025_synthetic
2025-02-09 19:00:00,56.9682400093473,2025_synthetic
2025-02-09 20:00:00,50.965485720005915,2025_synthetic
2025-02-09 21:00:00,48.205654722903176,2025_synthetic
2025-02-09 22:00:00,46.57194785356624,2025_synthetic
2025-02-09 23:00:00,45.694527094888706,2025_synthetic
2025-02-10 00:00:00,45.20141893390072,2025_synthetic
2025-02-10 01:00:00,45.40465241274906,2025_synthetic
2025-02-10 02:00:00,44.9227954535386,2025_synthetic
2025-02-10 03:00:00,44.81214985538841,2025_synthetic
2025-02-10 04:00:00,45.25457573813128,2025_synthetic
2025-02-10 05:00:00,45.15899548864215,2025_synthetic
2025-02-10 06:00:00,47.270951270143634,2025_synthetic
2025-02-10 07:00:00,57.3455652078099,2025_synthetic
2025-02-10 08:00:00,67.98245719796905,2025_synthetic
2025-02-10 09:00:00,74.42992498004398,2025_synthetic
2025-02-10 10:00:00,77.37355255021234,2025_synthetic
2025-02-10 11:00:00,78.46738940072792,2025_synthetic
2025-02-10 12:00:00,78.74888106878299,2025_synthetic
2025-02-10 13:00:00,78.85191872756452,2025_synthetic
2025-02-10 14:00:00,78.82054300139288,2025_synthetic
2025-02-10 15:00:00,78.5298009213104,2025_synthetic
2025-02-10 16:00:00,77.29345809341103,2025_synthetic
2025-02-10 17:00:00,74.8267012358426,2025_synthetic
2025-02-10 18:00:00,68.34192061178081,2025_synthetic
2025-02-10 19:00:00,57.94078522625544,2025_synthetic
2025-02-10 20:00:00,51.60463558607755,2025_synthetic
2025-02-10 21:00:00,48.40619314716142,2025_synthetic
2025-02-10 22:00:00,46.521044716918425,2025_synthetic
2025-02-10 23:00:00,45.63603109791742,2025_synthetic
2025-02-11 00:00:00,45.827725108034834,2025_synthetic
2025-02-11 01:00:00,44.913909075131,2025_synthetic
2025-02-11 02:00:00,45.75105750810596,2025_synthetic
2025-02-11 03:00:00,44.906100261778676,2025_synthetic
2025-02-11 04:00:00,45.34089571015281,2025_synthetic
2025-02-11 05:00:00,45.61535291611062,2025_synthetic
2025-02-11 06:00:00,47.41422380081936,2025_synthetic
2025-02-11 07:00:00,56.765960027873945,2025_synthetic
2025-02-11 08:00:00,67.9970109891847,2025_synthetic
2025-02-11 09:00:00,74.12750590634056,2025_synthetic
2025-02-11 10:00:00,77.02729637442567,2025_synthetic
2025-02-11 11:00:00,78.5382924387084,2025_synthetic
2025-02-11 12:00:00,79.37309783284553,2025_synthetic
2025-02-11 13:00:00,79.29139072741069,2025_synthetic
2025-02-11 14:00:00,78.81841055895072,2025_synthetic
2025-02-11 15:00:00,78.36650490194793,2025_synthetic
2025-02-11 16:00:00,76.67387777772433,2025_synthetic
2025-02-11 17:00:00,74.2323375725015,2025_synthetic
2025-02-11 18:00:00,68.2191257964503,2025_synthetic
2025-02-11 19:00:00,58.44836674011141,2025_synthetic
2025-02-11 20:00:00,51.75125647054725,2025_synthetic
2025-02-11 21:00:00,48.95132141581048,2025_synthetic
2025-02-11 22:00:00,46.65985009588537,2025_synthetic
2025-02-11 23:00:00,45.764110731973325,2025_synthetic
2025-02-12 00:00:00,45.628905137905214,2025_synthetic
2025-02-12 01:00:00,45.861844800236504,2025_synthetic
2025-02-12 02:00:00,45.67344838836808,2025_synthetic
2025-02-12 03:00:00,45.30970742243069,2025_synthetic
2025-02-12 04:00:00,45.47842736792169,2025_synthetic
2025-02-12 05:00:00,45.73747261809255,2025_synthetic
2025-02-12 06:00:00,47.53219823095657,2025_synthetic
2025-02-12 07:00:00,56.4167037911438,2025_synthetic
2025-02-12 08:00:00,67.03538187664842,2025_synthetic
2025-02-12 09:00:00,73.34460567343649,2025_synthetic
2025-02-12 10:00:00,76.7922442934975,2025_synthetic
2025-02-12 11:00:00,78.2473135031942,2025_synthetic
2025-02-12 12:00:00,79.36070203614513,2025_synthetic
2025-02-12 13:00:00,79.07951179317976,2025_synthetic
2025-02-12 14:00:00,78.44537585312654,2025_synthetic
2025-02-12 15:00:00,77.5005251181966,2025_synthetic
2025-02-12 16:00:00,77.01502163339518,2025_synthetic
2025-02-12 17:00:00,74.28956695347432,2025_synthetic
2025-02-12 18:00:00,68.05102547141027,2025_synthetic
2025-02-12 19:00:00,58.6754241120091,2025_synthetic
2025-02-12 20:00:00,51.95996575170398,2025_synthetic
2025-02-12 21:00:00,49.08332818533695,2025_synthetic
2025-02-12 22:00:00,46.879791981942276,2025_synthetic
2025-02-12 23:00:00,45.07502846827545,2025_synthetic
2025-02-13 00:00:00,44.81973968501988,2025_synthetic
2025-02-13 01:00:00,44.79749817450559,2025_synthetic
2025-02-13 02:00:00,44.68930045086738,2025_synthetic
2025-02-13 03:00:00,44.01301148743093,2025_synthetic
2025-02-13 04:00:00,44.582705276069525,2025_synthetic
2025-02-13 05:00:00,44.24921830682913,2025_synthetic
2025-02-13 06:00:00,46.452306314902216,2025_synthetic
2025-02-13 07:00:00,54.00832285650665,2025_synthetic
2025-02-13 08:00:00,64.89401626519503,2025_synthetic
2025-02-13 09:00:00,72.56388716817924,2025_synthetic
2025-02-13 10:00:00,75.7384718737768,2025_synthetic
2025-02-13 11:00:00,76.9212974592393,2025_synthetic
2025-02-13 12:00:00,77.38868870467809,2025_synthetic
2025-02-13 13:00:00,77.50145455041343,2025_synthetic
2025-02-13 14:00:00,76.7250798514986,2025_synthetic
2025-02-13 15:00:00,75.37110886658166,2025_synthetic
2025-02-13 16:00:00,73.6628883073512,2025_synthetic
2025-02-13 17:00:00,68.86898608214219,2025_synthetic
2025-02-13 18:00:00,61.58887915400813,2025_synthetic
2025-02-13 19:00:00,56.41235782459775,2025_synthetic
2025-02-13 20:00:00,52.736572401944485,2025_synthetic
2025-02-13 21:00:00,50.71088061414295,2025_synthetic
2025-02-13 22:00:00,48.30091645442026,2025_synthetic
2025-02-13 23:00:00,46.69011146628459,2025_synthetic
2025-02-14 00:00:00,45.07673717470395,2025_synthetic
2025-02-14 01:00:00,45.75736275632772,2025_synthetic
2025-02-14 02:00:00,45.144149270308375,2025_synthetic
2025-02-14 03:00:00,44.633435142620534,2025_synthetic
2025-02-14 04:00:00,45.48345923142379,2025_synthetic
2025-02-14 05:00:00,44.687064794146586,2025_synthetic
2025-02-14 06:00:00,45.20451081950078,2025_synthetic
2025-02-14 07:00:00,46.6739973964131,2025_synthetic
2025-02-14 08:00:00,46.608411373029696,2025_synthetic
2025-02-14 09:00:00,47.72486791243371,2025_synthetic
2025-02-14 10:00:00,47.22598308614912,2025_synthetic
2025-02-14 11:00:00,48.649975850258414,2025_synthetic
2025-02-14 12:00:00,51.12243476405218,2025_synthetic
2025-02-14 13:00:00,51.571814917611874,2025_synthetic
2025-02-14 14:00:00,52.07162964614209,2025_synthetic
2025-02-14 15:00:00,52.901591056856276,2025_synthetic
2025-02-14 16:00:00,52.22434297974841,2025_synthetic
2025-02-14 17:00:00,52.85739178350144,2025_synthetic
2025-02-14 18:00:00,52.10523256252772,2025_synthetic
2025-02-14 19:00:00,51.50734117600385,2025_synthetic
2025-02-14 20:00:00,50.30100306117912,2025_synthetic
2025-02-14 21:00:00,48.461722876897575,2025_synthetic
2025-02-14 22:00:00,46.7783486576551,2025_synthetic
2025-02-14 23:00:00,44.93514498576039,2025_synthetic
2025-02-15 00:00:00,43.95070622114026,2025_synthetic
2025-02-15 01:00:00,43.65432145220424,2025_synthetic
2025-02-15 02:00:00,44.56298869253547,2025_synthetic
2025-02-15 03:00:00,42.55070344620218,2025_synthetic
2025-02-15 04:00:00,43.16652864598104,2025_synthetic
2025-02-15 05:00:00,43.62494117584012,2025_synthetic
2025-02-15 06:00:00,42.49287308983685,2025_synthetic
2025-02-15 07:00:00,43.33447555099637,2025_synthetic
2025-02-15 08:00:00,42.82843130717274,2025_synthetic
2025-02-15 09:00:00,44.0897229307545,2025_synthetic
2025-02-15 10:00:00,45.28537879648207,2025_synthetic
2025-02-15 11:00:00,48.31924387939154,2025_synthetic
2025-02-15 12:00:00,50.00410734834049,2025_synthetic
2025-02-15 13:00:00,50.4876734064551,2025_synthetic
2025-02-15 14:00:00,50.318392953221334,2025_synthetic
2025-02-15 15:00:00,50.358574458770164,2025_synthetic
2025-02-15 16:00:00,50.07648580412041,2025_synthetic
2025-02-15 17:00:00,49.16926744951559,2025_synthetic
2025-02-15 18:00:00,48.81191706459298,2025_synthetic
2025-02-15 19:00:00,47.90812393650687,2025_synthetic
2025-02-15 20:00:00,47.510041109612274,2025_synthetic
2025-02-15 21:00:00,45.79851485438844,2025_synthetic
2025-02-15 22:00:00,44.590360321528884,2025_synthetic
2025-02-15 23:00:00,43.78078749416591,2025_synthetic
2025-02-16 00:00:00,42.40122958031324,2025_synthetic
2025-02-16 01:00:00,42.119810860514235,2025_synthetic
2025-02-16 02:00:00,43.08125988533624,2025_synthetic
2025-02-16 03:00:00,43.23627008135189,2025_synthetic
2025-02-16 04:00:00,42.23105788861333,2025_synthetic
2025-02-16 05:00:00,42.40940048258301,2025_synthetic
2025-02-16 06:00:00,45.57239536116799,2025_synthetic
2025-02-16 07:00:00,54.581715554901116,2025_synthetic
2025-02-16 08:00:00,64.91876356885064,2025_synthetic
2025-02-16 09:00:00,71.30300237784398,2025_synthetic
2025-02-16 10:00:00,73.917058958394,2025_synthetic
2025-02-16 11:00:00,75.42813312104042,2025_synthetic
2025-02-16 12:00:00,75.3030363662134,2025_synthetic
2025-02-16 13:00:00,75.48561637140114,2025_synthetic
2025-02-16 14:00:00,75.06004458351364,2025_synthetic
2025-02-16 15:00:00,74.4742426354308,2025_synthetic
2025-02-16 16:00:00,73.45427293984417,2025_synthetic
2025-02-16 17:00:00,71.17102212123018,2025_synthetic
2025-02-16 18:00:00,65.0317287245622,2025_synthetic
2025-02-16 19:00:00,55.55397430293188,2025_synthetic
2025-02-16 20:00:00,49.3162224473911,2025_synthetic
2025-02-16 21:00:00,46.655858939458426,2025_synthetic
2025-02-16 22:00:00,45.55538877314855,2025_synthetic
2025-02-16 23:00:00,43.83276594674882,2025_synthetic
2025-02-17 00:00:00,43.39385820383638,2025_synthetic
2025-02-17 01:00:00,43.02428750537324,2025_synthetic
2025-02-17 02:00:00,43.69902936826867,2025_synthetic
2025-02-17 03:00:00,44.32014685181678,2025_synthetic
2025-02-17 04:00:00,44.77295412151571,2025_synthetic
2025-02-17 05:00:00,45.24705254329051,2025_synthetic
2025-02-17 06:00:00,46.06078161472012,2025_synthetic
2025-02-17 07:00:00,54.313845734537246,2025_synthetic
2025-02-17 08:00:00,65.2193186375232,2025_synthetic
2025-02-17 09:00:00,71.66340515221741,2025_synthetic
2025-02-17 10:00:00,74.01012855008857,2025_synthetic
2025-02-17 11:00:00,75.25158644138403,2025_synthetic
2025-02-17 12:00:00,76.40532207927785,2025_synthetic
2025-02-17 13:00:00,76.40732009595268,2025_synthetic
2025-02-17 14:00:00,76.65696465604285,2025_synthetic
2025-02-17 15:00:00,75.90962875619762,2025_synthetic
2025-02-17 16:00:00,74.06550912212842,2025_synthetic
2025-02-17 17:00:00,71.92728704808901,2025_synthetic
2025-02-17 18:00:00,65.62779808157632,2025_synthetic
2025-02-17 19:00:00,56.001089700109986,2025_synthetic
2025-02-17 20:00:00,49.58294707775531,2025_synthetic
2025-02-17 21:00:00,46.88779594517726,2025_synthetic
2025-02-17 22:00:00,44.87743766002055,2025_synthetic
2025-02-17 23:00:00,43.466415401961854,2025_synthetic
2025-02-18 00:00:00,43.33603153581196,2025_synthetic
2025-02-18 01:00:00,42.786609435795185,2025_synthetic
2025-02-18 02:00:00,42.641756144435575,2025_synthetic
2025-02-18 03:00:00,41.905638287519295,2025_synthetic
2025-02-18 04:00:00,42.91289959282996,2025_synthetic
2025-02-18 05:00:00,43.18603049684981,2025_synthetic
2025-02-18 06:00:00,43.74253480482021,2025_synthetic
2025-02-18 07:00:00,53.343842520845854,2025_synthetic
2025-02-18 08:00:00,64.50171331250641,2025_synthetic
2025-02-18 09:00:00,70.88470917308356,2025_synthetic
2025-02-18 10:00:00,74.24102578965216,2025_synthetic
2025-02-18 11:00:00,76.28821225713418,2025_synthetic
2025-02-18 12:00:00,76.80052173992024,2025_synthetic
2025-02-18 13:00:00,76.78878194696281,2025_synthetic
2025-02-18 14:00:00,76.87184913994031,2025_synthetic
2025-02-18 15:00:00,75.99326625498222,2025_synthetic
2025-02-18 16:00:00,75.03643170259517,2025_synthetic
2025-02-18 17:00:00,71.86284633709457,2025_synthetic
2025-02-18 18:00:00,66.15071395993132,2025_synthetic
2025-02-18 19:00:00,56.373266902088645,2025_synthetic
2025-02-18 20:00:00,50.2019190027598,2025_synthetic
2025-02-18 21:00:00,47.78156554877927,2025_synthetic
2025-02-18 22:00:00,45.26575394407671,2025_synthetic
2025-02-18 23:00:00,43.58297721367991,2025_synthetic
2025-02-19 00:00:00,42.48966153838968,2025_synthetic
2025-02-19 01:00:00,42.017036826312214,2025_synthetic
2025-02-19 02:00:00,42.81422373536993,2025_synthetic
2025-02-19 03:00:00,41.82536332226884,2025_synthetic
2025-02-19 04:00:00,42.02067354064019,2025_synthetic
2025-02-19 05:00:00,42.28314525234286,2025_synthetic
2025-02-19 06:00:00,44.15764042074587,2025_synthetic
2025-02-19 07:00:00,51.08771649962844,2025_synthetic
2025-02-19 08:00:00,60.57805852284105,2025_synthetic
2025-02-19 09:00:00,66.68442694253436,2025_synthetic
2025-02-19 10:00:00,69.52595417347658,2025_synthetic
2025-02-19 11:00:00,71.58823433503508,2025_synthetic
2025-02-19 12:00:00,71.9181597573776,2025_synthetic
2025-02-19 13:00:00,72.50947865499481,2025_synthetic
2025-02-19 14:00:00,71.98072585963821,2025_synthetic
2025-02-19 15:00:00,71.09627287565489,2025_synthetic
2025-02-19 16:00:00,70.644983132292,2025_synthetic
2025-02-19 17:00:00,68.14729697438139,2025_synthetic
2025-02-19 18:00:00,63.330570563107216,2025_synthetic
2025-02-19 19:00:00,56.8746724315494,2025_synthetic
2025-02-19 20:00:00,50.93037484503705,2025_synthetic
2025-02-19 21:00:00,49.39375585892334,2025_synthetic
2025-02-19 22:00:00,48.53238433023812,2025_synthetic
2025-02-19 23:00:00,46.83340424495363,2025_synthetic
2025-02-20 00:00:00,45.745899621124956,2025_synthetic
2025-02-20 01:00:00,45.80701482519781,2025_synthetic
2025-02-20 02:00:00,45.96897118716048,2025_synthetic
2025-02-20 03:00:00,45.563461126404505,2025_synthetic
2025-02-20 04:00:00,46.313175550463484,2025_synthetic
2025-02-20 05:00:00,46.52973876878188,2025_synthetic
2025-02-20 06:00:00,47.69468124979143,2025_synthetic
2025-02-20 07:00:00,52.858570387707665,2025_synthetic
2025-02-20 08:00:00,61.83534023960249,2025_synthetic
2025-02-20 09:00:00,66.74462477509789,2025_synthetic
2025-02-20 10:00:00,68.84143811087569,2025_synthetic
2025-02-20 11:00:00,70.1631268671623,2025_synthetic
2025-02-20 12:00:00,70.7275195661515,2025_synthetic
2025-02-20 13:00:00,71.59264563131842,2025_synthetic
2025-02-20 14:00:00,71.07485371261546,2025_synthetic
2025-02-20 15:00:00,69.69072521570607,2025_synthetic
2025-02-20 16:00:00,67.72428403546024,2025_synthetic
2025-02-20 17:00:00,63.8561481795887,2025_synthetic
2025-02-20 18:00:00,59.03418391510594,2025_synthetic
2025-02-20 19:00:00,55.65924971901261,2025_synthetic
2025-02-20 20:00:00,53.336743430267376,2025_synthetic
2025-02-20 21:00:00,51.226164744990314,2025_synthetic
2025-02-20 22:00:00,49.13396052466821,2025_synthetic
2025-02-20 23:00:00,48.25341498141696,2025_synthetic
2025-02-21 00:00:00,47.76400379182353,2025_synthetic
2025-02-21 01:00:00,47.60557995543984,2025_synthetic
2025-02-21 02:00:00,47.05644677747773,2025_synthetic
2025-02-21 03:00:00,47.01812858047428,2025_synthetic
2025-02-21 04:00:00,46.993949186306494,2025_synthetic
2025-02-21 05:00:00,47.01098442791189,2025_synthetic
2025-02-21 06:00:00,47.17190203564461,2025_synthetic
2025-02-21 07:00:00,47.91844587949862,2025_synthetic
2025-02-21 08:00:00,48.801748696725724,2025_synthetic
2025-02-21 09:00:00,50.07744247822142,2025_synthetic
2025-02-21 10:00:00,51.27635429091765,2025_synthetic
2025-02-21 11:00:00,53.379168741545115,2025_synthetic
2025-02-21 12:00:00,55.06336711479819,2025_synthetic
2025-02-21 13:00:00,55.432105787866625,2025_synthetic
2025-02-21 14:00:00,55.3525125241725,2025_synthetic
2025-02-21 15:00:00,55.56825682211297,2025_synthetic
2025-02-21 16:00:00,56.0391228731209,2025_synthetic
2025-02-21 17:00:00,55.178387673844774,2025_synthetic
2025-02-21 18:00:00,55.02806947445721,2025_synthetic
2025-02-21 19:00:00,54.373514855104716,2025_synthetic
2025-02-21 20:00:00,53.41620314811441,2025_synthetic
2025-02-21 21:00:00,51.14221559397732,2025_synthetic
2025-02-21 22:00:00,49.61635596841688,2025_synthetic
2025-02-21 23:00:00,47.914434155090575,2025_synthetic
2025-02-22 00:00:00,47.16668400940182,2025_synthetic
2025-02-22 01:00:00,46.58799601953419,2025_synthetic
2025-02-22 02:00:00,46.213970264031744,2025_synthetic
2025-02-22 03:00:00,46.29841030891013,2025_synthetic
2025-02-22 04:00:00,45.94571514770658,2025_synthetic
2025-02-22 05:00:00,46.50324582637086,2025_synthetic
2025-02-22 06:00:00,46.54522333563624,2025_synthetic
2025-02-22 07:00:00,46.8356993650002,2025_synthetic
2025-02-22 08:00:00,47.099017468175305,2025_synthetic
2025-02-22 09:00:00,40.86330579373707,2025_synthetic
2025-02-22 10:00:00,43.47567177970958,2025_synthetic
2025-02-22 11:00:00,45.562252109648995,2025_synthetic
2025-02-22 12:00:00,46.22553735975489,2025_synthetic
2025-02-22 13:00:00,50.982143179094884,2025_synthetic
2025-02-22 14:00:00,46.60412877130185,2025_synthetic
2025-02-22 15:00:00,47.17167719630929,2025_synthetic
2025-02-22 16:00:00,47.41351973890767,2025_synthetic
2025-02-22 17:00:00,48.63196341736038,2025_synthetic
2025-02-22 18:00:00,46.28013465656666,2025_synthetic
2025-02-22 19:00:00,47.05391882876878,2025_synthetic
2025-02-22 20:00:00,45.60870517540339,2025_synthetic
2025-02-22 21:00:00,43.528345133909596,2025_synthetic
2025-02-22 22:00:00,45.42598052279742,2025_synthetic
2025-02-22 23:00:00,42.27974512894125,2025_synthetic
2025-02-23 00:00:00,42.37833610104468,2025_synthetic
2025-02-23 01:00:00,39.876793089867306,2025_synthetic
2025-02-23 02:00:00,40.09466839383288,2025_synthetic
2025-02-23 03:00:00,38.18287532246986,2025_synthetic
2025-02-23 04:00:00,39.96586379366375,2025_synthetic
2025-02-23 05:00:00,41.95521015531641,2025_synthetic
2025-02-23 06:00:00,41.606684296331025,2025_synthetic
2025-02-23 07:00:00,52.93147626689469,2025_synthetic
2025-02-23 08:00:00,61.705340175084146,2025_synthetic
2025-02-23 09:00:00,71.03841125461156,2025_synthetic
2025-02-23 10:00:00,70.42148206095354,2025_synthetic
2025-02-23 11:00:00,74.31237776291353,2025_synthetic
2025-02-23 12:00:00,73.29839758143268,2025_synthetic
2025-02-23 13:00:00,77.1805328240462,2025_synthetic
2025-02-23 14:00:00,71.20946436150382,2025_synthetic
2025-02-23 15:00:00,70.35478253730818,2025_synthetic
2025-02-23 16:00:00,70.95108620236942,2025_synthetic
2025-02-23 17:00:00,67.06793881453103,2025_synthetic
2025-02-23 18:00:00,61.334339785474455,2025_synthetic
2025-02-23 19:00:00,54.888127467820055,2025_synthetic
2025-02-23 20:00:00,47.16238814030037,2025_synthetic
2025-02-23 21:00:00,43.10024144228586,2025_synthetic
2025-02-23 22:00:00,41.72079630450271,2025_synthetic
2025-02-23 23:00:00,39.792105602984584,2025_synthetic
2025-02-24 00:00:00,43.509563264751435,2025_synthetic
2025-02-24 01:00:00,38.1400237305896,2025_synthetic
2025-02-24 02:00:00,36.972526971262674,2025_synthetic
2025-02-24 03:00:00,41.565843556658045,2025_synthetic
2025-02-24 04:00:00,38.97772561635828,2025_synthetic
2025-02-24 05:00:00,44.1518830235842,2025_synthetic
2025-02-24 06:00:00,41.30330125332625,2025_synthetic
2025-02-24 07:00:00,53.742315527846024,2025_synthetic
2025-02-24 08:00:00,66.40608105185953,2025_synthetic
2025-02-24 09:00:00,68.90996757915799,2025_synthetic
2025-02-24 10:00:00,70.41594046250539,2025_synthetic
2025-02-24 11:00:00,75.2941585699476,2025_synthetic
2025-02-24 12:00:00,75.69246738112828,2025_synthetic
2025-02-24 13:00:00,72.47739059462954,2025_synthetic
2025-02-24 14:00:00,73.35140846153777,2025_synthetic
2025-02-24 15:00:00,70.3047025261849,2025_synthetic
2025-02-24 16:00:00,75.87859151353295,2025_synthetic
2025-02-24 17:00:00,74.09734917861572,2025_synthetic
2025-02-24 18:00:00,68.06693588548038,2025_synthetic
2025-02-24 19:00:00,59.7355303681931,2025_synthetic
2025-02-24 20:00:00,54.44863276671035,2025_synthetic
2025-02-24 21:00:00,52.07328901414381,2025_synthetic
2025-02-24 22:00:00,49.69206356750452,2025_synthetic
2025-02-24 23:00:00,48.30424270429552,2025_synthetic
2025-02-25 00:00:00,47.35367204747459,2025_synthetic
2025-02-25 01:00:00,47.18479751482428,2025_synthetic
2025-02-25 02:00:00,47.226869932422844,2025_synthetic
2025-02-25 03:00:00,48.45250103355359,2025_synthetic
2025-02-25 04:00:00,48.90286661494549,2025_synthetic
2025-02-25 05:00:00,49.206356482103544,2025_synthetic
2025-02-25 06:00:00,49.7703612874209,2025_synthetic
2025-02-25 07:00:00,57.78678205020025,2025_synthetic
2025-02-25 08:00:00,67.35075010712038,2025_synthetic
2025-02-25 09:00:00,72.54373347422595,2025_synthetic
2025-02-25 10:00:00,75.27890916479075,2025_synthetic
2025-02-25 11:00:00,76.53314203372689,2025_synthetic
2025-02-25 12:00:00,77.41388503841532,2025_synthetic
2025-02-25 13:00:00,78.04467534806477,2025_synthetic
2025-02-25 14:00:00,77.50110450422032,2025_synthetic
2025-02-25 15:00:00,77.16632724185764,2025_synthetic
2025-02-25 16:00:00,76.37113115989433,2025_synthetic
2025-02-25 17:00:00,73.69079798868066,2025_synthetic
2025-02-25 18:00:00,69.01422157859378,2025_synthetic
2025-02-25 19:00:00,61.79092787600476,2025_synthetic
2025-02-25 20:00:00,55.261546856507124,2025_synthetic
2025-02-25 21:00:00,52.96963894010098,2025_synthetic
2025-02-25 22:00:00,50.720457759070015,2025_synthetic
2025-02-25 23:00:00,49.83097001808912,2025_synthetic
2025-02-26 00:00:00,48.98133533232799,2025_synthetic
2025-02-26 01:00:00,48.49823066595057,2025_synthetic
2025-02-26 02:00:00,48.40197954829554,2025_synthetic
2025-02-26 03:00:00,48.987254296883165,2025_synthetic
2025-02-26 04:00:00,48.57024471116462,2025_synthetic
2025-02-26 05:00:00,49.317652314703366,2025_synthetic
2025-02-26 06:00:00,51.62464517148159,2025_synthetic
2025-02-26 07:00:00,60.213997697003784,2025_synthetic
2025-02-26 08:00:00,69.51864241369961,2025_synthetic
2025-02-26 09:00:00,74.83343292722172,2025_synthetic
2025-02-26 10:00:00,77.44782388424775,2025_synthetic
2025-02-26 11:00:00,79.03315683812257,2025_synthetic
2025-02-26 12:00:00,79.91350886626593,2025_synthetic
2025-02-26 13:00:00,80.64948868396718,2025_synthetic
2025-02-26 14:00:00,80.19104995920112,2025_synthetic
2025-02-26 15:00:00,78.76315418277954,2025_synthetic
2025-02-26 16:00:00,77.68746670039224,2025_synthetic
2025-02-26 17:00:00,75.31051239009969,2025_synthetic
2025-02-26 18:00:00,70.0501953730092,2025_synthetic
2025-02-26 19:00:00,61.724272614493785,2025_synthetic
2025-02-26 20:00:00,56.8073704049303,2025_synthetic
2025-02-26 21:00:00,53.4932681780042,2025_synthetic
2025-02-26 22:00:00,50.64773488955112,2025_synthetic
2025-02-26 23:00:00,48.8482718506274,2025_synthetic
2025-02-27 00:00:00,48.18717690423883,2025_synthetic
2025-02-27 01:00:00,47.845424367912294,2025_synthetic
2025-02-27 02:00:00,47.44625108963343,2025_synthetic
2025-02-27 03:00:00,47.81055046565918,2025_synthetic
2025-02-27 04:00:00,48.04091110966157,2025_synthetic
2025-02-27 05:00:00,47.99049370475254,2025_synthetic
2025-02-27 06:00:00,50.08532745604782,2025_synthetic
2025-02-27 07:00:00,59.11017530831275,2025_synthetic
2025-02-27 08:00:00,68.69213350274619,2025_synthetic
2025-02-27 09:00:00,74.33883296541477,2025_synthetic
2025-02-27 10:00:00,77.01440618455733,2025_synthetic
2025-02-27 11:00:00,78.23424266337528,2025_synthetic
2025-02-27 12:00:00,78.49018324818213,2025_synthetic
2025-02-27 13:00:00,78.39926542361238,2025_synthetic
2025-02-27 14:00:00,78.0441208370846,2025_synthetic
2025-02-27 15:00:00,77.01937142074009,2025_synthetic
2025-02-27 16:00:00,75.12953974778665,2025_synthetic
2025-02-27 17:00:00,70.62868419591695,2025_synthetic
2025-02-27 18:00:00,64.11206388956016,2025_synthetic
2025-02-27 19:00:00,58.62832831858232,2025_synthetic
2025-02-27 20:00:00,54.99537216975921,2025_synthetic
2025-02-27 21:00:00,52.65399485318164,2025_synthetic
2025-02-27 22:00:00,51.05165164926706,2025_synthetic
2025-02-27 23:00:00,49.66114978990535,2025_synthetic
2025-02-28 00:00:00,49.489048450766056,2025_synthetic
2025-02-28 01:00:00,49.02528045708489,2025_synthetic
2025-02-28 02:00:00,48.67457291698379,2025_synthetic
2025-02-28 03:00:00,48.42101160102838,2025_synthetic
2025-02-28 04:00:00,48.577200351306146,2025_synthetic
2025-02-28 05:00:00,49.103907742501214,2025_synthetic
2025-02-28 06:00:00,48.975399472453276,2025_synthetic
2025-02-28 07:00:00,49.12664485574627,2025_synthetic
2025-02-28 08:00:00,50.52374337411058,2025_synthetic
2025-02-28 09:00:00,51.693317491708115,2025_synthetic
2025-02-28 10:00:00,53.04366188396017,2025_synthetic
2025-02-28 11:00:00,54.483665537872554,2025_synthetic
2025-02-28 12:00:00,55.83080213040939,2025_synthetic
2025-02-28 13:00:00,56.92447837803181,2025_synthetic
2025-02-28 14:00:00,57.51065998692679,2025_synthetic
2025-02-28 15:00:00,58.075077120644444,2025_synthetic
2025-02-28 16:00:00,58.2043677284272,2025_synthetic
2025-02-28 17:00:00,57.928188367989605,2025_synthetic
2025-02-28 18:00:00,57.95591428504689,2025_synthetic
2025-02-28 19:00:00,56.687123627380494,2025_synthetic
2025-02-28 20:00:00,55.020148391477605,2025_synthetic
2025-02-28 21:00:00,53.40407886754734,2025_synthetic
2025-02-28 22:00:00,50.773494427175535,2025_synthetic
2025-02-28 23:00:00,49.724691415484614,2025_synthetic
2025-03-01 00:00:00,47.76555409163099,2025_synthetic
2025-03-01 01:00:00,47.90624710563368,2025_synthetic
2025-03-01 02:00:00,47.37375792770338,2025_synthetic
2025-03-01 03:00:00,48.037545220360855,2025_synthetic
2025-03-01 04:00:00,47.25723922498871,2025_synthetic
2025-03-01 05:00:00,47.90258605985706,2025_synthetic
2025-03-01 06:00:00,48.41203504715355,2025_synthetic
2025-03-01 07:00:00,48.197267359312114,2025_synthetic
2025-03-01 08:00:00,45.0990589173159,2025_synthetic
2025-03-01 09:00:00,41.37093100599818,2025_synthetic
2025-03-01 10:00:00,41.22678563284306,2025_synthetic
2025-03-01 11:00:00,46.78797257861199,2025_synthetic
2025-03-01 12:00:00,48.62986697491096,2025_synthetic
2025-03-01 13:00:00,50.75306343840639,2025_synthetic
2025-03-01 14:00:00,49.28832437452612,2025_synthetic
2025-03-01 15:00:00,49.56386349934307,2025_synthetic
2025-03-01 16:00:00,50.57656453480159,2025_synthetic
2025-03-01 17:00:00,49.98620408935083,2025_synthetic
2025-03-01 18:00:00,49.88947515778796,2025_synthetic
2025-03-01 19:00:00,47.5689710000541,2025_synthetic
2025-03-01 20:00:00,47.66481544062703,2025_synthetic
2025-03-01 21:00:00,41.813973006645575,2025_synthetic
2025-03-01 22:00:00,43.376465743257704,2025_synthetic
2025-03-01 23:00:00,39.57908907432713,2025_synthetic
2025-03-02 00:00:00,40.77560681910213,2025_synthetic
2025-03-02 01:00:00,43.6228317846628,2025_synthetic
2025-03-02 02:00:00,39.17723601817712,2025_synthetic
2025-03-02 03:00:00,39.590019469982465,2025_synthetic
2025-03-02 04:00:00,41.52288949757743,2025_synthetic
2025-03-02 05:00:00,36.28622301798417,2025_synthetic
2025-03-02 06:00:00,41.38078520522524,2025_synthetic
2025-03-02 07:00:00,52.617645142705506,2025_synthetic
2025-03-02 08:00:00,57.45506381890646,2025_synthetic
2025-03-02 09:00:00,67.49858223827216,2025_synthetic
2025-03-02 10:00:00,73.84895875719803,2025_synthetic
2025-03-02 11:00:00,74.62094913048664,2025_synthetic
2025-03-02 12:00:00,73.93737571901434,2025_synthetic
2025-03-02 13:00:00,75.87795739734207,2025_synthetic
2025-03-02 14:00:00,74.00153126967483,2025_synthetic
2025-03-02 15:00:00,74.49763984400609,2025_synthetic
2025-03-02 16:00:00,71.5640066608217,2025_synthetic
2025-03-02 17:00:00,70.1276590604553,2025_synthetic
2025-03-02 18:00:00,62.86451128478978,2025_synthetic
2025-03-02 19:00:00,56.1971805128471,2025_synthetic
2025-03-02 20:00:00,50.27373081254486,2025_synthetic
2025-03-02 21:00:00,46.89239494648173,2025_synthetic
2025-03-02 22:00:00,41.677674251557754,2025_synthetic
2025-03-02 23:00:00,39.06504323032711,2025_synthetic
2025-03-03 00:00:00,42.74812111658455,2025_synthetic
2025-03-03 01:00:00,40.749050610448805,2025_synthetic
2025-03-03 02:00:00,40.3387336303929,2025_synthetic
2025-03-03 03:00:00,38.650380870237335,2025_synthetic
2025-03-03 04:00:00,40.28573223123702,2025_synthetic
2025-03-03 05:00:00,37.78119931338042,2025_synthetic
2025-03-03 06:00:00,43.6693633449693,2025_synthetic
2025-03-03 07:00:00,54.82903036987233,2025_synthetic
2025-03-03 08:00:00,67.52531295113945,2025_synthetic
2025-03-03 09:00:00,71.41794407070374,2025_synthetic
2025-03-03 10:00:00,69.11266213454142,2025_synthetic
2025-03-03 11:00:00,74.18473910119901,2025_synthetic
2025-03-03 12:00:00,78.88344559080667,2025_synthetic
2025-03-03 13:00:00,73.58265432209608,2025_synthetic
2025-03-03 14:00:00,75.53187152430594,2025_synthetic
2025-03-03 15:00:00,78.35959786805434,2025_synthetic
2025-03-03 16:00:00,75.9229389519272,2025_synthetic
2025-03-03 17:00:00,76.98491501562977,2025_synthetic
2025-03-03 18:00:00,63.68306060638096,2025_synthetic
2025-03-03 19:00:00,53.94982708345946,2025_synthetic
2025-03-03 20:00:00,52.65855831106907,2025_synthetic
2025-03-03 21:00:00,45.04693176858455,2025_synthetic
2025-03-03 22:00:00,45.05619902072409,2025_synthetic
2025-03-03 23:00:00,43.302417091354044,2025_synthetic
2025-03-04 00:00:00,45.267073998772794,2025_synthetic
2025-03-04 01:00:00,44.03924775700822,2025_synthetic
2025-03-04 02:00:00,42.85242848971259,2025_synthetic
2025-03-04 03:00:00,41.1531896546367,2025_synthetic
2025-03-04 04:00:00,45.39058144171866,2025_synthetic
2025-03-04 05:00:00,51.3956421531322,2025_synthetic
2025-03-04 06:00:00,45.64151786810138,2025_synthetic
2025-03-04 07:00:00,54.00374817298726,2025_synthetic
2025-03-04 08:00:00,62.30194033521696,2025_synthetic
2025-03-04 09:00:00,69.25077347414954,2025_synthetic
2025-03-04 10:00:00,72.84831940365949,2025_synthetic
2025-03-04 11:00:00,73.5794267220067,2025_synthetic
2025-03-04 12:00:00,75.82072438875493,2025_synthetic
2025-03-04 13:00:00,80.11329570296525,2025_synthetic
2025-03-04 14:00:00,78.63173199103184,2025_synthetic
2025-03-04 15:00:00,75.12858942689884,2025_synthetic
2025-03-04 16:00:00,72.25739771761697,2025_synthetic
2025-03-04 17:00:00,74.8718431703808,2025_synthetic
2025-03-04 18:00:00,65.73358148019574,2025_synthetic
2025-03-04 19:00:00,60.216814026416074,2025_synthetic
2025-03-04 20:00:00,53.14175669671707,2025_synthetic
2025-03-04 21:00:00,50.22168631195725,2025_synthetic
2025-03-04 22:00:00,48.388949219625644,2025_synthetic
2025-03-04 23:00:00,46.72355469046937,2025_synthetic
2025-03-05 00:00:00,45.66311976677224,2025_synthetic
2025-03-05 01:00:00,45.801067154364716,2025_synthetic
2025-03-05 02:00:00,45.14668658142868,2025_synthetic
2025-03-05 03:00:00,45.81765290511716,2025_synthetic
2025-03-05 04:00:00,45.783142751715296,2025_synthetic
2025-03-05 05:00:00,45.241027098015515,2025_synthetic
2025-03-05 06:00:00,47.72994057358659,2025_synthetic
2025-03-05 07:00:00,57.08195217733091,2025_synthetic
2025-03-05 08:00:00,68.1234205136796,2025_synthetic
2025-03-05 09:00:00,74.99924407920473,2025_synthetic
2025-03-05 10:00:00,77.9026043574824,2025_synthetic
2025-03-05 11:00:00,79.3098745410709,2025_synthetic
2025-03-05 12:00:00,79.85368033710343,2025_synthetic
2025-03-05 13:00:00,80.17222442203084,2025_synthetic
2025-03-05 14:00:00,79.72102510697061,2025_synthetic
2025-03-05 15:00:00,79.5685380434534,2025_synthetic
2025-03-05 16:00:00,78.46295795658551,2025_synthetic
2025-03-05 17:00:00,75.34042110776838,2025_synthetic
2025-03-05 18:00:00,69.92851162285183,2025_synthetic
2025-03-05 19:00:00,60.3515383405325,2025_synthetic
2025-03-05 20:00:00,54.17747870107051,2025_synthetic
2025-03-05 21:00:00,50.16483113608939,2025_synthetic
2025-03-05 22:00:00,47.619350668199814,2025_synthetic
2025-03-05 23:00:00,47.05851421579703,2025_synthetic
2025-03-06 00:00:00,47.986342785551685,2025_synthetic
2025-03-06 01:00:00,46.11314617203269,2025_synthetic
2025-03-06 02:00:00,44.809166849416144,2025_synthetic
2025-03-06 03:00:00,45.26351505153019,2025_synthetic
2025-03-06 04:00:00,44.940607755557735,2025_synthetic
2025-03-06 05:00:00,45.604392887322916,2025_synthetic
2025-03-06 06:00:00,49.37100315460712,2025_synthetic
2025-03-06 07:00:00,55.30308175673633,2025_synthetic
2025-03-06 08:00:00,67.16847763977628,2025_synthetic
2025-03-06 09:00:00,72.48690410821365,2025_synthetic
2025-03-06 10:00:00,76.4843566789302,2025_synthetic
2025-03-06 11:00:00,78.0323960944715,2025_synthetic
2025-03-06 12:00:00,78.25320943606697,2025_synthetic
2025-03-06 13:00:00,78.59825278724934,2025_synthetic
2025-03-06 14:00:00,77.04153918232521,2025_synthetic
2025-03-06 15:00:00,75.96963097660026,2025_synthetic
2025-03-06 16:00:00,72.0824760792106,2025_synthetic
2025-03-06 17:00:00,67.01382926720773,2025_synthetic
2025-03-06 18:00:00,60.50551330922802,2025_synthetic
2025-03-06 19:00:00,56.79961824533919,2025_synthetic
2025-03-06 20:00:00,53.229359468955735,2025_synthetic
2025-03-06 21:00:00,52.61115834409139,2025_synthetic
2025-03-06 22:00:00,48.96223085103004,2025_synthetic
2025-03-06 23:00:00,46.592386306193085,2025_synthetic
2025-03-07 00:00:00,45.16650612591752,2025_synthetic
2025-03-07 01:00:00,46.24486938157031,2025_synthetic
2025-03-07 02:00:00,44.00608957912871,2025_synthetic
2025-03-07 03:00:00,44.343180026983376,2025_synthetic
2025-03-07 04:00:00,45.24366186573347,2025_synthetic
2025-03-07 05:00:00,44.151020766361505,2025_synthetic
2025-03-07 06:00:00,45.40140647437761,2025_synthetic
2025-03-07 07:00:00,44.520048282053054,2025_synthetic
2025-03-07 08:00:00,46.648999253790265,2025_synthetic
2025-03-07 09:00:00,47.16051898498712,2025_synthetic
2025-03-07 10:00:00,49.07123977267496,2025_synthetic
2025-03-07 11:00:00,51.47471679537159,2025_synthetic
2025-03-07 12:00:00,52.373030951471094,2025_synthetic
2025-03-07 13:00:00,54.60441028577447,2025_synthetic
2025-03-07 14:00:00,54.08234985605185,2025_synthetic
2025-03-07 15:00:00,54.802563997521034,2025_synthetic
2025-03-07 16:00:00,54.10392596599821,2025_synthetic
2025-03-07 17:00:00,54.607668680368334,2025_synthetic
2025-03-07 18:00:00,52.96849600149757,2025_synthetic
2025-03-07 19:00:00,52.46862582038069,2025_synthetic
2025-03-07 20:00:00,50.617157266671306,2025_synthetic
2025-03-07 21:00:00,48.76640548530301,2025_synthetic
2025-03-07 22:00:00,45.908642622475966,2025_synthetic
2025-03-07 23:00:00,45.24827027325862,2025_synthetic
2025-03-08 00:00:00,43.01089494157917,2025_synthetic
2025-03-08 01:00:00,43.33243291379629,2025_synthetic
2025-03-08 02:00:00,42.28095833793009,2025_synthetic
2025-03-08 03:00:00,42.15761427098559,2025_synthetic
2025-03-08 04:00:00,42.18477038679741,2025_synthetic
2025-03-08 05:00:00,42.19950376899564,2025_synthetic
2025-03-08 06:00:00,44.19813138963611,2025_synthetic
2025-03-08 07:00:00,42.50289585862394,2025_synthetic
2025-03-08 08:00:00,44.8027785275014,2025_synthetic
2025-03-08 09:00:00,45.8576526238385,2025_synthetic
2025-03-08 10:00:00,44.26920373065584,2025_synthetic
2025-03-08 11:00:00,44.39567345348257,2025_synthetic
2025-03-08 12:00:00,48.9582673232536,2025_synthetic
2025-03-08 13:00:00,47.59965204181797,2025_synthetic
2025-03-08 14:00:00,49.18370765828634,2025_synthetic
2025-03-08 15:00:00,46.657866531797325,2025_synthetic
2025-03-08 16:00:00,47.395052492672605,2025_synthetic
2025-03-08 17:00:00,49.471546601953115,2025_synthetic
2025-03-08 18:00:00,49.5361382353402,2025_synthetic
2025-03-08 19:00:00,43.68138870949838,2025_synthetic
2025-03-08 20:00:00,46.96026608466165,2025_synthetic
2025-03-08 21:00:00,43.46122594857512,2025_synthetic
2025-03-08 22:00:00,46.253751431392665,2025_synthetic
2025-03-08 23:00:00,41.6833417537778,2025_synthetic
2025-03-09 00:00:00,37.92001291624144,2025_synthetic
2025-03-09 01:00:00,40.42912957825474,2025_synthetic
2025-03-09 02:00:00,38.27558667774722,2025_synthetic
2025-03-09 03:00:00,41.91820296076641,2025_synthetic
2025-03-09 04:00:00,39.98131458301778,2025_synthetic
2025-03-09 05:00:00,40.193496645125734,2025_synthetic
2025-03-09 06:00:00,43.652315392893065,2025_synthetic
2025-03-09 07:00:00,49.824984535398535,2025_synthetic
2025-03-09 08:00:00,60.73383374335613,2025_synthetic
2025-03-09 09:00:00,70.32325270485462,2025_synthetic
2025-03-09 10:00:00,69.3615579863274,2025_synthetic
2025-03-09 11:00:00,70.33241812610873,2025_synthetic
2025-03-09 12:00:00,74.88039626449927,2025_synthetic
2025-03-09 13:00:00,75.14967728393295,2025_synthetic
2025-03-09 14:00:00,71.00602631741039,2025_synthetic
2025-03-09 15:00:00,72.10249219756254,2025_synthetic
2025-03-09 16:00:00,70.36477621826867,2025_synthetic
2025-03-09 17:00:00,73.51382654272204,2025_synthetic
2025-03-09 18:00:00,66.00163524457129,2025_synthetic
2025-03-09 19:00:00,52.762435179615494,2025_synthetic
2025-03-09 20:00:00,48.3459075535841,2025_synthetic
2025-03-09 21:00:00,41.31283908538008,2025_synthetic
2025-03-09 22:00:00,41.138219667003696,2025_synthetic
2025-03-09 23:00:00,41.22385620108374,2025_synthetic
2025-03-10 00:00:00,41.066274381933,2025_synthetic
2025-03-10 01:00:00,39.44115229515391,2025_synthetic
2025-03-10 02:00:00,40.174430564797106,2025_synthetic
2025-03-10 03:00:00,40.102253878860836,2025_synthetic
2025-03-10 04:00:00,39.08412940585618,2025_synthetic
2025-03-10 05:00:00,39.39042789231065,2025_synthetic
2025-03-10 06:00:00,41.507104218815705,2025_synthetic
2025-03-10 07:00:00,52.49012848358056,2025_synthetic
2025-03-10 08:00:00,65.03697417795914,2025_synthetic
2025-03-10 09:00:00,70.37759666436556,2025_synthetic
2025-03-10 10:00:00,69.5274930177419,2025_synthetic
2025-03-10 11:00:00,71.74528487531899,2025_synthetic
2025-03-10 12:00:00,75.33354094731435,2025_synthetic
2025-03-10 13:00:00,78.35505120710465,2025_synthetic
2025-03-10 14:00:00,75.96336814764929,2025_synthetic
2025-03-10 15:00:00,74.63759620242072,2025_synthetic
2025-03-10 16:00:00,75.12193975575285,2025_synthetic
2025-03-10 17:00:00,69.60903808779534,2025_synthetic
2025-03-10 18:00:00,69.537205881247,2025_synthetic
2025-03-10 19:00:00,58.88629125118844,2025_synthetic
2025-03-10 20:00:00,51.93159283981696,2025_synthetic
2025-03-10 21:00:00,48.34808563325416,2025_synthetic
2025-03-10 22:00:00,45.808473028038804,2025_synthetic
2025-03-10 23:00:00,44.344109162789366,2025_synthetic
2025-03-11 00:00:00,43.77389234473067,2025_synthetic
2025-03-11 01:00:00,44.98083056055711,2025_synthetic
2025-03-11 02:00:00,44.96185014962927,2025_synthetic
2025-03-11 03:00:00,45.71022407485563,2025_synthetic
2025-03-11 04:00:00,43.93457863719314,2025_synthetic
2025-03-11 05:00:00,45.07421859870438,2025_synthetic
2025-03-11 06:00:00,47.023243008423385,2025_synthetic
2025-03-11 07:00:00,57.27920043671281,2025_synthetic
2025-03-11 08:00:00,68.75307624464322,2025_synthetic
2025-03-11 09:00:00,75.49751506878724,2025_synthetic
2025-03-11 10:00:00,78.40586669444409,2025_synthetic
2025-03-11 11:00:00,79.81731475539908,2025_synthetic
2025-03-11 12:00:00,80.49789339075065,2025_synthetic
2025-03-11 13:00:00,80.97182304148262,2025_synthetic
2025-03-11 14:00:00,81.54171818715375,2025_synthetic
2025-03-11 15:00:00,80.71670893516603,2025_synthetic
2025-03-11 16:00:00,79.75007391223201,2025_synthetic
2025-03-11 17:00:00,76.1456288082574,2025_synthetic
2025-03-11 18:00:00,69.83472058624695,2025_synthetic
2025-03-11 19:00:00,59.566312413532046,2025_synthetic
2025-03-11 20:00:00,52.343786009595455,2025_synthetic
2025-03-11 21:00:00,48.823532583408735,2025_synthetic
2025-03-11 22:00:00,46.08547031828833,2025_synthetic
2025-03-11 23:00:00,47.9211534310452,2025_synthetic
2025-03-12 00:00:00,48.52810619647374,2025_synthetic
2025-03-12 01:00:00,45.190614527269744,2025_synthetic
2025-03-12 02:00:00,45.3598125363887,2025_synthetic
2025-03-12 03:00:00,44.49926257447758,2025_synthetic
2025-03-12 04:00:00,43.38051936324351,2025_synthetic
2025-03-12 05:00:00,45.66290871111809,2025_synthetic
2025-03-12 06:00:00,48.04291933486252,2025_synthetic
2025-03-12 07:00:00,55.39584355880153,2025_synthetic
2025-03-12 08:00:00,68.0869583260377,2025_synthetic
2025-03-12 09:00:00,74.57405972051963,2025_synthetic
2025-03-12 10:00:00,78.05562829657472,2025_synthetic
2025-03-12 11:00:00,79.56334459788603,2025_synthetic
2025-03-12 12:00:00,80.5808356066529,2025_synthetic
2025-03-12 13:00:00,82.17551632979965,2025_synthetic
2025-03-12 14:00:00,82.45274924455072,2025_synthetic
2025-03-12 15:00:00,79.6830907808364,2025_synthetic
2025-03-12 16:00:00,79.43484648884866,2025_synthetic
2025-03-12 17:00:00,75.93216965422515,2025_synthetic
2025-03-12 18:00:00,71.48295416776762,2025_synthetic
2025-03-12 19:00:00,58.51215040124089,2025_synthetic
2025-03-12 20:00:00,51.76802695557086,2025_synthetic
2025-03-12 21:00:00,50.99952301322664,2025_synthetic
2025-03-12 22:00:00,48.27138102002303,2025_synthetic
2025-03-12 23:00:00,44.02731247215803,2025_synthetic
2025-03-13 00:00:00,47.195834056693045,2025_synthetic
2025-03-13 01:00:00,44.41028689900149,2025_synthetic
2025-03-13 02:00:00,43.32895626819696,2025_synthetic
2025-03-13 03:00:00,47.2545975536296,2025_synthetic
2025-03-13 04:00:00,43.73056390951902,2025_synthetic
2025-03-13 05:00:00,47.11122149905307,2025_synthetic
2025-03-13 06:00:00,45.210058457777365,2025_synthetic
2025-03-13 07:00:00,56.02179526710666,2025_synthetic
2025-03-13 08:00:00,67.16902849002494,2025_synthetic
2025-03-13 09:00:00,72.94782699810577,2025_synthetic
2025-03-13 10:00:00,76.21263979523766,2025_synthetic
2025-03-13 11:00:00,77.5528477982886,2025_synthetic
2025-03-13 12:00:00,78.62716494478387,2025_synthetic
2025-03-13 13:00:00,79.57114906520282,2025_synthetic
2025-03-13 14:00:00,79.77225441097514,2025_synthetic
2025-03-13 15:00:00,78.03836465787126,2025_synthetic
2025-03-13 16:00:00,75.63899843122746,2025_synthetic
2025-03-13 17:00:00,70.84287514884134,2025_synthetic
2025-03-13 18:00:00,58.66597004783096,2025_synthetic
2025-03-13 19:00:00,53.68384567634928,2025_synthetic
2025-03-13 20:00:00,47.42460555400268,2025_synthetic
2025-03-13 21:00:00,51.04433780085871,2025_synthetic
2025-03-13 22:00:00,47.148363790590416,2025_synthetic
2025-03-13 23:00:00,47.050693920335405,2025_synthetic
2025-03-14 00:00:00,43.78605767174048,2025_synthetic
2025-03-14 01:00:00,44.81524994305827,2025_synthetic
2025-03-14 02:00:00,41.696018524120895,2025_synthetic
2025-03-14 03:00:00,45.75219992517712,2025_synthetic
2025-03-14 04:00:00,40.983818237033056,2025_synthetic
2025-03-14 05:00:00,48.38828342238985,2025_synthetic
2025-03-14 06:00:00,48.606526537396704,2025_synthetic
2025-03-14 07:00:00,47.69707947119087,2025_synthetic
2025-03-14 08:00:00,47.45317447738611,2025_synthetic
2025-03-14 09:00:00,45.9197424068873,2025_synthetic
2025-03-14 10:00:00,50.04952261261146,2025_synthetic
2025-03-14 11:00:00,49.23164680344111,2025_synthetic
2025-03-14 12:00:00,48.113430120519595,2025_synthetic
2025-03-14 13:00:00,55.850054635009265,2025_synthetic
2025-03-14 14:00:00,55.30156418494852,2025_synthetic
2025-03-14 15:00:00,54.22625663903228,2025_synthetic
2025-03-14 16:00:00,51.100277468465436,2025_synthetic
2025-03-14 17:00:00,52.02962458175217,2025_synthetic
2025-03-14 18:00:00,49.25474749614776,2025_synthetic
2025-03-14 19:00:00,53.96611644939051,2025_synthetic
2025-03-14 20:00:00,47.42168272051928,2025_synthetic
2025-03-14 21:00:00,49.3513217732346,2025_synthetic
2025-03-14 22:00:00,44.18815144632217,2025_synthetic
2025-03-14 23:00:00,42.338883000537365,2025_synthetic
2025-03-15 00:00:00,44.13379582746273,2025_synthetic
2025-03-15 01:00:00,42.86174456355308,2025_synthetic
2025-03-15 02:00:00,44.8285953093952,2025_synthetic
2025-03-15 03:00:00,39.96575515256778,2025_synthetic
2025-03-15 04:00:00,41.2596601853334,2025_synthetic
2025-03-15 05:00:00,37.92421407567817,2025_synthetic
2025-03-15 06:00:00,38.264772364812714,2025_synthetic
2025-03-15 07:00:00,46.39502287141212,2025_synthetic
2025-03-15 08:00:00,47.826534910304304,2025_synthetic
2025-03-15 09:00:00,42.56605457236588,2025_synthetic
2025-03-15 10:00:00,41.443906064886065,2025_synthetic
2025-03-15 11:00:00,44.926314273871945,2025_synthetic
2025-03-15 12:00:00,48.4843116565284,2025_synthetic
2025-03-15 13:00:00,47.83765233646368,2025_synthetic
2025-03-15 14:00:00,49.334765926484266,2025_synthetic
2025-03-15 15:00:00,49.2687585947983,2025_synthetic
2025-03-15 16:00:00,48.342214226801715,2025_synthetic
2025-03-15 17:00:00,48.2937249537113,2025_synthetic
2025-03-15 18:00:00,49.383672931453724,2025_synthetic
2025-03-15 19:00:00,45.16086063996678,2025_synthetic
2025-03-15 20:00:00,46.86736245360994,2025_synthetic
2025-03-15 21:00:00,44.17057477343059,2025_synthetic
2025-03-15 22:00:00,43.90389573959228,2025_synthetic
2025-03-15 23:00:00,45.223309308568375,2025_synthetic
2025-03-16 00:00:00,39.86836212950045,2025_synthetic
2025-03-16 01:00:00,42.150245647059315,2025_synthetic
2025-03-16 02:00:00,36.48962678455618,2025_synthetic
2025-03-16 03:00:00,38.37134041729394,2025_synthetic
2025-03-16 04:00:00,40.036697040378606,2025_synthetic
2025-03-16 05:00:00,44.42492950335141,2025_synthetic
2025-03-16 06:00:00,38.44868458604105,2025_synthetic
2025-03-16 07:00:00,51.67811634841032,2025_synthetic
2025-03-16 08:00:00,66.33325895576846,2025_synthetic
2025-03-16 09:00:00,67.88968371327324,2025_synthetic
2025-03-16 10:00:00,71.17001891415012,2025_synthetic
2025-03-16 11:00:00,73.25209476722766,2025_synthetic
2025-03-16 12:00:00,73.55030870050784,2025_synthetic
2025-03-16 13:00:00,77.27192480842876,2025_synthetic
2025-03-16 14:00:00,74.47742727709063,2025_synthetic
2025-03-16 15:00:00,76.07270205900429,2025_synthetic
2025-03-16 16:00:00,71.47355699505907,2025_synthetic
2025-03-16 17:00:00,68.3813822423374,2025_synthetic
2025-03-16 18:00:00,63.69376152113102,2025_synthetic
2025-03-16 19:00:00,51.256951221904686,2025_synthetic
2025-03-16 20:00:00,48.15690491146872,2025_synthetic
2025-03-16 21:00:00,43.29152776704704,2025_synthetic
2025-03-16 22:00:00,41.13996780588603,2025_synthetic
2025-03-16 23:00:00,42.026898054732506,2025_synthetic
2025-03-17 00:00:00,37.81176025692582,2025_synthetic
2025-03-17 01:00:00,41.21113167161493,2025_synthetic
2025-03-17 02:00:00,38.69322851886026,2025_synthetic
2025-03-17 03:00:00,42.306180247544674,2025_synthetic
2025-03-17 04:00:00,38.61681736395375,2025_synthetic
2025-03-17 05:00:00,41.28295304716988,2025_synthetic
2025-03-17 06:00:00,42.74252990343796,2025_synthetic
2025-03-17 07:00:00,53.53414545367225,2025_synthetic
2025-03-17 08:00:00,64.42343142593813,2025_synthetic
2025-03-17 09:00:00,66.58103269253334,2025_synthetic
2025-03-17 10:00:00,73.98810209744923,2025_synthetic
2025-03-17 11:00:00,73.6035297734728,2025_synthetic
2025-03-17 12:00:00,76.13013703145707,2025_synthetic
2025-03-17 13:00:00,76.76153626628005,2025_synthetic
2025-03-17 14:00:00,74.07562157119065,2025_synthetic
2025-03-17 15:00:00,73.61160073416173,2025_synthetic
2025-03-17 16:00:00,76.00088101705151,2025_synthetic
2025-03-17 17:00:00,71.30889023288238,2025_synthetic
2025-03-17 18:00:00,67.08715716242277,2025_synthetic
2025-03-17 19:00:00,55.60478021282885,2025_synthetic
2025-03-17 20:00:00,52.24925139869466,2025_synthetic
2025-03-17 21:00:00,48.34883081156197,2025_synthetic
2025-03-17 22:00:00,46.0447051246812,2025_synthetic
2025-03-17 23:00:00,42.67358830251074,2025_synthetic
2025-03-18 00:00:00,43.6284204617979,2025_synthetic
2025-03-18 01:00:00,45.219119512979226,2025_synthetic
2025-03-18 02:00:00,41.809806342309024,2025_synthetic
2025-03-18 03:00:00,43.057032706173416,2025_synthetic
2025-03-18 04:00:00,43.00743880227536,2025_synthetic
2025-03-18 05:00:00,43.44012774275173,2025_synthetic
2025-03-18 06:00:00,47.74627340925166,2025_synthetic
2025-03-18 07:00:00,56.25110589593281,2025_synthetic
2025-03-18 08:00:00,67.45554752954317,2025_synthetic
2025-03-18 09:00:00,74.32576427635492,2025_synthetic
2025-03-18 10:00:00,77.82731810131897,2025_synthetic
2025-03-18 11:00:00,78.72457499702753,2025_synthetic
2025-03-18 12:00:00,79.798798951876,2025_synthetic
2025-03-18 13:00:00,81.43698116722591,2025_synthetic
2025-03-18 14:00:00,81.5692299812015,2025_synthetic
2025-03-18 15:00:00,80.64343788470774,2025_synthetic
2025-03-18 16:00:00,78.44232943261537,2025_synthetic
2025-03-18 17:00:00,77.24834755261526,2025_synthetic
2025-03-18 18:00:00,69.41847009429131,2025_synthetic
2025-03-18 19:00:00,58.64740369408723,2025_synthetic
2025-03-18 20:00:00,52.13731500420595,2025_synthetic
2025-03-18 21:00:00,48.51705352372599,2025_synthetic
2025-03-18 22:00:00,47.77627091296449,2025_synthetic
2025-03-18 23:00:00,46.620641908354344,2025_synthetic
2025-03-19 00:00:00,42.76815149162644,2025_synthetic
2025-03-19 01:00:00,45.76594851580811,2025_synthetic
2025-03-19 02:00:00,42.489421309108984,2025_synthetic
2025-03-19 03:00:00,44.31597933532357,2025_synthetic
2025-03-19 04:00:00,42.0617193894709,2025_synthetic
2025-03-19 05:00:00,44.08133742744741,2025_synthetic
2025-03-19 06:00:00,46.32501818152748,2025_synthetic
2025-03-19 07:00:00,53.74895548169338,2025_synthetic
2025-03-19 08:00:00,66.66197595991943,2025_synthetic
2025-03-19 09:00:00,73.65250692172756,2025_synthetic
2025-03-19 10:00:00,77.88622005012891,2025_synthetic
2025-03-19 11:00:00,78.68942026216973,2025_synthetic
2025-03-19 12:00:00,79.28937141136524,2025_synthetic
2025-03-19 13:00:00,80.19851557535328,2025_synthetic
2025-03-19 14:00:00,80.36929473950912,2025_synthetic
2025-03-19 15:00:00,78.96024988327002,2025_synthetic
2025-03-19 16:00:00,77.19178511795968,2025_synthetic
2025-03-19 17:00:00,75.53765402139439,2025_synthetic
2025-03-19 18:00:00,68.08504322513866,2025_synthetic
2025-03-19 19:00:00,57.764572211505126,2025_synthetic
2025-03-19 20:00:00,51.30277485658537,2025_synthetic
2025-03-19 21:00:00,47.22976058478401,2025_synthetic
2025-03-19 22:00:00,45.89485837316985,2025_synthetic
2025-03-19 23:00:00,43.28910631243927,2025_synthetic
2025-03-20 00:00:00,42.55628089502632,2025_synthetic
2025-03-20 01:00:00,42.7771860927414,2025_synthetic
2025-03-20 02:00:00,42.42182635386525,2025_synthetic
2025-03-20 03:00:00,44.12089930650018,2025_synthetic
2025-03-20 04:00:00,41.53762495360233,2025_synthetic
2025-03-20 05:00:00,45.84849392631132,2025_synthetic
2025-03-20 06:00:00,45.16055227449969,2025_synthetic
2025-03-20 07:00:00,55.688870231361946,2025_synthetic
2025-03-20 08:00:00,65.90613566582718,2025_synthetic
2025-03-20 09:00:00,72.32804610675163,2025_synthetic
2025-03-20 10:00:00,75.14819622254305,2025_synthetic
2025-03-20 11:00:00,77.04452946435524,2025_synthetic
2025-03-20 12:00:00,77.14269744416364,2025_synthetic
2025-03-20 13:00:00,78.22793615832032,2025_synthetic
2025-03-20 14:00:00,75.94873450994126,2025_synthetic
2025-03-20 15:00:00,75.46141446745338,2025_synthetic
2025-03-20 16:00:00,72.71591842190728,2025_synthetic
2025-03-20 17:00:00,68.55604075724658,2025_synthetic
2025-03-20 18:00:00,59.44676344360748,2025_synthetic
2025-03-20 19:00:00,52.42189967294259,2025_synthetic
2025-03-20 20:00:00,48.81251348062814,2025_synthetic
2025-03-20 21:00:00,45.66776721293219,2025_synthetic
2025-03-20 22:00:00,43.72267096988915,2025_synthetic
2025-03-20 23:00:00,43.666820058635636,2025_synthetic
2025-03-21 00:00:00,42.25849679353743,2025_synthetic
2025-03-21 01:00:00,40.20404926539858,2025_synthetic
2025-03-21 02:00:00,40.1008533309726,2025_synthetic
2025-03-21 03:00:00,39.91766546238961,2025_synthetic
2025-03-21 04:00:00,43.52411921449416,2025_synthetic
2025-03-21 05:00:00,40.70468277949519,2025_synthetic
2025-03-21 06:00:00,41.36461466134175,2025_synthetic
2025-03-21 07:00:00,41.689488974214115,2025_synthetic
2025-03-21 08:00:00,42.86976562102497,2025_synthetic
2025-03-21 09:00:00,44.13763532812091,2025_synthetic
2025-03-21 10:00:00,47.06872014074764,2025_synthetic
2025-03-21 11:00:00,51.00863119271047,2025_synthetic
2025-03-21 12:00:00,51.47424974870967,2025_synthetic
2025-03-21 13:00:00,52.97510978143833,2025_synthetic
2025-03-21 14:00:00,52.99962292513447,2025_synthetic
2025-03-21 15:00:00,56.035592795042945,2025_synthetic
2025-03-21 16:00:00,55.1893439741759,2025_synthetic
2025-03-21 17:00:00,53.31003881593086,2025_synthetic
2025-03-21 18:00:00,52.91300107473995,2025_synthetic
2025-03-21 19:00:00,50.57306131845201,2025_synthetic
2025-03-21 20:00:00,48.816843987386825,2025_synthetic
2025-03-21 21:00:00,46.46962856273885,2025_synthetic
2025-03-21 22:00:00,44.32132160479122,2025_synthetic
2025-03-21 23:00:00,45.78912427272223,2025_synthetic
2025-03-22 00:00:00,43.34276852463472,2025_synthetic
2025-03-22 01:00:00,43.54244081242866,2025_synthetic
2025-03-22 02:00:00,43.11932859106953,2025_synthetic
2025-03-22 03:00:00,41.3445100672712,2025_synthetic
2025-03-22 04:00:00,45.83906726386215,2025_synthetic
2025-03-22 05:00:00,41.52935574372103,2025_synthetic
2025-03-22 06:00:00,41.89960855313386,2025_synthetic
2025-03-22 07:00:00,42.09568363814992,2025_synthetic
2025-03-22 08:00:00,43.750248589754314,2025_synthetic
2025-03-22 09:00:00,43.338088010176826,2025_synthetic
2025-03-22 10:00:00,44.28828334082749,2025_synthetic
2025-03-22 11:00:00,47.13246204833536,2025_synthetic
2025-03-22 12:00:00,49.67580895308248,2025_synthetic
2025-03-22 13:00:00,50.518527183580915,2025_synthetic
2025-03-22 14:00:00,51.611161784336005,2025_synthetic
2025-03-22 15:00:00,53.25118535560944,2025_synthetic
2025-03-22 16:00:00,52.55699453695998,2025_synthetic
2025-03-22 17:00:00,52.17200374701828,2025_synthetic
2025-03-22 18:00:00,51.272673380321876,2025_synthetic
2025-03-22 19:00:00,49.807699825862066,2025_synthetic
2025-03-22 20:00:00,49.103309581012724,2025_synthetic
2025-03-22 21:00:00,45.55244709965954,2025_synthetic
2025-03-22 22:00:00,43.64416354618995,2025_synthetic
2025-03-22 23:00:00,42.40108084192657,2025_synthetic
2025-03-23 00:00:00,41.897931421427415,2025_synthetic
2025-03-23 01:00:00,41.47353483050045,2025_synthetic
2025-03-23 02:00:00,41.7349265160108,2025_synthetic
2025-03-23 03:00:00,41.865362210608964,2025_synthetic
2025-03-23 04:00:00,42.743214773337925,2025_synthetic
2025-03-23 05:00:00,43.8213858300035,2025_synthetic
2025-03-23 06:00:00,44.11822429329645,2025_synthetic
2025-03-23 07:00:00,54.394268869941435,2025_synthetic
2025-03-23 08:00:00,65.88283173546795,2025_synthetic
2025-03-23 09:00:00,72.7773477809383,2025_synthetic
2025-03-23 10:00:00,76.20294632890631,2025_synthetic
2025-03-23 11:00:00,77.88234697151954,2025_synthetic
2025-03-23 12:00:00,78.22347857593005,2025_synthetic
2025-03-23 13:00:00,78.08072041014785,2025_synthetic
2025-03-23 14:00:00,78.20386875523886,2025_synthetic
2025-03-23 15:00:00,76.92561494472653,2025_synthetic
2025-03-23 16:00:00,76.11270448635379,2025_synthetic
2025-03-23 17:00:00,72.94631781915386,2025_synthetic
2025-03-23 18:00:00,65.85353258798824,2025_synthetic
2025-03-23 19:00:00,53.06808057270352,2025_synthetic
2025-03-23 20:00:00,46.10971072905722,2025_synthetic
2025-03-23 21:00:00,45.07716483450069,2025_synthetic
2025-03-23 22:00:00,41.195808343487926,2025_synthetic
2025-03-23 23:00:00,40.76981009795325,2025_synthetic
2025-03-24 00:00:00,40.06756961053345,2025_synthetic
2025-03-24 01:00:00,39.777693171385025,2025_synthetic
2025-03-24 02:00:00,39.66867209476331,2025_synthetic
2025-03-24 03:00:00,39.567440691064405,2025_synthetic
2025-03-24 04:00:00,39.635207393359735,2025_synthetic
2025-03-24 05:00:00,39.93597072841956,2025_synthetic
2025-03-24 06:00:00,42.894052503948814,2025_synthetic
2025-03-24 07:00:00,55.29117915684167,2025_synthetic
2025-03-24 08:00:00,68.139891489628,2025_synthetic
2025-03-24 09:00:00,74.00098756005531,2025_synthetic
2025-03-24 10:00:00,77.55737532857995,2025_synthetic
2025-03-24 11:00:00,78.95290043298954,2025_synthetic
2025-03-24 12:00:00,79.20559531677353,2025_synthetic
2025-03-24 13:00:00,79.43466823660654,2025_synthetic
2025-03-24 14:00:00,78.99445315976766,2025_synthetic
2025-03-24 15:00:00,78.46846562562274,2025_synthetic
2025-03-24 16:00:00,76.88660457227448,2025_synthetic
2025-03-24 17:00:00,73.7450192750463,2025_synthetic
2025-03-24 18:00:00,65.16504503506036,2025_synthetic
2025-03-24 19:00:00,52.63483636352151,2025_synthetic
2025-03-24 20:00:00,45.97679265638649,2025_synthetic
2025-03-24 21:00:00,42.64529874750859,2025_synthetic
2025-03-24 22:00:00,40.40120086991337,2025_synthetic
2025-03-24 23:00:00,39.01358253321385,2025_synthetic
2025-03-25 00:00:00,39.12143438254431,2025_synthetic
2025-03-25 01:00:00,38.887174564570984,2025_synthetic
2025-03-25 02:00:00,39.065807332037544,2025_synthetic
2025-03-25 03:00:00,39.253889095995476,2025_synthetic
2025-03-25 04:00:00,39.200522783289436,2025_synthetic
2025-03-25 05:00:00,39.50922374602352,2025_synthetic
2025-03-25 06:00:00,42.35849306178457,2025_synthetic
2025-03-25 07:00:00,54.49453113531867,2025_synthetic
2025-03-25 08:00:00,66.99741187209794,2025_synthetic
2025-03-25 09:00:00,73.4819283071347,2025_synthetic
2025-03-25 10:00:00,76.876420945234,2025_synthetic
2025-03-25 11:00:00,77.86637380201782,2025_synthetic
2025-03-25 12:00:00,78.13422039874787,2025_synthetic
2025-03-25 13:00:00,78.41199781152287,2025_synthetic
2025-03-25 14:00:00,78.40935938730445,2025_synthetic
2025-03-25 15:00:00,77.85669675759834,2025_synthetic
2025-03-25 16:00:00,76.38977237243729,2025_synthetic
2025-03-25 17:00:00,73.34170377969842,2025_synthetic
2025-03-25 18:00:00,65.05913301406594,2025_synthetic
2025-03-25 19:00:00,53.864128433566336,2025_synthetic
2025-03-25 20:00:00,47.584528451225545,2025_synthetic
2025-03-25 21:00:00,44.29509675005407,2025_synthetic
2025-03-25 22:00:00,41.50513263623008,2025_synthetic
2025-03-25 23:00:00,40.49986290280384,2025_synthetic
2025-03-26 00:00:00,39.721092779648,2025_synthetic
2025-03-26 01:00:00,39.68199334403821,2025_synthetic
2025-03-26 02:00:00,39.36227103684183,2025_synthetic
2025-03-26 03:00:00,39.117983697314436,2025_synthetic
2025-03-26 04:00:00,38.84190113862213,2025_synthetic
2025-03-26 05:00:00,39.42957542398628,2025_synthetic
2025-03-26 06:00:00,42.428872719633375,2025_synthetic
2025-03-26 07:00:00,54.1967613483173,2025_synthetic
2025-03-26 08:00:00,65.7760432427292,2025_synthetic
2025-03-26 09:00:00,72.18543119582486,2025_synthetic
2025-03-26 10:00:00,75.28179394584103,2025_synthetic
2025-03-26 11:00:00,77.26195033977831,2025_synthetic
2025-03-26 12:00:00,77.87494823344088,2025_synthetic
2025-03-26 13:00:00,77.95323456372466,2025_synthetic
2025-03-26 14:00:00,78.19015134170321,2025_synthetic
2025-03-26 15:00:00,77.65270834518259,2025_synthetic
2025-03-26 16:00:00,76.4858112669786,2025_synthetic
2025-03-26 17:00:00,73.24782072786353,2025_synthetic
2025-03-26 18:00:00,64.92203814419565,2025_synthetic
2025-03-26 19:00:00,53.92021860984664,2025_synthetic
2025-03-26 20:00:00,47.352919421513576,2025_synthetic
2025-03-26 21:00:00,43.760198688970334,2025_synthetic
2025-03-26 22:00:00,41.01895648626714,2025_synthetic
2025-03-26 23:00:00,40.276774729503444,2025_synthetic
2025-03-27 00:00:00,39.21372547607976,2025_synthetic
2025-03-27 01:00:00,38.967708988375804,2025_synthetic
2025-03-27 02:00:00,38.617227092625996,2025_synthetic
2025-03-27 03:00:00,38.66839723487473,2025_synthetic
2025-03-27 04:00:00,38.721848652293545,2025_synthetic
2025-03-27 05:00:00,39.12250715809682,2025_synthetic
2025-03-27 06:00:00,42.214597533939894,2025_synthetic
2025-03-27 07:00:00,53.13193233543048,2025_synthetic
2025-03-27 08:00:00,64.3709213998651,2025_synthetic
2025-03-27 09:00:00,70.07352522374791,2025_synthetic
2025-03-27 10:00:00,72.29761358419961,2025_synthetic
2025-03-27 11:00:00,73.56855362253702,2025_synthetic
2025-03-27 12:00:00,74.5845160062376,2025_synthetic
2025-03-27 13:00:00,75.02087135916511,2025_synthetic
2025-03-27 14:00:00,74.6716871770021,2025_synthetic
2025-03-27 15:00:00,73.57640689645962,2025_synthetic
2025-03-27 16:00:00,71.17031187548743,2025_synthetic
2025-03-27 17:00:00,65.9764905028219,2025_synthetic
2025-03-27 18:00:00,57.26858164989797,2025_synthetic
2025-03-27 19:00:00,51.59648203321812,2025_synthetic
2025-03-27 20:00:00,48.64341574049271,2025_synthetic
2025-03-27 21:00:00,45.06327350088763,2025_synthetic
2025-03-27 22:00:00,42.89399027153381,2025_synthetic
2025-03-27 23:00:00,41.0590903086945,2025_synthetic
2025-03-28 00:00:00,39.768982923994415,2025_synthetic
2025-03-28 01:00:00,39.25716241555968,2025_synthetic
2025-03-28 02:00:00,39.44193050039563,2025_synthetic
2025-03-28 03:00:00,39.407757193880656,2025_synthetic
2025-03-28 04:00:00,39.63787481136454,2025_synthetic
2025-03-28 05:00:00,39.445628590434765,2025_synthetic
2025-03-28 06:00:00,39.29085329644673,2025_synthetic
2025-03-28 07:00:00,39.46723707399613,2025_synthetic
2025-03-28 08:00:00,40.55352364559171,2025_synthetic
2025-03-28 09:00:00,41.62710827350834,2025_synthetic
2025-03-28 10:00:00,43.552470765669796,2025_synthetic
2025-03-28 11:00:00,45.89053469157162,2025_synthetic
2025-03-28 12:00:00,48.62493059515946,2025_synthetic
2025-03-28 13:00:00,50.103860674302766,2025_synthetic
2025-03-28 14:00:00,51.06127331639911,2025_synthetic
2025-03-28 15:00:00,51.29123573670236,2025_synthetic
2025-03-28 16:00:00,51.99501029906034,2025_synthetic
2025-03-28 17:00:00,50.92794387380492,2025_synthetic
2025-03-28 18:00:00,50.178817083967,2025_synthetic
2025-03-28 19:00:00,48.85723949336446,2025_synthetic
2025-03-28 20:00:00,46.84876757576437,2025_synthetic
2025-03-28 21:00:00,44.52451135606377,2025_synthetic
2025-03-28 22:00:00,42.58856485981556,2025_synthetic
2025-03-28 23:00:00,40.38698077760864,2025_synthetic
2025-03-29 00:00:00,39.88301376747317,2025_synthetic
2025-03-29 01:00:00,39.352831722541055,2025_synthetic
2025-03-29 02:00:00,39.06325893990617,2025_synthetic
2025-03-29 03:00:00,38.898399206808065,2025_synthetic
2025-03-29 04:00:00,38.87902923884786,2025_synthetic
2025-03-29 05:00:00,39.09349040268967,2025_synthetic
2025-03-29 06:00:00,39.420309781167546,2025_synthetic
2025-03-29 07:00:00,39.706593656820516,2025_synthetic
2025-03-29 08:00:00,40.12352754519253,2025_synthetic
2025-03-29 09:00:00,41.05819917486073,2025_synthetic
2025-03-29 10:00:00,42.30465631525512,2025_synthetic
2025-03-29 11:00:00,44.763421830825074,2025_synthetic
2025-03-29 12:00:00,46.85536059092138,2025_synthetic
2025-03-29 13:00:00,49.24796908589549,2025_synthetic
2025-03-29 14:00:00,50.81797848576651,2025_synthetic
2025-03-29 15:00:00,51.40504698007935,2025_synthetic
2025-03-29 16:00:00,49.60496016055688,2025_synthetic
2025-03-29 17:00:00,49.593953079594314,2025_synthetic
2025-03-29 18:00:00,48.82199444994663,2025_synthetic
2025-03-29 19:00:00,47.005030100129154,2025_synthetic
2025-03-29 20:00:00,44.72260216254854,2025_synthetic
2025-03-29 21:00:00,43.25541304135524,2025_synthetic
2025-03-29 22:00:00,41.73570124596402,2025_synthetic
2025-03-29 23:00:00,39.89771049687218,2025_synthetic
2025-03-30 00:00:00,39.490204637526475,2025_synthetic
2025-03-30 01:00:00,38.94812225196001,2025_synthetic
2025-03-30 02:00:00,38.902751934324435,2025_synthetic
2025-03-30 03:00:00,38.862906364987495,2025_synthetic
2025-03-30 04:00:00,38.71401408580327,2025_synthetic
2025-03-30 05:00:00,39.274618507707615,2025_synthetic
2025-03-30 06:00:00,42.27488915199551,2025_synthetic
2025-03-30 07:00:00,53.802056093791535,2025_synthetic
2025-03-30 08:00:00,65.13941151826903,2025_synthetic
2025-03-30 09:00:00,69.99581205545599,2025_synthetic
2025-03-30 10:00:00,73.09295957854988,2025_synthetic
2025-03-30 11:00:00,74.78445421324139,2025_synthetic
2025-03-30 12:00:00,75.05471746640184,2025_synthetic
2025-03-30 13:00:00,75.5782854023347,2025_synthetic
2025-03-30 14:00:00,75.55191875499504,2025_synthetic
2025-03-30 15:00:00,74.74739377383389,2025_synthetic
2025-03-30 16:00:00,73.10563763416512,2025_synthetic
2025-03-30 17:00:00,68.71008662284676,2025_synthetic
2025-03-30 18:00:00,59.228757137476634,2025_synthetic
2025-03-30 19:00:00,48.275394527697486,2025_synthetic
2025-03-30 20:00:00,43.72459740421392,2025_synthetic
2025-03-30 21:00:00,41.476723315805685,2025_synthetic
2025-03-30 22:00:00,39.943622673241606,2025_synthetic
2025-03-30 23:00:00,38.56126985536179,2025_synthetic
2025-04-01 02:00:00,38.17183606009856,2025_real
2025-04-01 03:00:00,38.08959312747851,2025_real
2025-04-01 04:00:00,38.136386469938316,2025_real
2025-04-01 05:00:00,38.393237195451256,2025_real
2025-04-01 06:00:00,40.005896620814084,2025_real
2025-04-01 07:00:00,50.75278307965071,2025_real
2025-04-01 08:00:00,62.174055679790044,2025_real
2025-04-01 09:00:00,67.15300399010314,2025_real
2025-04-01 10:00:00,69.78513363504089,2025_real
2025-04-01 11:00:00,71.3069456795468,2025_real
2025-04-01 12:00:00,71.90207086121751,2025_real
2025-04-01 13:00:00,71.79293100163599,2025_real
2025-04-01 14:00:00,71.40003417030908,2025_real
2025-04-01 15:00:00,70.89548585785545,2025_real
2025-04-01 16:00:00,69.1901070267559,2025_real
2025-04-01 17:00:00,66.8887587648847,2025_real
2025-04-01 18:00:00,60.33729941090644,2025_real
2025-04-01 19:00:00,52.520636154119856,2025_real
2025-04-01 20:00:00,48.4469174766495,2025_real
2025-04-01 21:00:00,46.41347922368,2025_real
2025-04-01 22:00:00,43.982734337590216,2025_real
2025-04-01 23:00:00,40.764713675904574,2025_real
2025-04-02 00:00:00,39.638294739893766,2025_real
2025-04-02 01:00:00,38.61605185668706,2025_real
2025-04-02 02:00:00,38.56171992436819,2025_real
2025-04-02 03:00:00,38.72306717478341,2025_real
2025-04-02 04:00:00,38.759578348251836,2025_real
2025-04-02 05:00:00,38.06597508585574,2025_real
2025-04-02 06:00:00,37.40376503532446,2025_real
2025-04-02 07:00:00,49.14778014965434,2025_real
2025-04-02 08:00:00,61.10331115454656,2025_real
2025-04-02 09:00:00,67.19736325439288,2025_real
2025-04-02 10:00:00,69.93749300344408,2025_real
2025-04-02 11:00:00,71.21629076901385,2025_real
2025-04-02 12:00:00,71.7864051628707,2025_real
2025-04-02 13:00:00,71.87852633578834,2025_real
2025-04-02 14:00:00,71.8090849903574,2025_real
2025-04-02 15:00:00,71.16342007517446,2025_real
2025-04-02 16:00:00,69.9405180261953,2025_real
2025-04-02 17:00:00,67.16010871444729,2025_real
2025-04-02 18:00:00,60.84769535359991,2025_real
2025-04-02 19:00:00,53.69870711211319,2025_real
2025-04-02 20:00:00,49.46185565362767,2025_real
2025-04-02 21:00:00,47.313118949078714,2025_real
2025-04-02 22:00:00,45.05976478073842,2025_real
2025-04-02 23:00:00,43.70442013963424,2025_real
2025-04-03 00:00:00,42.46257704705715,2025_real
2025-04-03 01:00:00,42.19413354362773,2025_real
2025-04-03 02:00:00,42.09012000262251,2025_real
2025-04-03 03:00:00,41.46289934013815,2025_real
2025-04-03 04:00:00,42.681061710182384,2025_real
2025-04-03 05:00:00,42.33041211893498,2025_real
2025-04-03 06:00:00,43.00948303035965,2025_real
2025-04-03 07:00:00,51.22321255656176,2025_real
2025-04-03 08:00:00,60.33502882043909,2025_real
2025-04-03 09:00:00,66.0098443062742,2025_real
2025-04-03 10:00:00,69.51342448898684,2025_real
2025-04-03 11:00:00,70.97880234787897,2025_real
2025-04-03 12:00:00,71.73951772968789,2025_real
2025-04-03 13:00:00,72.09484187461027,2025_real
2025-04-03 14:00:00,71.90414907369865,2025_real
2025-04-03 15:00:00,71.17521921800534,2025_real
2025-04-03 16:00:00,69.79280117581129,2025_real
2025-04-03 17:00:00,66.62115888890406,2025_real
2025-04-03 18:00:00,61.2666812136888,2025_real
2025-04-03 19:00:00,54.74444580675109,2025_real
2025-04-03 20:00:00,50.10473834547532,2025_real
2025-04-03 21:00:00,47.81573485622242,2025_real
2025-04-03 22:00:00,45.11202871064701,2025_real
2025-04-03 23:00:00,42.79404902960497,2025_real
2025-04-04 00:00:00,38.819406978852435,2025_real
2025-04-04 01:00:00,37.8976968673074,2025_real
2025-04-04 02:00:00,37.846385138594265,2025_real
2025-04-04 03:00:00,37.60245241897705,2025_real
2025-04-04 04:00:00,37.72824425678358,2025_real
2025-04-04 05:00:00,37.88489701843751,2025_real
2025-04-04 06:00:00,40.31142548955634,2025_real
2025-04-04 07:00:00,49.54232186049906,2025_real
2025-04-04 08:00:00,59.540878727655674,2025_real
2025-04-04 09:00:00,64.40604019859296,2025_real
2025-04-04 10:00:00,67.51767650174887,2025_real
2025-04-04 11:00:00,68.6776597787869,2025_real
2025-04-04 12:00:00,69.66722332850094,2025_real
2025-04-04 13:00:00,69.09774048237176,2025_real
2025-04-04 14:00:00,68.58252677734075,2025_real
2025-04-04 15:00:00,67.17045476200511,2025_real
2025-04-04 16:00:00,64.43838152909498,2025_real
2025-04-04 17:00:00,59.63223676781357,2025_real
2025-04-04 18:00:00,54.664170799942774,2025_real
2025-04-04 19:00:00,51.579473582145845,2025_real
2025-04-04 20:00:00,48.948161747692204,2025_real
2025-04-04 21:00:00,46.83312980782227,2025_real
2025-04-04 22:00:00,44.01796733149592,2025_real
2025-04-04 23:00:00,41.89884734728871,2025_real
2025-04-05 00:00:00,39.659632834528324,2025_real
2025-04-05 01:00:00,39.15024531100832,2025_real
2025-04-05 02:00:00,39.09450766760352,2025_real
2025-04-05 03:00:00,38.91187082053492,2025_real
2025-04-05 04:00:00,39.16742036786577,2025_real
2025-04-05 05:00:00,39.574680633244185,2025_real
2025-04-05 06:00:00,38.92617036654815,2025_real
2025-04-05 07:00:00,38.478426389602575,2025_real
2025-04-05 08:00:00,37.79476543730891,2025_real
2025-04-05 09:00:00,38.55509549315097,2025_real
2025-04-05 10:00:00,40.68448272715529,2025_real
2025-04-05 11:00:00,41.15525157997887,2025_real
2025-04-05 12:00:00,42.07406114627369,2025_real
2025-04-05 13:00:00,43.57975393087562,2025_real
2025-04-05 14:00:00,45.14261759388852,2025_real
2025-04-05 15:00:00,46.07810900808752,2025_real
2025-04-05 16:00:00,46.28098933409727,2025_real
2025-04-05 17:00:00,46.44841921936498,2025_real
2025-04-05 18:00:00,45.47042416458038,2025_real
2025-04-05 19:00:00,44.08945180118232,2025_real
2025-04-05 20:00:00,42.05140304194105,2025_real
2025-04-05 21:00:00,40.25664355082807,2025_real
2025-04-05 22:00:00,38.25809541545732,2025_real
2025-04-05 23:00:00,37.285365611131,2025_real
2025-04-06 00:00:00,46.91414086640748,2025_real
2025-04-06 01:00:00,43.05433782321601,2025_real
2025-04-06 02:00:00,41.032174046701506,2025_real
2025-04-06 03:00:00,42.91628905719867,2025_real
2025-04-06 04:00:00,43.25263017033006,2025_real
2025-04-06 05:00:00,45.564890155944354,2025_real
2025-04-06 06:00:00,44.422164426727335,2025_real
2025-04-06 07:00:00,43.455826215862686,2025_real
2025-04-06 08:00:00,46.56160531941922,2025_real
2025-04-06 09:00:00,39.95279352297111,2025_real
2025-04-06 10:00:00,41.81928327535059,2025_real
2025-04-06 11:00:00,43.645414061454375,2025_real
2025-04-06 12:00:00,45.907971521192025,2025_real
2025-04-06 13:00:00,46.07922363319866,2025_real
2025-04-06 14:00:00,50.14539769206501,2025_real
2025-04-06 15:00:00,48.8416063384099,2025_real
2025-04-06 16:00:00,46.50283493591927,2025_real
2025-04-06 17:00:00,47.29574995048931,2025_real
2025-04-06 18:00:00,49.424851206374186,2025_real
2025-04-06 19:00:00,48.86210682322066,2025_real
2025-04-06 20:00:00,50.01798765902349,2025_real
2025-04-06 21:00:00,51.07429413492129,2025_real
2025-04-06 22:00:00,44.48924283375644,2025_real
2025-04-06 23:00:00,40.38317752615075,2025_real
2025-04-07 00:00:00,35.863596781605594,2025_real
2025-04-07 01:00:00,40.82047334848307,2025_real
2025-04-07 02:00:00,38.48622749160771,2025_real
2025-04-07 03:00:00,38.483510216565485,2025_real
2025-04-07 04:00:00,38.732022572015886,2025_real
2025-04-07 05:00:00,40.215695248383454,2025_real
2025-04-07 06:00:00,44.61927945876115,2025_real
2025-04-07 07:00:00,52.1945704535772,2025_real
2025-04-07 08:00:00,63.03923019629979,2025_real
2025-04-07 09:00:00,67.37858277350664,2025_real
2025-04-07 10:00:00,68.18897142745662,2025_real
2025-04-07 11:00:00,71.58390280301147,2025_real
2025-04-07 12:00:00,73.0643765264569,2025_real
2025-04-07 13:00:00,77.6841759306954,2025_real
2025-04-07 14:00:00,73.82854333159545,2025_real
2025-04-07 15:00:00,75.36909701689065,2025_real
2025-04-07 16:00:00,71.18951721909501,2025_real
2025-04-07 17:00:00,67.47510763368089,2025_real
2025-04-07 18:00:00,62.185962372443704,2025_real
2025-04-07 19:00:00,52.141729561813975,2025_real
2025-04-07 20:00:00,51.511365147425835,2025_real
2025-04-07 21:00:00,42.40342233428357,2025_real
2025-04-07 22:00:00,44.21978366293416,2025_real
2025-04-07 23:00:00,39.16873206039107,2025_real
2025-04-08 00:00:00,42.04376713717697,2025_real
2025-04-08 01:00:00,33.60419239662775,2025_real
2025-04-08 02:00:00,33.40609730795296,2025_real
2025-04-08 03:00:00,33.336679323739695,2025_real
2025-04-08 04:00:00,33.38152054989199,2025_real
2025-04-08 05:00:00,33.736018714154376,2025_real
2025-04-08 06:00:00,36.505281681498,2025_real
2025-04-08 07:00:00,45.53596925418677,2025_real
2025-04-08 08:00:00,55.974455578418016,2025_real
2025-04-08 09:00:00,61.36477698530528,2025_real
2025-04-08 10:00:00,64.87651024717613,2025_real
2025-04-08 11:00:00,65.59675630792526,2025_real
2025-04-08 12:00:00,66.255872497557,2025_real
2025-04-08 13:00:00,66.6590968758374,2025_real
2025-04-08 14:00:00,66.65900059501116,2025_real
2025-04-08 15:00:00,66.00764933480258,2025_real
2025-04-08 16:00:00,64.94403762111843,2025_real
2025-04-08 17:00:00,62.05938073447839,2025_real
2025-04-08 18:00:00,56.550586218364074,2025_real
2025-04-08 19:00:00,47.22941604261899,2025_real
2025-04-08 20:00:00,41.73389141022661,2025_real
2025-04-08 21:00:00,38.668618734992705,2025_real
2025-04-08 22:00:00,35.93916402117249,2025_real
2025-04-08 23:00:00,34.637874001685915,2025_real
2025-04-09 00:00:00,33.093190914322605,2025_real
2025-04-09 01:00:00,32.43800874459298,2025_real
2025-04-09 02:00:00,32.31389483589895,2025_real
2025-04-09 03:00:00,32.30181782626218,2025_real
2025-04-09 04:00:00,32.36959472019197,2025_real
2025-04-09 05:00:00,32.81245608354923,2025_real
2025-04-09 06:00:00,36.087022115940925,2025_real
2025-04-09 07:00:00,42.62123297854647,2025_real
2025-04-09 08:00:00,52.757018464145915,2025_real
2025-04-09 09:00:00,58.64847830440405,2025_real
2025-04-09 10:00:00,62.40016812284528,2025_real
2025-04-09 11:00:00,64.01598992018505,2025_real
2025-04-09 12:00:00,65.23679569385816,2025_real
2025-04-09 13:00:00,65.61498437165086,2025_real
2025-04-09 14:00:00,65.58248058156906,2025_real
2025-04-09 15:00:00,65.07989168155358,2025_real
2025-04-09 16:00:00,64.75018214393654,2025_real
2025-04-09 17:00:00,61.825588243529694,2025_real
2025-04-09 18:00:00,55.29679660307564,2025_real
2025-04-09 19:00:00,45.23689339243696,2025_real
2025-04-09 20:00:00,39.82340066823022,2025_real
2025-04-09 21:00:00,37.01326574234853,2025_real
2025-04-09 22:00:00,33.778959382836646,2025_real
2025-04-09 23:00:00,32.248654222103035,2025_real
2025-04-10 00:00:00,31.140823011987923,2025_real
2025-04-10 01:00:00,30.71777621667824,2025_real
2025-04-10 02:00:00,30.93337150170275,2025_real
2025-04-10 03:00:00,30.84706410599165,2025_real
2025-04-10 04:00:00,30.889704351135062,2025_real
2025-04-10 05:00:00,31.570780436683396,2025_real
2025-04-10 06:00:00,33.85534346489571,2025_real
2025-04-10 07:00:00,44.03809035393715,2025_real
2025-04-10 08:00:00,55.344114390898255,2025_real
2025-04-10 09:00:00,61.32004100073182,2025_real
2025-04-10 10:00:00,64.50135745422979,2025_real
2025-04-10 11:00:00,66.24733030150654,2025_real
2025-04-10 12:00:00,66.42079122727672,2025_real
2025-04-10 13:00:00,67.02113139766632,2025_real
2025-04-10 14:00:00,67.2159511571289,2025_real
2025-04-10 15:00:00,67.04173279454545,2025_real
2025-04-10 16:00:00,65.62790190759324,2025_real
2025-04-10 17:00:00,62.846362640996794,2025_real
2025-04-10 18:00:00,55.957203191224465,2025_real
2025-04-10 19:00:00,48.0073636154375,2025_real
2025-04-10 20:00:00,41.781794900395255,2025_real
2025-04-10 21:00:00,38.18293617052362,2025_real
2025-04-10 22:00:00,35.32746453654503,2025_real
2025-04-10 23:00:00,33.43453152642041,2025_real
2025-04-11 00:00:00,32.41918648681221,2025_real
2025-04-11 01:00:00,32.1772422456733,2025_real
2025-04-11 02:00:00,31.96189194802931,2025_real
2025-04-11 03:00:00,43.82078774493013,2025_real
2025-04-11 04:00:00,39.95995655566567,2025_real
2025-04-11 05:00:00,42.23749002038366,2025_real
2025-04-11 06:00:00,49.552099174035604,2025_real
2025-04-11 07:00:00,50.44977167629212,2025_real
2025-04-11 08:00:00,60.87173589270444,2025_real
2025-04-11 09:00:00,72.03171306209022,2025_real
2025-04-11 10:00:00,76.62057644662764,2025_real
2025-04-11 11:00:00,69.95651885184645,2025_real
2025-04-11 12:00:00,71.69965424183873,2025_real
2025-04-11 13:00:00,74.16754080556667,2025_real
2025-04-11 14:00:00,75.77908745873144,2025_real
2025-04-11 15:00:00,69.6536856431181,2025_real
2025-04-11 16:00:00,68.80618263010494,2025_real
2025-04-11 17:00:00,66.0672160104062,2025_real
2025-04-11 18:00:00,58.131378640155,2025_real
2025-04-11 19:00:00,53.20948715431267,2025_real
2025-04-11 20:00:00,50.93521532506247,2025_real
2025-04-11 21:00:00,46.864680027748534,2025_real
2025-04-11 22:00:00,47.81522360644615,2025_real
2025-04-11 23:00:00,45.398260592586766,2025_real
2025-04-12 00:00:00,44.70569459815751,2025_real
2025-04-12 01:00:00,43.19738696618977,2025_real
2025-04-12 02:00:00,44.237999338198925,2025_real
2025-04-12 03:00:00,46.05467366227362,2025_real
2025-04-12 04:00:00,43.72416275221333,2025_real
2025-04-12 05:00:00,44.52634875915571,2025_real
2025-04-12 06:00:00,44.1512139731817,2025_real
2025-04-12 07:00:00,44.36778922618889,2025_real
2025-04-12 08:00:00,43.380741549913054,2025_real
2025-04-12 09:00:00,46.737563586380205,2025_real
2025-04-12 10:00:00,47.47226625085386,2025_real
2025-04-12 11:00:00,53.69624099784845,2025_real
2025-04-12 12:00:00,54.48986590048374,2025_real
2025-04-12 13:00:00,53.57150261743324,2025_real
2025-04-12 14:00:00,51.443567991626566,2025_real
2025-04-12 15:00:00,52.02169325293373,2025_real
2025-04-12 16:00:00,56.02774270825717,2025_real
2025-04-12 17:00:00,53.76083512022593,2025_real
2025-04-12 18:00:00,53.94762247084533,2025_real
2025-04-12 19:00:00,48.481246767189155,2025_real
2025-04-12 20:00:00,52.58247800892942,2025_real
2025-04-12 21:00:00,49.69307651360984,2025_real
2025-04-12 22:00:00,43.644210646932635,2025_real
2025-04-12 23:00:00,44.28671916859459,2025_real
2025-04-13 00:00:00,44.1855151973417,2025_real
2025-04-13 01:00:00,43.64943307905078,2025_real
2025-04-13 02:00:00,42.52352213079071,2025_real
2025-04-13 03:00:00,42.33966628144144,2025_real
2025-04-13 04:00:00,29.421292527430417,2025_real
2025-04-13 05:00:00,29.9797488322683,2025_real
2025-04-13 06:00:00,30.163269332197753,2025_real
2025-04-13 07:00:00,30.256198733273287,2025_real
2025-04-13 08:00:00,31.116720744613232,2025_real
2025-04-13 09:00:00,32.78025352289555,2025_real
2025-04-13 10:00:00,35.10633294058513,2025_real
2025-04-13 11:00:00,37.3394653817562,2025_real
2025-04-13 12:00:00,39.3168193711423,2025_real
2025-04-13 13:00:00,40.82617778813322,2025_real
2025-04-13 14:00:00,41.4922855080108,2025_real
2025-04-13 15:00:00,41.96940953936673,2025_real
2025-04-13 16:00:00,42.59199057463205,2025_real
2025-04-13 17:00:00,41.66137897194493,2025_real
2025-04-13 18:00:00,40.02543351874728,2025_real
2025-04-13 19:00:00,39.33914534640415,2025_real
2025-04-13 20:00:00,37.0837474702811,2025_real
2025-04-13 21:00:00,35.28546378605999,2025_real
2025-04-13 22:00:00,32.831075419874196,2025_real
2025-04-13 23:00:00,31.08075416781044,2025_real
2025-04-14 00:00:00,29.702850912596936,2025_real
2025-04-14 01:00:00,29.44887287735035,2025_real
2025-04-14 02:00:00,29.287618028069367,2025_real
2025-04-14 03:00:00,29.22820037635879,2025_real
2025-04-14 04:00:00,29.321659698241618,2025_real
2025-04-14 05:00:00,29.806556133931373,2025_real
2025-04-14 06:00:00,34.15658478894585,2025_real
2025-04-14 07:00:00,47.06903557376623,2025_real
2025-04-14 08:00:00,57.94874533802519,2025_real
2025-04-14 09:00:00,63.62349227954148,2025_real
2025-04-14 10:00:00,66.31454201526302,2025_real
2025-04-14 11:00:00,66.91558913553351,2025_real
2025-04-14 12:00:00,66.55000041115792,2025_real
2025-04-14 13:00:00,66.80732578614757,2025_real
2025-04-14 14:00:00,66.56099766497047,2025_real
2025-04-14 15:00:00,66.25315177350085,2025_real
2025-04-14 16:00:00,65.51995855441237,2025_real
2025-04-14 17:00:00,61.698054239683515,2025_real
2025-04-14 18:00:00,52.65243660127675,2025_real
2025-04-14 19:00:00,42.59263666270878,2025_real
2025-04-14 20:00:00,36.661574721036224,2025_real
2025-04-14 21:00:00,33.56892111936364,2025_real
2025-04-14 22:00:00,31.567753896346893,2025_real
2025-04-14 23:00:00,31.215435009352355,2025_real
2025-04-15 00:00:00,30.207944958142917,2025_real
2025-04-15 01:00:00,30.294830815020493,2025_real
2025-04-15 02:00:00,29.85568414934989,2025_real
2025-04-15 03:00:00,29.437348216697906,2025_real
2025-04-15 04:00:00,29.4497327700346,2025_real
2025-04-15 05:00:00,29.751005736931845,2025_real
2025-04-15 06:00:00,33.570594234477,2025_real
2025-04-15 07:00:00,45.68954527571368,2025_real
2025-04-15 08:00:00,57.121173990132164,2025_real
2025-04-15 09:00:00,61.84417735465571,2025_real
2025-04-15 10:00:00,64.73246013491199,2025_real
2025-04-15 11:00:00,66.4957732987844,2025_real
2025-04-15 12:00:00,67.03895084375412,2025_real
2025-04-15 13:00:00,67.69228435388865,2025_real
2025-04-15 14:00:00,67.68554765206838,2025_real
2025-04-15 15:00:00,66.74061017375837,2025_real
2025-04-15 16:00:00,64.88897998380568,2025_real
2025-04-15 17:00:00,61.03354648884505,2025_real
2025-04-15 18:00:00,53.97745233838184,2025_real
2025-04-15 19:00:00,44.09616082315364,2025_real
2025-04-15 20:00:00,38.95160222613319,2025_real
2025-04-15 21:00:00,35.17764795098917,2025_real
2025-04-15 22:00:00,32.51155234743101,2025_real
2025-04-15 23:00:00,30.69048999726291,2025_real
2025-04-16 00:00:00,29.389122395640136,2025_real
2025-04-16 01:00:00,28.780085486785964,2025_real
2025-04-16 02:00:00,28.554293960453343,2025_real
2025-04-16 03:00:00,28.625174874453247,2025_real
2025-04-16 04:00:00,28.736813787781795,2025_real
2025-04-16 05:00:00,29.468386136003197,2025_real
2025-04-16 06:00:00,33.49954867905073,2025_real
2025-04-16 07:00:00,46.89624219907259,2025_real
2025-04-16 08:00:00,57.96799795865927,2025_real
2025-04-16 09:00:00,63.580649034308585,2025_real
2025-04-16 10:00:00,67.03544657469106,2025_real
2025-04-16 11:00:00,68.14605573226429,2025_real
2025-04-16 12:00:00,68.83180447352532,2025_real
2025-04-16 13:00:00,68.9757147558287,2025_real
2025-04-16 14:00:00,68.8018025216096,2025_real
2025-04-16 15:00:00,67.65010199129611,2025_real
2025-04-16 16:00:00,66.32203883296125,2025_real
2025-04-16 17:00:00,62.76003263934895,2025_real
2025-04-16 18:00:00,54.594748189510554,2025_real
2025-04-16 19:00:00,45.53249873991719,2025_real
2025-04-16 20:00:00,40.55431814220864,2025_real
2025-04-16 21:00:00,37.792417860279485,2025_real
2025-04-16 22:00:00,35.38657158014894,2025_real
2025-04-16 23:00:00,33.00504876582266,2025_real
2025-04-17 00:00:00,31.35191495874219,2025_real
2025-04-17 01:00:00,31.17921300359771,2025_real
2025-04-17 02:00:00,31.839069301229607,2025_real
2025-04-17 03:00:00,31.66277938673158,2025_real
2025-04-17 04:00:00,31.69404436041852,2025_real
2025-04-17 05:00:00,32.2438183039938,2025_real
2025-04-17 06:00:00,35.811833508271874,2025_real
2025-04-17 07:00:00,47.076584698670096,2025_real
2025-04-17 08:00:00,57.22693320453564,2025_real
2025-04-17 09:00:00,63.33960103903344,2025_real
2025-04-17 10:00:00,66.57364424000353,2025_real
2025-04-17 11:00:00,67.96717235922645,2025_real
2025-04-17 12:00:00,68.29143310196235,2025_real
2025-04-17 13:00:00,68.17916711114509,2025_real
2025-04-17 14:00:00,67.7499124487848,2025_real
2025-04-17 15:00:00,67.01762022578609,2025_real
2025-04-17 16:00:00,65.02695367945128,2025_real
2025-04-17 17:00:00,61.7019514282902,2025_real
2025-04-17 18:00:00,53.86019417958644,2025_real
2025-04-17 19:00:00,44.374249276319226,2025_real
2025-04-17 20:00:00,39.36763598915017,2025_real
2025-04-17 21:00:00,36.25625199363789,2025_real
2025-04-17 22:00:00,33.997865004712864,2025_real
2025-04-17 23:00:00,31.932576055666942,2025_real
2025-04-18 00:00:00,31.03754876045042,2025_real
2025-04-18 01:00:00,30.367536189599814,2025_real
2025-04-18 02:00:00,30.321223511339753,2025_real
2025-04-18 03:00:00,30.1403633187104,2025_real
2025-04-18 04:00:00,30.217131485061245,2025_real
2025-04-18 05:00:00,30.765179606581235,2025_real
2025-04-18 06:00:00,34.51193827116763,2025_real
2025-04-18 07:00:00,45.59861249924322,2025_real
2025-04-18 08:00:00,55.88832414556995,2025_real
2025-04-18 09:00:00,60.779199071681845,2025_real
2025-04-18 10:00:00,63.61309253217097,2025_real
2025-04-18 11:00:00,64.88950672913565,2025_real
2025-04-18 12:00:00,65.28674547964852,2025_real
2025-04-18 13:00:00,65.1099465914833,2025_real
2025-04-18 14:00:00,63.91032959268469,2025_real
2025-04-18 15:00:00,62.259158270982184,2025_real
2025-04-18 16:00:00,59.02831692841194,2025_real
2025-04-18 17:00:00,52.24847825695412,2025_real
2025-04-18 18:00:00,44.98458910260558,2025_real
2025-04-18 19:00:00,40.368220866229436,2025_real
2025-04-18 20:00:00,37.21653692147787,2025_real
2025-04-18 21:00:00,34.9102407736254,2025_real
2025-04-18 22:00:00,32.977443917010774,2025_real
2025-04-18 23:00:00,31.068933660302967,2025_real
2025-04-19 00:00:00,29.644346538994352,2025_real
2025-04-19 01:00:00,29.04103466805378,2025_real
2025-04-19 02:00:00,28.733233464688055,2025_real
2025-04-19 03:00:00,28.89120965041784,2025_real
2025-04-19 04:00:00,28.73776128302746,2025_real
2025-04-19 05:00:00,28.880527919139766,2025_real
2025-04-19 06:00:00,29.10657794726051,2025_real
2025-04-19 07:00:00,29.717567672893914,2025_real
2025-04-19 08:00:00,30.73300024020744,2025_real
2025-04-19 09:00:00,31.537146760193778,2025_real
2025-04-19 10:00:00,33.95289425898585,2025_real
2025-04-19 11:00:00,36.125496045164425,2025_real
2025-04-19 12:00:00,38.12187420331817,2025_real
2025-04-19 13:00:00,38.827514046375484,2025_real
2025-04-19 14:00:00,39.56873198038703,2025_real
2025-04-19 15:00:00,40.142917451696455,2025_real
2025-04-19 16:00:00,40.951090052055676,2025_real
2025-04-19 17:00:00,40.070298546111346,2025_real
2025-04-19 18:00:00,39.3655047723406,2025_real
2025-04-19 19:00:00,38.86230468275369,2025_real
2025-04-19 20:00:00,36.23446981053441,2025_real
2025-04-19 21:00:00,33.719239016537294,2025_real
2025-04-19 22:00:00,31.65856941036131,2025_real
2025-04-19 23:00:00,30.83584274563354,2025_real
2025-04-20 00:00:00,29.532920861560157,2025_real
2025-04-20 01:00:00,28.445457177427116,2025_real
2025-04-20 02:00:00,28.126387454204824,2025_real
2025-04-20 03:00:00,27.57240486590837,2025_real
2025-04-20 04:00:00,27.439463780168786,2025_real
2025-04-20 05:00:00,27.610345574970967,2025_real
2025-04-20 06:00:00,27.260136857824897,2025_real
2025-04-20 07:00:00,27.52874076831756,2025_real
2025-04-20 08:00:00,28.3326209182962,2025_real
2025-04-20 09:00:00,29.443909056761704,2025_real
2025-04-20 10:00:00,30.60060017735456,2025_real
2025-04-20 11:00:00,32.52211781667076,2025_real
2025-04-20 12:00:00,34.960742311424205,2025_real
2025-04-20 13:00:00,36.96720032244016,2025_real
2025-04-20 14:00:00,38.33003853512438,2025_real
2025-04-20 15:00:00,39.480373455684756,2025_real
2025-04-20 16:00:00,40.23967379801326,2025_real
2025-04-20 17:00:00,39.1923808329901,2025_real
2025-04-20 18:00:00,38.900839273797416,2025_real
2025-04-20 19:00:00,37.90255458853321,2025_real
2025-04-20 20:00:00,35.94665456548572,2025_real
2025-04-20 21:00:00,33.31196125560028,2025_real
2025-04-20 22:00:00,31.381619917256316,2025_real
2025-04-20 23:00:00,29.86408856704331,2025_real
2025-04-21 00:00:00,29.80242134818893,2025_real
2025-04-21 01:00:00,29.497347737146004,2025_real
2025-04-21 02:00:00,29.367468287130848,2025_real
2025-04-21 03:00:00,29.26811966547124,2025_real
2025-04-21 04:00:00,29.46895691864391,2025_real
2025-04-21 05:00:00,30.024287629684494,2025_real
2025-04-21 06:00:00,34.5106554131889,2025_real
2025-04-21 07:00:00,46.89751393743694,2025_real
2025-04-21 08:00:00,57.858397401348626,2025_real
2025-04-21 09:00:00,62.50201257717504,2025_real
2025-04-21 10:00:00,65.10524519670577,2025_real
2025-04-21 11:00:00,66.43170186666055,2025_real
2025-04-21 12:00:00,67.04597200073408,2025_real
2025-04-21 13:00:00,67.02892431081031,2025_real
2025-04-21 14:00:00,67.12037433556466,2025_real
2025-04-21 15:00:00,66.26827008765973,2025_real
2025-04-21 16:00:00,64.38741644317184,2025_real
2025-04-21 17:00:00,61.25082241974984,2025_real
2025-04-21 18:00:00,53.029698617511244,2025_real
2025-04-21 19:00:00,43.03686819110324,2025_real
2025-04-21 20:00:00,38.33040850647927,2025_real
2025-04-21 21:00:00,35.341696662331344,2025_real
2025-04-21 22:00:00,32.9713439287675,2025_real
2025-04-21 23:00:00,31.803747753147963,2025_real
2025-04-22 00:00:00,30.36597142759217,2025_real
2025-04-22 01:00:00,30.02140320841724,2025_real
2025-04-22 02:00:00,29.92427089109357,2025_real
2025-04-22 03:00:00,29.833174761048664,2025_real
2025-04-22 04:00:00,30.175952125382985,2025_real
2025-04-22 05:00:00,30.575706228031056,2025_real
2025-04-22 06:00:00,35.09778619297435,2025_real
2025-04-22 07:00:00,46.86170259771595,2025_real
2025-04-22 08:00:00,58.16327010077258,2025_real
2025-04-22 09:00:00,63.68403814281523,2025_real
2025-04-22 10:00:00,66.47894570092598,2025_real
2025-04-22 11:00:00,67.66669240124264,2025_real
2025-04-22 12:00:00,68.37434912527874,2025_real
2025-04-22 13:00:00,68.20401113851344,2025_real
2025-04-22 14:00:00,68.21724038618542,2025_real
2025-04-22 15:00:00,67.60626158110114,2025_real
2025-04-22 16:00:00,65.72712271741958,2025_real
2025-04-22 17:00:00,61.913889115713886,2025_real
2025-04-22 18:00:00,53.82805722212697,2025_real
2025-04-22 19:00:00,44.544173975891844,2025_real
2025-04-22 20:00:00,38.33945718468895,2025_real
2025-04-22 21:00:00,35.1418392987911,2025_real
2025-04-22 22:00:00,32.984975121200506,2025_real
2025-04-22 23:00:00,31.48181171742437,2025_real
2025-04-23 00:00:00,29.646484347882833,2025_real
2025-04-23 01:00:00,29.081446450182064,2025_real
2025-04-23 02:00:00,29.04562963273571,2025_real
2025-04-23 03:00:00,28.93325987882772,2025_real
2025-04-23 04:00:00,29.022300222635188,2025_real
2025-04-23 05:00:00,29.546028067676048,2025_real
2025-04-23 06:00:00,33.518618009596764,2025_real
2025-04-23 07:00:00,46.38237703217101,2025_real
2025-04-23 08:00:00,57.499514366001776,2025_real
2025-04-23 09:00:00,63.30680131135229,2025_real
2025-04-23 10:00:00,65.67048275563806,2025_real
2025-04-23 11:00:00,66.58603136542558,2025_real
2025-04-23 12:00:00,67.59034755416616,2025_real
2025-04-23 13:00:00,68.33604189893609,2025_real
2025-04-23 14:00:00,67.85405437037595,2025_real
2025-04-23 15:00:00,66.98486868294202,2025_real
2025-04-23 16:00:00,65.48700098923842,2025_real
2025-04-23 17:00:00,61.942472686306346,2025_real
2025-04-23 18:00:00,54.461631580366074,2025_real
2025-04-23 19:00:00,45.197465584429565,2025_real
2025-04-23 20:00:00,39.254568361769216,2025_real
2025-04-23 21:00:00,36.245741165735495,2025_real
2025-04-23 22:00:00,33.91957739221293,2025_real
2025-04-23 23:00:00,32.96922435745081,2025_real
2025-04-24 00:00:00,31.430980019384688,2025_real
2025-04-24 01:00:00,31.23064194217711,2025_real
2025-04-24 02:00:00,31.165247964513195,2025_real
2025-04-24 03:00:00,31.118329606550404,2025_real
2025-04-24 04:00:00,31.26295544488181,2025_real
2025-04-24 05:00:00,31.747640382283183,2025_real
2025-04-24 06:00:00,34.653729266569115,2025_real
2025-04-24 07:00:00,46.89969418007402,2025_real
2025-04-24 08:00:00,56.90197282324809,2025_real
2025-04-24 09:00:00,63.13400416710199,2025_real
2025-04-24 10:00:00,66.68354327172162,2025_real
2025-04-24 11:00:00,67.93216023985808,2025_real
2025-04-24 12:00:00,68.31599484592306,2025_real
2025-04-24 13:00:00,68.39896424780657,2025_real
2025-04-24 14:00:00,68.13716102118026,2025_real
2025-04-24 15:00:00,66.73323579066921,2025_real
2025-04-24 16:00:00,64.76384864519136,2025_real
2025-04-24 17:00:00,61.32183069475686,2025_real
2025-04-24 18:00:00,53.58648469118597,2025_real
2025-04-24 19:00:00,44.32631420534848,2025_real
2025-04-24 20:00:00,38.759587202311586,2025_real
2025-04-24 21:00:00,34.626110545221536,2025_real
2025-04-24 22:00:00,32.04583903785817,2025_real
2025-04-24 23:00:00,30.80716832889587,2025_real
2025-04-25 00:00:00,30.155068736670017,2025_real
2025-04-25 01:00:00,29.808332825092762,2025_real
2025-04-25 02:00:00,29.416314173231292,2025_real
2025-04-25 03:00:00,29.29044612567197,2025_real
2025-04-25 04:00:00,29.392241898007896,2025_real
2025-04-25 05:00:00,29.90417467955877,2025_real
2025-04-25 06:00:00,33.5032182722519,2025_real
2025-04-25 07:00:00,44.613079430477136,2025_real
2025-04-25 08:00:00,54.30691412607272,2025_real
2025-04-25 09:00:00,59.60346045674298,2025_real
2025-04-25 10:00:00,62.31388413420187,2025_real
2025-04-25 11:00:00,63.76091994759678,2025_real
2025-04-25 12:00:00,64.10767520903887,2025_real
2025-04-25 13:00:00,63.730686447182585,2025_real
2025-04-25 14:00:00,62.283208570878685,2025_real
2025-04-25 15:00:00,60.68174700400188,2025_real
2025-04-25 16:00:00,57.628589509668814,2025_real
2025-04-25 17:00:00,51.32559053883148,2025_real
2025-04-25 18:00:00,44.156763844264546,2025_real
2025-04-25 19:00:00,39.40522713066191,2025_real
2025-04-25 20:00:00,35.63101422754404,2025_real
2025-04-25 21:00:00,33.33988717597411,2025_real
2025-04-25 22:00:00,31.119785974650892,2025_real
2025-04-25 23:00:00,29.89096994071972,2025_real
2025-04-26 00:00:00,28.753262630171264,2025_real
2025-04-26 01:00:00,28.41078429422878,2025_real
2025-04-26 02:00:00,28.06602875780463,2025_real
2025-04-26 03:00:00,27.87114020822689,2025_real
2025-04-26 04:00:00,28.03545021364433,2025_real
2025-04-26 05:00:00,28.541797244154342,2025_real
2025-04-26 06:00:00,28.676340743396516,2025_real
2025-04-26 07:00:00,29.151388336933096,2025_real
2025-04-26 08:00:00,30.09741245380463,2025_real
2025-04-26 09:00:00,31.709161421519852,2025_real
2025-04-26 10:00:00,33.92859098821341,2025_real
2025-04-26 11:00:00,35.7394335191749,2025_real
2025-04-26 12:00:00,37.149432629966526,2025_real
2025-04-26 13:00:00,38.01797087155377,2025_real
2025-04-26 14:00:00,38.59688662787417,2025_real
2025-04-26 15:00:00,38.68839756417042,2025_real
2025-04-26 16:00:00,38.5494803449816,2025_real
2025-04-26 17:00:00,37.783971260274996,2025_real
2025-04-26 18:00:00,37.64235543956235,2025_real
2025-04-26 19:00:00,36.55988587366774,2025_real
2025-04-26 20:00:00,34.898299747347636,2025_real
2025-04-26 21:00:00,32.982014057786344,2025_real
2025-04-26 22:00:00,30.90858215829998,2025_real
2025-04-26 23:00:00,29.738888909383803,2025_real
2025-04-27 00:00:00,28.905414076771514,2025_real
2025-04-27 01:00:00,28.456849162190437,2025_real
2025-04-27 02:00:00,28.002013785457873,2025_real
2025-04-27 03:00:00,27.779379220538125,2025_real
2025-04-27 04:00:00,27.822868542856327,2025_real
2025-04-27 05:00:00,28.10940925842997,2025_real
2025-04-27 06:00:00,28.594911936429398,2025_real
2025-04-27 07:00:00,28.701349814832717,2025_real
2025-04-27 08:00:00,29.69517153123789,2025_real
2025-04-27 09:00:00,30.42466462322009,2025_real
2025-04-27 10:00:00,32.14179597484954,2025_real
2025-04-27 11:00:00,33.950749841144486,2025_real
2025-04-27 12:00:00,35.81489888070995,2025_real
2025-04-27 13:00:00,37.20298728204676,2025_real
2025-04-27 14:00:00,37.77021090567568,2025_real
2025-04-27 15:00:00,37.48379708219612,2025_real
2025-04-27 16:00:00,37.109787810836316,2025_real
2025-04-27 17:00:00,37.02722097822971,2025_real
2025-04-27 18:00:00,35.940100447733926,2025_real
2025-04-27 19:00:00,35.51834800662513,2025_real
2025-04-27 20:00:00,34.11414366972129,2025_real
2025-04-27 21:00:00,32.217933879536304,2025_real
2025-04-27 22:00:00,30.632550155148238,2025_real
2025-04-27 23:00:00,29.612638347357105,2025_real
2025-04-28 00:00:00,29.11433087732867,2025_real
2025-04-28 01:00:00,28.348818366737383,2025_real
2025-04-28 02:00:00,28.03816852574041,2025_real
2025-04-28 03:00:00,27.94715089345022,2025_real
2025-04-28 04:00:00,28.278107232902407,2025_real
2025-04-28 05:00:00,29.078883063265057,2025_real
2025-04-28 06:00:00,32.73287824434729,2025_real
2025-04-28 07:00:00,44.96433835904573,2025_real
2025-04-28 08:00:00,56.45274853626522,2025_real
2025-04-28 09:00:00,62.14842248832822,2025_real
2025-04-28 10:00:00,65.40975450524934,2025_real
2025-04-28 11:00:00,66.4975087743896,2025_real
2025-04-28 12:00:00,67.01933283324183,2025_real
2025-04-28 13:00:00,67.50103120605277,2025_real
2025-04-28 14:00:00,66.58869674265694,2025_real
2025-04-28 15:00:00,65.93959856174826,2025_real
2025-04-28 16:00:00,64.46545676982548,2025_real
2025-04-28 17:00:00,60.56821289454004,2025_real
2025-04-28 18:00:00,51.74337321578979,2025_real
2025-04-28 19:00:00,40.50092493352986,2025_real
2025-04-28 20:00:00,35.129022676744356,2025_real
2025-04-28 21:00:00,31.047419993621318,2025_real
2025-04-28 22:00:00,29.606780563944753,2025_real
2025-04-28 23:00:00,29.05595604134089,2025_real
2025-04-29 00:00:00,28.041599575444607,2025_real
2025-04-29 01:00:00,27.69327903348939,2025_real
2025-04-29 02:00:00,28.20857192784647,2025_real
2025-04-29 03:00:00,27.46031978775008,2025_real
2025-04-29 04:00:00,27.58770629294401,2025_real
2025-04-29 05:00:00,28.15024990718924,2025_real
2025-04-29 06:00:00,32.29840496153093,2025_real
2025-04-29 07:00:00,46.067722884110424,2025_real
2025-04-29 08:00:00,56.95175227073496,2025_real
2025-04-29 09:00:00,62.48095976510496,2025_real
2025-04-29 10:00:00,65.58074339096008,2025_real
2025-04-29 11:00:00,66.06155885156429,2025_real
2025-04-29 12:00:00,66.65518511856818,2025_real
2025-04-29 13:00:00,67.05398096922744,2025_real
2025-04-29 14:00:00,66.42317160335894,2025_real
2025-04-29 15:00:00,64.96465589604637,2025_real
2025-04-29 16:00:00,63.53782139711853,2025_real
2025-04-29 17:00:00,74.98282850742274,2025_real
2025-04-29 18:00:00,64.24187061553104,2025_real
2025-04-29 19:00:00,55.101959724948664,2025_real
2025-04-29 20:00:00,50.80275380261653,2025_real
2025-04-29 21:00:00,46.984446316712074,2025_real
2025-04-29 22:00:00,47.39891927941029,2025_real
2025-04-29 23:00:00,38.844377131816714,2025_real
2025-04-30 00:00:00,41.46859734314334,2025_real
2025-04-30 01:00:00,41.191076648673125,2025_real
2025-04-30 02:00:00,37.18860737604375,2025_real
2025-04-30 03:00:00,40.00875409799938,2025_real
2025-04-30 04:00:00,41.04667885485723,2025_real
2025-04-30 05:00:00,42.7759303289468,2025_real
2025-04-30 06:00:00,46.50143130281193,2025_real
2025-04-30 07:00:00,53.30075597428252,2025_real
2025-04-30 08:00:00,62.84651720153113,2025_real
2025-04-30 09:00:00,70.43460575816671,2025_real
2025-04-30 10:00:00,75.42363961380607,2025_real
2025-04-30 11:00:00,72.6793917303071,2025_real
2025-04-30 12:00:00,73.99663239534397,2025_real
2025-04-30 13:00:00,77.6265125360163,2025_real
2025-04-30 14:00:00,75.63669758014211,2025_real
2025-04-30 15:00:00,76.77286218059459,2025_real
2025-04-30 16:00:00,74.69353853070217,2025_real
2025-04-30 17:00:00,73.57549169789436,2025_real
2025-04-30 18:00:00,63.72284461512696,2025_real
2025-04-30 19:00:00,56.52692561551324,2025_real
2025-04-30 20:00:00,50.203118622194694,2025_real
2025-04-30 21:00:00,45.83122911956944,2025_real
2025-04-30 22:00:00,42.54388545711808,2025_real
2025-04-30 23:00:00,45.331896972336146,2025_real
2025-05-01 00:00:00,42.05247620694486,2025_real
2025-05-01 01:00:00,41.65029059767755,2025_real
2025-05-01 02:00:00,42.2932896070588,2025_real
2025-05-01 03:00:00,44.43506479885222,2025_real
2025-05-01 04:00:00,37.43888972705285,2025_real
2025-05-01 05:00:00,39.27841026702345,2025_real
2025-05-01 06:00:00,42.934174987436066,2025_real
2025-05-01 07:00:00,57.071661715817605,2025_real
2025-05-01 08:00:00,65.70231114702459,2025_real
2025-05-01 09:00:00,71.79139868331004,2025_real
2025-05-01 10:00:00,70.99117983249518,2025_real
2025-05-01 11:00:00,72.70132258329501,2025_real
2025-05-01 12:00:00,76.52363741806863,2025_real
2025-05-01 13:00:00,76.31505853424613,2025_real
2025-05-01 14:00:00,77.5422513018096,2025_real
2025-05-01 15:00:00,75.10161461546872,2025_real
2025-05-01 16:00:00,75.22144860175297,2025_real
2025-05-01 17:00:00,72.20270813567251,2025_real
2025-05-01 18:00:00,66.85607424267171,2025_real
2025-05-01 19:00:00,58.03823763060335,2025_real
2025-05-01 20:00:00,47.99947101973037,2025_real
2025-05-01 21:00:00,44.369580132238184,2025_real
2025-05-01 22:00:00,49.25214008135415,2025_real
2025-05-01 23:00:00,47.49708210663981,2025_real
2025-05-02 00:00:00,41.71700449765696,2025_real
2025-05-02 01:00:00,40.10205455899095,2025_real
2025-05-02 02:00:00,43.516221757730285,2025_real
2025-05-02 03:00:00,45.911211774392214,2025_real
2025-05-02 04:00:00,47.21010463097324,2025_real
2025-05-02 05:00:00,46.281997216942464,2025_real
2025-05-02 06:00:00,44.45203980302826,2025_real
2025-05-02 07:00:00,51.253826655816205,2025_real
2025-05-02 08:00:00,63.131694159717775,2025_real
2025-05-02 09:00:00,67.67553814513103,2025_real
2025-05-02 10:00:00,68.62648970460828,2025_real
2025-05-02 11:00:00,76.52352104660896,2025_real
2025-05-02 12:00:00,76.0909838336216,2025_real
2025-05-02 13:00:00,75.78770105428265,2025_real
2025-05-02 14:00:00,70.37602953558621,2025_real
2025-05-02 15:00:00,73.40970921115343,2025_real
2025-05-02 16:00:00,70.6107126376392,2025_real
2025-05-02 17:00:00,65.38449568253552,2025_real
2025-05-02 18:00:00,59.79315169309361,2025_real
2025-05-02 19:00:00,55.27223145692401,2025_real
2025-05-02 20:00:00,52.71717697897725,2025_real
2025-05-02 21:00:00,50.96722244570063,2025_real
2025-05-02 22:00:00,48.99587109868724,2025_real
2025-05-02 23:00:00,42.304281137569866,2025_real
2025-05-03 00:00:00,44.402768278638895,2025_real
2025-05-03 01:00:00,43.19562355582819,2025_real
2025-05-03 02:00:00,40.66652049498512,2025_real
2025-05-03 03:00:00,47.419129157786294,2025_real
2025-05-03 04:00:00,46.93303769233282,2025_real
2025-05-03 05:00:00,46.580807594241016,2025_real
2025-05-03 06:00:00,44.56325838028571,2025_real
2025-05-03 07:00:00,47.121862624345326,2025_real
2025-05-03 08:00:00,44.87674910287644,2025_real
2025-05-03 09:00:00,46.50570842291782,2025_real
2025-05-03 10:00:00,45.440808832541066,2025_real
2025-05-03 11:00:00,50.237333117396794,2025_real
2025-05-03 12:00:00,51.404562719536266,2025_real
2025-05-03 13:00:00,50.12825268630642,2025_real
2025-05-03 14:00:00,52.89521985101184,2025_real
2025-05-03 15:00:00,54.12757700249891,2025_real
2025-05-03 16:00:00,57.26437351520541,2025_real
2025-05-03 17:00:00,55.048540446762686,2025_real
2025-05-03 18:00:00,52.991835970949616,2025_real
2025-05-03 19:00:00,52.54620849399183,2025_real
2025-05-03 20:00:00,50.78137015198081,2025_real
2025-05-03 21:00:00,31.212720641571813,2025_real
2025-05-03 22:00:00,30.25611094688308,2025_real
2025-05-03 23:00:00,28.905415859299822,2025_real
2025-05-04 00:00:00,28.09267653566192,2025_real
2025-05-04 01:00:00,27.433543630255578,2025_real
2025-05-04 02:00:00,27.96200083987673,2025_real
2025-05-04 03:00:00,28.012056405888885,2025_real
2025-05-04 04:00:00,27.867249491738008,2025_real
2025-05-04 05:00:00,28.34686503970473,2025_real
2025-05-04 06:00:00,28.58433839720968,2025_real
2025-05-04 07:00:00,28.615298067828377,2025_real
2025-05-04 08:00:00,28.943167265998675,2025_real
2025-05-04 09:00:00,29.522732539536285,2025_real
2025-05-04 10:00:00,30.833442408903068,2025_real
2025-05-04 11:00:00,32.78618204440211,2025_real
2025-05-04 12:00:00,35.236865339863684,2025_real
2025-05-04 13:00:00,37.3193200382392,2025_real
2025-05-04 14:00:00,38.506551447462584,2025_real
2025-05-04 15:00:00,37.27295142167411,2025_real
2025-05-04 16:00:00,35.96141547155861,2025_real
2025-05-04 17:00:00,34.89471572222476,2025_real
2025-05-04 18:00:00,34.30730100700774,2025_real
2025-05-04 19:00:00,34.21820266924459,2025_real
2025-05-04 20:00:00,32.34512391439067,2025_real
2025-05-04 21:00:00,31.19730377216721,2025_real
2025-05-04 22:00:00,30.38646826404002,2025_real
2025-05-04 23:00:00,30.144575605893625,2025_real
2025-05-05 00:00:00,29.051561603348876,2025_real
2025-05-05 01:00:00,28.94231484049262,2025_real
2025-05-05 02:00:00,29.022239938149248,2025_real
2025-05-05 03:00:00,29.466629971591217,2025_real
2025-05-05 04:00:00,28.839429458148018,2025_real
2025-05-05 05:00:00,29.1276709980282,2025_real
2025-05-05 06:00:00,34.608909906333736,2025_real
2025-05-05 07:00:00,44.81640693167243,2025_real
2025-05-05 08:00:00,56.011798318550284,2025_real
2025-05-05 09:00:00,60.143734258460576,2025_real
2025-05-05 10:00:00,62.19173172562486,2025_real
2025-05-05 11:00:00,63.18744604312509,2025_real
2025-05-05 12:00:00,63.376992922521495,2025_real
2025-05-05 13:00:00,63.58877329439245,2025_real
2025-05-05 14:00:00,63.04887078396394,2025_real
2025-05-05 15:00:00,62.479854140223495,2025_real
2025-05-05 16:00:00,61.49613240743222,2025_real
2025-05-05 17:00:00,59.3411295402921,2025_real
2025-05-05 18:00:00,52.65688555317961,2025_real
2025-05-05 19:00:00,43.423415369398015,2025_real
2025-05-05 20:00:00,38.73698565987459,2025_real
2025-05-05 21:00:00,36.460929974554446,2025_real
2025-05-05 22:00:00,34.89558011554186,2025_real
2025-05-05 23:00:00,33.96841050895391,2025_real
2025-05-06 00:00:00,33.19139567087841,2025_real
2025-05-06 01:00:00,32.89082409263021,2025_real
2025-05-06 02:00:00,33.7669297747007,2025_real
2025-05-06 03:00:00,33.5219399114519,2025_real
2025-05-06 04:00:00,33.64028406417526,2025_real
2025-05-06 05:00:00,34.564566585376085,2025_real
2025-05-06 06:00:00,37.164005183231694,2025_real
2025-05-06 07:00:00,48.18815580980727,2025_real
2025-05-06 08:00:00,56.83058141867073,2025_real
2025-05-06 09:00:00,60.613373625664806,2025_real
2025-05-06 10:00:00,63.00312053078767,2025_real
2025-05-06 11:00:00,63.87145238089889,2025_real
2025-05-06 12:00:00,63.99708318789583,2025_real
2025-05-06 13:00:00,64.15881878105957,2025_real
2025-05-06 14:00:00,77.50541084484286,2025_real
2025-05-06 15:00:00,75.54047679598995,2025_real
2025-05-06 16:00:00,75.23253874175704,2025_real
2025-05-06 17:00:00,71.95580623800453,2025_real
2025-05-06 18:00:00,65.86392834858513,2025_real
2025-05-06 19:00:00,56.834780697263476,2025_real
2025-05-06 20:00:00,46.21233997665434,2025_real
2025-05-06 21:00:00,48.84491243387338,2025_real
2025-05-06 22:00:00,43.45488479716761,2025_real
2025-05-06 23:00:00,40.49509540135678,2025_real
2025-05-07 00:00:00,43.03533093460038,2025_real
2025-05-07 01:00:00,42.9578666532988,2025_real
2025-05-07 02:00:00,40.506140713786486,2025_real
2025-05-07 03:00:00,43.66851321176428,2025_real
2025-05-07 04:00:00,40.17588556199646,2025_real
2025-05-07 05:00:00,42.35617551364214,2025_real
2025-05-07 06:00:00,43.03913212508129,2025_real
2025-05-07 07:00:00,53.70549035005402,2025_real
2025-05-07 08:00:00,65.51726179966585,2025_real
2025-05-07 09:00:00,68.49541642469529,2025_real
2025-05-07 10:00:00,74.76110979321463,2025_real
2025-05-07 11:00:00,74.79808041609084,2025_real
2025-05-07 12:00:00,71.99538302433773,2025_real
2025-05-07 13:00:00,72.49346525269756,2025_real
2025-05-07 14:00:00,76.06334038641785,2025_real
2025-05-07 15:00:00,75.00188221321397,2025_real
2025-05-07 16:00:00,74.51046939974147,2025_real
2025-05-07 17:00:00,72.08756994526117,2025_real
2025-05-07 18:00:00,66.29358489785717,2025_real
2025-05-07 19:00:00,58.48405178134485,2025_real
2025-05-07 20:00:00,48.36695875288766,2025_real
2025-05-07 21:00:00,45.920791070006494,2025_real
2025-05-07 22:00:00,43.50264134321602,2025_real
2025-05-07 23:00:00,44.52266149651396,2025_real
2025-05-08 00:00:00,45.306894964446045,2025_real
2025-05-08 01:00:00,42.85535936986552,2025_real
2025-05-08 02:00:00,37.38786098676076,2025_real
2025-05-08 03:00:00,38.659920088066755,2025_real
2025-05-08 04:00:00,40.39109625286535,2025_real
2025-05-08 05:00:00,41.19307041516685,2025_real
2025-05-08 06:00:00,43.98335826305271,2025_real
2025-05-08 07:00:00,54.17064694337557,2025_real
2025-05-08 08:00:00,64.49032432186128,2025_real
2025-05-08 09:00:00,72.36650929723308,2025_real
2025-05-08 10:00:00,71.93767892899932,2025_real
2025-05-08 11:00:00,73.22585102202046,2025_real
2025-05-08 12:00:00,76.58697985221124,2025_real
2025-05-08 13:00:00,73.06468431898656,2025_real
2025-05-08 14:00:00,77.21791645175357,2025_real
2025-05-08 15:00:00,75.69345065745485,2025_real
2025-05-08 16:00:00,74.35357719813338,2025_real
2025-05-08 17:00:00,75.11913807287758,2025_real
2025-05-08 18:00:00,64.00119295704079,2025_real
2025-05-08 19:00:00,60.59399346314435,2025_real
2025-05-08 20:00:00,50.8430665748439,2025_real
2025-05-08 21:00:00,46.34815469245051,2025_real
2025-05-08 22:00:00,47.35192586313234,2025_real
2025-05-08 23:00:00,42.880308816402795,2025_real
2025-05-09 00:00:00,42.26528853673864,2025_real
2025-05-09 01:00:00,44.70434602613899,2025_real
2025-05-09 02:00:00,44.44723010044616,2025_real
2025-05-09 03:00:00,42.74426373542795,2025_real
2025-05-09 04:00:00,45.557936010137524,2025_real
2025-05-09 05:00:00,47.58957712122639,2025_real
2025-05-09 06:00:00,48.13901896809138,2025_real
2025-05-09 07:00:00,54.15473189055314,2025_real
2025-05-09 08:00:00,65.88869731531294,2025_real
2025-05-09 09:00:00,64.45041514961943,2025_real
2025-05-09 10:00:00,70.04816733950149,2025_real
2025-05-09 11:00:00,70.57759184639572,2025_real
2025-05-09 12:00:00,72.69373120715773,2025_real
2025-05-09 13:00:00,72.30570717259883,2025_real
2025-05-09 14:00:00,71.91502695269527,2025_real
2025-05-09 15:00:00,75.50432341562195,2025_real
2025-05-09 16:00:00,68.9602634437461,2025_real
2025-05-09 17:00:00,65.32586085848156,2025_real
2025-05-09 18:00:00,56.77113497999482,2025_real
2025-05-09 19:00:00,54.13095613033498,2025_real
2025-05-09 20:00:00,51.22038158345452,2025_real
2025-05-09 21:00:00,50.58265850209667,2025_real
2025-05-09 22:00:00,50.67725536676401,2025_real
2025-05-09 23:00:00,49.30091571152129,2025_real
2025-05-10 00:00:00,44.86363394041359,2025_real
2025-05-10 01:00:00,45.53205725888917,2025_real
2025-05-10 02:00:00,40.92953411489989,2025_real
2025-05-10 03:00:00,43.81030395921883,2025_real
2025-05-10 04:00:00,45.32467903475499,2025_real
2025-05-10 05:00:00,45.57494965987926,2025_real
2025-05-10 06:00:00,44.474340109361954,2025_real
2025-05-10 07:00:00,46.1751849967927,2025_real
2025-05-10 08:00:00,45.85295971739813,2025_real
2025-05-10 09:00:00,48.5398662186183,2025_real
2025-05-10 10:00:00,48.26072880322916,2025_real
2025-05-10 11:00:00,48.702420162209044,2025_real
2025-05-10 12:00:00,51.96628157552914,2025_real
2025-05-10 13:00:00,46.808491662588764,2025_real
2025-05-10 14:00:00,53.78041790551357,2025_real
2025-05-10 15:00:00,46.850184004424186,2025_real
2025-05-10 16:00:00,50.084167903040665,2025_real
2025-05-10 17:00:00,54.146290533654565,2025_real
2025-05-10 18:00:00,53.942291768981356,2025_real
2025-05-10 19:00:00,49.66840361763552,2025_real
2025-05-10 20:00:00,35.24823112797171,2025_real
2025-05-10 21:00:00,32.98939515711682,2025_real
2025-05-10 22:00:00,31.016057422345465,2025_real
2025-05-10 23:00:00,30.1511806038628,2025_real
2025-05-11 00:00:00,29.603885982332706,2025_real
2025-05-11 01:00:00,29.262339710841093,2025_real
2025-05-11 02:00:00,29.09753159763298,2025_real
2025-05-11 03:00:00,29.040610742532593,2025_real
2025-05-11 04:00:00,29.22579407252935,2025_real
2025-05-11 05:00:00,29.56199217748766,2025_real
2025-05-11 06:00:00,29.62112010987296,2025_real
2025-05-11 07:00:00,29.699121791445624,2025_real
2025-05-11 08:00:00,43.055880708117705,2025_real
2025-05-11 09:00:00,40.86345780495029,2025_real
2025-05-11 10:00:00,45.008873710025675,2025_real
2025-05-11 11:00:00,45.60550437116523,2025_real
2025-05-11 12:00:00,46.12619860112584,2025_real
2025-05-11 13:00:00,48.67008357093929,2025_real
2025-05-11 14:00:00,49.30517281947115,2025_real
2025-05-11 15:00:00,50.55260190473872,2025_real
2025-05-11 16:00:00,47.463507656093675,2025_real
2025-05-11 17:00:00,47.24271233518794,2025_real
2025-05-11 18:00:00,51.0382253523511,2025_real
2025-05-11 19:00:00,46.31211479062349,2025_real
2025-05-11 20:00:00,43.05690136614068,2025_real
2025-05-11 21:00:00,46.03727586031174,2025_real
2025-05-11 22:00:00,44.589084665543744,2025_real
2025-05-11 23:00:00,39.279588773457824,2025_real
2025-05-12 00:00:00,40.67931340469607,2025_real
2025-05-12 01:00:00,41.77457475659721,2025_real
2025-05-12 02:00:00,40.90747043873095,2025_real
2025-05-12 03:00:00,40.61928273644691,2025_real
2025-05-12 04:00:00,37.11659505434854,2025_real
2025-05-12 05:00:00,41.17787083685067,2025_real
2025-05-12 06:00:00,41.828378934157186,2025_real
2025-05-12 07:00:00,50.889787281546774,2025_real
2025-05-12 08:00:00,65.13799402604124,2025_real
2025-05-12 09:00:00,72.50711898562511,2025_real
2025-05-12 10:00:00,75.26319465159439,2025_real
2025-05-12 11:00:00,75.25680577880583,2025_real
2025-05-12 12:00:00,72.95027785855041,2025_real
2025-05-12 13:00:00,74.7982270315582,2025_real
2025-05-12 14:00:00,75.12661664554071,2025_real
2025-05-12 15:00:00,73.61216830747313,2025_real
2025-05-12 16:00:00,72.47435880981101,2025_real
2025-05-12 17:00:00,71.5713178244757,2025_real
2025-05-12 18:00:00,64.03317333848206,2025_real
2025-05-12 19:00:00,52.13344847937685,2025_real
2025-05-12 20:00:00,46.32570064337004,2025_real
2025-05-12 21:00:00,45.371118774901774,2025_real
2025-05-12 22:00:00,42.51600900474309,2025_real
2025-05-12 23:00:00,41.70378405704156,2025_real
2025-05-13 00:00:00,41.51051921452305,2025_real
2025-05-13 01:00:00,38.875503810255594,2025_real
2025-05-13 02:00:00,41.21084176568899,2025_real
2025-05-13 03:00:00,40.71505729806692,2025_real
2025-05-13 04:00:00,36.899625346077656,2025_real
2025-05-13 05:00:00,42.93554123550909,2025_real
2025-05-13 06:00:00,41.35522206716672,2025_real
2025-05-13 07:00:00,48.642020187833154,2025_real
2025-05-13 08:00:00,62.06813119268006,2025_real
2025-05-13 09:00:00,64.94907265711485,2025_real
2025-05-13 10:00:00,67.50919215066625,2025_real
2025-05-13 11:00:00,69.19448026285838,2025_real
2025-05-13 12:00:00,69.67348791908319,2025_real
2025-05-13 13:00:00,69.58802293699168,2025_real
2025-05-13 14:00:00,68.89522175668884,2025_real
2025-05-13 15:00:00,67.94722598441203,2025_real
2025-05-13 16:00:00,66.43575396870015,2025_real
2025-05-13 17:00:00,62.8444463203661,2025_real
2025-05-13 18:00:00,53.054682208166,2025_real
2025-05-13 19:00:00,41.054250260281734,2025_real
2025-05-13 20:00:00,34.93470452051828,2025_real
2025-05-13 21:00:00,31.587931657334554,2025_real
2025-05-13 22:00:00,29.525726960129,2025_real
2025-05-13 23:00:00,28.477665936897452,2025_real
2025-05-14 00:00:00,27.54550693818688,2025_real
2025-05-14 01:00:00,27.119845668977916,2025_real
2025-05-14 02:00:00,27.04587487196948,2025_real
2025-05-14 03:00:00,27.051617273520332,2025_real
2025-05-14 04:00:00,27.117144357741054,2025_real
2025-05-14 05:00:00,27.82933702093101,2025_real
2025-05-14 06:00:00,31.556891888972594,2025_real
2025-05-14 07:00:00,45.141930875802316,2025_real
2025-05-14 08:00:00,57.54510598677799,2025_real
2025-05-14 09:00:00,63.71252415268477,2025_real
2025-05-14 10:00:00,66.95562153270478,2025_real
2025-05-14 11:00:00,68.3096761606503,2025_real
2025-05-14 12:00:00,69.11764858239914,2025_real
2025-05-14 13:00:00,69.01672419181375,2025_real
2025-05-14 14:00:00,68.82348243381045,2025_real
2025-05-14 15:00:00,68.20105896222103,2025_real
2025-05-14 16:00:00,66.2776317989264,2025_real
2025-05-14 17:00:00,62.24283267608401,2025_real
2025-05-14 18:00:00,53.228457402225615,2025_real
2025-05-14 19:00:00,42.683160563451736,2025_real
2025-05-14 20:00:00,36.682661185451934,2025_real
2025-05-14 21:00:00,33.76231842252634,2025_real
2025-05-14 22:00:00,31.38722199137206,2025_real
2025-05-14 23:00:00,29.364776589508885,2025_real
2025-05-15 00:00:00,28.45017316632495,2025_real
2025-05-15 01:00:00,28.21289251824411,2025_real
2025-05-15 02:00:00,28.30220888717311,2025_real
2025-05-15 03:00:00,28.00650735883947,2025_real
2025-05-15 04:00:00,28.37701423988012,2025_real
2025-05-15 05:00:00,28.665881811145116,2025_real
2025-05-15 06:00:00,32.01381711205493,2025_real
2025-05-15 07:00:00,44.48018590577535,2025_real
2025-05-15 08:00:00,56.360480655077,2025_real
2025-05-15 09:00:00,63.169749116637746,2025_real
2025-05-15 10:00:00,65.73413636995319,2025_real
2025-05-15 11:00:00,67.58976434190244,2025_real
2025-05-15 12:00:00,68.55090214436478,2025_real
2025-05-15 13:00:00,68.45433918649007,2025_real
2025-05-15 14:00:00,68.6194543810314,2025_real
2025-05-15 15:00:00,67.74323463578563,2025_real
2025-05-15 16:00:00,66.66436870090544,2025_real
2025-05-15 17:00:00,63.28493518138083,2025_real
2025-05-15 18:00:00,54.99059102591812,2025_real
2025-05-15 19:00:00,43.66819339351996,2025_real
2025-05-15 20:00:00,37.876741852487896,2025_real
2025-05-15 21:00:00,34.39957844135133,2025_real
2025-05-15 22:00:00,31.03348699893472,2025_real
2025-05-15 23:00:00,30.256704952591033,2025_real
2025-05-16 00:00:00,28.93214936852793,2025_real
2025-05-16 01:00:00,28.597221779943105,2025_real
2025-05-16 02:00:00,28.71055701778019,2025_real
2025-05-16 03:00:00,28.516663018280397,2025_real
2025-05-16 04:00:00,28.780307616883764,2025_real
2025-05-16 05:00:00,29.078803383824642,2025_real
2025-05-16 06:00:00,31.91502019353707,2025_real
2025-05-16 07:00:00,43.55294005605053,2025_real
2025-05-16 08:00:00,55.946143943211936,2025_real
2025-05-16 09:00:00,61.381377894469416,2025_real
2025-05-16 10:00:00,64.52609422444517,2025_real
2025-05-16 11:00:00,65.25307621006957,2025_real
2025-05-16 12:00:00,66.2190176488485,2025_real
2025-05-16 13:00:00,66.56705344067672,2025_real
2025-05-16 14:00:00,65.69618280480651,2025_real
2025-05-16 15:00:00,63.67474064567597,2025_real
2025-05-16 16:00:00,61.09153110509104,2025_real
2025-05-16 17:00:00,54.069732026946205,2025_real
2025-05-16 18:00:00,46.78264737991635,2025_real
2025-05-16 19:00:00,41.51280508103867,2025_real
2025-05-16 20:00:00,37.73597333903548,2025_real
2025-05-16 21:00:00,35.43939312801871,2025_real
2025-05-16 22:00:00,33.04499148767108,2025_real
2025-05-16 23:00:00,30.936575845923628,2025_real
2025-05-17 00:00:00,29.524436546090364,2025_real
2025-05-17 01:00:00,29.029821206327526,2025_real
2025-05-17 02:00:00,28.54312056119343,2025_real
2025-05-17 03:00:00,28.453992243473103,2025_real
2025-05-17 04:00:00,28.269927220505075,2025_real
2025-05-17 05:00:00,28.594563172510426,2025_real
2025-05-17 06:00:00,29.16906166117385,2025_real
2025-05-17 07:00:00,29.660157161968936,2025_real
2025-05-17 08:00:00,30.40591748134662,2025_real
2025-05-17 09:00:00,31.99424095211259,2025_real
2025-05-17 10:00:00,34.58275235816279,2025_real
2025-05-17 11:00:00,36.839334598038675,2025_real
2025-05-17 12:00:00,39.27156329662329,2025_real
2025-05-17 13:00:00,41.06227253358129,2025_real
2025-05-17 14:00:00,41.37020557981157,2025_real
2025-05-17 15:00:00,42.16397885965542,2025_real
2025-05-17 16:00:00,42.857776245363866,2025_real
2025-05-17 17:00:00,42.2640235461825,2025_real
2025-05-17 18:00:00,41.38000726092604,2025_real
2025-05-17 19:00:00,41.07095844314665,2025_real
2025-05-17 20:00:00,38.71270533303158,2025_real
2025-05-17 21:00:00,36.21453319044977,2025_real
2025-05-17 22:00:00,34.26698238573574,2025_real
2025-05-17 23:00:00,33.0839754104811,2025_real
2025-05-18 00:00:00,30.972125332770027,2025_real
2025-05-18 01:00:00,30.446319632561504,2025_real
2025-05-18 02:00:00,30.660408847458275,2025_real
2025-05-18 03:00:00,30.015051115799523,2025_real
2025-05-18 04:00:00,30.409599760729034,2025_real
2025-05-18 05:00:00,29.93658821414652,2025_real
2025-05-18 06:00:00,29.11060936328981,2025_real
2025-05-18 07:00:00,29.09634213036429,2025_real
2025-05-18 08:00:00,28.89328772085277,2025_real
2025-05-18 09:00:00,30.385991064065617,2025_real
2025-05-18 10:00:00,32.222002456870655,2025_real
2025-05-18 11:00:00,33.236606161576944,2025_real
2025-05-18 12:00:00,35.76804501467312,2025_real
2025-05-18 13:00:00,37.727500927425346,2025_real
2025-05-18 14:00:00,38.004144600207454,2025_real
2025-05-18 15:00:00,37.662216607947954,2025_real
2025-05-18 16:00:00,37.99080379872527,2025_real
2025-05-18 17:00:00,36.541708435496105,2025_real
2025-05-18 18:00:00,34.99517609038031,2025_real
2025-05-18 19:00:00,33.77730911930535,2025_real
2025-05-18 20:00:00,32.50227002767949,2025_real
2025-05-18 21:00:00,31.1978697846042,2025_real
2025-05-18 22:00:00,30.076745449230334,2025_real
2025-05-18 23:00:00,29.603429575657238,2025_real
2025-05-19 00:00:00,28.75351930889805,2025_real
2025-05-19 01:00:00,28.128240031003635,2025_real
2025-05-19 02:00:00,27.840457674860986,2025_real
2025-05-19 03:00:00,27.826145493505177,2025_real
2025-05-19 04:00:00,27.94280945056321,2025_real
2025-05-19 05:00:00,28.610828291509172,2025_real
2025-05-19 06:00:00,32.489059148260054,2025_real
2025-05-19 07:00:00,47.202662532523114,2025_real
2025-05-19 08:00:00,55.72307656013616,2025_real
2025-05-19 09:00:00,61.45221715701307,2025_real
2025-05-19 10:00:00,64.28384639796542,2025_real
2025-05-19 11:00:00,65.83316218400145,2025_real
2025-05-19 12:00:00,67.06548903722023,2025_real
2025-05-19 13:00:00,67.10663107026166,2025_real
2025-05-19 14:00:00,66.82988059887651,2025_real
2025-05-19 15:00:00,65.4887587143149,2025_real
2025-05-19 16:00:00,63.66893489355428,2025_real
2025-05-19 17:00:00,60.18755480618181,2025_real
2025-05-19 18:00:00,51.589141398080415,2025_real
2025-05-19 19:00:00,40.56711408051315,2025_real
2025-05-19 20:00:00,34.2968816787111,2025_real
2025-05-19 21:00:00,30.693641881207228,2025_real
2025-05-19 22:00:00,28.070737885436568,2025_real
2025-05-19 23:00:00,27.037298629930135,2025_real
2025-05-20 00:00:00,26.297036769975566,2025_real
2025-05-20 01:00:00,26.084721849919745,2025_real
2025-05-20 02:00:00,26.05185392630001,2025_real
2025-05-20 03:00:00,26.245377279174654,2025_real
2025-05-20 04:00:00,26.42269958814584,2025_real
2025-05-20 05:00:00,26.877743396141252,2025_real
2025-05-20 06:00:00,31.182983061121462,2025_real
2025-05-20 07:00:00,44.042697158345604,2025_real
2025-05-20 08:00:00,56.680271843965954,2025_real
2025-05-20 09:00:00,63.435349046140175,2025_real
2025-05-20 10:00:00,66.18091403698057,2025_real
2025-05-20 11:00:00,67.48669651628671,2025_real
2025-05-20 12:00:00,67.82875230202836,2025_real
2025-05-20 13:00:00,68.20182555977607,2025_real
2025-05-20 14:00:00,68.04060193506567,2025_real
2025-05-20 15:00:00,67.73762976323991,2025_real
2025-05-20 16:00:00,65.89585196487604,2025_real
2025-05-20 17:00:00,62.48442050090016,2025_real
2025-05-20 18:00:00,53.45897588615013,2025_real
2025-05-20 19:00:00,41.9003139100265,2025_real
2025-05-20 20:00:00,35.84792066940163,2025_real
2025-05-20 21:00:00,32.24433746725312,2025_real
2025-05-20 22:00:00,30.60434830063744,2025_real
2025-05-20 23:00:00,29.08000840748347,2025_real
2025-05-21 00:00:00,28.014392185240432,2025_real
2025-05-21 01:00:00,27.227301437446247,2025_real
2025-05-21 02:00:00,28.815136561504957,2025_real
2025-05-21 03:00:00,28.330643307307504,2025_real
2025-05-21 04:00:00,27.50890701933674,2025_real
2025-05-21 05:00:00,27.970240662616277,2025_real
2025-05-21 06:00:00,31.83818826421713,2025_real
2025-05-21 07:00:00,45.165547453172266,2025_real
2025-05-21 08:00:00,56.72873000383598,2025_real
2025-05-21 09:00:00,62.35806753155873,2025_real
2025-05-21 10:00:00,65.33454156147825,2025_real
2025-05-21 11:00:00,67.13401942976455,2025_real
2025-05-21 12:00:00,68.03688392114404,2025_real
2025-05-21 13:00:00,69.32669395805414,2025_real
2025-05-21 14:00:00,68.6306787744216,2025_real
2025-05-21 15:00:00,67.5549021246039,2025_real
2025-05-21 16:00:00,66.2557541942618,2025_real
2025-05-21 17:00:00,63.489879832788255,2025_real
2025-05-21 18:00:00,55.45474463159968,2025_real
2025-05-21 19:00:00,45.153313575737414,2025_real
2025-05-21 20:00:00,38.03793870269594,2025_real
2025-05-21 21:00:00,35.30411160014069,2025_real
2025-05-21 22:00:00,31.780142423492755,2025_real
2025-05-21 23:00:00,31.516898235521317,2025_real
2025-05-22 00:00:00,29.8624650394691,2025_real
2025-05-22 01:00:00,30.535312784320794,2025_real
2025-05-22 02:00:00,28.404171698052416,2025_real
2025-05-22 03:00:00,30.259272306137,2025_real
2025-05-22 04:00:00,28.418439724939383,2025_real
2025-05-22 05:00:00,28.901074112006754,2025_real
2025-05-22 06:00:00,32.07216191418581,2025_real
2025-05-22 07:00:00,42.359317948741364,2025_real
2025-05-22 08:00:00,55.42163643119504,2025_real
2025-05-22 09:00:00,61.08665128913502,2025_real
2025-05-22 10:00:00,64.49998120466475,2025_real
2025-05-22 11:00:00,66.07783864254685,2025_real
2025-05-22 12:00:00,67.28471766852104,2025_real
2025-05-22 13:00:00,68.12182258186805,2025_real
2025-05-22 14:00:00,68.17786945021768,2025_real
2025-05-22 15:00:00,68.0185247096463,2025_real
2025-05-22 16:00:00,66.11820607094603,2025_real
2025-05-22 17:00:00,63.335578756346855,2025_real
2025-05-22 18:00:00,55.934936911856695,2025_real
2025-05-22 19:00:00,45.87601559353213,2025_real
2025-05-22 20:00:00,39.58271207301713,2025_real
2025-05-22 21:00:00,36.81633452310648,2025_real
2025-05-22 22:00:00,36.05664600005391,2025_real
2025-05-22 23:00:00,34.75808049298445,2025_real
2025-05-23 00:00:00,32.718291097399494,2025_real
2025-05-23 01:00:00,32.51267862855052,2025_real
2025-05-23 02:00:00,31.768409988656707,2025_real
2025-05-23 03:00:00,32.67920624371308,2025_real
2025-05-23 04:00:00,32.618534930021994,2025_real
2025-05-23 05:00:00,32.8539652244109,2025_real
2025-05-23 06:00:00,35.71012812132028,2025_real
2025-05-23 07:00:00,43.74683965543217,2025_real
2025-05-23 08:00:00,55.89984916215316,2025_real
2025-05-23 09:00:00,61.37543121380146,2025_real
2025-05-23 10:00:00,64.26229749592025,2025_real
2025-05-23 11:00:00,65.33858555904916,2025_real
2025-05-23 12:00:00,65.75780246221223,2025_real
2025-05-23 13:00:00,66.1534202877105,2025_real
2025-05-23 14:00:00,65.33130269399418,2025_real
2025-05-23 15:00:00,63.7052061551163,2025_real
2025-05-23 16:00:00,61.436184556620425,2025_real
2025-05-23 17:00:00,55.916452849726,2025_real
2025-05-23 18:00:00,47.308524714074814,2025_real
2025-05-23 19:00:00,42.21558371246593,2025_real
2025-05-23 20:00:00,39.64200800907575,2025_real
2025-05-23 21:00:00,36.57170899024962,2025_real
2025-05-23 22:00:00,34.17716490170787,2025_real
2025-05-23 23:00:00,32.78263608643855,2025_real
2025-05-24 00:00:00,30.275490637758253,2025_real
2025-05-24 01:00:00,29.893313277189314,2025_real
2025-05-24 02:00:00,29.459219223729693,2025_real
2025-05-24 03:00:00,28.628802513807827,2025_real
2025-05-24 04:00:00,29.303266567401593,2025_real
2025-05-24 05:00:00,29.753869048359157,2025_real
2025-05-24 06:00:00,28.700472874220665,2025_real
2025-05-24 07:00:00,28.72602305940154,2025_real
2025-05-24 08:00:00,30.447410014993352,2025_real
2025-05-24 09:00:00,31.67923008035286,2025_real
2025-05-24 10:00:00,34.26887034422694,2025_real
2025-05-24 11:00:00,35.340056730654084,2025_real
2025-05-24 12:00:00,38.328431654653386,2025_real
2025-05-24 13:00:00,39.85986263074423,2025_real
2025-05-24 14:00:00,41.04767201086963,2025_real
2025-05-24 15:00:00,41.92210067546387,2025_real
2025-05-24 16:00:00,42.72888709930595,2025_real
2025-05-24 17:00:00,43.30442675907198,2025_real
2025-05-24 18:00:00,42.32887851056433,2025_real
2025-05-24 19:00:00,40.67156694235352,2025_real
2025-05-24 20:00:00,38.822237066408604,2025_real
2025-05-24 21:00:00,37.08580796421096,2025_real
2025-05-24 22:00:00,34.677108828050194,2025_real
2025-05-24 23:00:00,32.71214815833118,2025_real
2025-05-25 00:00:00,30.25732460859462,2025_real
2025-05-25 01:00:00,29.34893827837524,2025_real
2025-05-25 02:00:00,28.841839816754202,2025_real
2025-05-25 03:00:00,28.53025298038048,2025_real
2025-05-25 04:00:00,29.70411075108013,2025_real
2025-05-25 05:00:00,30.28678479163605,2025_real
2025-05-25 06:00:00,29.094118468303627,2025_real
2025-05-25 07:00:00,29.839940828611233,2025_real
2025-05-25 08:00:00,29.831356403482026,2025_real
2025-05-25 09:00:00,30.746139411062174,2025_real
2025-05-25 10:00:00,32.32771419470869,2025_real
2025-05-25 11:00:00,34.94914933534052,2025_real
2025-05-25 12:00:00,37.888548562440846,2025_real
2025-05-25 13:00:00,39.15341424527675,2025_real
2025-05-25 14:00:00,41.27497788769944,2025_real
2025-05-25 15:00:00,42.1964891565428,2025_real
2025-05-25 16:00:00,42.21132456660085,2025_real
2025-05-25 17:00:00,41.748374784073576,2025_real
2025-05-25 18:00:00,41.26546718393543,2025_real
2025-05-25 19:00:00,41.06535207295297,2025_real
2025-05-25 20:00:00,39.179832477869425,2025_real
2025-05-25 21:00:00,37.882871740087,2025_real
2025-05-25 22:00:00,35.27238076496113,2025_real
2025-05-25 23:00:00,33.41853377505018,2025_real
2025-05-26 00:00:00,31.875976445852004,2025_real
2025-05-26 01:00:00,31.28976078632983,2025_real
2025-05-26 02:00:00,31.392840404633844,2025_real
2025-05-26 03:00:00,31.793540045689447,2025_real
2025-05-26 04:00:00,31.685916178824677,2025_real
2025-05-26 05:00:00,31.441491640438443,2025_real
2025-05-26 06:00:00,33.84770500797414,2025_real
2025-05-26 07:00:00,44.250632006251315,2025_real
2025-05-26 08:00:00,56.966827857181634,2025_real
2025-05-26 09:00:00,62.46968829386459,2025_real
2025-05-26 10:00:00,64.69705628091288,2025_real
2025-05-26 11:00:00,65.9024619886419,2025_real
2025-05-26 12:00:00,66.27013266136298,2025_real
2025-05-26 13:00:00,67.40667041576472,2025_real
2025-05-26 14:00:00,67.30496030733222,2025_real
2025-05-26 15:00:00,66.63750333253027,2025_real
2025-05-26 16:00:00,65.56686956059333,2025_real
2025-05-26 17:00:00,63.187766448912356,2025_real
2025-05-26 18:00:00,55.13878386911774,2025_real
2025-05-26 19:00:00,43.60711286345714,2025_real
2025-05-26 20:00:00,36.22680318781225,2025_real
2025-05-26 21:00:00,33.4244275601218,2025_real
2025-05-26 22:00:00,31.645371257945094,2025_real
2025-05-26 23:00:00,30.43483578513843,2025_real
2025-05-27 00:00:00,29.510605473085867,2025_real
2025-05-27 01:00:00,28.41106881203921,2025_real
2025-05-27 02:00:00,28.29098179165053,2025_real
2025-05-27 03:00:00,28.242949575566204,2025_real
2025-05-27 04:00:00,28.66901936657702,2025_real
2025-05-27 05:00:00,28.897207385175157,2025_real
2025-05-27 06:00:00,31.38884490087281,2025_real
2025-05-27 07:00:00,43.02587167230554,2025_real
2025-05-27 08:00:00,55.632214116117055,2025_real
2025-05-27 09:00:00,62.18359086217512,2025_real
2025-05-27 10:00:00,65.53308892925625,2025_real
2025-05-27 11:00:00,67.48409656435204,2025_real
2025-05-27 12:00:00,68.02695504153321,2025_real
2025-05-27 13:00:00,68.39993550190233,2025_real
2025-05-27 14:00:00,67.58026079733733,2025_real
2025-05-27 15:00:00,67.21187371340855,2025_real
2025-05-27 16:00:00,65.76990132368199,2025_real
2025-05-27 17:00:00,63.360410441473405,2025_real
2025-05-27 18:00:00,55.36986186923107,2025_real
2025-05-27 19:00:00,44.635572935525474,2025_real
2025-05-27 20:00:00,37.088095246305045,2025_real
2025-05-27 21:00:00,33.73387485681137,2025_real
2025-05-27 22:00:00,31.23192533062388,2025_real
2025-05-27 23:00:00,29.613998014458907,2025_real
2025-05-28 00:00:00,28.81336868430234,2025_real
2025-05-28 01:00:00,28.117318388900724,2025_real
2025-05-28 02:00:00,27.779644387118722,2025_real
2025-05-28 03:00:00,28.068260491937682,2025_real
2025-05-28 04:00:00,29.0127002276413,2025_real
2025-05-28 05:00:00,28.3522563869182,2025_real
2025-05-28 06:00:00,31.014650594326028,2025_real
2025-05-28 07:00:00,42.0990478437522,2025_real
2025-05-28 08:00:00,54.97610306081846,2025_real
2025-05-28 09:00:00,61.053665543442634,2025_real
2025-05-28 10:00:00,64.42613481683158,2025_real
2025-05-28 11:00:00,66.45888144787031,2025_real
2025-05-28 12:00:00,67.2358830440974,2025_real
2025-05-28 13:00:00,68.07413050578852,2025_real
2025-05-28 14:00:00,67.92067271542221,2025_real
2025-05-28 15:00:00,67.11990167285785,2025_real
2025-05-28 16:00:00,65.60174135795364,2025_real
2025-05-28 17:00:00,62.87730032874474,2025_real
2025-05-28 18:00:00,54.80933070580265,2025_real
2025-05-28 19:00:00,44.27211268554504,2025_real
2025-05-28 20:00:00,36.76129438797473,2025_real
2025-05-28 21:00:00,33.37328068747267,2025_real
2025-05-28 22:00:00,31.92846688506885,2025_real
2025-05-28 23:00:00,30.103849285327293,2025_real
2025-05-29 00:00:00,28.862847669917088,2025_real
2025-05-29 01:00:00,28.130353095028255,2025_real
2025-05-29 02:00:00,27.327716162854045,2025_real
2025-05-29 03:00:00,27.27449136591369,2025_real
2025-05-29 04:00:00,28.901414780268077,2025_real
2025-05-29 05:00:00,28.100116019275113,2025_real
2025-05-29 06:00:00,29.654113811813737,2025_real
2025-05-29 07:00:00,41.420366238832756,2025_real
2025-05-29 08:00:00,54.96564354879142,2025_real
2025-05-29 09:00:00,60.64476652226385,2025_real
2025-05-29 10:00:00,63.47500028799608,2025_real
2025-05-29 11:00:00,64.93800245115145,2025_real
2025-05-29 12:00:00,65.48358970548433,2025_real
2025-05-29 13:00:00,65.91498904129283,2025_real
2025-05-29 14:00:00,66.2461949446042,2025_real
2025-05-29 15:00:00,66.76629385228665,2025_real
2025-05-29 16:00:00,65.38615931249764,2025_real
2025-05-29 17:00:00,63.02357793540456,2025_real
2025-05-29 18:00:00,55.60151070921968,2025_real
2025-05-29 19:00:00,45.29745293484282,2025_real
2025-05-29 20:00:00,39.13615838996749,2025_real
2025-05-29 21:00:00,36.05468154976336,2025_real
2025-05-29 22:00:00,33.67251691309042,2025_real
2025-05-29 23:00:00,31.53344795036206,2025_real
2025-05-30 00:00:00,30.311126483520596,2025_real
2025-05-30 01:00:00,29.720192979003194,2025_real
2025-05-30 02:00:00,29.166796239330914,2025_real
2025-05-30 03:00:00,30.106198948698896,2025_real
2025-05-30 04:00:00,30.569979174021213,2025_real
2025-05-30 05:00:00,30.19045417314848,2025_real
2025-05-30 06:00:00,33.04961986150326,2025_real
2025-05-30 07:00:00,43.232428315575696,2025_real
2025-05-30 08:00:00,54.51172917448571,2025_real
2025-05-30 09:00:00,60.07765463929641,2025_real
2025-05-30 10:00:00,63.6181931737936,2025_real
2025-05-30 11:00:00,65.58353714266597,2025_real
2025-05-30 12:00:00,66.32283226538271,2025_real
2025-05-30 13:00:00,66.0864564272897,2025_real
2025-05-30 14:00:00,65.50941801426748,2025_real
2025-05-30 15:00:00,64.46784023437733,2025_real
2025-05-30 16:00:00,61.8304203657965,2025_real
2025-05-30 17:00:00,57.2091361346277,2025_real
2025-05-30 18:00:00,49.199362416313555,2025_real
2025-05-30 19:00:00,42.74577411140652,2025_real
2025-05-30 20:00:00,39.4420737330724,2025_real
2025-05-30 21:00:00,35.683455060331134,2025_real
2025-05-30 22:00:00,33.59336541557181,2025_real
2025-05-30 23:00:00,33.02696952073036,2025_real
2025-05-31 00:00:00,31.646983929686137,2025_real
2025-05-31 01:00:00,31.061367310008187,2025_real
2025-05-31 02:00:00,29.663484399193898,2025_real
2025-05-31 03:00:00,29.800751637820795,2025_real
2025-05-31 04:00:00,30.12319725117325,2025_real
2025-05-31 05:00:00,30.487030970548673,2025_real
2025-05-31 06:00:00,30.168410517885526,2025_real
2025-05-31 07:00:00,31.0493032591805,2025_real
2025-05-31 08:00:00,31.207450350222203,2025_real
2025-05-31 09:00:00,33.16538960999088,2025_real
2025-05-31 10:00:00,36.259905221534495,2025_real
2025-05-31 11:00:00,37.63263760673443,2025_real
2025-05-31 12:00:00,39.30069089541345,2025_real
2025-05-31 13:00:00,40.28631111134159,2025_real
2025-05-31 14:00:00,40.513419802914726,2025_real
2025-05-31 15:00:00,40.3573932462056,2025_real
2025-05-31 16:00:00,41.268055496840745,2025_real
2025-05-31 17:00:00,40.62314855433451,2025_real
2025-05-31 18:00:00,40.86752895934634,2025_real
2025-05-31 19:00:00,40.425466386764384,2025_real
2025-05-31 20:00:00,38.80844088248218,2025_real
2025-05-31 21:00:00,37.13682091375319,2025_real
2025-05-31 22:00:00,35.367437130732725,2025_real
2025-05-31 23:00:00,32.92236197141456,2025_real
2025-06-01 00:00:00,31.37674661387993,2025_real
2025-06-01 01:00:00,31.167343451508735,2025_real
2025-06-01 02:00:00,30.348131780597456,2025_real
2025-06-01 03:00:00,31.2321176144463,2025_real
2025-06-01 04:00:00,30.473214178377773,2025_real
2025-06-01 05:00:00,31.223036836152364,2025_real
2025-06-01 06:00:00,30.418801812936515,2025_real
2025-06-01 07:00:00,30.355254024293536,2025_real
2025-06-01 08:00:00,31.455404890029865,2025_real
2025-06-01 09:00:00,33.20778512188495,2025_real
2025-06-01 10:00:00,34.40617133337487,2025_real
2025-06-01 11:00:00,37.16550701355108,2025_real
2025-06-01 12:00:00,39.41853374063278,2025_real
2025-06-01 13:00:00,42.04472296678955,2025_real
2025-06-01 14:00:00,42.504834900875615,2025_real
2025-06-01 15:00:00,43.99006209717518,2025_real
2025-06-01 16:00:00,42.880534167098375,2025_real
2025-06-01 17:00:00,43.142578526874836,2025_real
2025-06-01 18:00:00,42.65577885422179,2025_real
2025-06-01 19:00:00,41.48515068984275,2025_real
2025-06-01 20:00:00,39.579490567125994,2025_real
2025-06-01 21:00:00,37.64300459732071,2025_real
2025-06-01 22:00:00,33.45825282573598,2025_real
2025-06-01 23:00:00,32.010855657485536,2025_real
2025-06-02 00:00:00,31.195115555211117,2025_real
2025-06-02 01:00:00,30.908892287919993,2025_real
2025-06-02 02:00:00,30.32811598353974,2025_real
2025-06-02 03:00:00,30.246136013421697,2025_real
2025-06-02 04:00:00,30.72360678037704,2025_real
2025-06-02 05:00:00,30.804212415072342,2025_real
2025-06-02 06:00:00,32.930262473815105,2025_real
2025-06-02 07:00:00,43.25432863197774,2025_real
2025-06-02 08:00:00,53.52296663282198,2025_real
2025-06-02 09:00:00,61.9981327766542,2025_real
2025-06-02 10:00:00,64.73982122021332,2025_real
2025-06-02 11:00:00,66.42460455161553,2025_real
2025-06-02 12:00:00,67.19991794427655,2025_real
2025-06-02 13:00:00,67.20010186619508,2025_real
2025-06-02 14:00:00,67.52949979676308,2025_real
2025-06-02 15:00:00,67.47399365581654,2025_real
2025-06-02 16:00:00,66.4648385816192,2025_real
2025-06-02 17:00:00,64.2337445974564,2025_real
2025-06-02 18:00:00,56.90373203374597,2025_real
2025-06-02 19:00:00,46.386247384544134,2025_real
2025-06-02 20:00:00,39.525094002857,2025_real
2025-06-02 21:00:00,36.62521685193161,2025_real
2025-06-02 22:00:00,34.48359526213145,2025_real
2025-06-02 23:00:00,33.6209254000172,2025_real
2025-06-03 00:00:00,32.27127844481977,2025_real
2025-06-03 01:00:00,32.68083362883582,2025_real
2025-06-03 02:00:00,32.546422615910046,2025_real
2025-06-03 03:00:00,32.99283962826542,2025_real
2025-06-03 04:00:00,33.20091476889537,2025_real
2025-06-03 05:00:00,32.43027117098396,2025_real
2025-06-03 06:00:00,35.01699440328418,2025_real
2025-06-03 07:00:00,46.03213254366439,2025_real
2025-06-03 08:00:00,58.602623041920715,2025_real
2025-06-03 09:00:00,65.3308781629755,2025_real
2025-06-03 10:00:00,68.57871131074624,2025_real
2025-06-03 11:00:00,69.43935396009618,2025_real
2025-06-03 12:00:00,70.72769485699715,2025_real
2025-06-03 13:00:00,71.5064077350795,2025_real
2025-06-03 14:00:00,71.62751677399882,2025_real
2025-06-03 15:00:00,71.54753836233144,2025_real
2025-06-03 16:00:00,70.44925911826508,2025_real
2025-06-03 17:00:00,67.42855243269,2025_real
2025-06-03 18:00:00,59.92609356483349,2025_real
2025-06-03 19:00:00,48.88163883378736,2025_real
2025-06-03 20:00:00,41.9259657395165,2025_real
2025-06-03 21:00:00,38.660205647839206,2025_real
2025-06-03 22:00:00,36.64070953605054,2025_real
2025-06-03 23:00:00,34.55488565396911,2025_real
2025-06-04 00:00:00,33.454543884425746,2025_real
2025-06-04 01:00:00,34.672294178502135,2025_real
2025-06-04 02:00:00,32.69345748866702,2025_real
2025-06-04 03:00:00,34.62574791762479,2025_real
2025-06-04 04:00:00,33.06723395295863,2025_real
2025-06-04 05:00:00,33.27123217949878,2025_real
2025-06-04 06:00:00,36.667966612386564,2025_real
2025-06-04 07:00:00,49.684811717285285,2025_real
2025-06-04 08:00:00,58.99671845043878,2025_real
2025-06-04 09:00:00,66.02583915275082,2025_real
2025-06-04 10:00:00,68.92191662885064,2025_real
2025-06-04 11:00:00,70.59226240188615,2025_real
2025-06-04 12:00:00,70.89328177800552,2025_real
2025-06-04 13:00:00,71.47785610167998,2025_real
2025-06-04 14:00:00,71.24899797162635,2025_real
2025-06-04 15:00:00,70.61712264726918,2025_real
2025-06-04 16:00:00,69.28005903706458,2025_real
2025-06-04 17:00:00,65.98693798777651,2025_real
2025-06-04 18:00:00,59.2480495855255,2025_real
2025-06-04 19:00:00,48.44241391868454,2025_real
2025-06-04 20:00:00,40.01456091879025,2025_real
2025-06-04 21:00:00,38.21431132233376,2025_real
2025-06-04 22:00:00,36.24967846900707,2025_real
2025-06-04 23:00:00,33.347353583122185,2025_real
2025-06-05 00:00:00,32.17824618441168,2025_real
2025-06-05 01:00:00,32.017221561715346,2025_real
2025-06-05 02:00:00,32.01794274906012,2025_real
2025-06-05 03:00:00,31.732008945421587,2025_real
2025-06-05 04:00:00,31.722454200952214,2025_real
2025-06-05 05:00:00,32.47773725273538,2025_real
2025-06-05 06:00:00,34.525638232514666,2025_real
2025-06-05 07:00:00,45.53996692833884,2025_real
2025-06-05 08:00:00,58.465842359785,2025_real
2025-06-05 09:00:00,63.893782083289665,2025_real
2025-06-05 10:00:00,67.66733636575607,2025_real
2025-06-05 11:00:00,68.41540971125087,2025_real
2025-06-05 12:00:00,69.45573990044798,2025_real
2025-06-05 13:00:00,71.02954306346021,2025_real
2025-06-05 14:00:00,70.53763976895061,2025_real
2025-06-05 15:00:00,71.08573861071909,2025_real
2025-06-05 16:00:00,68.84179984236701,2025_real
2025-06-05 17:00:00,66.37549281440855,2025_real
2025-06-05 18:00:00,59.0055237418826,2025_real
2025-06-05 19:00:00,48.93528152882473,2025_real
2025-06-05 20:00:00,42.48830361672891,2025_real
2025-06-05 21:00:00,39.39984180967362,2025_real
2025-06-05 22:00:00,36.94644804616861,2025_real
2025-06-05 23:00:00,33.5251383714545,2025_real
2025-06-06 00:00:00,33.60832781384422,2025_real
2025-06-06 01:00:00,31.991777083909962,2025_real
2025-06-06 02:00:00,31.065893497917564,2025_real
2025-06-06 03:00:00,31.56719249081712,2025_real
2025-06-06 04:00:00,32.32656946453814,2025_real
2025-06-06 05:00:00,31.835783842160417,2025_real
2025-06-06 06:00:00,34.87984946550612,2025_real
2025-06-06 07:00:00,45.008633817452136,2025_real
2025-06-06 08:00:00,56.21478907375359,2025_real
2025-06-06 09:00:00,62.53122161953673,2025_real
2025-06-06 10:00:00,64.68672050645361,2025_real
2025-06-06 11:00:00,66.05785729941665,2025_real
2025-06-06 12:00:00,67.19854032999925,2025_real
2025-06-06 13:00:00,66.59599249319211,2025_real
2025-06-06 14:00:00,66.17538462099401,2025_real
2025-06-06 15:00:00,64.28726907250402,2025_real
2025-06-06 16:00:00,61.819189151146645,2025_real
2025-06-06 17:00:00,57.54166088718068,2025_real
2025-06-06 18:00:00,49.7494455377987,2025_real
2025-06-06 19:00:00,45.04975686576334,2025_real
2025-06-06 20:00:00,41.214134427368634,2025_real
2025-06-06 21:00:00,38.90426506066957,2025_real
2025-06-06 22:00:00,36.98122064485834,2025_real
2025-06-06 23:00:00,35.786204251218436,2025_real
2025-06-07 00:00:00,33.463470622521086,2025_real
2025-06-07 01:00:00,31.93670419583185,2025_real
2025-06-07 02:00:00,33.07121683602678,2025_real
2025-06-07 03:00:00,31.143003482380966,2025_real
2025-06-07 04:00:00,32.46226500374915,2025_real
2025-06-07 05:00:00,31.50772152355399,2025_real
2025-06-07 06:00:00,31.582368270325237,2025_real
2025-06-07 07:00:00,31.23509725385332,2025_real
2025-06-07 08:00:00,32.89754927441692,2025_real
2025-06-07 09:00:00,33.56691034440065,2025_real
2025-06-07 10:00:00,35.662613539881576,2025_real
2025-06-07 11:00:00,37.61345004633798,2025_real
2025-06-07 12:00:00,39.35994979514754,2025_real
2025-06-07 13:00:00,41.298964898774926,2025_real
2025-06-07 14:00:00,41.45141718031749,2025_real
2025-06-07 15:00:00,42.257838450795525,2025_real
2025-06-07 16:00:00,41.87626079467073,2025_real
2025-06-07 17:00:00,41.90383988356019,2025_real
2025-06-07 18:00:00,42.2935590087143,2025_real
2025-06-07 19:00:00,41.264468473628185,2025_real
2025-06-07 20:00:00,40.55481320811545,2025_real
2025-06-07 21:00:00,38.95062248417017,2025_real
2025-06-07 22:00:00,36.53699392700754,2025_real
2025-06-07 23:00:00,35.08979854132068,2025_real
2025-06-08 00:00:00,34.133699962444,2025_real
2025-06-08 01:00:00,33.88476617089405,2025_real
2025-06-08 02:00:00,33.06174808049634,2025_real
2025-06-08 03:00:00,31.899058105994847,2025_real
2025-06-08 04:00:00,32.37107409040132,2025_real
2025-06-08 05:00:00,32.68721997704969,2025_real
2025-06-08 06:00:00,33.37784682044441,2025_real
2025-06-08 07:00:00,31.4303415702561,2025_real
2025-06-08 08:00:00,32.080558508719285,2025_real
2025-06-08 09:00:00,33.826806864283256,2025_real
2025-06-08 10:00:00,34.43240743534429,2025_real
2025-06-08 11:00:00,36.309179739122044,2025_real
2025-06-08 12:00:00,37.79561484121466,2025_real
2025-06-08 13:00:00,39.04204651388122,2025_real
2025-06-08 14:00:00,39.51623186103357,2025_real
2025-06-08 15:00:00,39.32189275949097,2025_real
2025-06-08 16:00:00,39.54444740711021,2025_real
2025-06-08 17:00:00,40.84199668926047,2025_real
2025-06-08 18:00:00,39.830840285630806,2025_real
2025-06-08 19:00:00,39.280790056430604,2025_real
2025-06-08 20:00:00,37.29903376964966,2025_real
2025-06-08 21:00:00,35.98643262846163,2025_real
2025-06-08 22:00:00,34.89942363350751,2025_real
2025-06-08 23:00:00,33.931012908815774,2025_real
2025-06-09 00:00:00,34.272341426487955,2025_real
2025-06-09 01:00:00,34.03945636823718,2025_real
2025-06-09 02:00:00,34.0260055623213,2025_real
2025-06-09 03:00:00,33.635853126621505,2025_real
2025-06-09 04:00:00,34.109677728997724,2025_real
2025-06-09 05:00:00,33.99490023395701,2025_real
2025-06-09 06:00:00,36.88310690324162,2025_real
2025-06-09 07:00:00,46.55363724354115,2025_real
2025-06-09 08:00:00,54.982492266420785,2025_real
2025-06-09 09:00:00,63.37178945999,2025_real
2025-06-09 10:00:00,65.52238604200791,2025_real
2025-06-09 11:00:00,66.6912330005924,2025_real
2025-06-09 12:00:00,66.90934565301934,2025_real
2025-06-09 13:00:00,67.5372658215954,2025_real
2025-06-09 14:00:00,67.65095474023859,2025_real
2025-06-09 15:00:00,66.9330689759185,2025_real
2025-06-09 16:00:00,66.14020479630547,2025_real
2025-06-09 17:00:00,63.561097841157604,2025_real
2025-06-09 18:00:00,56.80017200924756,2025_real
2025-06-09 19:00:00,48.00253951502497,2025_real
2025-06-09 20:00:00,41.748087230690786,2025_real
2025-06-09 21:00:00,39.29837392098939,2025_real
2025-06-09 22:00:00,37.319556797140265,2025_real
2025-06-09 23:00:00,35.31771798174993,2025_real
2025-06-10 00:00:00,34.39642446730598,2025_real
2025-06-10 01:00:00,34.597394026575884,2025_real
2025-06-10 02:00:00,35.15677740492727,2025_real
2025-06-10 03:00:00,34.32648247438827,2025_real
2025-06-10 04:00:00,35.20119183556392,2025_real
2025-06-10 05:00:00,35.338917586506696,2025_real
2025-06-10 06:00:00,37.25823307905149,2025_real
2025-06-10 07:00:00,46.691508294538004,2025_real
2025-06-10 08:00:00,58.55843215828526,2025_real
2025-06-10 09:00:00,64.15287244700184,2025_real
2025-06-10 10:00:00,66.78241035064502,2025_real
2025-06-10 11:00:00,69.14438714485752,2025_real
2025-06-10 12:00:00,70.22201806252104,2025_real
2025-06-10 13:00:00,70.66617475695071,2025_real
2025-06-10 14:00:00,70.32563111181338,2025_real
2025-06-10 15:00:00,69.19853064640074,2025_real
2025-06-10 16:00:00,67.81259117942027,2025_real
2025-06-10 17:00:00,65.19865102906552,2025_real
2025-06-10 18:00:00,60.34382286531689,2025_real
2025-06-10 19:00:00,48.495362010136034,2025_real
2025-06-10 20:00:00,41.81848290413778,2025_real
2025-06-10 21:00:00,38.64338392942561,2025_real
2025-06-10 22:00:00,35.363097339635516,2025_real
2025-06-10 23:00:00,34.00264910003104,2025_real
2025-06-11 00:00:00,43.442833241653695,2025_real
2025-06-11 01:00:00,38.04462475346895,2025_real
2025-06-11 02:00:00,42.40330925871308,2025_real
2025-06-11 03:00:00,45.85432221987445,2025_real
2025-06-11 04:00:00,41.98823117707629,2025_real
2025-06-11 05:00:00,43.71584044059969,2025_real
2025-06-11 06:00:00,46.321888264942295,2025_real
2025-06-11 07:00:00,53.46615272449675,2025_real
2025-06-11 08:00:00,63.76387542647926,2025_real
2025-06-11 09:00:00,65.90998241450572,2025_real
2025-06-11 10:00:00,74.59125770268187,2025_real
2025-06-11 11:00:00,74.43882634593345,2025_real
2025-06-11 12:00:00,73.78840795219176,2025_real
2025-06-11 13:00:00,76.74565927946985,2025_real
2025-06-11 14:00:00,74.89819943634994,2025_real
2025-06-11 15:00:00,74.37490064845984,2025_real
2025-06-11 16:00:00,75.95773928793068,2025_real
2025-06-11 17:00:00,69.41535311981396,2025_real
2025-06-11 18:00:00,67.96933948154526,2025_real
2025-06-11 19:00:00,53.701354948276155,2025_real
2025-06-11 20:00:00,49.28136000346078,2025_real
2025-06-11 21:00:00,52.23206371119985,2025_real
2025-06-11 22:00:00,48.03113262506513,2025_real
2025-06-11 23:00:00,44.132529501840835,2025_real
2025-06-12 00:00:00,40.85018693621736,2025_real
2025-06-12 01:00:00,42.65565098472187,2025_real
2025-06-12 02:00:00,42.638847083895946,2025_real
2025-06-12 03:00:00,42.21128514549713,2025_real
2025-06-12 04:00:00,41.904548624811376,2025_real
2025-06-12 05:00:00,42.267537297698,2025_real
2025-06-12 06:00:00,44.37899791800211,2025_real
2025-06-12 07:00:00,51.15143364836926,2025_real
2025-06-12 08:00:00,64.07276104033828,2025_real
2025-06-12 09:00:00,72.09179227243234,2025_real
2025-06-12 10:00:00,70.52588010570899,2025_real
2025-06-12 11:00:00,74.59777348456929,2025_real
2025-06-12 12:00:00,73.93876584714904,2025_real
2025-06-12 13:00:00,76.42329330853943,2025_real
2025-06-12 14:00:00,75.63072709825981,2025_real
2025-06-12 15:00:00,78.49707702576963,2025_real
2025-06-12 16:00:00,75.6872908662903,2025_real
2025-06-12 17:00:00,69.20518745047748,2025_real
2025-06-12 18:00:00,66.63881514096782,2025_real
2025-06-12 19:00:00,54.81285684667293,2025_real
2025-06-12 20:00:00,50.126142175718215,2025_real
2025-06-12 21:00:00,49.59224614769427,2025_real
2025-06-12 22:00:00,46.20655341089345,2025_real
2025-06-12 23:00:00,46.89577359753818,2025_real
2025-06-13 00:00:00,42.218887289183456,2025_real
2025-06-13 01:00:00,42.632521735761195,2025_real
2025-06-13 02:00:00,41.97577004061193,2025_real
2025-06-13 03:00:00,42.85953969818833,2025_real
2025-06-13 04:00:00,45.785895058751244,2025_real
2025-06-13 05:00:00,46.511408836927295,2025_real
2025-06-13 06:00:00,48.697040419099544,2025_real
2025-06-13 07:00:00,57.69939744449865,2025_real
2025-06-13 08:00:00,61.00646535526577,2025_real
2025-06-13 09:00:00,68.42941130442729,2025_real
2025-06-13 10:00:00,68.29790243780032,2025_real
2025-06-13 11:00:00,70.75989831636187,2025_real
2025-06-13 12:00:00,71.16571342134087,2025_real
2025-06-13 13:00:00,71.3152379508916,2025_real
2025-06-13 14:00:00,70.10881421625818,2025_real
2025-06-13 15:00:00,71.37189155202411,2025_real
2025-06-13 16:00:00,66.82518451337612,2025_real
2025-06-13 17:00:00,66.19933695480366,2025_real
2025-06-13 18:00:00,55.3732698273435,2025_real
2025-06-13 19:00:00,59.705937360632944,2025_real
2025-06-13 20:00:00,50.28763200968075,2025_real
2025-06-13 21:00:00,49.81528030263316,2025_real
2025-06-13 22:00:00,45.65940803925095,2025_real
2025-06-13 23:00:00,49.420614390321866,2025_real
2025-06-14 00:00:00,46.51517288854181,2025_real
2025-06-14 01:00:00,44.93531309702437,2025_real
2025-06-14 02:00:00,40.5299699022846,2025_real
2025-06-14 03:00:00,44.4191053270381,2025_real
2025-06-14 04:00:00,41.12034110079459,2025_real
2025-06-14 05:00:00,46.79112367462719,2025_real
2025-06-14 06:00:00,45.6929578934029,2025_real
2025-06-14 07:00:00,44.56224000198485,2025_real
2025-06-14 08:00:00,39.883821005992964,2025_real
2025-06-14 09:00:00,44.08673778080831,2025_real
2025-06-14 10:00:00,49.0731650796784,2025_real
2025-06-14 11:00:00,51.90113153017869,2025_real
2025-06-14 12:00:00,53.543282221425116,2025_real
2025-06-14 13:00:00,49.538177096191916,2025_real
2025-06-14 14:00:00,53.61455971986655,2025_real
2025-06-14 15:00:00,56.36104131185017,2025_real
2025-06-14 16:00:00,50.21697904523301,2025_real
2025-06-14 17:00:00,53.20890784287596,2025_real
2025-06-14 18:00:00,53.52692570962124,2025_real
2025-06-14 19:00:00,51.42554162128459,2025_real
2025-06-14 20:00:00,46.91421255969003,2025_real
2025-06-14 21:00:00,48.10222966129481,2025_real
2025-06-14 22:00:00,45.241189090759796,2025_real
2025-06-14 23:00:00,44.946315462157266,2025_real
2025-06-15 00:00:00,42.498681062286266,2025_real
2025-06-15 01:00:00,42.639033783575485,2025_real
2025-06-15 02:00:00,43.0383580481636,2025_real
2025-06-15 03:00:00,43.45297350166999,2025_real
2025-06-15 04:00:00,42.18320617260514,2025_real
2025-06-15 05:00:00,41.95781229462676,2025_real
2025-06-15 06:00:00,42.90750602013105,2025_real
2025-06-15 07:00:00,38.810877409236944,2025_real
2025-06-15 08:00:00,44.55037103655966,2025_real
2025-06-15 09:00:00,42.375815521720526,2025_real
2025-06-15 10:00:00,43.20483317018464,2025_real
2025-06-15 11:00:00,47.49408803596698,2025_real
2025-06-15 12:00:00,42.720631513743534,2025_real
2025-06-15 13:00:00,44.86149756034792,2025_real
2025-06-15 14:00:00,49.40852510526567,2025_real
2025-06-15 15:00:00,49.28025825385158,2025_real
2025-06-15 16:00:00,49.84918961336193,2025_real
2025-06-15 17:00:00,48.424370076882255,2025_real
2025-06-15 18:00:00,50.140296963797276,2025_real
2025-06-15 19:00:00,49.05483980585005,2025_real
2025-06-15 20:00:00,46.933133877729055,2025_real
2025-06-15 21:00:00,44.60034511441472,2025_real
2025-06-15 22:00:00,39.34608415157739,2025_real
2025-06-15 23:00:00,43.96973622102703,2025_real
2025-06-16 00:00:00,42.70274066986342,2025_real
2025-06-16 01:00:00,41.588953808027526,2025_real
2025-06-16 02:00:00,38.350207629007045,2025_real
2025-06-16 03:00:00,40.70454919342744,2025_real
2025-06-16 04:00:00,41.73505787834836,2025_real
2025-06-16 05:00:00,43.6815979783755,2025_real
2025-06-16 06:00:00,40.65889624157356,2025_real
2025-06-16 07:00:00,51.41251641609845,2025_real
2025-06-16 08:00:00,64.88658956168537,2025_real
2025-06-16 09:00:00,69.60759959527984,2025_real
2025-06-16 10:00:00,69.32555138454691,2025_real
2025-06-16 11:00:00,73.42110127140253,2025_real
2025-06-16 12:00:00,74.35408047153983,2025_real
2025-06-16 13:00:00,74.25832406518934,2025_real
2025-06-16 14:00:00,74.01066846670774,2025_real
2025-06-16 15:00:00,72.83749488459577,2025_real
2025-06-16 16:00:00,75.22226151573605,2025_real
2025-06-16 17:00:00,68.05476414174463,2025_real
2025-06-16 18:00:00,62.956378170058414,2025_real
2025-06-16 19:00:00,53.64303987458757,2025_real
2025-06-16 20:00:00,48.96330577239534,2025_real
2025-06-16 21:00:00,41.024925282242144,2025_real
2025-06-16 22:00:00,39.83789860698086,2025_real
2025-06-16 23:00:00,36.8546025493732,2025_real
2025-06-17 00:00:00,40.21074177777072,2025_real
2025-06-17 01:00:00,37.359403363642365,2025_real
2025-06-17 02:00:00,38.88448306113404,2025_real
2025-06-17 03:00:00,41.29121448205705,2025_real
2025-06-17 04:00:00,38.10944456852858,2025_real
2025-06-17 05:00:00,40.4659781025171,2025_real
2025-06-17 06:00:00,41.765938454911044,2025_real
2025-06-17 07:00:00,53.38775356675622,2025_real
2025-06-17 08:00:00,65.16812259990931,2025_real
2025-06-17 09:00:00,68.56207800481445,2025_real
2025-06-17 10:00:00,71.5870114147663,2025_real
2025-06-17 11:00:00,75.91077683836657,2025_real
2025-06-17 12:00:00,75.32231507560195,2025_real
2025-06-17 13:00:00,72.50522219665164,2025_real
2025-06-17 14:00:00,76.98951779636887,2025_real
2025-06-17 15:00:00,73.26530716240018,2025_real
2025-06-17 16:00:00,77.54490599627843,2025_real
2025-06-17 17:00:00,74.01566788230167,2025_real
2025-06-17 18:00:00,65.76870074466294,2025_real
2025-06-17 19:00:00,56.288809393609306,2025_real
2025-06-17 20:00:00,49.7360092956294,2025_real
2025-06-17 21:00:00,48.86928393880332,2025_real
2025-06-17 22:00:00,44.70135092200705,2025_real
2025-06-17 23:00:00,43.91666892389882,2025_real
2025-06-18 00:00:00,44.93252666056095,2025_real
2025-06-18 01:00:00,41.640952422634,2025_real
2025-06-18 02:00:00,40.66380115420706,2025_real
2025-06-18 03:00:00,39.53824685600832,2025_real
2025-06-18 04:00:00,40.74218677189101,2025_real
2025-06-18 05:00:00,39.4574980767062,2025_real
2025-06-18 06:00:00,45.72012372691111,2025_real
2025-06-18 07:00:00,57.48929936551069,2025_real
2025-06-18 08:00:00,67.85517560978198,2025_real
2025-06-18 09:00:00,67.23477701011824,2025_real
2025-06-18 10:00:00,74.76227622507568,2025_real
2025-06-18 11:00:00,77.56961632300867,2025_real
2025-06-18 12:00:00,74.92196683590676,2025_real
2025-06-18 13:00:00,76.69437392348138,2025_real
2025-06-18 14:00:00,71.99389139665864,2025_real
2025-06-18 15:00:00,75.99642548659982,2025_real
2025-06-18 16:00:00,72.55251661830704,2025_real
2025-06-18 17:00:00,72.55173605175709,2025_real
2025-06-18 18:00:00,62.64995113747088,2025_real
2025-06-18 19:00:00,57.658585978460245,2025_real
2025-06-18 20:00:00,52.721990359346044,2025_real
2025-06-18 21:00:00,46.713629776897776,2025_real
2025-06-18 22:00:00,43.41373318800728,2025_real
2025-06-18 23:00:00,39.53684857305181,2025_real
2025-06-19 00:00:00,42.224871002583185,2025_real
2025-06-19 01:00:00,42.548954755797894,2025_real
2025-06-19 02:00:00,39.326524244659346,2025_real
2025-06-19 03:00:00,43.058579230021394,2025_real
2025-06-19 04:00:00,41.17225952882143,2025_real
2025-06-19 05:00:00,40.13673093181751,2025_real
2025-06-19 06:00:00,43.685254809385164,2025_real
2025-06-19 07:00:00,56.276615337251194,2025_real
2025-06-19 08:00:00,66.35558082415301,2025_real
2025-06-19 09:00:00,69.96150250472176,2025_real
2025-06-19 10:00:00,74.57874103598088,2025_real
2025-06-19 11:00:00,72.61694692399698,2025_real
2025-06-19 12:00:00,75.67644918624126,2025_real
2025-06-19 13:00:00,76.49664856086525,2025_real
2025-06-19 14:00:00,75.46513422178569,2025_real
2025-06-19 15:00:00,76.37232335263153,2025_real
2025-06-19 16:00:00,73.06275823854021,2025_real
2025-06-19 17:00:00,72.9199113000461,2025_real
2025-06-19 18:00:00,66.39539290135146,2025_real
2025-06-19 19:00:00,50.44377397956269,2025_real
2025-06-19 20:00:00,53.73009097233298,2025_real
2025-06-19 21:00:00,42.73744776973897,2025_real
2025-06-19 22:00:00,45.953072905721555,2025_real
2025-06-19 23:00:00,47.16595670668057,2025_real
2025-06-20 00:00:00,43.15127429642816,2025_real
2025-06-20 01:00:00,40.90479925574988,2025_real
2025-06-20 02:00:00,41.083876516664525,2025_real
2025-06-20 03:00:00,46.10711627080491,2025_real
2025-06-20 04:00:00,39.625978098817676,2025_real
2025-06-20 05:00:00,47.53142488265211,2025_real
2025-06-20 06:00:00,45.09769218697613,2025_real
2025-06-20 07:00:00,50.64355481679,2025_real
2025-06-20 08:00:00,61.91923208976543,2025_real
2025-06-20 09:00:00,66.21144787594008,2025_real
2025-06-20 10:00:00,72.46289329622186,2025_real
2025-06-20 11:00:00,73.8392158526675,2025_real
2025-06-20 12:00:00,68.94482337046203,2025_real
2025-06-20 13:00:00,72.64800767944797,2025_real
2025-06-20 14:00:00,70.49362163087012,2025_real
2025-06-20 15:00:00,74.30389580879846,2025_real
2025-06-20 16:00:00,66.55318957875227,2025_real
2025-06-20 17:00:00,67.75344428561614,2025_real
2025-06-20 18:00:00,57.176891441125484,2025_real
2025-06-20 19:00:00,51.6070984480414,2025_real
2025-06-20 20:00:00,49.826989178360314,2025_real
2025-06-20 21:00:00,48.033727960680906,2025_real
2025-06-20 22:00:00,45.7016667158724,2025_real
2025-06-20 23:00:00,46.13486246702625,2025_real
2025-06-21 00:00:00,41.7282335062705,2025_real
2025-06-21 01:00:00,39.883546397907985,2025_real
2025-06-21 02:00:00,42.50216973968771,2025_real
2025-06-21 03:00:00,40.313053417110225,2025_real
2025-06-21 04:00:00,41.873370722814514,2025_real
2025-06-21 05:00:00,41.95515710454183,2025_real
2025-06-21 06:00:00,42.26620104152566,2025_real
2025-06-21 07:00:00,48.4480562705902,2025_real
2025-06-21 08:00:00,44.96720639150988,2025_real
2025-06-21 09:00:00,46.59252637709814,2025_real
2025-06-21 10:00:00,44.048158584643495,2025_real
2025-06-21 11:00:00,48.09418733805564,2025_real
2025-06-21 12:00:00,51.72047467818858,2025_real
2025-06-21 13:00:00,50.695411974085275,2025_real
2025-06-21 14:00:00,54.85137879564985,2025_real
2025-06-21 15:00:00,51.837580456214305,2025_real
2025-06-21 16:00:00,53.014750657386756,2025_real
2025-06-21 17:00:00,52.02992850279383,2025_real
2025-06-21 18:00:00,53.30358486437691,2025_real
2025-06-21 19:00:00,50.732760643158834,2025_real
2025-06-21 20:00:00,50.13879414627493,2025_real
2025-06-21 21:00:00,48.284880129677596,2025_real
2025-06-21 22:00:00,44.411051513345825,2025_real
2025-06-21 23:00:00,46.2374919170608,2025_real
2025-06-22 00:00:00,44.13386369646808,2025_real
2025-06-22 01:00:00,43.36173592564311,2025_real
2025-06-22 02:00:00,42.241521783214324,2025_real
2025-06-22 03:00:00,44.17504596298766,2025_real
2025-06-22 04:00:00,42.32308261476665,2025_real
2025-06-22 05:00:00,42.16775514837726,2025_real
2025-06-22 06:00:00,42.932662037789235,2025_real
2025-06-22 07:00:00,46.187824655113005,2025_real
2025-06-22 08:00:00,40.8442783381395,2025_real
2025-06-22 09:00:00,43.94688491384332,2025_real
2025-06-22 10:00:00,39.26326287231275,2025_real
2025-06-22 11:00:00,45.97799412499413,2025_real
2025-06-22 12:00:00,49.91485440371855,2025_real
2025-06-22 13:00:00,49.88312497017106,2025_real
2025-06-22 14:00:00,49.19811908714902,2025_real
2025-06-22 15:00:00,48.15188159684635,2025_real
2025-06-22 16:00:00,49.565471014309736,2025_real
2025-06-22 17:00:00,48.85274100846434,2025_real
2025-06-22 18:00:00,47.18272895694851,2025_real
2025-06-22 19:00:00,46.56184238676835,2025_real
2025-06-22 20:00:00,46.350725315330806,2025_real
2025-06-22 21:00:00,43.56769843334338,2025_real
2025-06-22 22:00:00,41.99996336180797,2025_real
2025-06-22 23:00:00,39.62722131351229,2025_real
2025-06-23 00:00:00,41.008126822361035,2025_real
2025-06-23 01:00:00,41.386589761401204,2025_real
2025-06-23 02:00:00,40.6164182014393,2025_real
2025-06-23 03:00:00,41.29873428294567,2025_real
2025-06-23 04:00:00,40.15941635101214,2025_real
2025-06-23 05:00:00,41.302204747205764,2025_real
2025-06-23 06:00:00,43.06508921335907,2025_real
2025-06-23 07:00:00,51.68763926665149,2025_real
2025-06-23 08:00:00,62.280252499324476,2025_real
2025-06-23 09:00:00,74.00571003026346,2025_real
2025-06-23 10:00:00,70.68241239373103,2025_real
2025-06-23 11:00:00,71.21771731543025,2025_real
2025-06-23 12:00:00,74.05910106462296,2025_real
2025-06-23 13:00:00,74.59253780880373,2025_real
2025-06-23 14:00:00,70.69817892417049,2025_real
2025-06-23 15:00:00,75.65446536084808,2025_real
2025-06-23 16:00:00,72.01561444705179,2025_real
2025-06-23 17:00:00,67.6260370537842,2025_real
2025-06-23 18:00:00,66.57827797174156,2025_real
2025-06-23 19:00:00,54.896538937676894,2025_real
2025-06-23 20:00:00,44.592208148321674,2025_real
2025-06-23 21:00:00,47.70252293837962,2025_real
2025-06-23 22:00:00,43.853349320415255,2025_real
2025-06-23 23:00:00,40.98922278689294,2025_real
2025-06-24 00:00:00,43.38690238603858,2025_real
2025-06-24 01:00:00,39.964740632200574,2025_real
2025-06-24 02:00:00,39.61140403280347,2025_real
2025-06-24 03:00:00,38.59599841922732,2025_real
2025-06-24 04:00:00,40.60423386897859,2025_real
2025-06-24 05:00:00,40.966245790519395,2025_real
2025-06-24 06:00:00,42.40629585673473,2025_real
2025-06-24 07:00:00,50.40618294489319,2025_real
2025-06-24 08:00:00,64.46418143293609,2025_real
2025-06-24 09:00:00,69.83075889054,2025_real
2025-06-24 10:00:00,69.21166147190429,2025_real
2025-06-24 11:00:00,70.78096103414802,2025_real
2025-06-24 12:00:00,75.67260818626627,2025_real
2025-06-24 13:00:00,70.04809129825448,2025_real
2025-06-24 14:00:00,76.07143767628152,2025_real
2025-06-24 15:00:00,74.50216096227467,2025_real
2025-06-24 16:00:00,77.33228190700254,2025_real
2025-06-24 17:00:00,70.92098813415784,2025_real
2025-06-24 18:00:00,66.52240037936292,2025_real
2025-06-24 19:00:00,55.15877265243373,2025_real
2025-06-24 20:00:00,50.394235235024155,2025_real
2025-06-24 21:00:00,48.98819714202697,2025_real
2025-06-24 22:00:00,44.514194699948945,2025_real
2025-06-24 23:00:00,45.468498157795686,2025_real
2025-06-25 00:00:00,41.12805928914749,2025_real
2025-06-25 01:00:00,43.387354229521,2025_real
2025-06-25 02:00:00,43.801846133175935,2025_real
2025-06-25 03:00:00,43.31981507583763,2025_real
2025-06-25 04:00:00,46.820985994939896,2025_real
2025-06-25 05:00:00,41.62919635513408,2025_real
2025-06-25 06:00:00,41.41941646319084,2025_real
2025-06-25 07:00:00,51.77280734732914,2025_real
2025-06-25 08:00:00,66.29539056973452,2025_real
2025-06-25 09:00:00,71.56613275541895,2025_real
2025-06-25 10:00:00,73.49265096537805,2025_real
2025-06-25 11:00:00,72.37962741020324,2025_real
2025-06-25 12:00:00,77.41733551225573,2025_real
2025-06-25 13:00:00,73.99003451079962,2025_real
2025-06-25 14:00:00,78.45183588679262,2025_real
2025-06-25 15:00:00,81.27948286968822,2025_real
2025-06-25 16:00:00,75.46864852861243,2025_real
2025-06-25 17:00:00,73.33372884227848,2025_real
2025-06-25 18:00:00,64.82855663813372,2025_real
2025-06-25 19:00:00,52.860114067242456,2025_real
2025-06-25 20:00:00,49.40367764408338,2025_real
2025-06-25 21:00:00,46.082046537856144,2025_real
2025-06-25 22:00:00,42.7814023326159,2025_real
2025-06-25 23:00:00,47.44579288346517,2025_real
2025-06-26 00:00:00,43.32458299105914,2025_real
2025-06-26 01:00:00,44.509236140651815,2025_real
2025-06-26 02:00:00,41.85925129063782,2025_real
2025-06-26 03:00:00,41.78224115332895,2025_real
2025-06-26 04:00:00,44.05680403267364,2025_real
2025-06-26 05:00:00,42.26446905144041,2025_real
2025-06-26 06:00:00,45.898370715734835,2025_real
2025-06-26 07:00:00,53.692271538795836,2025_real
2025-06-26 08:00:00,64.42831812238214,2025_real
2025-06-26 09:00:00,67.35762430439338,2025_real
2025-06-26 10:00:00,69.28313861883694,2025_real
2025-06-26 11:00:00,74.450935349441,2025_real
2025-06-26 12:00:00,75.72564903769607,2025_real
2025-06-26 13:00:00,73.57349863241492,2025_real
2025-06-26 14:00:00,76.3529400436367,2025_real
2025-06-26 15:00:00,75.59393459799122,2025_real
2025-06-26 16:00:00,70.25763492675954,2025_real
2025-06-26 17:00:00,70.01410916551902,2025_real
2025-06-26 18:00:00,66.10052959346899,2025_real
2025-06-26 19:00:00,57.181860723648654,2025_real
2025-06-26 20:00:00,48.95015761829697,2025_real
2025-06-26 21:00:00,49.27540782848333,2025_real
2025-06-26 22:00:00,49.29427445677626,2025_real
2025-06-26 23:00:00,46.65966484438289,2025_real
2025-06-27 00:00:00,35.068314264751265,2025_real
2025-06-27 01:00:00,33.34856602860398,2025_real
2025-06-27 02:00:00,33.39638433969317,2025_real
2025-06-27 03:00:00,32.688934069628814,2025_real
2025-06-27 04:00:00,32.6574050117499,2025_real
2025-06-27 05:00:00,33.381137385772504,2025_real
2025-06-27 06:00:00,35.45890433375796,2025_real
2025-06-27 07:00:00,45.07000766378707,2025_real
2025-06-27 08:00:00,56.40134569903408,2025_real
2025-06-27 09:00:00,61.38125903055144,2025_real
2025-06-27 10:00:00,65.47914100178664,2025_real
2025-06-27 11:00:00,66.49133447651197,2025_real
2025-06-27 12:00:00,67.25245684361275,2025_real
2025-06-27 13:00:00,66.83019167187106,2025_real
2025-06-27 14:00:00,65.87593069446069,2025_real
2025-06-27 15:00:00,65.183899565424,2025_real
2025-06-27 16:00:00,62.8537900420639,2025_real
2025-06-27 17:00:00,57.95000079481467,2025_real
2025-06-27 18:00:00,50.42450908358953,2025_real
2025-06-27 19:00:00,46.11787546429875,2025_real
2025-06-27 20:00:00,42.10272998765166,2025_real
2025-06-27 21:00:00,39.49440772475551,2025_real
2025-06-27 22:00:00,37.65417424061039,2025_real
2025-06-27 23:00:00,35.523774630477945,2025_real
2025-06-28 00:00:00,34.08079278604062,2025_real
2025-06-28 01:00:00,33.32758656618487,2025_real
2025-06-28 02:00:00,32.943325260690074,2025_real
2025-06-28 03:00:00,32.47482861633626,2025_real
2025-06-28 04:00:00,32.18844489481906,2025_real
2025-06-28 05:00:00,32.55492482513239,2025_real
2025-06-28 06:00:00,33.631252385655074,2025_real
2025-06-28 07:00:00,33.71315854079638,2025_real
2025-06-28 08:00:00,30.764094644675907,2025_real
2025-06-28 09:00:00,32.75586725430479,2025_real
2025-06-28 10:00:00,33.793269468899624,2025_real
2025-06-28 11:00:00,35.65522633836941,2025_real
2025-06-28 12:00:00,37.31401808629245,2025_real
2025-06-28 13:00:00,39.444676582545526,2025_real
2025-06-28 14:00:00,41.86213703737164,2025_real
2025-06-28 15:00:00,42.777776652026176,2025_real
2025-06-28 16:00:00,42.90425222398183,2025_real
2025-06-28 17:00:00,43.83180764142298,2025_real
2025-06-28 18:00:00,43.7339129057825,2025_real
2025-06-28 19:00:00,44.08604379557134,2025_real
2025-06-28 20:00:00,41.43005380620418,2025_real
2025-06-28 21:00:00,38.917816589755105,2025_real
2025-06-28 22:00:00,37.08385265709376,2025_real
2025-06-28 23:00:00,35.8438407036788,2025_real
2025-06-29 00:00:00,34.38647569015331,2025_real
2025-06-29 01:00:00,31.31517606943455,2025_real
2025-06-29 02:00:00,30.56637470301859,2025_real
2025-06-29 03:00:00,30.433377539605374,2025_real
2025-06-29 04:00:00,30.470428503674384,2025_real
2025-06-29 05:00:00,30.751217843659642,2025_real
2025-06-29 06:00:00,32.33637575087754,2025_real
2025-06-29 07:00:00,31.71295684435855,2025_real
2025-06-29 08:00:00,31.240383744907625,2025_real
2025-06-29 09:00:00,32.44516980359415,2025_real
2025-06-29 10:00:00,35.21355759175789,2025_real
2025-06-29 11:00:00,35.271479089567244,2025_real
2025-06-29 12:00:00,38.11693905262181,2025_real
2025-06-29 13:00:00,40.51220640329404,2025_real
2025-06-29 14:00:00,41.571626010657276,2025_real
2025-06-29 15:00:00,41.61148662113668,2025_real
2025-06-29 16:00:00,40.56214890837967,2025_real
2025-06-29 17:00:00,39.672293450202844,2025_real
2025-06-29 18:00:00,38.359626220176935,2025_real
2025-06-29 19:00:00,37.860806844156755,2025_real
2025-06-29 20:00:00,36.79810311822748,2025_real
2025-06-29 21:00:00,35.874472342376045,2025_real
2025-06-29 22:00:00,33.72675665460396,2025_real
2025-06-29 23:00:00,32.82246496668175,2025_real
2025-06-30 00:00:00,32.69389032826737,2025_real
2025-06-30 01:00:00,31.770477719600905,2025_real
2025-06-30 02:00:00,31.397255004505876,2025_real
2025-06-30 03:00:00,31.252358692313887,2025_real
2025-06-30 04:00:00,32.50523060286618,2025_real
2025-06-30 05:00:00,33.3304418024572,2025_real
2025-06-30 06:00:00,34.7204028924353,2025_real
2025-06-30 07:00:00,45.490896030218025,2025_real
2025-06-30 08:00:00,58.13907564291016,2025_real
2025-06-30 09:00:00,63.95212783167639,2025_real
2025-06-30 10:00:00,66.75612619625542,2025_real
2025-06-30 11:00:00,67.35062690245985,2025_real
2025-06-30 12:00:00,68.45927046119576,2025_real
2025-06-30 13:00:00,68.266446371379,2025_real
2025-06-30 14:00:00,68.44711507680142,2025_real
2025-06-30 15:00:00,67.36397109382345,2025_real
2025-06-30 16:00:00,66.80026323490333,2025_real
2025-06-30 17:00:00,63.958195747148864,2025_real
2025-06-30 18:00:00,56.15157812586749,2025_real
2025-06-30 19:00:00,45.03709971101942,2025_real
2025-06-30 20:00:00,38.74634653183587,2025_real
2025-06-30 21:00:00,38.433264216411075,2025_real
2025-06-30 22:00:00,38.433264216411075,2025_real
2025-06-30 23:00:00,38.433264216411075,2025_real
2025-07-01 00:00:00,31.151666531762075,2025_real
2025-07-01 01:00:00,31.05707677759761,2025_real
2025-07-01 02:00:00,30.353884124976297,2025_real
2025-07-01 03:00:00,29.71511100149214,2025_real
2025-07-01 04:00:00,29.78329633430115,2025_real
2025-07-01 05:00:00,30.180647419002785,2025_real
2025-07-01 06:00:00,34.28080043750465,2025_real
2025-07-01 07:00:00,43.89506389800735,2025_real
2025-07-01 08:00:00,57.74883215261777,2025_real
2025-07-01 09:00:00,63.5042948625055,2025_real
2025-07-01 10:00:00,67.30617357244057,2025_real
2025-07-01 11:00:00,68.23201381744839,2025_real
2025-07-01 12:00:00,69.356821181791,2025_real
2025-07-01 13:00:00,70.33913439902658,2025_real
2025-07-01 14:00:00,69.78885286295292,2025_real
2025-07-01 15:00:00,69.45555246068614,2025_real
2025-07-01 16:00:00,69.09895896310398,2025_real
2025-07-01 17:00:00,65.56658752948235,2025_real
2025-07-01 18:00:00,58.19478848551959,2025_real
2025-07-01 19:00:00,47.25882643618337,2025_real
2025-07-01 20:00:00,39.82342328554779,2025_real
2025-07-01 21:00:00,36.08104313321691,2025_real
2025-07-01 22:00:00,33.39811001236035,2025_real
2025-07-01 23:00:00,31.856643733791124,2025_real
2025-07-02 00:00:00,31.100326630349898,2025_real
2025-07-02 01:00:00,30.88138611729751,2025_real
2025-07-02 02:00:00,30.65319922477059,2025_real
2025-07-02 03:00:00,30.562735968525715,2025_real
2025-07-02 04:00:00,31.1894717366241,2025_real
2025-07-02 05:00:00,31.704811101017178,2025_real
2025-07-02 06:00:00,32.4702100540311,2025_real
2025-07-02 07:00:00,45.02659641096511,2025_real
2025-07-02 08:00:00,57.7711134977746,2025_real
2025-07-02 09:00:00,64.37316867649407,2025_real
2025-07-02 10:00:00,67.60647855680833,2025_real
2025-07-02 11:00:00,68.42436118282902,2025_real
2025-07-02 12:00:00,69.38238120742975,2025_real
2025-07-02 13:00:00,70.94151599222172,2025_real
2025-07-02 14:00:00,71.16255744382272,2025_real
2025-07-02 15:00:00,70.56063852182976,2025_real
2025-07-02 16:00:00,69.30140949903874,2025_real
2025-07-02 17:00:00,67.07294524776162,2025_real
2025-07-02 18:00:00,59.5632547946951,2025_real
2025-07-02 19:00:00,48.6401686802828,2025_real
2025-07-02 20:00:00,40.18262771023089,2025_real
2025-07-02 21:00:00,36.437854149234816,2025_real
2025-07-02 22:00:00,34.2976102748068,2025_real
2025-07-02 23:00:00,32.590451818650976,2025_real
2025-07-03 00:00:00,32.96599667852069,2025_real
2025-07-03 01:00:00,31.93370217772213,2025_real
2025-07-03 02:00:00,30.37213842883922,2025_real
2025-07-03 03:00:00,30.52573686494625,2025_real
2025-07-03 04:00:00,31.471042709645204,2025_real
2025-07-03 05:00:00,31.041431102907396,2025_real
2025-07-03 06:00:00,34.389856693404326,2025_real
2025-07-03 07:00:00,44.66081140036041,2025_real
2025-07-03 08:00:00,56.86466289477882,2025_real
2025-07-03 09:00:00,63.465752315863675,2025_real
2025-07-03 10:00:00,66.7265190297522,2025_real
2025-07-03 11:00:00,68.61303618229363,2025_real
2025-07-03 12:00:00,70.0967309430927,2025_real
2025-07-03 13:00:00,70.80326553658139,2025_real
2025-07-03 14:00:00,71.38994026830491,2025_real
2025-07-03 15:00:00,70.70187176996961,2025_real
2025-07-03 16:00:00,69.47006529370907,2025_real
2025-07-03 17:00:00,67.2299743437041,2025_real
2025-07-03 18:00:00,58.37664751821695,2025_real
2025-07-03 19:00:00,48.54098862202751,2025_real
2025-07-03 20:00:00,44.50689337581801,2025_real
2025-07-03 21:00:00,41.2291318544559,2025_real
2025-07-03 22:00:00,37.87105212168311,2025_real
2025-07-03 23:00:00,35.55817944169904,2025_real
2025-07-04 00:00:00,34.545195772410395,2025_real
2025-07-04 01:00:00,33.75463687089322,2025_real
2025-07-04 02:00:00,33.53446138117785,2025_real
2025-07-04 03:00:00,33.99657053739425,2025_real
2025-07-04 04:00:00,33.77161071699183,2025_real
2025-07-04 05:00:00,34.22806960724088,2025_real
2025-07-04 06:00:00,36.225618417301675,2025_real
2025-07-04 07:00:00,45.73565445524751,2025_real
2025-07-04 08:00:00,58.50616360425004,2025_real
2025-07-04 09:00:00,61.31004583435667,2025_real
2025-07-04 10:00:00,64.56393765710177,2025_real
2025-07-04 11:00:00,65.15752376480114,2025_real
2025-07-04 12:00:00,65.7435106930443,2025_real
2025-07-04 13:00:00,66.40295177579723,2025_real
2025-07-04 14:00:00,65.76998333303884,2025_real
2025-07-04 15:00:00,64.93367419456625,2025_real
2025-07-04 16:00:00,62.91882051197581,2025_real
2025-07-04 17:00:00,58.80284938080676,2025_real
2025-07-04 18:00:00,50.66909667755145,2025_real
2025-07-04 19:00:00,45.36398085699678,2025_real
2025-07-04 20:00:00,41.80317392975885,2025_real
2025-07-04 21:00:00,40.09195181320705,2025_real
2025-07-04 22:00:00,37.07290571244856,2025_real
2025-07-04 23:00:00,35.38720487128896,2025_real
2025-07-05 00:00:00,33.512740459414786,2025_real
2025-07-05 01:00:00,32.26480703849099,2025_real
2025-07-05 02:00:00,31.835369171869495,2025_real
2025-07-05 03:00:00,32.26550493024509,2025_real
2025-07-05 04:00:00,31.752288284062434,2025_real
2025-07-05 05:00:00,32.1182993069219,2025_real
2025-07-05 06:00:00,32.98169604815772,2025_real
2025-07-05 07:00:00,33.17033320011215,2025_real
2025-07-05 08:00:00,32.98446527944074,2025_real
2025-07-05 09:00:00,34.27788960524897,2025_real
2025-07-05 10:00:00,36.65902040873281,2025_real
2025-07-05 11:00:00,38.53084653406752,2025_real
2025-07-05 12:00:00,40.63550403731965,2025_real
2025-07-05 13:00:00,43.82826153798938,2025_real
2025-07-05 14:00:00,45.276307412005096,2025_real
2025-07-05 15:00:00,44.87219305018394,2025_real
2025-07-05 16:00:00,46.99538504193062,2025_real
2025-07-05 17:00:00,45.1142335235395,2025_real
2025-07-05 18:00:00,44.22592307861767,2025_real
2025-07-05 19:00:00,43.25125244814204,2025_real
2025-07-05 20:00:00,41.494102249883596,2025_real
2025-07-05 21:00:00,39.447334647369374,2025_real
2025-07-05 22:00:00,37.19581962162626,2025_real
2025-07-05 23:00:00,36.651322661253516,2025_real
2025-07-06 00:00:00,33.95606351900429,2025_real
2025-07-06 01:00:00,34.27135779961678,2025_real
2025-07-06 02:00:00,33.94351388173462,2025_real
2025-07-06 03:00:00,32.79384483136333,2025_real
2025-07-06 04:00:00,33.67120894747124,2025_real
2025-07-06 05:00:00,32.55503079973062,2025_real
2025-07-06 06:00:00,32.36431996500283,2025_real
2025-07-06 07:00:00,31.884407638163925,2025_real
2025-07-06 08:00:00,33.0772610131321,2025_real
2025-07-06 09:00:00,32.82039460057858,2025_real
2025-07-06 10:00:00,36.516355078158185,2025_real
2025-07-06 11:00:00,36.093961834261755,2025_real
2025-07-06 12:00:00,37.75503588904197,2025_real
2025-07-06 13:00:00,40.124632315398415,2025_real
2025-07-06 14:00:00,43.24225341615664,2025_real
2025-07-06 15:00:00,43.0791557365722,2025_real
2025-07-06 16:00:00,44.512732576106416,2025_real
2025-07-06 17:00:00,43.384062421389025,2025_real
2025-07-06 18:00:00,43.5916929006532,2025_real
2025-07-06 19:00:00,41.69398178498071,2025_real
2025-07-06 20:00:00,40.36411064595401,2025_real
2025-07-06 21:00:00,38.81815883869747,2025_real
2025-07-06 22:00:00,37.679353091988084,2025_real
2025-07-06 23:00:00,35.452944721387524,2025_real
2025-07-07 00:00:00,33.99980220388312,2025_real
2025-07-07 01:00:00,35.49513204128986,2025_real
2025-07-07 02:00:00,32.158412992489694,2025_real
2025-07-07 03:00:00,32.08598454503857,2025_real
2025-07-07 04:00:00,32.103164412902046,2025_real
2025-07-07 05:00:00,34.37248159293904,2025_real
2025-07-07 06:00:00,35.35944454694307,2025_real
2025-07-07 07:00:00,44.56423360404236,2025_real
2025-07-07 08:00:00,57.0684476535985,2025_real
2025-07-07 09:00:00,63.19365504187583,2025_real
2025-07-07 10:00:00,65.60751651644443,2025_real
2025-07-07 11:00:00,66.36855286812958,2025_real
2025-07-07 12:00:00,67.15921947912992,2025_real
2025-07-07 13:00:00,67.7309389302576,2025_real
2025-07-07 14:00:00,69.21304207585473,2025_real
2025-07-07 15:00:00,68.77425734370851,2025_real
2025-07-07 16:00:00,67.67968793000396,2025_real
2025-07-07 17:00:00,65.61074712073037,2025_real
2025-07-07 18:00:00,59.13123648822147,2025_real
2025-07-07 19:00:00,48.280808298586315,2025_real
2025-07-07 20:00:00,41.2091781371822,2025_real
2025-07-07 21:00:00,38.45751884316746,2025_real
2025-07-07 22:00:00,35.96900678519118,2025_real
2025-07-07 23:00:00,35.47244407793468,2025_real
2025-07-08 00:00:00,34.67630718396978,2025_real
2025-07-08 01:00:00,32.44547087672093,2025_real
2025-07-08 02:00:00,32.22319739917435,2025_real
2025-07-08 03:00:00,33.39474458616989,2025_real
2025-07-08 04:00:00,32.28505933490033,2025_real
2025-07-08 05:00:00,32.98237898094655,2025_real
2025-07-08 06:00:00,35.25813853644405,2025_real
2025-07-08 07:00:00,45.33576088604221,2025_real
2025-07-08 08:00:00,58.868042527747065,2025_real
2025-07-08 09:00:00,63.531837823015536,2025_real
2025-07-08 10:00:00,66.34610444584332,2025_real
2025-07-08 11:00:00,68.38378208688782,2025_real
2025-07-08 12:00:00,68.64996186519767,2025_real
2025-07-08 13:00:00,69.61169128735514,2025_real
2025-07-08 14:00:00,68.80625203389252,2025_real
2025-07-08 15:00:00,69.352265426199,2025_real
2025-07-08 16:00:00,68.83097076276948,2025_real
2025-07-08 17:00:00,66.72437061803942,2025_real
2025-07-08 18:00:00,59.52084688319924,2025_real
2025-07-08 19:00:00,49.67203821613491,2025_real
2025-07-08 20:00:00,43.267775632869444,2025_real
2025-07-08 21:00:00,39.698833772965756,2025_real
2025-07-08 22:00:00,37.43859652392766,2025_real
2025-07-08 23:00:00,35.301950213708295,2025_real
2025-07-09 00:00:00,33.73030757402846,2025_real
2025-07-09 01:00:00,33.18437437008636,2025_real
2025-07-09 02:00:00,34.57526785713229,2025_real
2025-07-09 03:00:00,32.85046099092027,2025_real
2025-07-09 04:00:00,32.982975581086116,2025_real
2025-07-09 05:00:00,34.97501651087282,2025_real
2025-07-09 06:00:00,35.64760877282343,2025_real
2025-07-09 07:00:00,45.36199148280542,2025_real
2025-07-09 08:00:00,58.25522308698723,2025_real
2025-07-09 09:00:00,63.52923114300994,2025_real
2025-07-09 10:00:00,67.0461923037063,2025_real
2025-07-09 11:00:00,68.63846272618193,2025_real
2025-07-09 12:00:00,69.78675683147175,2025_real
2025-07-09 13:00:00,70.89606075092088,2025_real
2025-07-09 14:00:00,70.5429582558505,2025_real
2025-07-09 15:00:00,70.42678136346923,2025_real
2025-07-09 16:00:00,70.04149995606457,2025_real
2025-07-09 17:00:00,66.76026105449905,2025_real
2025-07-09 18:00:00,61.98178648438498,2025_real
2025-07-09 19:00:00,50.30180049143094,2025_real
2025-07-09 20:00:00,44.09042559734788,2025_real
2025-07-09 21:00:00,42.03991139790095,2025_real
2025-07-09 22:00:00,39.7661074102348,2025_real
2025-07-09 23:00:00,37.205453241452986,2025_real
2025-07-10 00:00:00,37.5546510764932,2025_real
2025-07-10 01:00:00,34.194965908376815,2025_real
2025-07-10 02:00:00,35.056471281084576,2025_real
2025-07-10 03:00:00,35.49601545584699,2025_real
2025-07-10 04:00:00,34.30999069945962,2025_real
2025-07-10 05:00:00,34.924201774486775,2025_real
2025-07-10 06:00:00,37.044759710808265,2025_real
2025-07-10 07:00:00,45.19516813810597,2025_real
2025-07-10 08:00:00,56.272371009953275,2025_real
2025-07-10 09:00:00,61.36933360457004,2025_real
2025-07-10 10:00:00,64.86506692855434,2025_real
2025-07-10 11:00:00,65.68759247655049,2025_real
2025-07-10 12:00:00,66.53852061253212,2025_real
2025-07-10 13:00:00,66.83594814023323,2025_real
2025-07-10 14:00:00,66.99426144302176,2025_real
2025-07-10 15:00:00,66.50035699879962,2025_real
2025-07-10 16:00:00,65.30313620839067,2025_real
2025-07-10 17:00:00,63.86948936941451,2025_real
2025-07-10 18:00:00,56.68468996184028,2025_real
2025-07-10 19:00:00,50.722080296005636,2025_real
2025-07-10 20:00:00,44.877875333038986,2025_real
2025-07-10 21:00:00,41.20526807278202,2025_real
2025-07-10 22:00:00,39.68199790746902,2025_real
2025-07-10 23:00:00,36.85325939777926,2025_real
2025-07-11 00:00:00,35.00770761026631,2025_real
2025-07-11 01:00:00,34.28191262616651,2025_real
2025-07-11 02:00:00,33.563254136684854,2025_real
2025-07-11 03:00:00,34.76708094410803,2025_real
2025-07-11 04:00:00,35.83119341141065,2025_real
2025-07-11 05:00:00,33.75635118415012,2025_real
2025-07-11 06:00:00,36.226358591960036,2025_real
2025-07-11 07:00:00,44.71732095579026,2025_real
2025-07-11 08:00:00,54.506269434040576,2025_real
2025-07-11 09:00:00,59.315593318240516,2025_real
2025-07-11 10:00:00,61.573964361726496,2025_real
2025-07-11 11:00:00,63.10701243747482,2025_real
2025-07-11 12:00:00,63.53636623957105,2025_real
2025-07-11 13:00:00,64.64658340025872,2025_real
2025-07-11 14:00:00,63.77519132282458,2025_real
2025-07-11 15:00:00,62.44399479499317,2025_real
2025-07-11 16:00:00,60.17258367453381,2025_real
2025-07-11 17:00:00,55.22246622624002,2025_real
2025-07-11 18:00:00,48.152134446444705,2025_real
2025-07-11 19:00:00,44.11698898250198,2025_real
2025-07-11 20:00:00,41.14002917202232,2025_real
2025-07-11 21:00:00,39.661826393043114,2025_real
2025-07-11 22:00:00,37.886276984212955,2025_real
2025-07-11 23:00:00,36.39531123472521,2025_real
2025-07-12 00:00:00,34.562679850589056,2025_real
2025-07-12 01:00:00,34.136424310657624,2025_real
2025-07-12 02:00:00,33.352521462934135,2025_real
2025-07-12 03:00:00,32.56383147075857,2025_real
2025-07-12 04:00:00,32.57092332456972,2025_real
2025-07-12 05:00:00,33.30599116002587,2025_real
2025-07-12 06:00:00,34.09986339302877,2025_real
2025-07-12 07:00:00,33.31169566804343,2025_real
2025-07-12 08:00:00,34.16137367613757,2025_real
2025-07-12 09:00:00,34.51156206055351,2025_real
2025-07-12 10:00:00,35.853220645422894,2025_real
2025-07-12 11:00:00,37.64625046329586,2025_real
2025-07-12 12:00:00,38.39577336677981,2025_real
2025-07-12 13:00:00,39.33727906549167,2025_real
2025-07-12 14:00:00,39.779072979393426,2025_real
2025-07-12 15:00:00,39.64625475627092,2025_real
2025-07-12 16:00:00,40.27827218847223,2025_real
2025-07-12 17:00:00,40.476151789046156,2025_real
2025-07-12 18:00:00,40.2622495519833,2025_real
2025-07-12 19:00:00,41.087963038840954,2025_real
2025-07-12 20:00:00,39.27835901731773,2025_real
2025-07-12 21:00:00,38.24762797234605,2025_real
2025-07-12 22:00:00,37.120254073117664,2025_real
2025-07-12 23:00:00,36.06330142844221,2025_real
2025-07-13 00:00:00,35.33779646494064,2025_real
2025-07-13 01:00:00,32.93006900550891,2025_real
2025-07-13 02:00:00,34.145037153488076,2025_real
2025-07-13 03:00:00,32.58429091111705,2025_real
2025-07-13 04:00:00,34.41181958965573,2025_real
2025-07-13 05:00:00,34.69511463705324,2025_real
2025-07-13 06:00:00,33.4616630327866,2025_real
2025-07-13 07:00:00,33.93745697861766,2025_real
2025-07-13 08:00:00,33.35003077039184,2025_real
2025-07-13 09:00:00,33.63413866017302,2025_real
2025-07-13 10:00:00,34.39779505092667,2025_real
2025-07-13 11:00:00,36.335484438078495,2025_real
2025-07-13 12:00:00,38.1286263055684,2025_real
2025-07-13 13:00:00,40.03134818351495,2025_real
2025-07-13 14:00:00,40.142785134815796,2025_real
2025-07-13 15:00:00,40.42923443489922,2025_real
2025-07-13 16:00:00,41.534838087673265,2025_real
2025-07-13 17:00:00,41.20209159743396,2025_real
2025-07-13 18:00:00,42.15128103127808,2025_real
2025-07-13 19:00:00,41.2908365347586,2025_real
2025-07-13 20:00:00,40.18050571374434,2025_real
2025-07-13 21:00:00,39.35105362358429,2025_real
2025-07-13 22:00:00,36.473377106294635,2025_real
2025-07-13 23:00:00,35.6181013231762,2025_real
2025-07-14 00:00:00,33.4797707981933,2025_real
2025-07-14 01:00:00,32.939703306706235,2025_real
2025-07-14 02:00:00,33.544641563334174,2025_real
2025-07-14 03:00:00,32.544050965433186,2025_real
2025-07-14 04:00:00,33.38200149438177,2025_real
2025-07-14 05:00:00,34.28759710084924,2025_real
2025-07-14 06:00:00,36.05950706400401,2025_real
2025-07-14 07:00:00,44.91003575818314,2025_real
2025-07-14 08:00:00,56.28017880493084,2025_real
2025-07-14 09:00:00,61.45502882102349,2025_real
2025-07-14 10:00:00,64.83734036520052,2025_real
2025-07-14 11:00:00,65.81052033505857,2025_real
2025-07-14 12:00:00,66.78551045167089,2025_real
2025-07-14 13:00:00,66.99593126111603,2025_real
2025-07-14 14:00:00,67.4343381166031,2025_real
2025-07-14 15:00:00,67.17807797472176,2025_real
2025-07-14 16:00:00,66.09539234449144,2025_real
2025-07-14 17:00:00,64.53658663833679,2025_real
2025-07-14 18:00:00,55.36096208135973,2025_real
2025-07-14 19:00:00,45.269278324138554,2025_real
2025-07-14 20:00:00,40.50967941459615,2025_real
2025-07-14 21:00:00,37.17670985131134,2025_real
2025-07-14 22:00:00,37.25064781216918,2025_real
2025-07-14 23:00:00,35.159302153603825,2025_real
2025-07-15 00:00:00,34.14014728102408,2025_real
2025-07-15 01:00:00,32.81661826935375,2025_real
2025-07-15 02:00:00,32.8825643804979,2025_real
2025-07-15 03:00:00,33.86063518060152,2025_real
2025-07-15 04:00:00,32.905075015826554,2025_real
2025-07-15 05:00:00,33.33489977918279,2025_real
2025-07-15 06:00:00,35.610175386788896,2025_real
2025-07-15 07:00:00,46.54588080632283,2025_real
2025-07-15 08:00:00,57.90698242532066,2025_real
2025-07-15 09:00:00,63.862823659255284,2025_real
2025-07-15 10:00:00,66.42186935948128,2025_real
2025-07-15 11:00:00,69.2052072153466,2025_real
2025-07-15 12:00:00,68.73271011177737,2025_real
2025-07-15 13:00:00,69.1990310701076,2025_real
2025-07-15 14:00:00,68.98278818030352,2025_real
2025-07-15 15:00:00,69.56148448070053,2025_real
2025-07-15 16:00:00,69.22815588590485,2025_real
2025-07-15 17:00:00,67.27229283915318,2025_real
2025-07-15 18:00:00,62.768726117002686,2025_real
2025-07-15 19:00:00,53.74609735003541,2025_real
2025-07-15 20:00:00,48.08670226723755,2025_real
2025-07-15 21:00:00,44.64335847999777,2025_real
2025-07-15 22:00:00,42.66672365795039,2025_real
2025-07-15 23:00:00,41.75886200149395,2025_real
2025-07-16 00:00:00,38.551096847979295,2025_real
2025-07-16 01:00:00,37.88460752209066,2025_real
2025-07-16 02:00:00,37.0790624827752,2025_real
2025-07-16 03:00:00,37.797355994881656,2025_real
2025-07-16 04:00:00,36.90617395861128,2025_real
2025-07-16 05:00:00,37.601675929197164,2025_real
2025-07-16 06:00:00,38.410884364905726,2025_real
2025-07-16 07:00:00,46.08723290925812,2025_real
2025-07-16 08:00:00,57.42619731735219,2025_real
2025-07-16 09:00:00,63.07490053277928,2025_real
2025-07-16 10:00:00,66.1672297270815,2025_real
2025-07-16 11:00:00,67.77513194947653,2025_real
2025-07-16 12:00:00,68.68202546349849,2025_real
2025-07-16 13:00:00,69.3313741975615,2025_real
2025-07-16 14:00:00,68.90123929502951,2025_real
2025-07-16 15:00:00,69.30444416344633,2025_real
2025-07-16 16:00:00,68.4131951828503,2025_real
2025-07-16 17:00:00,65.69188925154738,2025_real
2025-07-16 18:00:00,58.38648583931588,2025_real
2025-07-16 19:00:00,49.582303109326446,2025_real
2025-07-16 20:00:00,44.01988828200304,2025_real
2025-07-16 21:00:00,40.02939987589288,2025_real
2025-07-16 22:00:00,37.656455794651905,2025_real
2025-07-16 23:00:00,36.25699473267015,2025_real
2025-07-17 00:00:00,35.335789888285035,2025_real
2025-07-17 01:00:00,34.96697910724387,2025_real
2025-07-17 02:00:00,34.05899367993424,2025_real
2025-07-17 03:00:00,33.83151393737371,2025_real
2025-07-17 04:00:00,36.013258993156164,2025_real
2025-07-17 05:00:00,34.600314963991096,2025_real
2025-07-17 06:00:00,36.93891010078279,2025_real
2025-07-17 07:00:00,47.82140589347331,2025_real
2025-07-17 08:00:00,57.5224546405539,2025_real
2025-07-17 09:00:00,63.08548108097124,2025_real
2025-07-17 10:00:00,65.1206514978259,2025_real
2025-07-17 11:00:00,67.4581168414233,2025_real
2025-07-17 12:00:00,68.6318934427458,2025_real
2025-07-17 13:00:00,68.46202214101461,2025_real
2025-07-17 14:00:00,68.68752961801195,2025_real
2025-07-17 15:00:00,68.71214404722986,2025_real
2025-07-17 16:00:00,67.48512074422362,2025_real
2025-07-17 17:00:00,65.47285940923844,2025_real
2025-07-17 18:00:00,59.58272765049668,2025_real
2025-07-17 19:00:00,50.34234011791525,2025_real
2025-07-17 20:00:00,44.73876343813269,2025_real
2025-07-17 21:00:00,41.05864450370274,2025_real
2025-07-17 22:00:00,38.18416829432522,2025_real
2025-07-17 23:00:00,36.41088987215299,2025_real
2025-07-18 00:00:00,35.41326396759493,2025_real
2025-07-18 01:00:00,34.997276350170225,2025_real
2025-07-18 02:00:00,33.98600182527835,2025_real
2025-07-18 03:00:00,33.87314678644379,2025_real
2025-07-18 04:00:00,34.38348179712771,2025_real
2025-07-18 05:00:00,35.33292239591454,2025_real
2025-07-18 06:00:00,36.94671090118349,2025_real
2025-07-18 07:00:00,47.054594448048704,2025_real
2025-07-18 08:00:00,56.81834433729318,2025_real
2025-07-18 09:00:00,61.58950913458747,2025_real
2025-07-18 10:00:00,64.10334838916151,2025_real
2025-07-18 11:00:00,65.44695804275861,2025_real
2025-07-18 12:00:00,66.9031132641147,2025_real
2025-07-18 13:00:00,67.5531804434328,2025_real
2025-07-18 14:00:00,67.3460612117448,2025_real
2025-07-18 15:00:00,66.45979252801871,2025_real
2025-07-18 16:00:00,64.12430433606266,2025_real
2025-07-18 17:00:00,58.95889155534489,2025_real
2025-07-18 18:00:00,51.574884301630945,2025_real
2025-07-18 19:00:00,47.0108461233134,2025_real
2025-07-18 20:00:00,44.334424173286266,2025_real
2025-07-18 21:00:00,41.556552810713136,2025_real
2025-07-18 22:00:00,38.5937952901607,2025_real
2025-07-18 23:00:00,36.4153869315372,2025_real
2025-07-19 00:00:00,35.2015968374334,2025_real
2025-07-19 01:00:00,34.18728651024346,2025_real
2025-07-19 02:00:00,33.42225582892587,2025_real
2025-07-19 03:00:00,33.872379671917514,2025_real
2025-07-19 04:00:00,33.46728801350288,2025_real
2025-07-19 05:00:00,34.36782263873934,2025_real
2025-07-19 06:00:00,34.67684727145034,2025_real
2025-07-19 07:00:00,34.33486728663698,2025_real
2025-07-19 08:00:00,35.93954214779789,2025_real
2025-07-19 09:00:00,36.39904722839623,2025_real
2025-07-19 10:00:00,38.77413415768093,2025_real
2025-07-19 11:00:00,40.635194161031094,2025_real
2025-07-19 12:00:00,41.61736391263017,2025_real
2025-07-19 13:00:00,43.57388993058065,2025_real
2025-07-19 14:00:00,45.491668537371595,2025_real
2025-07-19 15:00:00,45.73642672775872,2025_real
2025-07-19 16:00:00,45.62756519330186,2025_real
2025-07-19 17:00:00,45.585163970950724,2025_real
2025-07-19 18:00:00,43.28724188410223,2025_real
2025-07-19 19:00:00,42.36636909858568,2025_real
2025-07-19 20:00:00,41.74622126703915,2025_real
2025-07-19 21:00:00,40.23435434373218,2025_real
2025-07-19 22:00:00,39.866186479034596,2025_real
2025-07-19 23:00:00,39.00130999969176,2025_real
2025-07-20 00:00:00,37.84879823910184,2025_real
2025-07-20 01:00:00,36.748622492782815,2025_real
2025-07-20 02:00:00,35.97999207952281,2025_real
2025-07-20 03:00:00,36.03109663969721,2025_real
2025-07-20 04:00:00,36.56393769087719,2025_real
2025-07-20 05:00:00,35.11342491376838,2025_real
2025-07-20 06:00:00,35.09892379649885,2025_real
2025-07-20 07:00:00,36.08904302483418,2025_real
2025-07-20 08:00:00,35.302660186258834,2025_real
2025-07-20 09:00:00,36.15516587066719,2025_real
2025-07-20 10:00:00,36.78850892226606,2025_real
2025-07-20 11:00:00,39.454070444406554,2025_real
2025-07-20 12:00:00,41.36765291490534,2025_real
2025-07-20 13:00:00,42.990673875144196,2025_real
2025-07-20 14:00:00,43.998978847736296,2025_real
2025-07-20 15:00:00,45.58645806863659,2025_real
2025-07-20 16:00:00,45.11699795827526,2025_real
2025-07-20 17:00:00,45.81566349049305,2025_real
2025-07-20 18:00:00,45.64599870528603,2025_real
2025-07-20 19:00:00,44.53387348468653,2025_real
2025-07-20 20:00:00,43.9040683864003,2025_real
2025-07-20 21:00:00,41.25910265613807,2025_real
2025-07-20 22:00:00,40.673350500615626,2025_real
2025-07-20 23:00:00,38.20646115125615,2025_real
2025-07-21 00:00:00,37.45650522439688,2025_real
2025-07-21 01:00:00,36.672621609121464,2025_real
2025-07-21 02:00:00,36.6872519001146,2025_real
2025-07-21 03:00:00,35.74282548152121,2025_real
2025-07-21 04:00:00,35.66238145143064,2025_real
2025-07-21 05:00:00,37.04187783674688,2025_real
2025-07-21 06:00:00,38.49742968257671,2025_real
2025-07-21 07:00:00,47.664748009985296,2025_real
2025-07-21 08:00:00,59.41238798441549,2025_real
2025-07-21 09:00:00,65.89542980352212,2025_real
2025-07-21 10:00:00,68.91862810141609,2025_real
2025-07-21 11:00:00,70.5481493768121,2025_real
2025-07-21 12:00:00,72.04788841463034,2025_real
2025-07-21 13:00:00,72.47335208050606,2025_real
2025-07-21 14:00:00,72.62378898635404,2025_real
2025-07-21 15:00:00,72.75909358726054,2025_real
2025-07-21 16:00:00,72.1334881154,2025_real
2025-07-21 17:00:00,69.75425515510724,2025_real
2025-07-21 18:00:00,63.378235275152306,2025_real
2025-07-21 19:00:00,53.08966154869594,2025_real
2025-07-21 20:00:00,47.361836823471734,2025_real
2025-07-21 21:00:00,43.78600615116865,2025_real
2025-07-21 22:00:00,41.66157488431763,2025_real
2025-07-21 23:00:00,40.39742672278524,2025_real
2025-07-22 00:00:00,39.628514100681066,2025_real
2025-07-22 01:00:00,39.32962561883632,2025_real
2025-07-22 02:00:00,38.864396022981374,2025_real
2025-07-22 03:00:00,38.302864724296086,2025_real
2025-07-22 04:00:00,38.78845112590432,2025_real
2025-07-22 05:00:00,39.21417186187139,2025_real
2025-07-22 06:00:00,42.13634367156217,2025_real
2025-07-22 07:00:00,51.716827847938276,2025_real
2025-07-22 08:00:00,63.62100456527407,2025_real
2025-07-22 09:00:00,68.93454808925054,2025_real
2025-07-22 10:00:00,71.17291691237708,2025_real
2025-07-22 11:00:00,71.71015457153906,2025_real
2025-07-22 12:00:00,72.35625944344048,2025_real
2025-07-22 13:00:00,73.3649903447909,2025_real
2025-07-22 14:00:00,73.12033998028569,2025_real
2025-07-22 15:00:00,73.10991706527538,2025_real
2025-07-22 16:00:00,72.19956107396403,2025_real
2025-07-22 17:00:00,68.6513059869186,2025_real
2025-07-22 18:00:00,61.096315041877006,2025_real
2025-07-22 19:00:00,54.24036900939195,2025_real
2025-07-22 20:00:00,44.949977036195556,2025_real
2025-07-22 21:00:00,42.180053288276525,2025_real
2025-07-22 22:00:00,38.79825262849997,2025_real
2025-07-22 23:00:00,37.68061357799685,2025_real
2025-07-23 00:00:00,37.145835570020765,2025_real
2025-07-23 01:00:00,35.748753186783745,2025_real
2025-07-23 02:00:00,35.12618422834724,2025_real
2025-07-23 03:00:00,35.37052767716836,2025_real
2025-07-23 04:00:00,35.16642719782746,2025_real
2025-07-23 05:00:00,36.69749168431486,2025_real
2025-07-23 06:00:00,37.934310306937505,2025_real
2025-07-23 07:00:00,48.32139437179076,2025_real
2025-07-23 08:00:00,59.599889928953985,2025_real
2025-07-23 09:00:00,65.35731128112911,2025_real
2025-07-23 10:00:00,67.95502136268405,2025_real
2025-07-23 11:00:00,69.6688708539229,2025_real
2025-07-23 12:00:00,71.17161246684671,2025_real
2025-07-23 13:00:00,71.99514462462909,2025_real
2025-07-23 14:00:00,71.98553266105213,2025_real
2025-07-23 15:00:00,71.42798754156891,2025_real
2025-07-23 16:00:00,70.07352655386022,2025_real
2025-07-23 17:00:00,67.50089702608327,2025_real
2025-07-23 18:00:00,61.02103971945675,2025_real
2025-07-23 19:00:00,50.1935267478193,2025_real
2025-07-23 20:00:00,43.80523708259742,2025_real
2025-07-23 21:00:00,40.17771235387521,2025_real
2025-07-23 22:00:00,36.64724128530725,2025_real
2025-07-23 23:00:00,35.559642465838145,2025_real
2025-07-24 00:00:00,34.05658095346182,2025_real
2025-07-24 01:00:00,34.534504995906076,2025_real
2025-07-24 02:00:00,33.34458760848134,2025_real
2025-07-24 03:00:00,33.971534201082214,2025_real
2025-07-24 04:00:00,33.803587446556094,2025_real
2025-07-24 05:00:00,33.36108528111072,2025_real
2025-07-24 06:00:00,35.923399838813154,2025_real
2025-07-24 07:00:00,45.66903602599171,2025_real
2025-07-24 08:00:00,58.29863156184142,2025_real
2025-07-24 09:00:00,63.74262458092643,2025_real
2025-07-24 10:00:00,66.69881860223418,2025_real
2025-07-24 11:00:00,68.41455292335837,2025_real
2025-07-24 12:00:00,68.52632506934742,2025_real
2025-07-24 13:00:00,69.18430431237068,2025_real
2025-07-24 14:00:00,70.3664629592503,2025_real
2025-07-24 15:00:00,69.37396030704537,2025_real
2025-07-24 16:00:00,68.28870930454505,2025_real
2025-07-24 17:00:00,67.20308638840575,2025_real
2025-07-24 18:00:00,60.56319823521001,2025_real
2025-07-24 19:00:00,51.27353782037675,2025_real
2025-07-24 20:00:00,44.59072905667773,2025_real
2025-07-24 21:00:00,41.13434536622833,2025_real
2025-07-24 22:00:00,39.20815347053461,2025_real
2025-07-24 23:00:00,36.15120499386774,2025_real
2025-07-25 00:00:00,45.32802783328957,2025_real
2025-07-25 01:00:00,45.672866005493326,2025_real
2025-07-25 02:00:00,41.8980866140247,2025_real
2025-07-25 03:00:00,40.715647122162565,2025_real
2025-07-25 04:00:00,42.45640927359196,2025_real
2025-07-25 05:00:00,47.04228564270807,2025_real
2025-07-25 06:00:00,44.104783732177836,2025_real
2025-07-25 07:00:00,51.65981295394858,2025_real
2025-07-25 08:00:00,59.394176201872774,2025_real
2025-07-25 09:00:00,71.85987472212527,2025_real
2025-07-25 10:00:00,72.38028060202377,2025_real
2025-07-25 11:00:00,73.91562235586267,2025_real
2025-07-25 12:00:00,74.42402332181867,2025_real
2025-07-25 13:00:00,74.64707325269897,2025_real
2025-07-25 14:00:00,71.7556176852798,2025_real
2025-07-25 15:00:00,71.33216776363554,2025_real
2025-07-25 16:00:00,68.4344571119478,2025_real
2025-07-25 17:00:00,69.85490236271255,2025_real
2025-07-25 18:00:00,58.37842402732808,2025_real
2025-07-25 19:00:00,53.030759461567264,2025_real
2025-07-25 20:00:00,52.15737065532707,2025_real
2025-07-25 21:00:00,47.60701734101488,2025_real
2025-07-25 22:00:00,51.36896308606537,2025_real
2025-07-25 23:00:00,44.59341103207642,2025_real
2025-07-26 00:00:00,45.25407727780428,2025_real
2025-07-26 01:00:00,46.5036127331078,2025_real
2025-07-26 02:00:00,44.06105473802855,2025_real
2025-07-26 03:00:00,44.18215227125998,2025_real
2025-07-26 04:00:00,43.42923344437286,2025_real
2025-07-26 05:00:00,43.69393706855592,2025_real
2025-07-26 06:00:00,42.86679236333267,2025_real
2025-07-26 07:00:00,43.45101362952127,2025_real
2025-07-26 08:00:00,47.86940608892846,2025_real
2025-07-26 09:00:00,45.870824616278185,2025_real
2025-07-26 10:00:00,46.06823145940197,2025_real
2025-07-26 11:00:00,48.374920073362716,2025_real
2025-07-26 12:00:00,53.525338703285136,2025_real
2025-07-26 13:00:00,54.16239226140115,2025_real
2025-07-26 14:00:00,54.142267239478215,2025_real
2025-07-26 15:00:00,53.765017619865866,2025_real
2025-07-26 16:00:00,54.76794153469806,2025_real
2025-07-26 17:00:00,51.91265300014209,2025_real
2025-07-26 18:00:00,52.439081313908076,2025_real
2025-07-26 19:00:00,54.016533814399565,2025_real
2025-07-26 20:00:00,52.47407050269679,2025_real
2025-07-26 21:00:00,46.76405803266193,2025_real
2025-07-26 22:00:00,44.16402093372026,2025_real
2025-07-26 23:00:00,45.469939787705506,2025_real
2025-07-27 00:00:00,47.16772716217274,2025_real
2025-07-27 01:00:00,39.636148352627146,2025_real
2025-07-27 02:00:00,43.68691557966464,2025_real
2025-07-27 03:00:00,39.74462418030867,2025_real
2025-07-27 04:00:00,41.510453069436394,2025_real
2025-07-27 05:00:00,42.050027658376564,2025_real
2025-07-27 06:00:00,41.861657780834996,2025_real
2025-07-27 07:00:00,41.63954460551872,2025_real
2025-07-27 08:00:00,43.59227998908106,2025_real
2025-07-27 09:00:00,41.28545054709475,2025_real
2025-07-27 10:00:00,40.14159058897264,2025_real
2025-07-27 11:00:00,47.125261953875075,2025_real
2025-07-27 12:00:00,48.23817153074875,2025_real
2025-07-27 13:00:00,50.60604648845561,2025_real
2025-07-27 14:00:00,45.708250338716944,2025_real
2025-07-27 15:00:00,49.90433634069373,2025_real
2025-07-27 16:00:00,50.880639878823835,2025_real
2025-07-27 17:00:00,47.26389096789969,2025_real
2025-07-27 18:00:00,48.804228420898816,2025_real
2025-07-27 19:00:00,46.91587232199924,2025_real
2025-07-27 20:00:00,49.70276183936198,2025_real
2025-07-27 21:00:00,49.056740937959546,2025_real
2025-07-27 22:00:00,40.250145451540355,2025_real
2025-07-27 23:00:00,47.486790500084375,2025_real
2025-07-28 00:00:00,38.34498298812944,2025_real
2025-07-28 01:00:00,42.27437190545322,2025_real
2025-07-28 02:00:00,42.12308346758557,2025_real
2025-07-28 03:00:00,37.300073425223076,2025_real
2025-07-28 04:00:00,40.98612358338477,2025_real
2025-07-28 05:00:00,40.283514462277104,2025_real
2025-07-28 06:00:00,43.57590309258045,2025_real
2025-07-28 07:00:00,52.34470674023275,2025_real
2025-07-28 08:00:00,65.80234474704801,2025_real
2025-07-28 09:00:00,69.64428440193213,2025_real
2025-07-28 10:00:00,71.26171270352398,2025_real
2025-07-28 11:00:00,74.81073553209686,2025_real
2025-07-28 12:00:00,74.35761718457024,2025_real
2025-07-28 13:00:00,75.57128819305524,2025_real
2025-07-28 14:00:00,72.20763251882087,2025_real
2025-07-28 15:00:00,71.2335185409987,2025_real
2025-07-28 16:00:00,71.04997923802146,2025_real
2025-07-28 17:00:00,68.62548718909888,2025_real
2025-07-28 18:00:00,65.75731182746112,2025_real
2025-07-28 19:00:00,55.610901150105974,2025_real
2025-07-28 20:00:00,46.85456217748497,2025_real
2025-07-28 21:00:00,46.99640874302037,2025_real
2025-07-28 22:00:00,45.300539180185126,2025_real
2025-07-28 23:00:00,41.50636330490777,2025_real
2025-07-29 00:00:00,38.468035863218745,2025_real
2025-07-29 01:00:00,42.85246186340912,2025_real
2025-07-29 02:00:00,39.54424321984931,2025_real
2025-07-29 03:00:00,40.19978803542765,2025_real
2025-07-29 04:00:00,38.72516726169203,2025_real
2025-07-29 05:00:00,38.17984524461296,2025_real
2025-07-29 06:00:00,39.38145485417138,2025_real
2025-07-29 07:00:00,53.3077216661608,2025_real
2025-07-29 08:00:00,62.60168272725621,2025_real
2025-07-29 09:00:00,65.09951791956554,2025_real
2025-07-29 10:00:00,67.25502144317583,2025_real
2025-07-29 11:00:00,68.99847100308182,2025_real
2025-07-29 12:00:00,69.88306894069457,2025_real
2025-07-29 13:00:00,70.36373958286867,2025_real
2025-07-29 14:00:00,70.54248528552459,2025_real
2025-07-29 15:00:00,70.9976252961056,2025_real
2025-07-29 16:00:00,69.48375742402467,2025_real
2025-07-29 17:00:00,67.6640411546345,2025_real
2025-07-29 18:00:00,60.23595988616955,2025_real
2025-07-29 19:00:00,50.013333758012294,2025_real
2025-07-29 20:00:00,44.19826387452291,2025_real
2025-07-29 21:00:00,39.80731600746344,2025_real
2025-07-29 22:00:00,36.86012054085408,2025_real
2025-07-29 23:00:00,35.71526619422579,2025_real
2025-07-30 00:00:00,34.28669175636374,2025_real
2025-07-30 01:00:00,38.09369701448937,2025_real
2025-07-30 02:00:00,35.34583443536093,2025_real
2025-07-30 03:00:00,33.31830449266488,2025_real
2025-07-30 04:00:00,33.96226496610829,2025_real
2025-07-30 05:00:00,35.91073350940904,2025_real
2025-07-30 06:00:00,36.23034213182045,2025_real
2025-07-30 07:00:00,47.13830941162544,2025_real
2025-07-30 08:00:00,58.09977999841499,2025_real
2025-07-30 09:00:00,63.18336363331738,2025_real
2025-07-30 10:00:00,66.1560136126277,2025_real
2025-07-30 11:00:00,67.61126483902206,2025_real
2025-07-30 12:00:00,68.4921044213769,2025_real
2025-07-30 13:00:00,69.94233986920531,2025_real
2025-07-30 14:00:00,69.50495639787522,2025_real
2025-07-30 15:00:00,69.2690771046021,2025_real
2025-07-30 16:00:00,68.4498035939643,2025_real
2025-07-30 17:00:00,66.35866843392392,2025_real
2025-07-30 18:00:00,59.28462447886185,2025_real
2025-07-30 19:00:00,50.00689086667331,2025_real
2025-07-30 20:00:00,44.27984281681627,2025_real
2025-07-30 21:00:00,40.50561223261664,2025_real
2025-07-30 22:00:00,37.56643165169956,2025_real
2025-07-30 23:00:00,36.80002970692385,2025_real
2025-07-31 00:00:00,35.54242305519722,2025_real
2025-07-31 01:00:00,37.13345206379722,2025_real
2025-07-31 02:00:00,36.98222077461497,2025_real
2025-07-31 03:00:00,35.56718722285712,2025_real
2025-07-31 04:00:00,36.05593755884297,2025_real
2025-07-31 05:00:00,36.63667317317932,2025_real
2025-07-31 06:00:00,39.22359217558124,2025_real
2025-07-31 07:00:00,48.11871955012127,2025_real
2025-07-31 08:00:00,59.91684905914106,2025_real
2025-07-31 09:00:00,65.74013721807566,2025_real
2025-07-31 10:00:00,68.86072749771986,2025_real
2025-07-31 11:00:00,71.53515112816272,2025_real
2025-07-31 12:00:00,72.6131461440207,2025_real
2025-07-31 13:00:00,72.40493340941003,2025_real
2025-07-31 14:00:00,73.73224694491127,2025_real
2025-07-31 15:00:00,73.44122991918461,2025_real
2025-07-31 16:00:00,72.2329391471631,2025_real
2025-07-31 17:00:00,69.59455891386628,2025_real
2025-07-31 18:00:00,63.245063710665484,2025_real
2025-07-31 19:00:00,54.20885428379398,2025_real
2025-07-31 20:00:00,48.954063131099,2025_real
2025-07-31 21:00:00,45.541259582007754,2025_real
2025-07-31 22:00:00,42.602896715767116,2025_real
2025-07-31 23:00:00,40.601406349901964,2025_real
2025-08-01 00:00:00,39.41745343288168,2025_real
2025-08-01 01:00:00,39.303898259903,2025_real
2025-08-01 02:00:00,38.45051534285083,2025_real
2025-08-01 03:00:00,38.513502350074305,2025_real
2025-08-01 04:00:00,38.54804892706842,2025_real
2025-08-01 05:00:00,40.04175993882755,2025_real
2025-08-01 06:00:00,41.54024976076715,2025_real
2025-08-01 07:00:00,50.24418830797496,2025_real
2025-08-01 08:00:00,60.81931681201773,2025_real
2025-08-01 09:00:00,65.54644562368239,2025_real
2025-08-01 10:00:00,68.0313351369544,2025_real
2025-08-01 11:00:00,69.44274287680801,2025_real
2025-08-01 12:00:00,69.4880943221091,2025_real
2025-08-01 13:00:00,70.25552044476055,2025_real
2025-08-01 14:00:00,69.45672163809317,2025_real
2025-08-01 15:00:00,68.23911891383409,2025_real
2025-08-01 16:00:00,66.28568464362087,2025_real
2025-08-01 17:00:00,61.69150253387855,2025_real
2025-08-01 18:00:00,54.73838367235169,2025_real
2025-08-01 19:00:00,49.147876150882105,2025_real
2025-08-01 20:00:00,46.37618889814758,2025_real
2025-08-01 21:00:00,42.86235798883584,2025_real
2025-08-01 22:00:00,49.78146213877653,2025_real
2025-08-01 23:00:00,48.325907512755165,2025_real
2025-08-02 00:00:00,41.84699778427467,2025_real
2025-08-02 01:00:00,45.869173831648276,2025_real
2025-08-02 02:00:00,42.675724592415804,2025_real
2025-08-02 03:00:00,38.858589650022104,2025_real
2025-08-02 04:00:00,39.067362132113026,2025_real
2025-08-02 05:00:00,41.73285018539845,2025_real
2025-08-02 06:00:00,45.12610795931176,2025_real
2025-08-02 07:00:00,44.59968147823033,2025_real
2025-08-02 08:00:00,45.22813732086159,2025_real
2025-08-02 09:00:00,50.0705938514941,2025_real
2025-08-02 10:00:00,45.08268150979609,2025_real
2025-08-02 11:00:00,49.371830405864074,2025_real
2025-08-02 12:00:00,51.902237822458275,2025_real
2025-08-02 13:00:00,51.28323402512189,2025_real
2025-08-02 14:00:00,53.05738788807108,2025_real
2025-08-02 15:00:00,51.0274877255428,2025_real
2025-08-02 16:00:00,56.47385297650736,2025_real
2025-08-02 17:00:00,51.83505302078262,2025_real
2025-08-02 18:00:00,57.11100354637324,2025_real
2025-08-02 19:00:00,51.97264920224581,2025_real
2025-08-02 20:00:00,52.787656068460144,2025_real
2025-08-02 21:00:00,48.657708272027236,2025_real
2025-08-02 22:00:00,45.845948644545956,2025_real
2025-08-02 23:00:00,44.05729571233814,2025_real
2025-08-03 00:00:00,43.8906551579606,2025_real
2025-08-03 01:00:00,44.190915698721895,2025_real
2025-08-03 02:00:00,41.520039171563006,2025_real
2025-08-03 03:00:00,42.295708174898444,2025_real
2025-08-03 04:00:00,41.55986813428026,2025_real
2025-08-03 05:00:00,47.48274516121309,2025_real
2025-08-03 06:00:00,42.53619183757193,2025_real
2025-08-03 07:00:00,45.87917680786661,2025_real
2025-08-03 08:00:00,43.17866267336418,2025_real
2025-08-03 09:00:00,42.905712911755,2025_real
2025-08-03 10:00:00,40.42931337477985,2025_real
2025-08-03 11:00:00,44.62323530893345,2025_real
2025-08-03 12:00:00,47.13221653010823,2025_real
2025-08-03 13:00:00,52.12085235900365,2025_real
2025-08-03 14:00:00,49.30284963696834,2025_real
2025-08-03 15:00:00,52.11650576539688,2025_real
2025-08-03 16:00:00,50.80875727309635,2025_real
2025-08-03 17:00:00,52.68541493300996,2025_real
2025-08-03 18:00:00,48.66512088051488,2025_real
2025-08-03 19:00:00,52.02719959677869,2025_real
2025-08-03 20:00:00,44.956340823001675,2025_real
2025-08-03 21:00:00,43.56923853557273,2025_real
2025-08-03 22:00:00,41.176578307965016,2025_real
2025-08-03 23:00:00,47.15459393927021,2025_real
2025-08-04 00:00:00,41.88239394828122,2025_real
2025-08-04 01:00:00,39.593194521414446,2025_real
2025-08-04 02:00:00,42.691061533901525,2025_real
2025-08-04 03:00:00,40.732890091954985,2025_real
2025-08-04 04:00:00,43.98963437979318,2025_real
2025-08-04 05:00:00,37.34640244253331,2025_real
2025-08-04 06:00:00,41.90436021480791,2025_real
2025-08-04 07:00:00,50.931120128671076,2025_real
2025-08-04 08:00:00,59.337916442729245,2025_real
2025-08-04 09:00:00,71.65278589770656,2025_real
2025-08-04 10:00:00,71.05264499707204,2025_real
2025-08-04 11:00:00,74.08388390846,2025_real
2025-08-04 12:00:00,77.98618752069002,2025_real
2025-08-04 13:00:00,73.35859901249634,2025_real
2025-08-04 14:00:00,72.70405164555696,2025_real
2025-08-04 15:00:00,73.6070421137088,2025_real
2025-08-04 16:00:00,74.22093146195809,2025_real
2025-08-04 17:00:00,68.73582699066122,2025_real
2025-08-04 18:00:00,62.867384140831646,2025_real
2025-08-04 19:00:00,55.77649788586862,2025_real
2025-08-04 20:00:00,47.943045229199946,2025_real
2025-08-04 21:00:00,39.90873821018182,2025_real
2025-08-04 22:00:00,40.011039971886774,2025_real
2025-08-04 23:00:00,44.0713916707032,2025_real
2025-08-05 00:00:00,40.96369570303862,2025_real
2025-08-05 01:00:00,38.08559602417214,2025_real
2025-08-05 02:00:00,39.321166318670905,2025_real
2025-08-05 03:00:00,39.96949994680919,2025_real
2025-08-05 04:00:00,40.91803770350177,2025_real
2025-08-05 05:00:00,37.224517360557655,2025_real
2025-08-05 06:00:00,40.66146448204667,2025_real
2025-08-05 07:00:00,52.57377443254294,2025_real
2025-08-05 08:00:00,63.995637164489,2025_real
2025-08-05 09:00:00,71.13925192968064,2025_real
2025-08-05 10:00:00,69.42367472447718,2025_real
2025-08-05 11:00:00,74.5106062991779,2025_real
2025-08-05 12:00:00,76.7461245131886,2025_real
2025-08-05 13:00:00,76.34669838829176,2025_real
2025-08-05 14:00:00,75.93623869827972,2025_real
2025-08-05 15:00:00,75.28155645224977,2025_real
2025-08-05 16:00:00,72.96199642967998,2025_real
2025-08-05 17:00:00,71.78046481307419,2025_real
2025-08-05 18:00:00,67.74639489788623,2025_real
2025-08-05 19:00:00,55.72544686823126,2025_real
2025-08-05 20:00:00,48.3477539973791,2025_real
2025-08-05 21:00:00,46.48180364255357,2025_real
2025-08-05 22:00:00,45.86703717003689,2025_real
2025-08-05 23:00:00,42.67460221461282,2025_real
2025-08-06 00:00:00,44.14409402770456,2025_real
2025-08-06 01:00:00,43.85281207831106,2025_real
2025-08-06 02:00:00,43.73321244732012,2025_real
2025-08-06 03:00:00,44.876817787383494,2025_real
2025-08-06 04:00:00,44.94369212247051,2025_real
2025-08-06 05:00:00,41.280895093667205,2025_real
2025-08-06 06:00:00,42.389308044074276,2025_real
2025-08-06 07:00:00,53.645976820350974,2025_real
2025-08-06 08:00:00,64.02853753105107,2025_real
2025-08-06 09:00:00,68.22943096496402,2025_real
2025-08-06 10:00:00,72.38341083975257,2025_real
2025-08-06 11:00:00,73.7019590154744,2025_real
2025-08-06 12:00:00,74.48345375777025,2025_real
2025-08-06 13:00:00,75.84352872526114,2025_real
2025-08-06 14:00:00,78.49160360512931,2025_real
2025-08-06 15:00:00,75.85878077036848,2025_real
2025-08-06 16:00:00,79.76197352620191,2025_real
2025-08-06 17:00:00,72.49233952173685,2025_real
2025-08-06 18:00:00,65.24210177253704,2025_real
2025-08-06 19:00:00,56.5599970190763,2025_real
2025-08-06 20:00:00,51.155813696059084,2025_real
2025-08-06 21:00:00,49.19830580242042,2025_real
2025-08-06 22:00:00,49.96709620242032,2025_real
2025-08-06 23:00:00,42.20968251824042,2025_real
2025-08-07 00:00:00,44.51995049169445,2025_real
2025-08-07 01:00:00,44.15861578447116,2025_real
2025-08-07 02:00:00,39.285579759236136,2025_real
2025-08-07 03:00:00,43.70640427526755,2025_real
2025-08-07 04:00:00,44.674841634456456,2025_real
2025-08-07 05:00:00,40.58242578837142,2025_real
2025-08-07 06:00:00,44.797941417660816,2025_real
2025-08-07 07:00:00,50.57356362730462,2025_real
2025-08-07 08:00:00,62.559043721768845,2025_real
2025-08-07 09:00:00,72.36383782886624,2025_real
2025-08-07 10:00:00,72.36510475534108,2025_real
2025-08-07 11:00:00,72.72320951693645,2025_real
2025-08-07 12:00:00,76.07836305761178,2025_real
2025-08-07 13:00:00,75.13090026940972,2025_real
2025-08-07 14:00:00,75.46312526836392,2025_real
2025-08-07 15:00:00,76.991981763182,2025_real
2025-08-07 16:00:00,72.28519714655641,2025_real
2025-08-07 17:00:00,70.03401099613522,2025_real
2025-08-07 18:00:00,65.58422746809336,2025_real
2025-08-07 19:00:00,58.369412889512525,2025_real
2025-08-07 20:00:00,53.82767786664617,2025_real
2025-08-07 21:00:00,47.596075760769345,2025_real
2025-08-07 22:00:00,49.1208775587937,2025_real
2025-08-07 23:00:00,43.475976039670634,2025_real
2025-08-08 00:00:00,47.52237202758307,2025_real
2025-08-08 01:00:00,41.58267232649393,2025_real
2025-08-08 02:00:00,46.02335013745048,2025_real
2025-08-08 03:00:00,42.67428035126449,2025_real
2025-08-08 04:00:00,47.64987015445734,2025_real
2025-08-08 05:00:00,46.43498725714729,2025_real
2025-08-08 06:00:00,43.1381593746881,2025_real
2025-08-08 07:00:00,52.010163847958296,2025_real
2025-08-08 08:00:00,64.70135632165712,2025_real
2025-08-08 09:00:00,70.43240202301399,2025_real
2025-08-08 10:00:00,70.55224842689843,2025_real
2025-08-08 11:00:00,72.43669038693896,2025_real
2025-08-08 12:00:00,73.9970633502028,2025_real
2025-08-08 13:00:00,73.73979619692876,2025_real
2025-08-08 14:00:00,69.61609855532815,2025_real
2025-08-08 15:00:00,70.00827449997269,2025_real
2025-08-08 16:00:00,69.78582785233496,2025_real
2025-08-08 17:00:00,66.96069743209948,2025_real
2025-08-08 18:00:00,60.54015940407571,2025_real
2025-08-08 19:00:00,55.566204433914635,2025_real
2025-08-08 20:00:00,51.79396625734949,2025_real
2025-08-08 21:00:00,51.19542863381646,2025_real
2025-08-08 22:00:00,46.94125306784407,2025_real
2025-08-08 23:00:00,45.62901363985527,2025_real
2025-08-09 00:00:00,42.551646702301674,2025_real
2025-08-09 01:00:00,41.78334824430897,2025_real
2025-08-09 02:00:00,43.956605942665604,2025_real
2025-08-09 03:00:00,44.367811219636636,2025_real
2025-08-09 04:00:00,44.809492211665216,2025_real
2025-08-09 05:00:00,44.92268563951308,2025_real
2025-08-09 06:00:00,44.53762690643739,2025_real
2025-08-09 07:00:00,45.50269074787222,2025_real
2025-08-09 08:00:00,44.76512883047752,2025_real
2025-08-09 09:00:00,46.93414024318827,2025_real
2025-08-09 10:00:00,46.18987578735877,2025_real
2025-08-09 11:00:00,50.181691747591415,2025_real
2025-08-09 12:00:00,52.64448392462182,2025_real
2025-08-09 13:00:00,51.41903029839188,2025_real
2025-08-09 14:00:00,53.10532088896624,2025_real
2025-08-09 15:00:00,53.018490855721815,2025_real
2025-08-09 16:00:00,52.52504700294423,2025_real
2025-08-09 17:00:00,50.931028818043295,2025_real
2025-08-09 18:00:00,55.549711789765766,2025_real
2025-08-09 19:00:00,54.21205731466898,2025_real
2025-08-09 20:00:00,51.78716591864483,2025_real
2025-08-09 21:00:00,52.788181574797086,2025_real
2025-08-09 22:00:00,45.52272568721999,2025_real
2025-08-09 23:00:00,51.43075410712977,2025_real
2025-08-10 00:00:00,43.18374663205974,2025_real
2025-08-10 01:00:00,44.062840684093864,2025_real
2025-08-10 02:00:00,42.30816492265372,2025_real
2025-08-10 03:00:00,43.30996371822645,2025_real
2025-08-10 04:00:00,44.50802202487237,2025_real
2025-08-10 05:00:00,42.560881192645105,2025_real
2025-08-10 06:00:00,46.34232806677939,2025_real
2025-08-10 07:00:00,43.215763549931935,2025_real
2025-08-10 08:00:00,44.12916704347072,2025_real
2025-08-10 09:00:00,40.52330155673932,2025_real
2025-08-10 10:00:00,43.97730767700168,2025_real
2025-08-10 11:00:00,45.26160919212138,2025_real
2025-08-10 12:00:00,45.46254100832592,2025_real
2025-08-10 13:00:00,47.303197964859436,2025_real
2025-08-10 14:00:00,54.29853429002866,2025_real
2025-08-10 15:00:00,48.757478503649146,2025_real
2025-08-10 16:00:00,46.531018980924436,2025_real
2025-08-10 17:00:00,47.94291753675718,2025_real
2025-08-10 18:00:00,48.68036291262951,2025_real
2025-08-10 19:00:00,48.26775158743367,2025_real
2025-08-10 20:00:00,47.07754091181504,2025_real
2025-08-10 21:00:00,46.51201412473482,2025_real
2025-08-10 22:00:00,42.32914017858712,2025_real
2025-08-10 23:00:00,43.09531978619669,2025_real
2025-08-11 00:00:00,38.4248522911438,2025_real
2025-08-11 01:00:00,39.01094682160368,2025_real
2025-08-11 02:00:00,38.272580895762204,2025_real
2025-08-11 03:00:00,36.907115142946196,2025_real
2025-08-11 04:00:00,42.150409340719946,2025_real
2025-08-11 05:00:00,41.907044168993075,2025_real
2025-08-11 06:00:00,44.43714523863654,2025_real
2025-08-11 07:00:00,51.954479795226,2025_real
2025-08-11 08:00:00,64.94681976430684,2025_real
2025-08-11 09:00:00,65.89883928692021,2025_real
2025-08-11 10:00:00,73.3640883105694,2025_real
2025-08-11 11:00:00,72.93678957651017,2025_real
2025-08-11 12:00:00,74.45287738489657,2025_real
2025-08-11 13:00:00,74.85390461243668,2025_real
2025-08-11 14:00:00,71.5500426731648,2025_real
2025-08-11 15:00:00,70.3101986819768,2025_real
2025-08-11 16:00:00,70.75565195365749,2025_real
2025-08-11 17:00:00,71.04349003229608,2025_real
2025-08-11 18:00:00,65.56132508144458,2025_real
2025-08-11 19:00:00,50.831078510833464,2025_real
2025-08-11 20:00:00,45.17021499837751,2025_real
2025-08-11 21:00:00,42.603575527762544,2025_real
2025-08-11 22:00:00,41.78127506839919,2025_real
2025-08-11 23:00:00,38.23246985632659,2025_real
2025-08-12 00:00:00,37.24416705152054,2025_real
2025-08-12 01:00:00,37.96397718938927,2025_real
2025-08-12 02:00:00,39.844564158538695,2025_real
2025-08-12 03:00:00,37.53499488839518,2025_real
2025-08-12 04:00:00,39.1815517216061,2025_real
2025-08-12 05:00:00,42.15297978870729,2025_real
2025-08-12 06:00:00,39.72172140960736,2025_real
2025-08-12 07:00:00,51.59616085339931,2025_real
2025-08-12 08:00:00,66.2889460284639,2025_real
2025-08-12 09:00:00,69.12014657926274,2025_real
2025-08-12 10:00:00,70.76108361835276,2025_real
2025-08-12 11:00:00,76.1549804659067,2025_real
2025-08-12 12:00:00,73.89570739600703,2025_real
2025-08-12 13:00:00,77.60628747123317,2025_real
2025-08-12 14:00:00,76.52731915525247,2025_real
2025-08-12 15:00:00,74.7779441989489,2025_real
2025-08-12 16:00:00,75.64265922366157,2025_real
2025-08-12 17:00:00,72.58075973745629,2025_real
2025-08-12 18:00:00,67.2593779976231,2025_real
2025-08-12 19:00:00,54.84996744670017,2025_real
2025-08-12 20:00:00,50.246304686083164,2025_real
2025-08-12 21:00:00,47.360167316634445,2025_real
2025-08-12 22:00:00,46.893381045431944,2025_real
2025-08-12 23:00:00,41.345702058355045,2025_real
2025-08-13 00:00:00,45.228303147028356,2025_real
2025-08-13 01:00:00,43.737564590078726,2025_real
2025-08-13 02:00:00,39.23484144977193,2025_real
2025-08-13 03:00:00,44.437776775595154,2025_real
2025-08-13 04:00:00,47.46874614813839,2025_real
2025-08-13 05:00:00,45.22900797097228,2025_real
2025-08-13 06:00:00,47.14179039297092,2025_real
2025-08-13 07:00:00,53.974585391375264,2025_real
2025-08-13 08:00:00,61.56038800966652,2025_real
2025-08-13 09:00:00,66.79014988271085,2025_real
2025-08-13 10:00:00,73.80429823121861,2025_real
2025-08-13 11:00:00,73.46241819126509,2025_real
2025-08-13 12:00:00,73.98847260152104,2025_real
2025-08-13 13:00:00,76.359543115438,2025_real
2025-08-13 14:00:00,77.34378700077099,2025_real
2025-08-13 15:00:00,72.48996929437617,2025_real
2025-08-13 16:00:00,73.80599947167165,2025_real
2025-08-13 17:00:00,75.22361785170982,2025_real
2025-08-13 18:00:00,63.640846329450284,2025_real
2025-08-13 19:00:00,58.32521878318991,2025_real
2025-08-13 20:00:00,49.644284433587416,2025_real
2025-08-13 21:00:00,49.42372272152178,2025_real
2025-08-13 22:00:00,47.96989991955272,2025_real
2025-08-13 23:00:00,45.44514140545492,2025_real
2025-08-14 00:00:00,44.62214391368465,2025_real
2025-08-14 01:00:00,41.386590155805614,2025_real
2025-08-14 02:00:00,44.760438028310084,2025_real
2025-08-14 03:00:00,40.395922521306694,2025_real
2025-08-14 04:00:00,42.61912335944233,2025_real
2025-08-14 05:00:00,42.85703744693284,2025_real
2025-08-14 06:00:00,45.80543984703955,2025_real
2025-08-14 07:00:00,54.779105582529084,2025_real
2025-08-14 08:00:00,63.40532013943764,2025_real
2025-08-14 09:00:00,67.4739561872389,2025_real
2025-08-14 10:00:00,75.09516502601109,2025_real
2025-08-14 11:00:00,75.36328305927421,2025_real
2025-08-14 12:00:00,71.66483637635889,2025_real
2025-08-14 13:00:00,72.12320582015818,2025_real
2025-08-14 14:00:00,72.25288754395581,2025_real
2025-08-14 15:00:00,71.42310434742626,2025_real
2025-08-14 16:00:00,70.51908619323535,2025_real
2025-08-14 17:00:00,68.18618958235773,2025_real
2025-08-14 18:00:00,61.17312813354968,2025_real
2025-08-14 19:00:00,50.50249719029391,2025_real
2025-08-14 20:00:00,44.92279521885601,2025_real
2025-08-14 21:00:00,41.606520307495295,2025_real
2025-08-14 22:00:00,38.8931234970772,2025_real
2025-08-14 23:00:00,37.18918272772695,2025_real
2025-08-15 00:00:00,37.106114240812374,2025_real
2025-08-15 01:00:00,35.683607489859874,2025_real
2025-08-15 02:00:00,35.405539479509955,2025_real
2025-08-15 03:00:00,35.35027300418889,2025_real
2025-08-15 04:00:00,35.68558191280288,2025_real
2025-08-15 05:00:00,35.934303457247466,2025_real
2025-08-15 06:00:00,38.60411214373218,2025_real
2025-08-15 07:00:00,51.40602111281569,2025_real
2025-08-15 08:00:00,65.31367668810088,2025_real
2025-08-15 09:00:00,67.62052160000475,2025_real
2025-08-15 10:00:00,70.33453555833614,2025_real
2025-08-15 11:00:00,71.57643565927926,2025_real
2025-08-15 12:00:00,68.54175840217943,2025_real
2025-08-15 13:00:00,71.16263860987026,2025_real
2025-08-15 14:00:00,74.21376021680823,2025_real
2025-08-15 15:00:00,67.36343103864436,2025_real
2025-08-15 16:00:00,67.74366337488651,2025_real
2025-08-15 17:00:00,63.66691585915496,2025_real
2025-08-15 18:00:00,60.80044655249455,2025_real
2025-08-15 19:00:00,55.54392442715158,2025_real
2025-08-15 20:00:00,50.07190906846103,2025_real
2025-08-15 21:00:00,52.32863256882537,2025_real
2025-08-15 22:00:00,46.790828768737626,2025_real
2025-08-15 23:00:00,47.99928220779343,2025_real
2025-08-16 00:00:00,41.461171496533986,2025_real
2025-08-16 01:00:00,46.518458794670046,2025_real
2025-08-16 02:00:00,42.44821727508158,2025_real
2025-08-16 03:00:00,41.89214102061097,2025_real
2025-08-16 04:00:00,42.964398012202075,2025_real
2025-08-16 05:00:00,44.374604546430724,2025_real
2025-08-16 06:00:00,43.03390800165863,2025_real
2025-08-16 07:00:00,45.49725993258131,2025_real
2025-08-16 08:00:00,43.66330677082546,2025_real
2025-08-16 09:00:00,47.35724329175177,2025_real
2025-08-16 10:00:00,48.572452583015526,2025_real
2025-08-16 11:00:00,49.303536950196126,2025_real
2025-08-16 12:00:00,50.38133806922236,2025_real
2025-08-16 13:00:00,53.0936975142613,2025_real
2025-08-16 14:00:00,54.12172103344181,2025_real
2025-08-16 15:00:00,58.49466282825138,2025_real
2025-08-16 16:00:00,55.51442066409924,2025_real
2025-08-16 17:00:00,55.21530240563882,2025_real
2025-08-16 18:00:00,59.266706118579194,2025_real
2025-08-16 19:00:00,53.09103397649528,2025_real
2025-08-16 20:00:00,51.67951386780017,2025_real
2025-08-16 21:00:00,50.20205947787894,2025_real
2025-08-16 22:00:00,43.85112128957899,2025_real
2025-08-16 23:00:00,44.34304937688842,2025_real
2025-08-17 00:00:00,42.61553377747442,2025_real
2025-08-17 01:00:00,44.863079568550596,2025_real
2025-08-17 02:00:00,42.76414527926479,2025_real
2025-08-17 03:00:00,42.83257384910642,2025_real
2025-08-17 04:00:00,45.02158298808572,2025_real
2025-08-17 05:00:00,44.55335320054004,2025_real
2025-08-17 06:00:00,42.38938664917648,2025_real
2025-08-17 07:00:00,41.36180216650155,2025_real
2025-08-17 08:00:00,45.892677970935154,2025_real
2025-08-17 09:00:00,43.95511178522261,2025_real
2025-08-17 10:00:00,39.84834938110649,2025_real
2025-08-17 11:00:00,44.896327257975976,2025_real
2025-08-17 12:00:00,47.040411668004815,2025_real
2025-08-17 13:00:00,50.47483257689425,2025_real
2025-08-17 14:00:00,50.70608718093351,2025_real
2025-08-17 15:00:00,49.87372299746697,2025_real
2025-08-17 16:00:00,50.69561715282457,2025_real
2025-08-17 17:00:00,49.49754715008909,2025_real
2025-08-17 18:00:00,47.41137830634289,2025_real
2025-08-17 19:00:00,46.62018747068602,2025_real
2025-08-17 20:00:00,45.98490653988807,2025_real
2025-08-17 21:00:00,45.06151707760041,2025_real
2025-08-17 22:00:00,39.79903242997687,2025_real
2025-08-17 23:00:00,41.5905178900982,2025_real
2025-08-18 00:00:00,40.325962347539495,2025_real
2025-08-18 01:00:00,39.70076581551256,2025_real
2025-08-18 02:00:00,39.640675160935636,2025_real
2025-08-18 03:00:00,40.32565268774791,2025_real
2025-08-18 04:00:00,37.77998332678024,2025_real
2025-08-18 05:00:00,37.18283645853929,2025_real
2025-08-18 06:00:00,41.7354915986752,2025_real
2025-08-18 07:00:00,53.43252192074137,2025_real
2025-08-18 08:00:00,66.8040458837092,2025_real
2025-08-18 09:00:00,71.08547211369287,2025_real
2025-08-18 10:00:00,68.60990918527227,2025_real
2025-08-18 11:00:00,72.10174815835211,2025_real
2025-08-18 12:00:00,73.6973903977502,2025_real
2025-08-18 13:00:00,74.44109730035794,2025_real
2025-08-18 14:00:00,74.66265274087077,2025_real
2025-08-18 15:00:00,71.4949770107753,2025_real
2025-08-18 16:00:00,72.34013394875987,2025_real
2025-08-18 17:00:00,70.74862759373863,2025_real
2025-08-18 18:00:00,65.83780396993001,2025_real
2025-08-18 19:00:00,51.977587042807436,2025_real
2025-08-18 20:00:00,46.467052840062784,2025_real
2025-08-18 21:00:00,38.5646983059359,2025_real
2025-08-18 22:00:00,41.24259637744517,2025_real
2025-08-18 23:00:00,39.940608534612025,2025_real
2025-08-19 00:00:00,38.06489340648718,2025_real
2025-08-19 01:00:00,39.97761712542879,2025_real
2025-08-19 02:00:00,39.55458606761458,2025_real
2025-08-19 03:00:00,35.33543339826706,2025_real
2025-08-19 04:00:00,39.8571745390061,2025_real
2025-08-19 05:00:00,38.10126566260452,2025_real
2025-08-19 06:00:00,43.36679473897702,2025_real
2025-08-19 07:00:00,49.4031535717509,2025_real
2025-08-19 08:00:00,64.26041405312363,2025_real
2025-08-19 09:00:00,69.3956578971333,2025_real
2025-08-19 10:00:00,70.89301477571806,2025_real
2025-08-19 11:00:00,72.7230061439758,2025_real
2025-08-19 12:00:00,73.35418487305787,2025_real
2025-08-19 13:00:00,74.20149272237661,2025_real
2025-08-19 14:00:00,74.44947891401317,2025_real
2025-08-19 15:00:00,73.77460516244298,2025_real
2025-08-19 16:00:00,72.6189353249722,2025_real
2025-08-19 17:00:00,70.45017241455255,2025_real
2025-08-19 18:00:00,62.69483498104596,2025_real
2025-08-19 19:00:00,52.081017762607544,2025_real
2025-08-19 20:00:00,45.57389830726606,2025_real
2025-08-19 21:00:00,42.213042482209126,2025_real
2025-08-19 22:00:00,39.7047326895498,2025_real
2025-08-19 23:00:00,38.561643900608054,2025_real
2025-08-20 00:00:00,37.23013660311612,2025_real
2025-08-20 01:00:00,37.27351770364491,2025_real
2025-08-20 02:00:00,36.418178311737364,2025_real
2025-08-20 03:00:00,36.37041134112877,2025_real
2025-08-20 04:00:00,36.77425297682946,2025_real
2025-08-20 05:00:00,37.04591711859496,2025_real
2025-08-20 06:00:00,39.29445954910436,2025_real
2025-08-20 07:00:00,49.563343870185676,2025_real
2025-08-20 08:00:00,60.141492072185216,2025_real
2025-08-20 09:00:00,66.32340345160806,2025_real
2025-08-20 10:00:00,70.0720657087858,2025_real
2025-08-20 11:00:00,72.34974662368572,2025_real
2025-08-20 12:00:00,74.1807437917951,2025_real
2025-08-20 13:00:00,74.31713029831425,2025_real
2025-08-20 14:00:00,74.55593983999509,2025_real
2025-08-20 15:00:00,74.21316019627136,2025_real
2025-08-20 16:00:00,73.2985789347222,2025_real
2025-08-20 17:00:00,72.06290353155146,2025_real
2025-08-20 18:00:00,64.92911855594083,2025_real
2025-08-20 19:00:00,54.096610754170996,2025_real
2025-08-20 20:00:00,46.089692827842406,2025_real
2025-08-20 21:00:00,42.66792207329436,2025_real
2025-08-20 22:00:00,39.97763961253729,2025_real
2025-08-20 23:00:00,38.772389321553796,2025_real
2025-08-21 00:00:00,38.056160250184234,2025_real
2025-08-21 01:00:00,37.4474601984492,2025_real
2025-08-21 02:00:00,37.38830566954287,2025_real
2025-08-21 03:00:00,37.23748355599258,2025_real
2025-08-21 04:00:00,37.299499762138204,2025_real
2025-08-21 05:00:00,38.31658058901853,2025_real
2025-08-21 06:00:00,40.11736482147566,2025_real
2025-08-21 07:00:00,49.072886294504144,2025_real
2025-08-21 08:00:00,60.19045453086757,2025_real
2025-08-21 09:00:00,66.69832410761833,2025_real
2025-08-21 10:00:00,69.80592390027896,2025_real
2025-08-21 11:00:00,71.38087656864282,2025_real
2025-08-21 12:00:00,71.76013988290549,2025_real
2025-08-21 13:00:00,72.65484082185105,2025_real
2025-08-21 14:00:00,72.96570591096923,2025_real
2025-08-21 15:00:00,72.67648257437062,2025_real
2025-08-21 16:00:00,71.96076734699307,2025_real
2025-08-21 17:00:00,69.37010827356227,2025_real
2025-08-21 18:00:00,62.61678123178468,2025_real
2025-08-21 19:00:00,52.52057123236572,2025_real
2025-08-21 20:00:00,46.10607010540421,2025_real
2025-08-21 21:00:00,42.564963465380536,2025_real
2025-08-21 22:00:00,39.7617872812247,2025_real
2025-08-21 23:00:00,39.3813971258639,2025_real
2025-08-22 00:00:00,37.29313347958872,2025_real
2025-08-22 01:00:00,36.61304139404049,2025_real
2025-08-22 02:00:00,36.42818897244371,2025_real
2025-08-22 03:00:00,36.681729229055506,2025_real
2025-08-22 04:00:00,36.59881206402942,2025_real
2025-08-22 05:00:00,36.75847499251056,2025_real
2025-08-22 06:00:00,40.073880989136796,2025_real
2025-08-22 07:00:00,45.28656171035945,2025_real
2025-08-22 08:00:00,58.86176610560076,2025_real
2025-08-22 09:00:00,64.19080416508598,2025_real
2025-08-22 10:00:00,66.43510128383906,2025_real
2025-08-22 11:00:00,67.55052905446058,2025_real
2025-08-22 12:00:00,69.12361050225365,2025_real
2025-08-22 13:00:00,69.62592245441449,2025_real
2025-08-22 14:00:00,68.82308994335378,2025_real
2025-08-22 15:00:00,68.48816310752964,2025_real
2025-08-22 16:00:00,66.16888738732004,2025_real
2025-08-22 17:00:00,60.99255308590938,2025_real
2025-08-22 18:00:00,53.678993562561814,2025_real
2025-08-22 19:00:00,48.48781272941311,2025_real
2025-08-22 20:00:00,44.60054128400634,2025_real
2025-08-22 21:00:00,42.76197257807183,2025_real
2025-08-22 22:00:00,40.24847981725094,2025_real
2025-08-22 23:00:00,38.6768483082099,2025_real
2025-08-23 00:00:00,38.21528323982179,2025_real
2025-08-23 01:00:00,37.0870791303538,2025_real
2025-08-23 02:00:00,37.174282393877675,2025_real
2025-08-23 03:00:00,36.491832582305875,2025_real
2025-08-23 04:00:00,36.43174490221672,2025_real
2025-08-23 05:00:00,36.893038048033176,2025_real
2025-08-23 06:00:00,37.0825290487723,2025_real
2025-08-23 07:00:00,36.67197180925629,2025_real
2025-08-23 08:00:00,37.68802677479289,2025_real
2025-08-23 09:00:00,38.521774710591856,2025_real
2025-08-23 10:00:00,40.499891581089926,2025_real
2025-08-23 11:00:00,42.87247012873546,2025_real
2025-08-23 12:00:00,44.145517851745275,2025_real
2025-08-23 13:00:00,45.81653456641932,2025_real
2025-08-23 14:00:00,47.26828641579003,2025_real
2025-08-23 15:00:00,48.57647411054666,2025_real
2025-08-23 16:00:00,48.49375631735444,2025_real
2025-08-23 17:00:00,48.43613335635379,2025_real
2025-08-23 18:00:00,47.553985011159554,2025_real
2025-08-23 19:00:00,46.434642645786795,2025_real
2025-08-23 20:00:00,44.32344601216053,2025_real
2025-08-23 21:00:00,42.466041209599666,2025_real
2025-08-23 22:00:00,40.76908041449295,2025_real
2025-08-23 23:00:00,38.73932943805583,2025_real
2025-08-24 00:00:00,37.343608417637896,2025_real
2025-08-24 01:00:00,37.00643769815552,2025_real
2025-08-24 02:00:00,36.37586734502927,2025_real
2025-08-24 03:00:00,36.287811451920035,2025_real
2025-08-24 04:00:00,36.31941205373248,2025_real
2025-08-24 05:00:00,37.215839381362656,2025_real
2025-08-24 06:00:00,37.50529459977465,2025_real
2025-08-24 07:00:00,37.478826079325884,2025_real
2025-08-24 08:00:00,38.3107207575291,2025_real
2025-08-24 09:00:00,40.33799007195995,2025_real
2025-08-24 10:00:00,41.8396203209188,2025_real
2025-08-24 11:00:00,44.26594473145691,2025_real
2025-08-24 12:00:00,45.49682052252226,2025_real
2025-08-24 13:00:00,46.6484188033261,2025_real
2025-08-24 14:00:00,47.67612896407414,2025_real
2025-08-24 15:00:00,48.15384179930017,2025_real
2025-08-24 16:00:00,48.69807953573043,2025_real
2025-08-24 17:00:00,48.40916738366296,2025_real
2025-08-24 18:00:00,47.52666707980897,2025_real
2025-08-24 19:00:00,46.4369029063455,2025_real
2025-08-24 20:00:00,44.35828558695971,2025_real
2025-08-24 21:00:00,42.43693627947401,2025_real
2025-08-24 22:00:00,41.091633306711515,2025_real
2025-08-24 23:00:00,39.33792408530543,2025_real
2025-08-25 00:00:00,38.16404752785404,2025_real
2025-08-25 01:00:00,37.555088969596696,2025_real
2025-08-25 02:00:00,37.25533785788376,2025_real
2025-08-25 03:00:00,37.70840803984712,2025_real
2025-08-25 04:00:00,37.77524530764127,2025_real
2025-08-25 05:00:00,38.01524927469751,2025_real
2025-08-25 06:00:00,41.614153463332954,2025_real
2025-08-25 07:00:00,51.50709636699703,2025_real
2025-08-25 08:00:00,63.19213283560538,2025_real
2025-08-25 09:00:00,67.97143121040821,2025_real
2025-08-25 10:00:00,70.47431207999922,2025_real
2025-08-25 11:00:00,71.6173863500236,2025_real
2025-08-25 12:00:00,72.44793508528934,2025_real
2025-08-25 13:00:00,73.15878695382247,2025_real
2025-08-25 14:00:00,73.01199550422373,2025_real
2025-08-25 15:00:00,72.55851949231439,2025_real
2025-08-25 16:00:00,71.86682767146351,2025_real
2025-08-25 17:00:00,69.53640296788332,2025_real
2025-08-25 18:00:00,61.841924347269114,2025_real
2025-08-25 19:00:00,51.206719504444315,2025_real
2025-08-25 20:00:00,44.62833198665761,2025_real
2025-08-25 21:00:00,41.00031185961427,2025_real
2025-08-25 22:00:00,39.18212885257935,2025_real
2025-08-25 23:00:00,37.81775029876178,2025_real
2025-08-26 00:00:00,37.25613256035614,2025_real
2025-08-26 01:00:00,36.34245467494198,2025_real
2025-08-26 02:00:00,36.227338860125435,2025_real
2025-08-26 03:00:00,36.293824194183095,2025_real
2025-08-26 04:00:00,36.514385820837674,2025_real
2025-08-26 05:00:00,37.06484073980059,2025_real
2025-08-26 06:00:00,39.90697918037553,2025_real
2025-08-26 07:00:00,50.74217706055465,2025_real
2025-08-26 08:00:00,62.680718653822254,2025_real
2025-08-26 09:00:00,68.94908978671879,2025_real
2025-08-26 10:00:00,72.11578029109148,2025_real
2025-08-26 11:00:00,73.78233608359153,2025_real
2025-08-26 12:00:00,73.87078413995306,2025_real
2025-08-26 13:00:00,74.73002440055404,2025_real
2025-08-26 14:00:00,74.5516955952517,2025_real
2025-08-26 15:00:00,73.54553303449279,2025_real
2025-08-26 16:00:00,72.65539861288326,2025_real
2025-08-26 17:00:00,70.3747288603681,2025_real
2025-08-26 18:00:00,62.76266617303565,2025_real
2025-08-26 19:00:00,51.635313822651995,2025_real
2025-08-26 20:00:00,45.16713292423104,2025_real
2025-08-26 21:00:00,41.51185208233176,2025_real
2025-08-26 22:00:00,39.95335148603236,2025_real
2025-08-26 23:00:00,38.17344165496337,2025_real
2025-08-27 00:00:00,36.887359286311124,2025_real
2025-08-27 01:00:00,36.24574006580927,2025_real
2025-08-27 02:00:00,37.023144403737135,2025_real
2025-08-27 03:00:00,36.54170192944731,2025_real
2025-08-27 04:00:00,36.77457086368346,2025_real
2025-08-27 05:00:00,37.4297099901207,2025_real
2025-08-27 06:00:00,39.24602531533509,2025_real
2025-08-27 07:00:00,50.31563658048659,2025_real
2025-08-27 08:00:00,62.483613108960554,2025_real
2025-08-27 09:00:00,67.66770918584835,2025_real
2025-08-27 10:00:00,70.59541747162851,2025_real
2025-08-27 11:00:00,71.89577568575426,2025_real
2025-08-27 12:00:00,73.18296861075532,2025_real
2025-08-27 13:00:00,74.37161250958923,2025_real
2025-08-27 14:00:00,73.98399625460439,2025_real
2025-08-27 15:00:00,73.17598850677828,2025_real
2025-08-27 16:00:00,72.12676886306912,2025_real
2025-08-27 17:00:00,69.63572740189929,2025_real
2025-08-27 18:00:00,62.79104241976685,2025_real
2025-08-27 19:00:00,52.085529375341494,2025_real
2025-08-27 20:00:00,46.346893025349964,2025_real
2025-08-27 21:00:00,43.027359360713795,2025_real
2025-08-27 22:00:00,40.396582742848224,2025_real
2025-08-27 23:00:00,37.87841501446052,2025_real
2025-08-28 00:00:00,36.847778553471336,2025_real
2025-08-28 01:00:00,36.123226486171504,2025_real
2025-08-28 02:00:00,36.106631781580425,2025_real
2025-08-28 03:00:00,36.19736937382605,2025_real
2025-08-28 04:00:00,36.35953535631005,2025_real
2025-08-28 05:00:00,36.672673077524045,2025_real
2025-08-28 06:00:00,39.39997792297895,2025_real
2025-08-28 07:00:00,48.521121144028,2025_real
2025-08-28 08:00:00,59.62907099201057,2025_real
2025-08-28 09:00:00,65.58718971315801,2025_real
2025-08-28 10:00:00,69.11897233355242,2025_real
2025-08-28 11:00:00,70.3825300482505,2025_real
2025-08-28 12:00:00,71.75187492244943,2025_real
2025-08-28 13:00:00,72.98148609638574,2025_real
2025-08-28 14:00:00,73.47405161598562,2025_real
2025-08-28 15:00:00,72.78522679189851,2025_real
2025-08-28 16:00:00,71.76600153416032,2025_real
2025-08-28 17:00:00,69.18766127172012,2025_real
2025-08-28 18:00:00,62.22190597602692,2025_real
2025-08-28 19:00:00,52.841874967246305,2025_real
2025-08-28 20:00:00,47.31316284971041,2025_real
2025-08-28 21:00:00,43.08484106936438,2025_real
2025-08-28 22:00:00,40.81797266524086,2025_real
2025-08-28 23:00:00,38.808502816780994,2025_real
2025-08-29 00:00:00,37.65033099053518,2025_real
2025-08-29 01:00:00,36.98955790308356,2025_real
2025-08-29 02:00:00,36.876587713426886,2025_real
2025-08-29 03:00:00,36.86890808744748,2025_real
2025-08-29 04:00:00,37.00314162988146,2025_real
2025-08-29 05:00:00,38.64990672110891,2025_real
2025-08-29 06:00:00,40.67493030779664,2025_real
2025-08-29 07:00:00,46.67605708840689,2025_real
2025-08-29 08:00:00,60.21396989476368,2025_real
2025-08-29 09:00:00,65.11910773535745,2025_real
2025-08-29 10:00:00,68.36791545723342,2025_real
2025-08-29 11:00:00,70.11993594239436,2025_real
2025-08-29 12:00:00,70.95947619894372,2025_real
2025-08-29 13:00:00,72.76307579611569,2025_real
2025-08-29 14:00:00,72.14851239358379,2025_real
2025-08-29 15:00:00,70.9101788182085,2025_real
2025-08-29 16:00:00,68.24326870186269,2025_real
2025-08-29 17:00:00,63.05235827255796,2025_real
2025-08-29 18:00:00,54.660139945133565,2025_real
2025-08-29 19:00:00,50.42499691145518,2025_real
2025-08-29 20:00:00,46.964047948011206,2025_real
2025-08-29 21:00:00,44.42087477954705,2025_real
2025-08-29 22:00:00,42.15978757527142,2025_real
2025-08-29 23:00:00,41.07927190305074,2025_real
2025-08-30 00:00:00,39.735940508085974,2025_real
2025-08-30 01:00:00,39.42351104113323,2025_real
2025-08-30 02:00:00,39.06602947683498,2025_real
2025-08-30 03:00:00,38.890374268639164,2025_real
2025-08-30 04:00:00,38.694437696947254,2025_real
2025-08-30 05:00:00,39.05611641552345,2025_real
2025-08-30 06:00:00,39.43020250286446,2025_real
2025-08-30 07:00:00,39.50010682813347,2025_real
2025-08-30 08:00:00,40.39585137139741,2025_real
2025-08-30 09:00:00,40.873431303784486,2025_real
2025-08-30 10:00:00,41.68423505907127,2025_real
2025-08-30 11:00:00,44.97618187022528,2025_real
2025-08-30 12:00:00,46.87261489885641,2025_real
2025-08-30 13:00:00,48.7250106442327,2025_real
2025-08-30 14:00:00,51.07711442153027,2025_real
2025-08-30 15:00:00,51.76820093806309,2025_real
2025-08-30 16:00:00,51.71913984413361,2025_real
2025-08-30 17:00:00,51.934467381906956,2025_real
2025-08-30 18:00:00,51.68877638537875,2025_real
2025-08-30 19:00:00,50.838786716832615,2025_real
2025-08-30 20:00:00,48.95384638099357,2025_real
2025-08-30 21:00:00,46.574167271389456,2025_real
2025-08-30 22:00:00,43.9249071117607,2025_real
2025-08-30 23:00:00,43.011417272909924,2025_real
2025-08-31 00:00:00,46.549762266156485,2025_real
2025-08-31 01:00:00,42.74091249333294,2025_real
2025-08-31 02:00:00,45.90778516587175,2025_real
2025-08-31 03:00:00,42.65603356309084,2025_real
2025-08-31 04:00:00,45.71915998260682,2025_real
2025-08-31 05:00:00,43.31664484932911,2025_real
2025-08-31 06:00:00,44.45911830108425,2025_real
2025-08-31 07:00:00,44.19448290194086,2025_real
2025-08-31 08:00:00,44.84862164291526,2025_real
2025-08-31 09:00:00,43.08648486986913,2025_real
2025-08-31 10:00:00,42.649050709728485,2025_real
2025-08-31 11:00:00,49.440948931371814,2025_real
2025-08-31 12:00:00,44.85342634098088,2025_real
2025-08-31 13:00:00,48.89539805972223,2025_real
2025-08-31 14:00:00,48.880529851890245,2025_real
2025-08-31 15:00:00,50.115443517972906,2025_real
2025-08-31 16:00:00,48.6263616397593,2025_real
2025-08-31 17:00:00,50.008599465566334,2025_real
2025-08-31 18:00:00,48.44121184460279,2025_real
2025-08-31 19:00:00,43.92699061913297,2025_real
2025-08-31 20:00:00,45.9656583795645,2025_real
2025-08-31 21:00:00,42.88792212697934,2025_real
2025-08-31 22:00:00,40.10733893071449,2025_real
2025-08-31 23:00:00,42.68019806042388,2025_real
2025-09-01 00:00:00,41.20625571088266,2025_real
2025-09-01 01:00:00,41.34860851322418,2025_real
2025-09-01 02:00:00,41.300603335939414,2025_real
2025-09-01 03:00:00,35.389514200786664,2025_real
2025-09-01 04:00:00,37.204796504965245,2025_real
2025-09-01 05:00:00,44.527280382156995,2025_real
2025-09-01 06:00:00,40.30998506655575,2025_real
2025-09-01 07:00:00,53.11996109656461,2025_real
2025-09-01 08:00:00,61.96189530717151,2025_real
2025-09-01 09:00:00,69.65299846402633,2025_real
2025-09-01 10:00:00,70.31269205019282,2025_real
2025-09-01 11:00:00,73.72071598610597,2025_real
2025-09-01 12:00:00,73.45296684419066,2025_real
2025-09-01 13:00:00,73.16477747114622,2025_real
2025-09-01 14:00:00,71.42133218625467,2025_real
2025-09-01 15:00:00,73.91111288507011,2025_real
2025-09-01 16:00:00,69.73467782210348,2025_real
2025-09-01 17:00:00,70.76322488931827,2025_real
2025-09-01 18:00:00,69.5100914531575,2025_real
2025-09-01 19:00:00,56.37395530313428,2025_real
2025-09-01 20:00:00,48.63579169536572,2025_real
2025-09-01 21:00:00,43.903851295551576,2025_real
2025-09-01 22:00:00,38.556327768197306,2025_real
2025-09-01 23:00:00,38.313558986210694,2025_real
2025-09-02 00:00:00,42.75998783840086,2025_real
2025-09-02 01:00:00,38.02939433259383,2025_real
2025-09-02 02:00:00,38.24273094213445,2025_real
2025-09-02 03:00:00,39.60470655202079,2025_real
2025-09-02 04:00:00,37.251937953496004,2025_real
2025-09-02 05:00:00,37.49266621270301,2025_real
2025-09-02 06:00:00,42.273430938118345,2025_real
2025-09-02 07:00:00,50.19911243830085,2025_real
2025-09-02 08:00:00,62.68811066097764,2025_real
2025-09-02 09:00:00,68.38006110373458,2025_real
2025-09-02 10:00:00,72.99614898278563,2025_real
2025-09-02 11:00:00,73.30897665352506,2025_real
2025-09-02 12:00:00,74.15597551415513,2025_real
2025-09-02 13:00:00,76.57127421871809,2025_real
2025-09-02 14:00:00,75.36290430532604,2025_real
2025-09-02 15:00:00,74.9096603574954,2025_real
2025-09-02 16:00:00,75.62381631155075,2025_real
2025-09-02 17:00:00,73.28990119787616,2025_real
2025-09-02 18:00:00,64.87763758345419,2025_real
2025-09-02 19:00:00,56.13255267617045,2025_real
2025-09-02 20:00:00,48.568019714549926,2025_real
2025-09-02 21:00:00,45.730475200543566,2025_real
2025-09-02 22:00:00,47.02593018332971,2025_real
2025-09-02 23:00:00,44.3436285646878,2025_real
2025-09-03 00:00:00,44.08290702108405,2025_real
2025-09-03 01:00:00,43.35933817667991,2025_real
2025-09-03 02:00:00,42.014583998841545,2025_real
2025-09-03 03:00:00,43.39399111709467,2025_real
2025-09-03 04:00:00,44.81980851455814,2025_real
2025-09-03 05:00:00,45.04424088397747,2025_real
2025-09-03 06:00:00,44.02631932451629,2025_real
2025-09-03 07:00:00,56.6289005526216,2025_real
2025-09-03 08:00:00,65.41447687871123,2025_real
2025-09-03 09:00:00,71.84031489175187,2025_real
2025-09-03 10:00:00,73.85936956908535,2025_real
2025-09-03 11:00:00,75.17330897835674,2025_real
2025-09-03 12:00:00,74.35313780900215,2025_real
2025-09-03 13:00:00,77.91771949352726,2025_real
2025-09-03 14:00:00,81.89069359207997,2025_real
2025-09-03 15:00:00,74.68819087112986,2025_real
2025-09-03 16:00:00,74.8661426725886,2025_real
2025-09-03 17:00:00,71.2347142810449,2025_real
2025-09-03 18:00:00,64.83842627745608,2025_real
2025-09-03 19:00:00,59.70106849718252,2025_real
2025-09-03 20:00:00,49.260417830153486,2025_real
2025-09-03 21:00:00,47.34395686387574,2025_real
2025-09-03 22:00:00,42.494913419911924,2025_real
2025-09-03 23:00:00,42.38854147734879,2025_real
2025-09-04 00:00:00,39.28431823763255,2025_real
2025-09-04 01:00:00,45.02336284207314,2025_real
2025-09-04 02:00:00,48.198669081121984,2025_real
2025-09-04 03:00:00,41.387021186406294,2025_real
2025-09-04 04:00:00,38.69094063437399,2025_real
2025-09-04 05:00:00,44.16572525168362,2025_real
2025-09-04 06:00:00,43.3337870066546,2025_real
2025-09-04 07:00:00,56.7416479508311,2025_real
2025-09-04 08:00:00,64.55092492203342,2025_real
2025-09-04 09:00:00,68.93823424165409,2025_real
2025-09-04 10:00:00,72.95334108541762,2025_real
2025-09-04 11:00:00,76.52960905014419,2025_real
2025-09-04 12:00:00,75.14667416509316,2025_real
2025-09-04 13:00:00,75.18328365085067,2025_real
2025-09-04 14:00:00,76.01777760799744,2025_real
2025-09-04 15:00:00,72.89070547024943,2025_real
2025-09-04 16:00:00,75.46388922531789,2025_real
2025-09-04 17:00:00,68.23670575094825,2025_real
2025-09-04 18:00:00,64.3643526012369,2025_real
2025-09-04 19:00:00,57.94112287049634,2025_real
2025-09-04 20:00:00,51.92076230203154,2025_real
2025-09-04 21:00:00,50.15609850373516,2025_real
2025-09-04 22:00:00,47.07669964650665,2025_real
2025-09-04 23:00:00,47.460418833176966,2025_real
2025-09-05 00:00:00,45.6839786556244,2025_real
2025-09-05 01:00:00,44.80448830180703,2025_real
2025-09-05 02:00:00,45.20575243072076,2025_real
2025-09-05 03:00:00,45.543303396365665,2025_real
2025-09-05 04:00:00,42.648211828055786,2025_real
2025-09-05 05:00:00,42.488614651226754,2025_real
2025-09-05 06:00:00,46.067276699695206,2025_real
2025-09-05 07:00:00,54.188737856839666,2025_real
2025-09-05 08:00:00,65.33207371374337,2025_real
2025-09-05 09:00:00,66.376428448135,2025_real
2025-09-05 10:00:00,68.84802604386842,2025_real
2025-09-05 11:00:00,73.28346744596587,2025_real
2025-09-05 12:00:00,66.6353823407534,2025_real
2025-09-05 13:00:00,68.29715617888763,2025_real
2025-09-05 14:00:00,65.85153646139418,2025_real
2025-09-05 15:00:00,65.04028772813443,2025_real
2025-09-05 16:00:00,63.4513171332788,2025_real
2025-09-05 17:00:00,59.40372265157167,2025_real
2025-09-05 18:00:00,52.25760293597388,2025_real
2025-09-05 19:00:00,46.520801653659056,2025_real
2025-09-05 20:00:00,43.689460995615384,2025_real
2025-09-05 21:00:00,40.58272917012664,2025_real
2025-09-05 22:00:00,36.2844669964693,2025_real
2025-09-05 23:00:00,35.07811762067334,2025_real
2025-09-06 00:00:00,35.01200805828604,2025_real
2025-09-06 01:00:00,31.8781395204712,2025_real
2025-09-06 02:00:00,33.63139229201724,2025_real
2025-09-06 03:00:00,32.07397065921118,2025_real
2025-09-06 04:00:00,31.5598934700425,2025_real
2025-09-06 05:00:00,34.51049374740185,2025_real
2025-09-06 06:00:00,32.85668784546776,2025_real
2025-09-06 07:00:00,34.090643087367404,2025_real
2025-09-06 08:00:00,32.57548031220212,2025_real
2025-09-06 09:00:00,35.38405691090142,2025_real
2025-09-06 10:00:00,37.00945573440006,2025_real
2025-09-06 11:00:00,41.04622288624799,2025_real
2025-09-06 12:00:00,43.100592823790514,2025_real
2025-09-06 13:00:00,44.27575307455626,2025_real
2025-09-06 14:00:00,44.83766253248099,2025_real
2025-09-06 15:00:00,47.15561825707165,2025_real
2025-09-06 16:00:00,45.60758114787393,2025_real
2025-09-06 17:00:00,45.282191078323166,2025_real
2025-09-06 18:00:00,44.373490325564404,2025_real
2025-09-06 19:00:00,43.18019412033228,2025_real
2025-09-06 20:00:00,40.7653528512232,2025_real
2025-09-06 21:00:00,38.69052354949746,2025_real
2025-09-06 22:00:00,36.976476150951385,2025_real
2025-09-06 23:00:00,34.64474318190645,2025_real
2025-09-07 00:00:00,33.108172809179294,2025_real
2025-09-07 01:00:00,32.690456490337006,2025_real
2025-09-07 02:00:00,31.981232150190536,2025_real
2025-09-07 03:00:00,31.544439072328494,2025_real
2025-09-07 04:00:00,32.166428561568914,2025_real
2025-09-07 05:00:00,32.28294104844469,2025_real
2025-09-07 06:00:00,33.59938665377304,2025_real
2025-09-07 07:00:00,32.26368266534067,2025_real
2025-09-07 08:00:00,32.45182156034812,2025_real
2025-09-07 09:00:00,33.91245803451908,2025_real
2025-09-07 10:00:00,36.71653024685563,2025_real
2025-09-07 11:00:00,39.535707749760654,2025_real
2025-09-07 12:00:00,42.26785041994098,2025_real
2025-09-07 13:00:00,44.790398132738105,2025_real
2025-09-07 14:00:00,44.86309781038909,2025_real
2025-09-07 15:00:00,44.50747446652136,2025_real
2025-09-07 16:00:00,44.17827078233658,2025_real
2025-09-07 17:00:00,43.68737347278372,2025_real
2025-09-07 18:00:00,42.69104585739282,2025_real
2025-09-07 19:00:00,41.51531539574628,2025_real
2025-09-07 20:00:00,39.833394962837076,2025_real
2025-09-07 21:00:00,36.93118815303674,2025_real
2025-09-07 22:00:00,36.127202572644705,2025_real
2025-09-07 23:00:00,34.69547660406448,2025_real
2025-09-08 00:00:00,33.76548049738553,2025_real
2025-09-08 01:00:00,32.92914033906446,2025_real
2025-09-08 02:00:00,32.78709712310316,2025_real
2025-09-08 03:00:00,32.904348324102585,2025_real
2025-09-08 04:00:00,33.01673600514152,2025_real
2025-09-08 05:00:00,32.85151419859516,2025_real
2025-09-08 06:00:00,35.01802480045672,2025_real
2025-09-08 07:00:00,44.529985216978474,2025_real
2025-09-08 08:00:00,56.54214500072081,2025_real
2025-09-08 09:00:00,61.67431812641789,2025_real
2025-09-08 10:00:00,65.1409911523806,2025_real
2025-09-08 11:00:00,66.98721569492005,2025_real
2025-09-08 12:00:00,68.25728617092801,2025_real
2025-09-08 13:00:00,69.14264586723336,2025_real
2025-09-08 14:00:00,67.86540197466505,2025_real
2025-09-08 15:00:00,66.38589480151731,2025_real
2025-09-08 16:00:00,65.48111844427365,2025_real
2025-09-08 17:00:00,63.348116990054365,2025_real
2025-09-08 18:00:00,57.58438887357519,2025_real
2025-09-08 19:00:00,45.87164132489882,2025_real
2025-09-08 20:00:00,39.132388540231915,2025_real
2025-09-08 21:00:00,36.21981511805351,2025_real
2025-09-08 22:00:00,33.41130192843744,2025_real
2025-09-08 23:00:00,32.189421207211936,2025_real
2025-09-09 00:00:00,33.041200018350445,2025_real
2025-09-09 01:00:00,30.77584378292391,2025_real
2025-09-09 02:00:00,31.608974061754115,2025_real
2025-09-09 03:00:00,30.574445227209825,2025_real
2025-09-09 04:00:00,32.24140102783895,2025_real
2025-09-09 05:00:00,33.717038416097466,2025_real
2025-09-09 06:00:00,32.853089965156876,2025_real
2025-09-09 07:00:00,43.56892747435069,2025_real
2025-09-09 08:00:00,56.15929968217089,2025_real
2025-09-09 09:00:00,62.97498735660338,2025_real
2025-09-09 10:00:00,66.42354898344477,2025_real
2025-09-09 11:00:00,68.36920402698718,2025_real
2025-09-09 12:00:00,69.92289956866315,2025_real
2025-09-09 13:00:00,70.19882283326626,2025_real
2025-09-09 14:00:00,69.68090964918969,2025_real
2025-09-09 15:00:00,68.970580329964,2025_real
2025-09-09 16:00:00,67.55933578437657,2025_real
2025-09-09 17:00:00,65.59480810428514,2025_real
2025-09-09 18:00:00,58.81400818688915,2025_real
2025-09-09 19:00:00,47.59975323815975,2025_real
2025-09-09 20:00:00,40.59437286669704,2025_real
2025-09-09 21:00:00,39.235983186844486,2025_real
2025-09-09 22:00:00,34.29606677885732,2025_real
2025-09-09 23:00:00,34.35791382578178,2025_real
2025-09-10 00:00:00,31.54091409748537,2025_real
2025-09-10 01:00:00,31.95340307303256,2025_real
2025-09-10 02:00:00,30.689526190615325,2025_real
2025-09-10 03:00:00,30.654372104634312,2025_real
2025-09-10 04:00:00,30.654372104634312,2025_real
2025-09-10 05:00:00,30.654372104634312,2025_real
2025-09-10 06:00:00,30.654372104634312,2025_real
2025-09-10 07:00:00,44.13758889433242,2025_real
2025-09-10 08:00:00,56.24318028762602,2025_real
2025-09-10 09:00:00,63.48368448594673,2025_real
2025-09-10 10:00:00,65.63634814225145,2025_real
2025-09-10 11:00:00,68.71186330670213,2025_real
2025-09-10 12:00:00,69.15258844416383,2025_real
2025-09-10 13:00:00,69.65436214474215,2025_real
2025-09-10 14:00:00,68.96810975130137,2025_real
2025-09-10 15:00:00,68.5599750660638,2025_real
2025-09-10 16:00:00,67.36793309741026,2025_real
2025-09-10 17:00:00,65.56078088873008,2025_real
2025-09-10 18:00:00,59.33035682512268,2025_real
2025-09-10 19:00:00,49.76129325678942,2025_real
2025-09-10 20:00:00,43.491218425020925,2025_real
2025-09-10 21:00:00,40.49544242598934,2025_real
2025-09-10 22:00:00,36.64544859105022,2025_real
2025-09-10 23:00:00,35.35255637265911,2025_real
2025-09-11 00:00:00,34.611111601864074,2025_real
2025-09-11 01:00:00,34.423378091128,2025_real
2025-09-11 02:00:00,34.397247703042,2025_real
2025-09-11 03:00:00,34.22021843995658,2025_real
2025-09-11 04:00:00,34.2451934396267,2025_real
2025-09-11 05:00:00,35.513465725543625,2025_real
2025-09-11 06:00:00,37.33932864075791,2025_real
2025-09-11 07:00:00,45.89952923262992,2025_real
2025-09-11 08:00:00,57.04516666394714,2025_real
2025-09-11 09:00:00,63.349163771947296,2025_real
2025-09-11 10:00:00,67.79025380863462,2025_real
2025-09-11 11:00:00,70.19842078292791,2025_real
2025-09-11 12:00:00,70.57855772116002,2025_real
2025-09-11 13:00:00,70.2804830322587,2025_real
2025-09-11 14:00:00,70.49194670281747,2025_real
2025-09-11 15:00:00,70.22584890911878,2025_real
2025-09-11 16:00:00,68.97972124938946,2025_real
2025-09-11 17:00:00,66.56036273327413,2025_real
2025-09-11 18:00:00,59.90502640718,2025_real
2025-09-11 19:00:00,50.12306215732758,2025_real
2025-09-11 20:00:00,43.29794678506312,2025_real
2025-09-11 21:00:00,39.9992280743954,2025_real
2025-09-11 22:00:00,38.046469321550205,2025_real
2025-09-11 23:00:00,34.787131934326325,2025_real
2025-09-12 00:00:00,33.349267654715206,2025_real
2025-09-12 01:00:00,35.15061134852691,2025_real
2025-09-12 02:00:00,33.241550159049744,2025_real
2025-09-12 03:00:00,33.09947109034418,2025_real
2025-09-12 04:00:00,33.240746185080376,2025_real
2025-09-12 05:00:00,33.5180477686764,2025_real
2025-09-12 06:00:00,35.92226737924619,2025_real
2025-09-12 07:00:00,42.01436127611821,2025_real
2025-09-12 08:00:00,52.203236170759155,2025_real
2025-09-12 09:00:00,59.223807101006656,2025_real
2025-09-12 10:00:00,63.848037850783975,2025_real
2025-09-12 11:00:00,66.5596255740578,2025_real
2025-09-12 12:00:00,69.24307006776279,2025_real
2025-09-12 13:00:00,71.36991260707157,2025_real
2025-09-12 14:00:00,69.94360557935897,2025_real
2025-09-12 15:00:00,68.5701782823991,2025_real
2025-09-12 16:00:00,66.25318170958731,2025_real
2025-09-12 17:00:00,61.739477161676945,2025_real
2025-09-12 18:00:00,54.39873009807673,2025_real
2025-09-12 19:00:00,49.28166869009904,2025_real
2025-09-12 20:00:00,45.4625090711334,2025_real
2025-09-12 21:00:00,42.979020020479346,2025_real
2025-09-12 22:00:00,40.09949316066832,2025_real
2025-09-12 23:00:00,39.25753740625785,2025_real
2025-09-13 00:00:00,36.78740760286887,2025_real
2025-09-13 01:00:00,36.036646585910404,2025_real
2025-09-13 02:00:00,35.67000946291799,2025_real
2025-09-13 03:00:00,35.645565253768304,2025_real
2025-09-13 04:00:00,35.449013281651744,2025_real
2025-09-13 05:00:00,35.54310038325443,2025_real
2025-09-13 06:00:00,36.89357308570291,2025_real
2025-09-13 07:00:00,35.8069371751632,2025_real
2025-09-13 08:00:00,36.501562161672005,2025_real
2025-09-13 09:00:00,37.93009275684759,2025_real
2025-09-13 10:00:00,40.52220934868631,2025_real
2025-09-13 11:00:00,43.368371817890456,2025_real
2025-09-13 12:00:00,45.31303642994172,2025_real
2025-09-13 13:00:00,47.712106416168325,2025_real
2025-09-13 14:00:00,48.616329891532686,2025_real
2025-09-13 15:00:00,51.3082380948757,2025_real
2025-09-13 16:00:00,50.33428913811328,2025_real
2025-09-13 17:00:00,50.760927381484784,2025_real
2025-09-13 18:00:00,50.082495004277575,2025_real
2025-09-13 19:00:00,49.436670599415635,2025_real
2025-09-13 20:00:00,47.06354320939083,2025_real
2025-09-13 21:00:00,44.78674520366271,2025_real
2025-09-13 22:00:00,42.53963817916352,2025_real
2025-09-13 23:00:00,41.06703489586536,2025_real
2025-09-14 00:00:00,37.82819566214009,2025_real
2025-09-14 01:00:00,36.60815402756262,2025_real
2025-09-14 02:00:00,36.420983746690936,2025_real
2025-09-14 03:00:00,36.09806631350636,2025_real
2025-09-14 04:00:00,35.84105925965743,2025_real
2025-09-14 05:00:00,36.0774179935449,2025_real
2025-09-14 06:00:00,36.283615259399454,2025_real
2025-09-14 07:00:00,35.81557222492283,2025_real
2025-09-14 08:00:00,36.076561478119714,2025_real
2025-09-14 09:00:00,37.03376576771379,2025_real
2025-09-14 10:00:00,39.98688002359336,2025_real
2025-09-14 11:00:00,42.186139376343085,2025_real
2025-09-14 12:00:00,44.809238618510506,2025_real
2025-09-14 13:00:00,47.390144895217,2025_real
2025-09-14 14:00:00,48.23882661428167,2025_real
2025-09-14 15:00:00,49.680986893215646,2025_real
2025-09-14 16:00:00,50.07747542159508,2025_real
2025-09-14 17:00:00,50.04299115542243,2025_real
2025-09-14 18:00:00,49.47543192425091,2025_real
2025-09-14 19:00:00,49.305678054941424,2025_real
2025-09-14 20:00:00,47.57310972631575,2025_real
2025-09-14 21:00:00,46.1351604437543,2025_real
2025-09-14 22:00:00,41.81892347101879,2025_real
2025-09-14 23:00:00,40.31576496771011,2025_real
2025-09-15 00:00:00,39.36275342078693,2025_real
2025-09-15 01:00:00,38.68026204795588,2025_real
2025-09-15 02:00:00,40.20562027105197,2025_real
2025-09-15 03:00:00,38.35387825030433,2025_real
2025-09-15 04:00:00,38.30259016896468,2025_real
2025-09-15 05:00:00,38.80773949639564,2025_real
2025-09-15 06:00:00,40.12468242816547,2025_real
2025-09-15 07:00:00,49.043716058069585,2025_real
2025-09-15 08:00:00,60.74574388385695,2025_real
2025-09-15 09:00:00,67.26736737991999,2025_real
2025-09-15 10:00:00,70.73084850266977,2025_real
2025-09-15 11:00:00,72.32025288151272,2025_real
2025-09-15 12:00:00,72.73710001460077,2025_real
2025-09-15 13:00:00,73.83537009179786,2025_real
2025-09-15 14:00:00,73.56288263240705,2025_real
2025-09-15 15:00:00,72.91451361871603,2025_real
2025-09-15 16:00:00,71.98025824411178,2025_real
2025-09-15 17:00:00,70.01704061809211,2025_real
2025-09-15 18:00:00,63.76130488285883,2025_real
2025-09-15 19:00:00,62.2181313970117,2025_real
2025-09-15 20:00:00,44.968660984494925,2025_real
2025-09-15 21:00:00,42.141593890372434,2025_real
2025-09-15 22:00:00,39.82917427489057,2025_real
2025-09-15 23:00:00,38.89645463924291,2025_real
2025-09-16 00:00:00,39.19799637481739,2025_real
2025-09-16 01:00:00,36.72294872687779,2025_real
2025-09-16 02:00:00,36.44197770484982,2025_real
2025-09-16 03:00:00,36.76176536086015,2025_real
2025-09-16 04:00:00,37.96141823357423,2025_real
2025-09-16 05:00:00,36.813784440583674,2025_real
2025-09-16 06:00:00,39.39525409054907,2025_real
2025-09-16 07:00:00,48.82643233430414,2025_real
2025-09-16 08:00:00,60.898324155436335,2025_real
2025-09-16 09:00:00,67.55809628550358,2025_real
2025-09-16 10:00:00,70.89679810783977,2025_real
2025-09-16 11:00:00,72.69211200291649,2025_real
2025-09-16 12:00:00,73.78694963050744,2025_real
2025-09-16 13:00:00,74.36791219322934,2025_real
2025-09-16 14:00:00,74.68838098844375,2025_real
2025-09-16 15:00:00,74.04924435973822,2025_real
2025-09-16 16:00:00,72.32735777506423,2025_real
2025-09-16 17:00:00,69.51242119198835,2025_real
2025-09-16 18:00:00,62.81887132192383,2025_real
2025-09-16 19:00:00,52.277266841996436,2025_real
2025-09-16 20:00:00,45.42044919475062,2025_real
2025-09-16 21:00:00,42.833630864395495,2025_real
2025-09-16 22:00:00,40.16135198877048,2025_real
2025-09-16 23:00:00,39.04430109083344,2025_real
2025-09-17 00:00:00,37.47828931023644,2025_real
2025-09-17 01:00:00,38.37677786039352,2025_real
2025-09-17 02:00:00,36.096005196871424,2025_real
2025-09-17 03:00:00,35.9987406551128,2025_real
2025-09-17 04:00:00,36.137464726992754,2025_real
2025-09-17 05:00:00,36.542956597674234,2025_real
2025-09-17 06:00:00,38.529735650819006,2025_real
2025-09-17 07:00:00,48.83947951297205,2025_real
2025-09-17 08:00:00,60.066587675556065,2025_real
2025-09-17 09:00:00,67.53120066615779,2025_real
2025-09-17 10:00:00,71.39059425076263,2025_real
2025-09-17 11:00:00,72.84321866731713,2025_real
2025-09-17 12:00:00,74.58858738698626,2025_real
2025-09-17 13:00:00,74.56902463051274,2025_real
2025-09-17 14:00:00,75.35081034129378,2025_real
2025-09-17 15:00:00,74.88320106032579,2025_real
2025-09-17 16:00:00,72.91771484872484,2025_real
2025-09-17 17:00:00,70.40603420598214,2025_real
2025-09-17 18:00:00,65.86911779231492,2025_real
2025-09-17 19:00:00,55.22844547747333,2025_real
2025-09-17 20:00:00,48.54562808193396,2025_real
2025-09-17 21:00:00,45.527966866603215,2025_real
2025-09-17 22:00:00,42.601019034842594,2025_real
2025-09-17 23:00:00,41.03882877708455,2025_real
2025-09-18 00:00:00,40.368232744106045,2025_real
2025-09-18 01:00:00,39.53907466246788,2025_real
2025-09-18 02:00:00,41.08368060814315,2025_real
2025-09-18 03:00:00,39.240986033443214,2025_real
2025-09-18 04:00:00,39.153362367299806,2025_real
2025-09-18 05:00:00,42.138989727925726,2025_real
2025-09-18 06:00:00,42.719216528039034,2025_real
2025-09-18 07:00:00,51.813182233680024,2025_real
2025-09-18 08:00:00,63.28174522411905,2025_real
2025-09-18 09:00:00,68.56513465414237,2025_real
2025-09-18 10:00:00,70.84878311527694,2025_real
2025-09-18 11:00:00,72.10624804738974,2025_real
2025-09-18 12:00:00,72.63431874157644,2025_real
2025-09-18 13:00:00,73.4514989792934,2025_real
2025-09-18 14:00:00,73.09959889717138,2025_real
2025-09-18 15:00:00,72.55012345912586,2025_real
2025-09-18 16:00:00,71.77088383532205,2025_real
2025-09-18 17:00:00,68.63734217647055,2025_real
2025-09-18 18:00:00,62.92183038489145,2025_real
2025-09-18 19:00:00,53.75392123365047,2025_real
2025-09-18 20:00:00,49.190367962621366,2025_real
2025-09-18 21:00:00,44.16587874654854,2025_real
2025-09-18 22:00:00,41.034982094508,2025_real
2025-09-18 23:00:00,39.741632750489515,2025_real
2025-09-19 00:00:00,38.72375326937808,2025_real
2025-09-19 01:00:00,37.70693687621318,2025_real
2025-09-19 02:00:00,37.40048867006169,2025_real
2025-09-19 03:00:00,37.45714770828178,2025_real
2025-09-19 04:00:00,38.50315505226706,2025_real
2025-09-19 05:00:00,39.14249232696292,2025_real
2025-09-19 06:00:00,41.20768635596967,2025_real
2025-09-19 07:00:00,48.01498794207451,2025_real
2025-09-19 08:00:00,58.15676549960103,2025_real
2025-09-19 09:00:00,64.04403977969096,2025_real
2025-09-19 10:00:00,67.7869987061849,2025_real
2025-09-19 11:00:00,70.78708946569597,2025_real
2025-09-19 12:00:00,70.07034051751575,2025_real
2025-09-19 13:00:00,70.49135847295683,2025_real
2025-09-19 14:00:00,69.64449726120536,2025_real
2025-09-19 15:00:00,68.06633842780826,2025_real
2025-09-19 16:00:00,67.38346922855169,2025_real
2025-09-19 17:00:00,61.22368699592289,2025_real
2025-09-19 18:00:00,52.806137058738116,2025_real
2025-09-19 19:00:00,48.34844642752195,2025_real
2025-09-19 20:00:00,44.76519375015492,2025_real
2025-09-19 21:00:00,44.075844493405384,2025_real
2025-09-19 22:00:00,41.06337998524419,2025_real
2025-09-19 23:00:00,38.33329132189495,2025_real
2025-09-20 00:00:00,39.19524159193739,2025_real
2025-09-20 01:00:00,36.39817820477202,2025_real
2025-09-20 02:00:00,38.05280119595689,2025_real
2025-09-20 03:00:00,38.50494817466266,2025_real
2025-09-20 04:00:00,36.83296754124008,2025_real
2025-09-20 05:00:00,40.372253199285055,2025_real
2025-09-20 06:00:00,36.524877508819046,2025_real
2025-09-20 07:00:00,38.85901315827005,2025_real
2025-09-20 08:00:00,39.953779558067694,2025_real
2025-09-20 09:00:00,40.3625826327669,2025_real
2025-09-20 10:00:00,42.97115103573553,2025_real
2025-09-20 11:00:00,45.0451971676156,2025_real
2025-09-20 12:00:00,47.1852625750111,2025_real
2025-09-20 13:00:00,47.76182243184056,2025_real
2025-09-20 14:00:00,47.98113972031453,2025_real
2025-09-20 15:00:00,47.708703634257965,2025_real
2025-09-20 16:00:00,47.37861778758573,2025_real
2025-09-20 17:00:00,47.63359744110974,2025_real
2025-09-20 18:00:00,46.96104286538317,2025_real
2025-09-20 19:00:00,45.92313935615856,2025_real
2025-09-20 20:00:00,43.55160194746698,2025_real
2025-09-20 21:00:00,42.23227596848514,2025_real
2025-09-20 22:00:00,39.22302703356968,2025_real
2025-09-20 23:00:00,38.24018540551316,2025_real
2025-09-21 00:00:00,37.180639119709724,2025_real
2025-09-21 01:00:00,37.5019385867606,2025_real
2025-09-21 02:00:00,35.07690055929345,2025_real
2025-09-21 03:00:00,37.04821695751399,2025_real
2025-09-21 04:00:00,35.284546361180205,2025_real
2025-09-21 05:00:00,35.32421853096006,2025_real
2025-09-21 06:00:00,36.46255546137,2025_real
2025-09-21 07:00:00,35.61787327839208,2025_real
2025-09-21 08:00:00,36.661860827612564,2025_real
2025-09-21 09:00:00,38.173272317963765,2025_real
2025-09-21 10:00:00,39.23322811251661,2025_real
2025-09-21 11:00:00,40.39329793817699,2025_real
2025-09-21 12:00:00,42.58203005499479,2025_real
2025-09-21 13:00:00,45.378209195930175,2025_real
2025-09-21 14:00:00,47.53523643702404,2025_real
2025-09-21 15:00:00,46.85378199127352,2025_real
2025-09-21 16:00:00,47.5612176564358,2025_real
2025-09-21 17:00:00,47.70393486348404,2025_real
2025-09-21 18:00:00,47.088594290613685,2025_real
2025-09-21 19:00:00,44.8015985273927,2025_real
2025-09-21 20:00:00,43.509227111815,2025_real
2025-09-21 21:00:00,40.76352557780531,2025_real
2025-09-21 22:00:00,39.4161192937394,2025_real
2025-09-21 23:00:00,38.04790256588974,2025_real
2025-09-22 00:00:00,37.27538047449171,2025_real
2025-09-22 01:00:00,36.921312143142345,2025_real
2025-09-22 02:00:00,37.605407134076,2025_real
2025-09-22 03:00:00,35.46550830658097,2025_real
2025-09-22 04:00:00,35.682183577959954,2025_real
2025-09-22 05:00:00,36.201721693926686,2025_real
2025-09-22 06:00:00,38.37511382278478,2025_real
2025-09-22 07:00:00,48.10507374944198,2025_real
2025-09-22 08:00:00,61.48204858214126,2025_real
2025-09-22 09:00:00,66.44319634836518,2025_real
2025-09-22 10:00:00,70.13440480868309,2025_real
2025-09-22 11:00:00,70.71445384013401,2025_real
2025-09-22 12:00:00,72.15842096924268,2025_real
2025-09-22 13:00:00,72.97855490775763,2025_real
2025-09-22 14:00:00,73.2557460990763,2025_real
2025-09-22 15:00:00,73.68336194819975,2025_real
2025-09-22 16:00:00,72.40842062116869,2025_real
2025-09-22 17:00:00,70.44966977013875,2025_real
2025-09-22 18:00:00,64.99677628181638,2025_real
2025-09-22 19:00:00,53.62063780262699,2025_real
2025-09-22 20:00:00,47.00359455752361,2025_real
2025-09-22 21:00:00,43.17980654638532,2025_real
2025-09-22 22:00:00,40.9504291461835,2025_real
2025-09-22 23:00:00,38.98837401097589,2025_real
2025-09-23 00:00:00,37.89059372652288,2025_real
2025-09-23 01:00:00,38.110128360871194,2025_real
2025-09-23 02:00:00,36.90826066034576,2025_real
2025-09-23 03:00:00,38.30030275723681,2025_real
2025-09-23 04:00:00,37.03618293917146,2025_real
2025-09-23 05:00:00,38.074685944986506,2025_real
2025-09-23 06:00:00,39.67006273824962,2025_real
2025-09-23 07:00:00,50.51898125884561,2025_real
2025-09-23 08:00:00,62.9148826621884,2025_real
2025-09-23 09:00:00,69.27446317063152,2025_real
2025-09-23 10:00:00,71.97642827932803,2025_real
2025-09-23 11:00:00,73.32640374184757,2025_real
2025-09-23 12:00:00,74.58982266295428,2025_real
2025-09-23 13:00:00,75.96698472438547,2025_real
2025-09-23 14:00:00,76.78204221544505,2025_real
2025-09-23 15:00:00,75.20571141655033,2025_real
2025-09-23 16:00:00,74.41957392564393,2025_real
2025-09-23 17:00:00,74.74109298144344,2025_real
2025-09-23 18:00:00,67.64405545343176,2025_real
2025-09-23 19:00:00,56.94172785114539,2025_real
2025-09-23 20:00:00,53.66794753667068,2025_real
2025-09-23 21:00:00,46.6975576830645,2025_real
2025-09-23 22:00:00,48.76708413585289,2025_real
2025-09-23 23:00:00,44.54260386947617,2025_real
2025-09-24 00:00:00,49.82484471346402,2025_real
2025-09-24 01:00:00,40.354855483780064,2025_real
2025-09-24 02:00:00,40.514625802604904,2025_real
2025-09-24 03:00:00,42.82787008938395,2025_real
2025-09-24 04:00:00,43.72295419953835,2025_real
2025-09-24 05:00:00,47.16282718889007,2025_real
2025-09-24 06:00:00,42.86885466936033,2025_real
2025-09-24 07:00:00,55.64583670741133,2025_real
2025-09-24 08:00:00,67.31912951034685,2025_real
2025-09-24 09:00:00,71.98769393490726,2025_real
2025-09-24 10:00:00,71.32442549336581,2025_real
2025-09-24 11:00:00,77.540358270817,2025_real
2025-09-24 12:00:00,78.36039650425518,2025_real
2025-09-24 13:00:00,77.7101937929118,2025_real
2025-09-24 14:00:00,76.50517583347073,2025_real
2025-09-24 15:00:00,75.91357502036134,2025_real
2025-09-24 16:00:00,74.56080659530951,2025_real
2025-09-24 17:00:00,73.45134594499797,2025_real
2025-09-24 18:00:00,65.89710615983043,2025_real
2025-09-24 19:00:00,54.82122507682889,2025_real
2025-09-24 20:00:00,48.49443813361109,2025_real
2025-09-24 21:00:00,46.77713899266531,2025_real
2025-09-24 22:00:00,46.18516885084103,2025_real
2025-09-24 23:00:00,43.878522418411315,2025_real
2025-09-25 00:00:00,43.20728864633769,2025_real
2025-09-25 01:00:00,44.756239919423926,2025_real
2025-09-25 02:00:00,41.21016490570487,2025_real
2025-09-25 03:00:00,45.12359564694109,2025_real
2025-09-25 04:00:00,41.543930061317496,2025_real
2025-09-25 05:00:00,41.44655152576333,2025_real
2025-09-25 06:00:00,45.7998598373451,2025_real
2025-09-25 07:00:00,50.346890257077845,2025_real
2025-09-25 08:00:00,63.513961599572,2025_real
2025-09-25 09:00:00,72.22729704941356,2025_real
2025-09-25 10:00:00,69.77322273924604,2025_real
2025-09-25 11:00:00,77.26332150084042,2025_real
2025-09-25 12:00:00,78.6920053268789,2025_real
2025-09-25 13:00:00,75.44281612198104,2025_real
2025-09-25 14:00:00,77.01831804384794,2025_real
2025-09-25 15:00:00,77.76640478438846,2025_real
2025-09-25 16:00:00,73.70235341202147,2025_real
2025-09-25 17:00:00,73.64986620418158,2025_real
2025-09-25 18:00:00,63.901389917508226,2025_real
2025-09-25 19:00:00,55.41861147688834,2025_real
2025-09-25 20:00:00,49.67273790386046,2025_real
2025-09-25 21:00:00,49.65103365369448,2025_real
2025-09-25 22:00:00,49.57071722848165,2025_real
2025-09-25 23:00:00,44.69957845914951,2025_real
2025-09-26 00:00:00,38.913749565195864,2025_real
2025-09-26 01:00:00,38.58910213183118,2025_real
2025-09-26 02:00:00,38.58910213183118,2025_real
2025-09-26 03:00:00,38.58910213183118,2025_real
2025-09-26 04:00:00,38.58910213183118,2025_real
2025-09-26 05:00:00,38.58910213183118,2025_real
2025-09-26 06:00:00,38.58910213183118,2025_real
2025-09-26 07:00:00,38.58910213183118,2025_real
2025-09-26 08:00:00,60.464446697842035,2025_real
2025-09-26 09:00:00,67.8440683678378,2025_real
2025-09-26 10:00:00,70.1307701315113,2025_real
2025-09-26 11:00:00,71.40065656035449,2025_real
2025-09-26 12:00:00,72.57228361543895,2025_real
2025-09-26 13:00:00,73.8015413780199,2025_real
2025-09-26 14:00:00,72.16129587008243,2025_real
2025-09-26 15:00:00,72.00261049335309,2025_real
2025-09-26 16:00:00,69.46661520662258,2025_real
2025-09-26 17:00:00,65.36025003322246,2025_real
2025-09-26 18:00:00,57.52969525274349,2025_real
2025-09-26 19:00:00,51.53484145283219,2025_real
2025-09-26 20:00:00,51.43754866433801,2025_real
2025-09-26 21:00:00,44.229369284977636,2025_real
2025-09-26 22:00:00,57.97262785927032,2025_real
2025-09-26 23:00:00,40.13021556807972,2025_real
2025-09-27 00:00:00,40.222361301722934,2025_real
2025-09-27 01:00:00,40.20793700149713,2025_real
2025-09-27 02:00:00,39.69333661488051,2025_real
2025-09-27 03:00:00,39.25058720647539,2025_real
2025-09-27 04:00:00,39.35195491530797,2025_real
2025-09-27 05:00:00,40.16943273212672,2025_real
2025-09-27 06:00:00,38.95735500139993,2025_real
2025-09-27 07:00:00,39.17730868484388,2025_real
2025-09-27 08:00:00,38.93002679561387,2025_real
2025-09-27 09:00:00,40.987102307161884,2025_real
2025-09-27 10:00:00,42.725628732515545,2025_real
2025-09-27 11:00:00,45.155650167101584,2025_real
2025-09-27 12:00:00,47.38011152180391,2025_real
2025-09-27 13:00:00,47.84790119873071,2025_real
2025-09-27 14:00:00,46.91146402991598,2025_real
2025-09-27 15:00:00,46.71172519696256,2025_real
2025-09-27 16:00:00,47.49900462435809,2025_real
2025-09-27 17:00:00,46.58798711405005,2025_real
2025-09-27 18:00:00,46.11953455942445,2025_real
2025-09-27 19:00:00,45.68091856077782,2025_real
2025-09-27 20:00:00,44.21339436461223,2025_real
2025-09-27 21:00:00,42.12072339221844,2025_real
2025-09-27 22:00:00,40.01553153953407,2025_real
2025-09-27 23:00:00,38.204864354450855,2025_real
2025-09-28 00:00:00,37.44422575936489,2025_real
2025-09-28 01:00:00,36.82118899381804,2025_real
2025-09-28 02:00:00,36.53836317752686,2025_real
2025-09-28 03:00:00,36.487273449582474,2025_real
2025-09-28 04:00:00,36.425449506895994,2025_real
2025-09-28 05:00:00,36.775415626882925,2025_real
2025-09-28 06:00:00,36.754329120225634,2025_real
2025-09-28 07:00:00,38.29739799351601,2025_real
2025-09-28 08:00:00,37.422323316662684,2025_real
2025-09-28 09:00:00,38.47990600654507,2025_real
2025-09-28 10:00:00,39.72255647796031,2025_real
2025-09-28 11:00:00,42.38068665329103,2025_real
2025-09-28 12:00:00,45.071254797092166,2025_real
2025-09-28 13:00:00,46.705271405913074,2025_real
2025-09-28 14:00:00,48.58077088548168,2025_real
2025-09-28 15:00:00,48.30534207243552,2025_real
2025-09-28 16:00:00,48.57067240447553,2025_real
2025-09-28 17:00:00,47.51299768799821,2025_real
2025-09-28 18:00:00,48.75436707347153,2025_real
2025-09-28 19:00:00,47.30090516742683,2025_real
2025-09-28 20:00:00,45.051374376692756,2025_real
2025-09-28 21:00:00,42.22588626012767,2025_real
2025-09-28 22:00:00,41.99361730460694,2025_real
2025-09-28 23:00:00,39.22137405748049,2025_real
2025-09-29 00:00:00,39.1626287438345,2025_real
2025-09-29 01:00:00,38.27842593713925,2025_real
2025-09-29 02:00:00,38.25013622049056,2025_real
2025-09-29 03:00:00,38.19805501698436,2025_real
2025-09-29 04:00:00,38.72120222153348,2025_real
2025-09-29 05:00:00,40.74562671812045,2025_real
2025-09-29 06:00:00,40.44441204029931,2025_real
2025-09-29 07:00:00,49.97501442264084,2025_real
2025-09-29 08:00:00,62.32347600517387,2025_real
2025-09-29 09:00:00,69.49052682044803,2025_real
2025-09-29 10:00:00,72.09605151367434,2025_real
2025-09-29 11:00:00,72.57560016397365,2025_real
2025-09-29 12:00:00,73.07211263520142,2025_real
2025-09-29 13:00:00,73.60947169818132,2025_real
2025-09-29 14:00:00,73.07263011701846,2025_real
2025-09-29 15:00:00,72.72035728559894,2025_real
2025-09-29 16:00:00,71.9596280261061,2025_real
2025-09-29 17:00:00,69.28747573151588,2025_real
2025-09-29 18:00:00,61.91844404665861,2025_real
2025-09-29 19:00:00,51.01991757486532,2025_real
2025-09-29 20:00:00,45.379775325936535,2025_real
2025-09-29 21:00:00,43.81821779324609,2025_real
2025-09-29 22:00:00,40.217967099254366,2025_real
2025-09-29 23:00:00,38.94498513361859,2025_real
2025-09-30 00:00:00,38.847757156679656,2025_real
2025-09-30 01:00:00,37.86221901959692,2025_real
2025-09-30 02:00:00,37.70379490164378,2025_real
2025-09-30 03:00:00,39.94250722627057,2025_real
2025-09-30 04:00:00,38.37303282596649,2025_real
2025-09-30 05:00:00,38.09595003143134,2025_real
2025-09-30 06:00:00,40.16946433929887,2025_real
2025-09-30 07:00:00,50.622546892556116,2025_real
2025-09-30 08:00:00,65.98489325515045,2025_real
2025-09-30 09:00:00,65.4812815982282,2025_real
2025-09-30 10:00:00,68.84401281941615,2025_real
2025-09-30 11:00:00,73.51245181365753,2025_real
2025-09-30 12:00:00,73.55670834867185,2025_real
2025-09-30 13:00:00,72.65322975325941,2025_real
2025-09-30 14:00:00,79.61838904000172,2025_real
2025-09-30 15:00:00,76.11442903350779,2025_real
2025-09-30 16:00:00,75.63271955610355,2025_real
2025-09-30 17:00:00,70.51610416149425,2025_real
2025-09-30 18:00:00,66.6504439698866,2025_real
2025-09-30 19:00:00,55.192381490559775,2025_real
2025-09-30 20:00:00,49.5844716801001,2025_real
2025-09-30 21:00:00,48.731590556478515,2025_real
2025-09-30 22:00:00,42.13554265352986,2025_real
2025-09-30 23:00:00,46.693005211610576,2025_real
2025-10-01 00:00:00,43.52638027770041,2025_real
2025-10-01 01:00:00,45.39875899718714,2025_real
2025-10-01 02:00:00,39.72732816667032,2025_real
2025-10-01 03:00:00,40.091288813603,2025_real
2025-10-01 04:00:00,40.54350900311582,2025_real
2025-10-01 05:00:00,43.69644691575956,2025_real
2025-10-01 06:00:00,44.36638506595555,2025_real
2025-10-01 07:00:00,52.85344683040241,2025_real
2025-10-01 08:00:00,62.880663270943764,2025_real
2025-10-01 09:00:00,67.96785889368283,2025_real
2025-10-01 10:00:00,73.18525515118307,2025_real
2025-10-01 11:00:00,73.7201615641691,2025_real
2025-10-01 12:00:00,74.45539537287719,2025_real
2025-10-01 13:00:00,79.64238152230665,2025_real
2025-10-01 14:00:00,75.92058073513329,2025_real
2025-10-01 15:00:00,78.04240634248256,2025_real
2025-10-01 16:00:00,73.63393969368829,2025_real
2025-10-01 17:00:00,72.64378981731495,2025_real
2025-10-01 18:00:00,65.72048602099441,2025_real
2025-10-01 19:00:00,53.08971388858507,2025_real
2025-10-01 20:00:00,53.54548675929823,2025_real
2025-10-01 21:00:00,48.035109264713775,2025_real
2025-10-01 22:00:00,47.25431251509674,2025_real
2025-10-01 23:00:00,42.39992654497028,2025_real
2025-10-02 00:00:00,42.431994634762646,2025_real
2025-10-02 01:00:00,41.96724505578458,2025_real
2025-10-02 02:00:00,45.00991585719352,2025_real
2025-10-02 03:00:00,42.769804002567334,2025_real
2025-10-02 04:00:00,42.83836538239791,2025_real
2025-10-02 05:00:00,45.100072264810954,2025_real
2025-10-02 06:00:00,47.17421431834224,2025_real
2025-10-02 07:00:00,55.65268612478368,2025_real
2025-10-02 08:00:00,62.22680932660636,2025_real
2025-10-02 09:00:00,68.80800153467638,2025_real
2025-10-02 10:00:00,71.26907241220566,2025_real
2025-10-02 11:00:00,76.46793625091651,2025_real
2025-10-02 12:00:00,75.95843871232738,2025_real
2025-10-02 13:00:00,73.3606381264949,2025_real
2025-10-02 14:00:00,76.03834819264817,2025_real
2025-10-02 15:00:00,72.43747033628306,2025_real
2025-10-02 16:00:00,74.54584875585267,2025_real
2025-10-02 17:00:00,68.50456794655126,2025_real
2025-10-02 18:00:00,66.34842665356582,2025_real
2025-10-02 19:00:00,57.16331160789194,2025_real
2025-10-02 20:00:00,55.19353511444201,2025_real
2025-10-02 21:00:00,50.6813096806606,2025_real
2025-10-02 22:00:00,46.34692058510608,2025_real
2025-10-02 23:00:00,46.74326774106108,2025_real
2025-10-03 00:00:00,40.94812860590073,2025_real
2025-10-03 01:00:00,41.931990504557085,2025_real
2025-10-03 02:00:00,43.99362299862175,2025_real
2025-10-03 03:00:00,39.611827679988686,2025_real
2025-10-03 04:00:00,43.468602668162205,2025_real
2025-10-03 05:00:00,43.148584567108635,2025_real
2025-10-03 06:00:00,45.41664761120853,2025_real
2025-10-03 07:00:00,50.87737170155257,2025_real
2025-10-03 08:00:00,63.973484998279496,2025_real
2025-10-03 09:00:00,68.32522318257845,2025_real
2025-10-03 10:00:00,73.55213311440953,2025_real
2025-10-03 11:00:00,72.3593548573722,2025_real
2025-10-03 12:00:00,70.88315606204208,2025_real
2025-10-03 13:00:00,72.96756897849014,2025_real
2025-10-03 14:00:00,69.51264489748195,2025_real
2025-10-03 15:00:00,72.49433202831936,2025_real
2025-10-03 16:00:00,70.5092072153624,2025_real
2025-10-03 17:00:00,69.51731735407235,2025_real
2025-10-03 18:00:00,55.97671600776067,2025_real
2025-10-03 19:00:00,53.43046199175649,2025_real
2025-10-03 20:00:00,50.03400372575847,2025_real
2025-10-03 21:00:00,50.10096945062303,2025_real
2025-10-03 22:00:00,49.07927413416468,2025_real
2025-10-03 23:00:00,45.83264398329951,2025_real
2025-10-04 00:00:00,46.447521663410605,2025_real
2025-10-04 01:00:00,43.071663310194566,2025_real
2025-10-04 02:00:00,40.85897060014476,2025_real
2025-10-04 03:00:00,43.0456733220489,2025_real
2025-10-04 04:00:00,42.33766521354657,2025_real
2025-10-04 05:00:00,40.7279032443848,2025_real
2025-10-04 06:00:00,41.855943945522,2025_real
2025-10-04 07:00:00,41.31248849098898,2025_real
2025-10-04 08:00:00,41.358565396329126,2025_real
2025-10-04 09:00:00,44.14860291120419,2025_real
2025-10-04 10:00:00,45.93316190122249,2025_real
2025-10-04 11:00:00,47.89182012714727,2025_real
2025-10-04 12:00:00,51.332356070279104,2025_real
2025-10-04 13:00:00,51.89358694990841,2025_real
2025-10-04 14:00:00,52.774220859161915,2025_real
2025-10-04 15:00:00,54.36758314313725,2025_real
2025-10-04 16:00:00,53.130728399217745,2025_real
2025-10-04 17:00:00,51.81867385150181,2025_real
2025-10-04 18:00:00,50.3643132024924,2025_real
2025-10-04 19:00:00,49.389107090229814,2025_real
2025-10-04 20:00:00,47.8066191438232,2025_real
2025-10-04 21:00:00,47.920795343552776,2025_real
2025-10-04 22:00:00,44.46203818534514,2025_real
2025-10-04 23:00:00,42.44165549567519,2025_real
2025-10-05 00:00:00,41.09900336843144,2025_real
2025-10-05 01:00:00,40.92386143929373,2025_real
2025-10-05 02:00:00,39.90510869724791,2025_real
2025-10-05 03:00:00,41.42318007217979,2025_real
2025-10-05 04:00:00,41.67752096673699,2025_real
2025-10-05 05:00:00,42.73570247923253,2025_real
2025-10-05 06:00:00,39.35848954673056,2025_real
2025-10-05 07:00:00,39.08602418735572,2025_real
2025-10-05 08:00:00,41.26381358814682,2025_real
2025-10-05 09:00:00,39.39708893529256,2025_real
2025-10-05 10:00:00,41.640753635914024,2025_real
2025-10-05 11:00:00,43.71882297907277,2025_real
2025-10-05 12:00:00,47.446697335841066,2025_real
2025-10-05 13:00:00,48.886613753598525,2025_real
2025-10-05 14:00:00,48.233251802700366,2025_real
2025-10-05 15:00:00,48.625229266820625,2025_real
2025-10-05 16:00:00,47.94667471964182,2025_real
2025-10-05 17:00:00,49.5642464960261,2025_real
2025-10-05 18:00:00,47.35664440260847,2025_real
2025-10-05 19:00:00,46.12927701185808,2025_real
2025-10-05 20:00:00,46.046716665500995,2025_real
2025-10-05 21:00:00,43.310085741964,2025_real
2025-10-05 22:00:00,43.829234421410646,2025_real
2025-10-05 23:00:00,42.76014656491252,2025_real
2025-10-06 00:00:00,40.24193811607595,2025_real
2025-10-06 01:00:00,40.070964987094115,2025_real
2025-10-06 02:00:00,38.851701077887554,2025_real
2025-10-06 03:00:00,39.798138331748724,2025_real
2025-10-06 04:00:00,39.2812223869834,2025_real
2025-10-06 05:00:00,39.15428707412184,2025_real
2025-10-06 06:00:00,42.04346739596278,2025_real
2025-10-06 07:00:00,51.111494676846526,2025_real
2025-10-06 08:00:00,62.705021372919774,2025_real
2025-10-06 09:00:00,68.79377213577527,2025_real
2025-10-06 10:00:00,70.86069152198073,2025_real
2025-10-06 11:00:00,72.52516851693946,2025_real
2025-10-06 12:00:00,73.17405192493844,2025_real
2025-10-06 13:00:00,74.23940321126025,2025_real
2025-10-06 14:00:00,74.5086771383442,2025_real
2025-10-06 15:00:00,72.45109930100703,2025_real
2025-10-06 16:00:00,71.98032747602385,2025_real
2025-10-06 17:00:00,69.31857507598191,2025_real
2025-10-06 18:00:00,63.871285418315125,2025_real
2025-10-06 19:00:00,51.71568880939802,2025_real
2025-10-06 20:00:00,45.6207120004306,2025_real
2025-10-06 21:00:00,42.94383001152285,2025_real
2025-10-06 22:00:00,42.75874336112982,2025_real
2025-10-06 23:00:00,40.719336708441475,2025_real
2025-10-07 00:00:00,40.649312690241885,2025_real
2025-10-07 01:00:00,38.75487967159307,2025_real
2025-10-07 02:00:00,39.980800146044004,2025_real
2025-10-07 03:00:00,39.87210855104915,2025_real
2025-10-07 04:00:00,39.27646123309741,2025_real
2025-10-07 05:00:00,40.673174158344196,2025_real
2025-10-07 06:00:00,40.911749492678126,2025_real
2025-10-07 07:00:00,51.240660934111105,2025_real
2025-10-07 08:00:00,63.89386807333341,2025_real
2025-10-07 09:00:00,70.86674488947233,2025_real
2025-10-07 10:00:00,73.11324744768805,2025_real
2025-10-07 11:00:00,75.26428445288845,2025_real
2025-10-07 12:00:00,75.13631936572135,2025_real
2025-10-07 13:00:00,74.83078819265131,2025_real
2025-10-07 14:00:00,74.78274330766982,2025_real
2025-10-07 15:00:00,75.08595589898721,2025_real
2025-10-07 16:00:00,74.5231621714021,2025_real
2025-10-07 17:00:00,71.15181025073575,2025_real
2025-10-07 18:00:00,64.05408913562756,2025_real
2025-10-07 19:00:00,53.58804908941648,2025_real
2025-10-07 20:00:00,47.354373653261646,2025_real
2025-10-07 21:00:00,44.45349971355185,2025_real
2025-10-07 22:00:00,42.43351851220421,2025_real
2025-10-07 23:00:00,40.99356502855085,2025_real
2025-10-08 00:00:00,39.92173436710679,2025_real
2025-10-08 01:00:00,39.87932877947256,2025_real
2025-10-08 02:00:00,41.68875678241798,2025_real
2025-10-08 03:00:00,40.002497310897084,2025_real
2025-10-08 04:00:00,40.93417684467396,2025_real
2025-10-08 05:00:00,40.7279104642372,2025_real
2025-10-08 06:00:00,42.680893113397644,2025_real
2025-10-08 07:00:00,52.41866109980922,2025_real
2025-10-08 08:00:00,63.32653007130922,2025_real
2025-10-08 09:00:00,69.37624473630092,2025_real
2025-10-08 10:00:00,71.70203203754356,2025_real
2025-10-08 11:00:00,74.24677958625693,2025_real
2025-10-08 12:00:00,75.12300796103776,2025_real
2025-10-08 13:00:00,75.31011743215728,2025_real
2025-10-08 14:00:00,75.93100106511608,2025_real
2025-10-08 15:00:00,73.82887028133891,2025_real
2025-10-08 16:00:00,72.43263997231043,2025_real
2025-10-08 17:00:00,71.59943777261066,2025_real
2025-10-08 18:00:00,63.84652269312667,2025_real
2025-10-08 19:00:00,54.23505603649134,2025_real
2025-10-08 20:00:00,48.18440753559017,2025_real
2025-10-08 21:00:00,46.024756241554535,2025_real
2025-10-08 22:00:00,44.014465543926065,2025_real
2025-10-08 23:00:00,41.72318941026851,2025_real
2025-10-09 00:00:00,40.339073756041344,2025_real
2025-10-09 01:00:00,39.72558358224566,2025_real
2025-10-09 02:00:00,40.14914240877643,2025_real
2025-10-09 03:00:00,39.699838333297095,2025_real
2025-10-09 04:00:00,39.83696052179336,2025_real
2025-10-09 05:00:00,40.261587973433336,2025_real
2025-10-09 06:00:00,41.51547219256424,2025_real
2025-10-09 07:00:00,51.79471837489383,2025_real
2025-10-09 08:00:00,64.33693810263776,2025_real
2025-10-09 09:00:00,70.114849225917,2025_real
2025-10-09 10:00:00,71.28958694051883,2025_real
2025-10-09 11:00:00,73.06949117274789,2025_real
2025-10-09 12:00:00,74.29591745049802,2025_real
2025-10-09 13:00:00,74.49281038268539,2025_real
2025-10-09 14:00:00,75.08828979544177,2025_real
2025-10-09 15:00:00,73.78146203809416,2025_real
2025-10-09 16:00:00,72.44619690744118,2025_real
2025-10-09 17:00:00,69.45936700516799,2025_real
2025-10-09 18:00:00,62.82040757280828,2025_real
2025-10-09 19:00:00,53.60189065843298,2025_real
2025-10-09 20:00:00,47.865112157690675,2025_real
2025-10-09 21:00:00,45.13650287226733,2025_real
2025-10-09 22:00:00,43.79162575133209,2025_real
2025-10-09 23:00:00,41.269768073342604,2025_real
2025-10-10 00:00:00,42.38854980817796,2025_real
2025-10-10 01:00:00,41.73217791198502,2025_real
2025-10-10 02:00:00,41.34518079804366,2025_real
2025-10-10 03:00:00,41.63575586735966,2025_real
2025-10-10 04:00:00,40.398936299865156,2025_real
2025-10-10 05:00:00,39.86524772108524,2025_real
2025-10-10 06:00:00,41.81652672159732,2025_real
2025-10-10 07:00:00,51.63337250090373,2025_real
2025-10-10 08:00:00,62.46505192006678,2025_real
2025-10-10 09:00:00,67.92317077140396,2025_real
2025-10-10 10:00:00,69.3743931091387,2025_real
2025-10-10 11:00:00,72.25060183357974,2025_real
2025-10-10 12:00:00,71.635664824997,2025_real
2025-10-10 13:00:00,71.99713138514248,2025_real
2025-10-10 14:00:00,71.50843448011334,2025_real
2025-10-10 15:00:00,70.48241455670936,2025_real
2025-10-10 16:00:00,69.0443845093407,2025_real
2025-10-10 17:00:00,63.650337843727854,2025_real
2025-10-10 18:00:00,56.25555586171575,2025_real
2025-10-10 19:00:00,51.188849106087005,2025_real
2025-10-10 20:00:00,46.798887020318276,2025_real
2025-10-10 21:00:00,44.44619440438406,2025_real
2025-10-10 22:00:00,42.70249243933081,2025_real
2025-10-10 23:00:00,39.20598704233069,2025_real
2025-10-11 00:00:00,39.450465421617835,2025_real
2025-10-11 01:00:00,38.1567342684846,2025_real
2025-10-11 02:00:00,38.241877833549296,2025_real
2025-10-11 03:00:00,38.22540403811505,2025_real
2025-10-11 04:00:00,41.4972764240852,2025_real
2025-10-11 05:00:00,40.0839472275802,2025_real
2025-10-11 06:00:00,38.51887590727168,2025_real
2025-10-11 07:00:00,40.41140313219076,2025_real
2025-10-11 08:00:00,38.5105960566885,2025_real
2025-10-11 09:00:00,40.017536439057835,2025_real
2025-10-11 10:00:00,41.878653154129324,2025_real
2025-10-11 11:00:00,46.02568360910736,2025_real
2025-10-11 12:00:00,46.379921887495875,2025_real
2025-10-11 13:00:00,48.82553018710853,2025_real
2025-10-11 14:00:00,49.303339981849334,2025_real
2025-10-11 15:00:00,49.51908268892366,2025_real
2025-10-11 16:00:00,49.505276924325656,2025_real
2025-10-11 17:00:00,48.111176268262625,2025_real
2025-10-11 18:00:00,46.20771004429071,2025_real
2025-10-11 19:00:00,45.74673016369148,2025_real
2025-10-11 20:00:00,43.95378688777993,2025_real
2025-10-11 21:00:00,42.35288664037131,2025_real
2025-10-11 22:00:00,40.61733912396727,2025_real
2025-10-11 23:00:00,40.30106047440469,2025_real
2025-10-12 00:00:00,38.737214913466914,2025_real
2025-10-12 01:00:00,38.373137111429244,2025_real
2025-10-12 02:00:00,37.20262246367341,2025_real
2025-10-12 03:00:00,36.8841980829412,2025_real
2025-10-12 04:00:00,36.75222810594015,2025_real
2025-10-12 05:00:00,37.864101601365384,2025_real
2025-10-12 06:00:00,37.510640233809525,2025_real
2025-10-12 07:00:00,37.56176152323602,2025_real
2025-10-12 08:00:00,38.09223398463158,2025_real
2025-10-12 09:00:00,39.83983499145204,2025_real
2025-10-12 10:00:00,40.25409317977466,2025_real
2025-10-12 11:00:00,42.758302895838426,2025_real
2025-10-12 12:00:00,43.69345022986571,2025_real
2025-10-12 13:00:00,45.313547098186895,2025_real
2025-10-12 14:00:00,47.20833039197778,2025_real
2025-10-12 15:00:00,46.81051553907872,2025_real
2025-10-12 16:00:00,46.9320077983524,2025_real
2025-10-12 17:00:00,46.36957192782146,2025_real
2025-10-12 18:00:00,45.0359365360553,2025_real
2025-10-12 19:00:00,44.891807669667685,2025_real
2025-10-12 20:00:00,43.59481547415912,2025_real
2025-10-12 21:00:00,42.45694567314256,2025_real
2025-10-12 22:00:00,40.30885090268481,2025_real
2025-10-12 23:00:00,39.550878929284785,2025_real
2025-10-13 00:00:00,38.90231965485144,2025_real
2025-10-13 01:00:00,40.23822355666067,2025_real
2025-10-13 02:00:00,38.743532509222504,2025_real
2025-10-13 03:00:00,37.84019811377091,2025_real
2025-10-13 04:00:00,38.068440795827755,2025_real
2025-10-13 05:00:00,40.25997591010329,2025_real
2025-10-13 06:00:00,40.68866945924222,2025_real
2025-10-13 07:00:00,49.011307961099476,2025_real
2025-10-13 08:00:00,61.35658470389341,2025_real
2025-10-13 09:00:00,67.24544016646587,2025_real
2025-10-13 10:00:00,69.95313007219136,2025_real
2025-10-13 11:00:00,71.47330090990069,2025_real
2025-10-13 12:00:00,72.10699238748762,2025_real
2025-10-13 13:00:00,72.51676770044165,2025_real
2025-10-13 14:00:00,72.67299480462674,2025_real
2025-10-13 15:00:00,71.2629391985385,2025_real
2025-10-13 16:00:00,70.21693393673894,2025_real
2025-10-13 17:00:00,68.07093628857422,2025_real
2025-10-13 18:00:00,60.817234813075515,2025_real
2025-10-13 19:00:00,50.003156091967384,2025_real
2025-10-13 20:00:00,44.57650348155502,2025_real
2025-10-13 21:00:00,41.27488394234946,2025_real
2025-10-13 22:00:00,40.40925198460855,2025_real
2025-10-13 23:00:00,40.26863696623481,2025_real
2025-10-14 00:00:00,39.44141635996201,2025_real
2025-10-14 01:00:00,38.612150431237005,2025_real
2025-10-14 02:00:00,37.48241313031967,2025_real
2025-10-14 03:00:00,37.2597383397754,2025_real
2025-10-14 04:00:00,37.51304280673295,2025_real
2025-10-14 05:00:00,39.55911940249613,2025_real
2025-10-14 06:00:00,39.86137582667139,2025_real
2025-10-14 07:00:00,49.772219920571985,2025_real
2025-10-14 08:00:00,61.58104989566104,2025_real
2025-10-14 09:00:00,69.66199551003437,2025_real
2025-10-14 10:00:00,71.77376750190061,2025_real
2025-10-14 11:00:00,73.40319427330307,2025_real
2025-10-14 12:00:00,73.39973336344588,2025_real
2025-10-14 13:00:00,74.3563878798019,2025_real
2025-10-14 14:00:00,74.30949129637575,2025_real
2025-10-14 15:00:00,73.61229202070973,2025_real
2025-10-14 16:00:00,72.23020045856578,2025_real
2025-10-14 17:00:00,69.3310756219052,2025_real
2025-10-14 18:00:00,62.13766524350096,2025_real
2025-10-14 19:00:00,52.82009587488942,2025_real
2025-10-14 20:00:00,45.87535300596738,2025_real
2025-10-14 21:00:00,43.2751161134515,2025_real
2025-10-14 22:00:00,42.83130050483892,2025_real
2025-10-14 23:00:00,41.677636455369054,2025_real
2025-10-15 00:00:00,41.33990449626711,2025_real
2025-10-15 01:00:00,39.289479518066656,2025_real
2025-10-15 02:00:00,39.1363721081721,2025_real
2025-10-15 03:00:00,39.43428869959524,2025_real
2025-10-15 04:00:00,41.831336583343614,2025_real
2025-10-15 05:00:00,41.1902858296529,2025_real
2025-10-15 06:00:00,41.821659245304176,2025_real
2025-10-15 07:00:00,51.31382014178563,2025_real
2025-10-15 08:00:00,64.33561335755172,2025_real
2025-10-15 09:00:00,69.73285616258873,2025_real
2025-10-15 10:00:00,72.58262488297433,2025_real
2025-10-15 11:00:00,74.04337669443959,2025_real
2025-10-15 12:00:00,75.3377059118347,2025_real
2025-10-15 13:00:00,76.30866179022962,2025_real
2025-10-15 14:00:00,76.16824654766734,2025_real
2025-10-15 15:00:00,74.85661350175434,2025_real
2025-10-15 16:00:00,73.55339756908197,2025_real
2025-10-15 17:00:00,71.30072455988237,2025_real
2025-10-15 18:00:00,65.27763000393293,2025_real
2025-10-15 19:00:00,54.99715183252185,2025_real
2025-10-15 20:00:00,48.8446975146216,2025_real
2025-10-15 21:00:00,45.7821397309764,2025_real
2025-10-15 22:00:00,43.96611056651081,2025_real
2025-10-15 23:00:00,42.376773368156094,2025_real
2025-10-16 00:00:00,44.534941624890685,2025_real
2025-10-16 01:00:00,44.245431624938476,2025_real
2025-10-16 02:00:00,43.51978181277681,2025_real
2025-10-16 03:00:00,39.21967983983117,2025_real
2025-10-16 04:00:00,45.7297893196576,2025_real
2025-10-16 05:00:00,41.088820469772365,2025_real
2025-10-16 06:00:00,45.15917129886332,2025_real
2025-10-16 07:00:00,55.83426417086381,2025_real
2025-10-16 08:00:00,63.11336295009213,2025_real
2025-10-16 09:00:00,69.11257137524726,2025_real
2025-10-16 10:00:00,73.68161263481879,2025_real
2025-10-16 11:00:00,80.81138866978424,2025_real
2025-10-16 12:00:00,76.22450375078569,2025_real
2025-10-16 13:00:00,79.4719753455675,2025_real
2025-10-16 14:00:00,78.88189646404064,2025_real
2025-10-16 15:00:00,76.2347802460302,2025_real
2025-10-16 16:00:00,72.6370422776008,2025_real
2025-10-16 17:00:00,74.04135513938719,2025_real
2025-10-16 18:00:00,62.215018859177725,2025_real
2025-10-16 19:00:00,59.65712072341957,2025_real
2025-10-16 20:00:00,51.71063319620486,2025_real
2025-10-16 21:00:00,43.54785917180372,2025_real
2025-10-16 22:00:00,46.5149704030364,2025_real
2025-10-16 23:00:00,46.40858343646837,2025_real
2025-10-17 00:00:00,43.314949320497334,2025_real
2025-10-17 01:00:00,45.35276751818578,2025_real
2025-10-17 02:00:00,41.58086500751005,2025_real
2025-10-17 03:00:00,41.349803161198864,2025_real
2025-10-17 04:00:00,43.398688186677084,2025_real
2025-10-17 05:00:00,45.29351370308852,2025_real
2025-10-17 06:00:00,44.4996199987209,2025_real
2025-10-17 07:00:00,55.57787039938701,2025_real
2025-10-17 08:00:00,61.37456742995996,2025_real
2025-10-17 09:00:00,68.92442904753287,2025_real
2025-10-17 10:00:00,70.83506123778145,2025_real
2025-10-17 11:00:00,69.17110787995531,2025_real
2025-10-17 12:00:00,69.76078543884834,2025_real
2025-10-17 13:00:00,73.49531728419217,2025_real
2025-10-17 14:00:00,76.29399974723346,2025_real
2025-10-17 15:00:00,72.84739044431853,2025_real
2025-10-17 16:00:00,65.78738305443174,2025_real
2025-10-17 17:00:00,58.13901587977866,2025_real
2025-10-17 18:00:00,58.739657755963606,2025_real
2025-10-17 19:00:00,53.7803565990826,2025_real
2025-10-17 20:00:00,53.53542459016698,2025_real
2025-10-17 21:00:00,47.87242614475224,2025_real
2025-10-17 22:00:00,49.01508293911526,2025_real
2025-10-17 23:00:00,47.66703669194856,2025_real
2025-10-18 00:00:00,43.31976037130636,2025_real
2025-10-18 01:00:00,43.460941392181525,2025_real
2025-10-18 02:00:00,43.3279371796117,2025_real
2025-10-18 03:00:00,45.09615151097993,2025_real
2025-10-18 04:00:00,43.37797498645762,2025_real
2025-10-18 05:00:00,45.79524380346567,2025_real
2025-10-18 06:00:00,43.100821996174695,2025_real
2025-10-18 07:00:00,41.65870371185077,2025_real
2025-10-18 08:00:00,48.88369225863173,2025_real
2025-10-18 09:00:00,44.85916476148839,2025_real
2025-10-18 10:00:00,46.51146828178642,2025_real
2025-10-18 11:00:00,49.293584927652546,2025_real
2025-10-18 12:00:00,51.418419708425176,2025_real
2025-10-18 13:00:00,51.996130016256835,2025_real
2025-10-18 14:00:00,52.96407106740597,2025_real
2025-10-18 15:00:00,54.20907988854019,2025_real
2025-10-18 16:00:00,53.955217382120175,2025_real
2025-10-18 17:00:00,48.41755001983779,2025_real
2025-10-18 18:00:00,56.8040496397476,2025_real
2025-10-18 19:00:00,51.73851620053958,2025_real
2025-10-18 20:00:00,51.87523807147729,2025_real
2025-10-18 21:00:00,45.956129448168575,2025_real
2025-10-18 22:00:00,44.948161192133966,2025_real
2025-10-18 23:00:00,43.87725849672093,2025_real
2025-10-19 00:00:00,46.64484908990543,2025_real
2025-10-19 01:00:00,42.34782769371156,2025_real
2025-10-19 02:00:00,44.66523378491941,2025_real
2025-10-19 03:00:00,41.22434161988326,2025_real
2025-10-19 04:00:00,41.88100711743217,2025_real
2025-10-19 05:00:00,42.29244865840764,2025_real
2025-10-19 06:00:00,45.337239417642905,2025_real
2025-10-19 07:00:00,38.874222790215114,2025_real
2025-10-19 08:00:00,40.89463252343497,2025_real
2025-10-19 09:00:00,38.40594594762586,2025_real
2025-10-19 10:00:00,40.90621345430884,2025_real
2025-10-19 11:00:00,43.87987721693995,2025_real
2025-10-19 12:00:00,43.41057548202036,2025_real
2025-10-19 13:00:00,47.38951208346238,2025_real
2025-10-19 14:00:00,44.74169254441507,2025_real
2025-10-19 15:00:00,47.21885035631067,2025_real
2025-10-19 16:00:00,51.950100781191615,2025_real
2025-10-19 17:00:00,50.18976893031077,2025_real
2025-10-19 18:00:00,49.167813109625094,2025_real
2025-10-19 19:00:00,45.108063922903916,2025_real
2025-10-19 20:00:00,42.81373683238832,2025_real
2025-10-19 21:00:00,42.8092264348368,2025_real
2025-10-19 22:00:00,43.556048443595664,2025_real
2025-10-19 23:00:00,44.17149955245952,2025_real
2025-10-20 00:00:00,42.05148721089341,2025_real
2025-10-20 01:00:00,41.560514499869875,2025_real
2025-10-20 02:00:00,38.63995384848248,2025_real
2025-10-20 03:00:00,39.38058528905416,2025_real
2025-10-20 04:00:00,39.32493960235496,2025_real
2025-10-20 05:00:00,40.092527588787235,2025_real
2025-10-20 06:00:00,46.59968027001404,2025_real
2025-10-20 07:00:00,48.28117402423249,2025_real
2025-10-20 08:00:00,62.884162535720556,2025_real
2025-10-20 09:00:00,71.96157072287001,2025_real
2025-10-20 10:00:00,68.61474679686111,2025_real
2025-10-20 11:00:00,71.26284622587869,2025_real
2025-10-20 12:00:00,72.09521674233787,2025_real
2025-10-20 13:00:00,73.62360603061504,2025_real
2025-10-20 14:00:00,70.30834682523488,2025_real
2025-10-20 15:00:00,74.57898738188145,2025_real
2025-10-20 16:00:00,73.56641762633876,2025_real
2025-10-20 17:00:00,70.92818755056483,2025_real
2025-10-20 18:00:00,62.37916603729838,2025_real
2025-10-20 19:00:00,53.79705385780074,2025_real
2025-10-20 20:00:00,45.33673736029087,2025_real
2025-10-20 21:00:00,43.40018130595655,2025_real
2025-10-20 22:00:00,46.901337685438875,2025_real
2025-10-20 23:00:00,41.20516069869045,2025_real
2025-10-21 00:00:00,37.722419631448815,2025_real
2025-10-21 01:00:00,40.00764120857284,2025_real
2025-10-21 02:00:00,36.912039049269765,2025_real
2025-10-21 03:00:00,37.49744018162979,2025_real
2025-10-21 04:00:00,37.29460517188515,2025_real
2025-10-21 05:00:00,39.08828658180491,2025_real
2025-10-21 06:00:00,44.287061945826025,2025_real
2025-10-21 07:00:00,53.19664413947062,2025_real
2025-10-21 08:00:00,65.26573531692392,2025_real
2025-10-21 09:00:00,67.73212693142028,2025_real
2025-10-21 10:00:00,70.82706383408264,2025_real
2025-10-21 11:00:00,74.31230763603229,2025_real
2025-10-21 12:00:00,75.644559850058,2025_real
2025-10-21 13:00:00,74.75927633556529,2025_real
2025-10-21 14:00:00,75.08830578548955,2025_real
2025-10-21 15:00:00,75.21634644886971,2025_real
2025-10-21 16:00:00,74.66445626953197,2025_real
2025-10-21 17:00:00,71.33286731032035,2025_real
2025-10-21 18:00:00,64.3152314943919,2025_real
2025-10-21 19:00:00,53.656154911745986,2025_real
2025-10-21 20:00:00,47.81019093552528,2025_real
2025-10-21 21:00:00,44.46619418248069,2025_real
2025-10-21 22:00:00,42.97838694924945,2025_real
2025-10-21 23:00:00,40.140650573820736,2025_real
2025-10-22 00:00:00,40.508328762301616,2025_real
2025-10-22 01:00:00,40.726429438326925,2025_real
2025-10-22 02:00:00,39.22103752950818,2025_real
2025-10-22 03:00:00,41.24920293356618,2025_real
2025-10-22 04:00:00,40.2500225619211,2025_real
2025-10-22 05:00:00,39.07979439024787,2025_real
2025-10-22 06:00:00,40.972392759811925,2025_real
2025-10-22 07:00:00,51.37761710735171,2025_real
2025-10-22 08:00:00,63.82376105096158,2025_real
2025-10-22 09:00:00,71.4342771140358,2025_real
2025-10-22 10:00:00,73.88486037968778,2025_real
2025-10-22 11:00:00,74.54275204491836,2025_real
2025-10-22 12:00:00,75.47257358850138,2025_real
2025-10-22 13:00:00,76.36331802354235,2025_real
2025-10-22 14:00:00,75.84696190122148,2025_real
2025-10-22 15:00:00,75.4348509486398,2025_real
2025-10-22 16:00:00,74.6741556580304,2025_real
2025-10-22 17:00:00,70.93545681586127,2025_real
2025-10-22 18:00:00,64.29789958508518,2025_real
2025-10-22 19:00:00,54.23723614673971,2025_real
2025-10-22 20:00:00,47.69163312051707,2025_real
2025-10-22 21:00:00,45.317731474945475,2025_real
2025-10-22 22:00:00,42.64492900978844,2025_real
2025-10-22 23:00:00,40.69428560356455,2025_real
2025-10-23 00:00:00,40.00698707530036,2025_real
2025-10-23 01:00:00,39.140200524684,2025_real
2025-10-23 02:00:00,39.592676935252584,2025_real
2025-10-23 03:00:00,40.92139074260986,2025_real
2025-10-23 04:00:00,40.65189787438378,2025_real
2025-10-23 05:00:00,39.58048720550747,2025_real
2025-10-23 06:00:00,41.62944855023204,2025_real
2025-10-23 07:00:00,51.71003411739851,2025_real
2025-10-23 08:00:00,64.08254343037319,2025_real
2025-10-23 09:00:00,69.36510007359023,2025_real
2025-10-23 10:00:00,71.81621607584864,2025_real
2025-10-23 11:00:00,73.53796450645416,2025_real
2025-10-23 12:00:00,73.93396082916075,2025_real
2025-10-23 13:00:00,74.7164027301564,2025_real
2025-10-23 14:00:00,75.61277217289849,2025_real
2025-10-23 15:00:00,74.81339604513113,2025_real
2025-10-23 16:00:00,72.48787580297531,2025_real
2025-10-23 17:00:00,69.86458474223042,2025_real
2025-10-23 18:00:00,63.11878228777675,2025_real
2025-10-23 19:00:00,54.34187251093532,2025_real
2025-10-23 20:00:00,48.60348838850156,2025_real
2025-10-23 21:00:00,44.80280115112043,2025_real
2025-10-23 22:00:00,41.5666743941048,2025_real
2025-10-23 23:00:00,40.0465684937128,2025_real
2025-10-24 00:00:00,40.06885486153836,2025_real
2025-10-24 01:00:00,38.40887947669623,2025_real
2025-10-24 02:00:00,40.3129328731295,2025_real
2025-10-24 03:00:00,39.09758217918071,2025_real
2025-10-24 04:00:00,40.07009515786788,2025_real
2025-10-24 05:00:00,39.939907254550704,2025_real
2025-10-24 06:00:00,40.87331781551758,2025_real
2025-10-24 07:00:00,50.86656471709189,2025_real
2025-10-24 08:00:00,62.43793073565294,2025_real
2025-10-24 09:00:00,68.04962644904813,2025_real
2025-10-24 10:00:00,70.78590557097245,2025_real
2025-10-24 11:00:00,73.1931542457252,2025_real
2025-10-24 12:00:00,72.44137480959547,2025_real
2025-10-24 13:00:00,73.1465487334797,2025_real
2025-10-24 14:00:00,73.22243436205795,2025_real
2025-10-24 15:00:00,72.19972098854112,2025_real
2025-10-24 16:00:00,69.02231014447116,2025_real
2025-10-24 17:00:00,64.4372363856751,2025_real
2025-10-24 18:00:00,56.56856850885558,2025_real
2025-10-24 19:00:00,51.25013377110003,2025_real
2025-10-24 20:00:00,47.82481338956027,2025_real
2025-10-24 21:00:00,45.82460743450888,2025_real
2025-10-24 22:00:00,42.63923034518987,2025_real
2025-10-24 23:00:00,40.449326051821295,2025_real
2025-10-25 00:00:00,40.377811462803415,2025_real
2025-10-25 01:00:00,40.4856054202571,2025_real
2025-10-25 02:00:00,40.21026174529062,2025_real
2025-10-25 03:00:00,38.85969127910258,2025_real
2025-10-25 04:00:00,39.08320455100712,2025_real
2025-10-25 05:00:00,39.23745134659013,2025_real
2025-10-25 06:00:00,39.61300404003363,2025_real
2025-10-25 07:00:00,40.51811894309074,2025_real
2025-10-25 08:00:00,39.605318435319916,2025_real
2025-10-25 09:00:00,42.63422509261203,2025_real
2025-10-25 10:00:00,44.23418778357591,2025_real
2025-10-25 11:00:00,46.94177978684273,2025_real
2025-10-25 12:00:00,47.81179739297552,2025_real
2025-10-25 13:00:00,49.152675579545125,2025_real
2025-10-25 14:00:00,49.45878339960923,2025_real
2025-10-25 15:00:00,50.82192604325356,2025_real
2025-10-25 16:00:00,51.20088622756576,2025_real
2025-10-25 17:00:00,49.56750919701263,2025_real
2025-10-25 18:00:00,49.84037005578334,2025_real
2025-10-25 19:00:00,48.9664357107891,2025_real
2025-10-25 20:00:00,48.61379606394396,2025_real
2025-10-25 21:00:00,46.87554953038175,2025_real
2025-10-25 22:00:00,43.40556052590992,2025_real
2025-10-25 23:00:00,42.18382244391104,2025_real
2025-10-26 00:00:00,40.85151016820683,2025_real
2025-10-26 01:00:00,40.88778624082026,2025_real
2025-10-26 02:00:00,39.867335675579284,2025_real
2025-10-26 03:00:00,40.01150718089484,2025_real
2025-10-26 04:00:00,40.04275943889999,2025_real
2025-10-26 05:00:00,40.22147219770753,2025_real
2025-10-26 06:00:00,39.668302465589164,2025_real
2025-10-26 07:00:00,39.17155526532584,2025_real
2025-10-26 08:00:00,40.679712662479446,2025_real
2025-10-26 09:00:00,42.387409870908755,2025_real
2025-10-26 10:00:00,43.36464561698844,2025_real
2025-10-26 11:00:00,44.48292320614222,2025_real
2025-10-26 12:00:00,46.702886318698376,2025_real
2025-10-26 13:00:00,48.34897935066134,2025_real
2025-10-26 14:00:00,49.11957714619331,2025_real
2025-10-26 15:00:00,49.37149236712023,2025_real
2025-10-26 16:00:00,49.281653757618095,2025_real
2025-10-26 17:00:00,49.01818888378757,2025_real
2025-10-26 18:00:00,47.954956720093065,2025_real
2025-10-26 19:00:00,46.7961741447112,2025_real
2025-10-26 20:00:00,44.541531872353445,2025_real
2025-10-26 21:00:00,42.61215122275137,2025_real
2025-10-26 22:00:00,41.00605084892439,2025_real
2025-10-26 23:00:00,39.953803118077786,2025_real
2025-10-27 00:00:00,40.180753219644856,2025_real
2025-10-27 01:00:00,40.683135246713064,2025_real
2025-10-27 02:00:00,38.475687808330946,2025_real
2025-10-27 03:00:00,38.52955850576659,2025_real
2025-10-27 04:00:00,39.84654366790073,2025_real
2025-10-27 05:00:00,38.83630915102444,2025_real
2025-10-27 06:00:00,42.61609588491956,2025_real
2025-10-27 07:00:00,50.99739031668696,2025_real
2025-10-27 08:00:00,63.069298544060594,2025_real
2025-10-27 09:00:00,67.94046137930776,2025_real
2025-10-27 10:00:00,69.78799297377017,2025_real
2025-10-27 11:00:00,71.09520762276924,2025_real
2025-10-27 12:00:00,73.05414751130988,2025_real
2025-10-27 13:00:00,74.07894682182871,2025_real
2025-10-27 14:00:00,72.91055015885348,2025_real
2025-10-27 15:00:00,73.03686895634218,2025_real
2025-10-27 16:00:00,72.20769956442192,2025_real
2025-10-27 17:00:00,68.77344200256738,2025_real
2025-10-27 18:00:00,63.001551114315205,2025_real
2025-10-27 19:00:00,52.9288363331617,2025_real
2025-10-27 20:00:00,47.170909692843566,2025_real
2025-10-27 21:00:00,44.07842491375732,2025_real
2025-10-27 22:00:00,42.730468567385145,2025_real
2025-10-27 23:00:00,41.06630414923785,2025_real
2025-10-28 00:00:00,39.729509061614905,2025_real
2025-10-28 01:00:00,39.99295643037922,2025_real
2025-10-28 02:00:00,40.829086824137306,2025_real
2025-10-28 03:00:00,38.880943659090605,2025_real
2025-10-28 04:00:00,40.56565086132429,2025_real
2025-10-28 05:00:00,39.99433911143089,2025_real
2025-10-28 06:00:00,41.74997833150975,2025_real
2025-10-28 07:00:00,51.573920281135564,2025_real
2025-10-28 08:00:00,63.94676970189785,2025_real
2025-10-28 09:00:00,68.84085040860509,2025_real
2025-10-28 10:00:00,71.8565790671742,2025_real
2025-10-28 11:00:00,72.53096509196719,2025_real
2025-10-28 12:00:00,73.76073902471018,2025_real
2025-10-28 13:00:00,74.22975994745082,2025_real
2025-10-28 14:00:00,74.57545348449582,2025_real
2025-10-28 15:00:00,74.61167219014555,2025_real
2025-10-28 16:00:00,72.69803749926334,2025_real
2025-10-28 17:00:00,70.09567165175731,2025_real
2025-10-28 18:00:00,64.06281831523775,2025_real
2025-10-28 19:00:00,54.00704024406036,2025_real
2025-10-28 20:00:00,47.54871401780514,2025_real
2025-10-28 21:00:00,44.4446581776794,2025_real
2025-10-28 22:00:00,42.251028552467275,2025_real
2025-10-28 23:00:00,40.7034914122003,2025_real
2025-10-29 00:00:00,40.05447191739627,2025_real
2025-10-29 01:00:00,39.11265077850837,2025_real
2025-10-29 02:00:00,40.49430502770247,2025_real
2025-10-29 03:00:00,41.214304319625285,2025_real
2025-10-29 04:00:00,41.73646758936816,2025_real
2025-10-29 05:00:00,43.1003186684396,2025_real
2025-10-29 06:00:00,42.86360780507846,2025_real
2025-10-29 07:00:00,52.53093817064721,2025_real
2025-10-29 08:00:00,63.29851105557438,2025_real
2025-10-29 09:00:00,69.54911268007297,2025_real
2025-10-29 10:00:00,70.8499626872818,2025_real
2025-10-29 11:00:00,72.28538812150882,2025_real
2025-10-29 12:00:00,73.02589980678567,2025_real
2025-10-29 13:00:00,74.25381338294488,2025_real
2025-10-29 14:00:00,73.70108983262827,2025_real
2025-10-29 15:00:00,73.83366986905109,2025_real
2025-10-29 16:00:00,71.99395723683969,2025_real
2025-10-29 17:00:00,71.12949107437038,2025_real
2025-10-29 18:00:00,63.51424834796687,2025_real
2025-10-29 19:00:00,53.71921330901852,2025_real
2025-10-29 20:00:00,48.593883002797114,2025_real
2025-10-29 21:00:00,47.2833793887024,2025_real
2025-10-29 22:00:00,42.6841573518098,2025_real
2025-10-29 23:00:00,40.9654419557007,2025_real
2025-10-30 00:00:00,41.02556983090365,2025_real
2025-10-30 01:00:00,41.34447618955245,2025_real
2025-10-30 02:00:00,40.26174360162077,2025_real
2025-10-30 03:00:00,40.212500047171304,2025_real
2025-10-30 04:00:00,41.37573863099741,2025_real
2025-10-30 05:00:00,40.22491754974085,2025_real
2025-10-30 06:00:00,44.576453891477655,2025_real
2025-10-30 07:00:00,51.80358330662674,2025_real
2025-10-30 08:00:00,63.44948946915035,2025_real
2025-10-30 09:00:00,69.13706100631785,2025_real
2025-10-30 10:00:00,71.16662595798466,2025_real
2025-10-30 11:00:00,72.88638404974037,2025_real
2025-10-30 12:00:00,73.99824190008388,2025_real
2025-10-30 13:00:00,74.8561437200157,2025_real
2025-10-30 14:00:00,76.8095815305749,2025_real
2025-10-30 15:00:00,75.02041334140137,2025_real
2025-10-30 16:00:00,73.99733561281242,2025_real
2025-10-30 17:00:00,69.81037842385608,2025_real
2025-10-30 18:00:00,63.298991474808744,2025_real
2025-10-30 19:00:00,54.175215018401744,2025_real
2025-10-30 20:00:00,48.751139379484606,2025_real
2025-10-30 21:00:00,46.96351051497258,2025_real
2025-10-30 22:00:00,42.94753156749702,2025_real
2025-10-30 23:00:00,43.63893182332602,2025_real
2025-10-31 00:00:00,41.01805458019071,2025_real
2025-10-31 01:00:00,41.17900676537269,2025_real
2025-10-31 02:00:00,41.28887958056973,2025_real
2025-10-31 03:00:00,40.05599325455394,2025_real
2025-10-31 04:00:00,39.81608713939965,2025_real
2025-10-31 05:00:00,40.10665399840233,2025_real
2025-10-31 06:00:00,41.60060247170823,2025_real
2025-10-31 07:00:00,50.61196885539988,2025_real
2025-10-31 08:00:00,61.489126704665075,2025_real
2025-10-31 09:00:00,66.95940813774028,2025_real
2025-10-31 10:00:00,69.99085274401736,2025_real
2025-10-31 11:00:00,70.40739102741567,2025_real
2025-10-31 12:00:00,71.15270675636603,2025_real
2025-10-31 13:00:00,73.54816304810865,2025_real
2025-10-31 14:00:00,71.47952273372002,2025_real
2025-10-31 15:00:00,71.5786050633497,2025_real
2025-10-31 16:00:00,68.29635396683982,2025_real
2025-10-31 17:00:00,63.610166416366425,2025_real
2025-10-31 18:00:00,57.090168024527884,2025_real
2025-10-31 19:00:00,51.766299869374755,2025_real
2025-10-31 20:00:00,47.71178768911521,2025_real
2025-10-31 21:00:00,45.8498462059145,2025_real
2025-10-31 22:00:00,42.82639327507379,2025_real
2025-10-31 23:00:00,44.5155272758239,2025_real
2025-11-01 00:00:00,40.99046036186411,2025_real
2025-11-01 01:00:00,42.189386448691295,2025_real
2025-11-01 02:00:00,39.40428641686236,2025_real
2025-11-01 03:00:00,42.06466459917438,2025_real
2025-11-01 04:00:00,39.838968778594506,2025_real
2025-11-01 05:00:00,39.94988654083227,2025_real
2025-11-01 06:00:00,42.69554568881772,2025_real
2025-11-01 07:00:00,50.20337903991462,2025_real
2025-11-01 08:00:00,59.657416130499605,2025_real
2025-11-01 09:00:00,63.843360221005284,2025_real
2025-11-01 10:00:00,66.93716048417663,2025_real
2025-11-01 11:00:00,67.24914531920648,2025_real
2025-11-01 12:00:00,68.03246418083187,2025_real
2025-11-01 13:00:00,69.71061377392817,2025_real
2025-11-01 14:00:00,68.63806870404851,2025_real
2025-11-01 15:00:00,67.490957361075,2025_real
2025-11-01 16:00:00,66.05835553918541,2025_real
2025-11-01 17:00:00,60.08529626994556,2025_real
2025-11-01 18:00:00,54.12599710293125,2025_real
2025-11-01 19:00:00,49.93879737752544,2025_real
2025-11-01 20:00:00,48.35070570073188,2025_real
2025-11-01 21:00:00,46.071092367503965,2025_real
2025-11-01 22:00:00,44.86874448153122,2025_real
2025-11-01 23:00:00,41.420285976048255,2025_real
2025-11-02 00:00:00,40.94950986447167,2025_real
2025-11-02 01:00:00,41.57207911970829,2025_real
2025-11-02 02:00:00,39.42773685865836,2025_real
2025-11-02 03:00:00,41.21777942988781,2025_real
2025-11-02 04:00:00,40.87960164701258,2025_real
2025-11-02 05:00:00,42.71763617947623,2025_real
2025-11-02 06:00:00,39.72876621555684,2025_real
2025-11-02 07:00:00,39.82192555861135,2025_real
2025-11-02 08:00:00,39.72465252638477,2025_real
2025-11-02 09:00:00,40.1348998192708,2025_real
2025-11-02 10:00:00,45.19641310174631,2025_real
2025-11-02 11:00:00,50.08606470295438,2025_real
2025-11-02 12:00:00,48.18418138240443,2025_real
2025-11-02 13:00:00,48.698917150389526,2025_real
2025-11-02 14:00:00,47.96930622634352,2025_real
2025-11-02 15:00:00,47.34424900933858,2025_real
2025-11-02 16:00:00,53.70251041311166,2025_real
2025-11-02 17:00:00,48.981853527789625,2025_real
2025-11-02 18:00:00,53.099793831736484,2025_real
2025-11-02 19:00:00,49.994684978583145,2025_real
2025-11-02 20:00:00,42.39628150613839,2025_real
2025-11-02 21:00:00,43.77420115902885,2025_real
2025-11-02 22:00:00,42.27982158993411,2025_real
2025-11-02 23:00:00,42.23825513605439,2025_real
2025-11-03 00:00:00,40.08835057663252,2025_real
2025-11-03 01:00:00,46.384589420887565,2025_real
2025-11-03 02:00:00,37.94728396109021,2025_real
2025-11-03 03:00:00,39.79744644460734,2025_real
2025-11-03 04:00:00,41.23743911730871,2025_real
2025-11-03 05:00:00,40.49959562353099,2025_real
2025-11-03 06:00:00,42.670176892650154,2025_real
2025-11-03 07:00:00,49.74369755837127,2025_real
2025-11-03 08:00:00,63.57987496581489,2025_real
2025-11-03 09:00:00,70.53339086901187,2025_real
2025-11-03 10:00:00,72.27210323455955,2025_real
2025-11-03 11:00:00,73.73837527224893,2025_real
2025-11-03 12:00:00,76.05469503396104,2025_real
2025-11-03 13:00:00,75.98964420015615,2025_real
2025-11-03 14:00:00,73.70826928711097,2025_real
2025-11-03 15:00:00,70.97556402065742,2025_real
2025-11-03 16:00:00,70.98414626332871,2025_real
2025-11-03 17:00:00,69.4436093883139,2025_real
2025-11-03 18:00:00,64.66865783881596,2025_real
2025-11-03 19:00:00,52.64520366225981,2025_real
2025-11-03 20:00:00,45.26272739335336,2025_real
2025-11-03 21:00:00,41.65540550092338,2025_real
2025-11-03 22:00:00,39.142761244400695,2025_real
2025-11-03 23:00:00,40.53089478569562,2025_real
2025-11-04 00:00:00,37.14707145450335,2025_real
2025-11-04 01:00:00,37.59958503648661,2025_real
2025-11-04 02:00:00,38.8654125949906,2025_real
2025-11-04 03:00:00,37.21825445252551,2025_real
2025-11-04 04:00:00,40.19210752218804,2025_real
2025-11-04 05:00:00,41.50382979625216,2025_real
2025-11-04 06:00:00,41.25594734069732,2025_real
2025-11-04 07:00:00,51.125950294283776,2025_real
2025-11-04 08:00:00,65.29517057319661,2025_real
2025-11-04 09:00:00,68.51708956682648,2025_real
2025-11-04 10:00:00,70.33475200393706,2025_real
2025-11-04 11:00:00,76.22228073814924,2025_real
2025-11-04 12:00:00,76.32319504053925,2025_real
2025-11-04 13:00:00,76.5806630827025,2025_real
2025-11-04 14:00:00,77.54016610408985,2025_real
2025-11-04 15:00:00,71.4449448253393,2025_real
2025-11-04 16:00:00,77.42524858625546,2025_real
2025-11-04 17:00:00,72.72679484776725,2025_real
2025-11-04 18:00:00,67.23877876774284,2025_real
2025-11-04 19:00:00,56.757689118714666,2025_real
2025-11-04 20:00:00,50.26204506721838,2025_real
2025-11-04 21:00:00,46.92419151144896,2025_real
2025-11-04 22:00:00,46.20615030559619,2025_real
2025-11-04 23:00:00,42.80055794265615,2025_real
2025-11-05 00:00:00,44.924250891119904,2025_real
2025-11-05 01:00:00,39.551447435898325,2025_real
2025-11-05 02:00:00,40.815962695917584,2025_real
2025-11-05 03:00:00,46.14372222351422,2025_real
2025-11-05 04:00:00,41.63617278684849,2025_real
2025-11-05 05:00:00,42.699297680355585,2025_real
2025-11-05 06:00:00,42.43203723556306,2025_real
2025-11-05 07:00:00,54.48536197760801,2025_real
2025-11-05 08:00:00,63.44717224345713,2025_real
2025-11-05 09:00:00,70.17224480615026,2025_real
2025-11-05 10:00:00,75.01516587880565,2025_real
2025-11-05 11:00:00,73.24465899996179,2025_real
2025-11-05 12:00:00,77.4616763391183,2025_real
2025-11-05 13:00:00,78.16421942621433,2025_real
2025-11-05 14:00:00,78.23976845925722,2025_real
2025-11-05 15:00:00,75.73908354797733,2025_real
2025-11-05 16:00:00,81.33106487978498,2025_real
2025-11-05 17:00:00,74.29507755961677,2025_real
2025-11-05 18:00:00,66.4961174566352,2025_real
2025-11-05 19:00:00,52.55910657247322,2025_real
2025-11-05 20:00:00,45.99843404254871,2025_real
2025-11-05 21:00:00,43.26924992363554,2025_real
2025-11-05 22:00:00,41.251650607471916,2025_real
2025-11-05 23:00:00,38.97203029275342,2025_real
2025-11-06 00:00:00,38.7218984645844,2025_real
2025-11-06 01:00:00,38.38461114530239,2025_real
2025-11-06 02:00:00,38.3297235961946,2025_real
2025-11-06 03:00:00,38.43106060889845,2025_real
2025-11-06 04:00:00,41.04186131049724,2025_real
2025-11-06 05:00:00,38.682801845930555,2025_real
2025-11-06 06:00:00,40.887856582612514,2025_real
2025-11-06 07:00:00,50.589749732280055,2025_real
2025-11-06 08:00:00,62.47403296532451,2025_real
2025-11-06 09:00:00,68.5729628834737,2025_real
2025-11-06 10:00:00,71.84528376193919,2025_real
2025-11-06 11:00:00,72.4122584482378,2025_real
2025-11-06 12:00:00,73.19140005198071,2025_real
2025-11-06 13:00:00,73.83371151845915,2025_real
2025-11-06 14:00:00,73.52893957786443,2025_real
2025-11-06 15:00:00,73.09983680140894,2025_real
2025-11-06 16:00:00,73.31865396061853,2025_real
2025-11-06 17:00:00,70.50678488825157,2025_real
2025-11-06 18:00:00,63.68794907390651,2025_real
2025-11-06 19:00:00,55.16351819350003,2025_real
2025-11-06 20:00:00,48.22826665659278,2025_real
2025-11-06 21:00:00,45.862394752341686,2025_real
2025-11-06 22:00:00,45.110471216535814,2025_real
2025-11-06 23:00:00,41.671397627124406,2025_real
2025-11-07 00:00:00,40.99226015649194,2025_real
2025-11-07 01:00:00,40.05748640220162,2025_real
2025-11-07 02:00:00,41.820859710809,2025_real
2025-11-07 03:00:00,40.1415816700127,2025_real
2025-11-07 04:00:00,40.42575947899802,2025_real
2025-11-07 05:00:00,42.37666203546039,2025_real
2025-11-07 06:00:00,42.957862646724905,2025_real
2025-11-07 07:00:00,51.726689616434314,2025_real
2025-11-07 08:00:00,63.10013336921784,2025_real
2025-11-07 09:00:00,69.09834162429226,2025_real
2025-11-07 10:00:00,71.01952219837068,2025_real
2025-11-07 11:00:00,72.46286823168685,2025_real
2025-11-07 12:00:00,71.79773584719624,2025_real
2025-11-07 13:00:00,71.7340505123145,2025_real
2025-11-07 14:00:00,71.52351704136285,2025_real
2025-11-07 15:00:00,70.40763496918782,2025_real
2025-11-07 16:00:00,69.30636242974418,2025_real
2025-11-07 17:00:00,63.64195335490531,2025_real
2025-11-07 18:00:00,56.23811625113083,2025_real
2025-11-07 19:00:00,51.57812903798593,2025_real
2025-11-07 20:00:00,48.69566321836801,2025_real
2025-11-07 21:00:00,45.13478787795251,2025_real
2025-11-07 22:00:00,43.14079275515034,2025_real
2025-11-07 23:00:00,41.596024144540316,2025_real
2025-11-08 00:00:00,43.05590462349117,2025_real
2025-11-08 01:00:00,41.11314649214748,2025_real
2025-11-08 02:00:00,40.05725269718906,2025_real
2025-11-08 03:00:00,39.347285867202714,2025_real
2025-11-08 04:00:00,39.15195414442046,2025_real
2025-11-08 05:00:00,42.06608038802756,2025_real
2025-11-08 06:00:00,40.30220975638595,2025_real
2025-11-08 07:00:00,41.497647892757115,2025_real
2025-11-08 08:00:00,41.24803058391822,2025_real
2025-11-08 09:00:00,41.467233724970654,2025_real
2025-11-08 10:00:00,42.877248574351654,2025_real
2025-11-08 11:00:00,45.73644179672473,2025_real
2025-11-08 12:00:00,49.24126633022554,2025_real
2025-11-08 13:00:00,49.41809841282466,2025_real
2025-11-08 14:00:00,50.0480591700172,2025_real
2025-11-08 15:00:00,50.94116965461542,2025_real
2025-11-08 16:00:00,50.62785704814978,2025_real
2025-11-08 17:00:00,48.88204930349392,2025_real
2025-11-08 18:00:00,50.1928094132973,2025_real
2025-11-08 19:00:00,47.854138237573586,2025_real
2025-11-08 20:00:00,46.45246271036692,2025_real
2025-11-08 21:00:00,46.249423193131385,2025_real
2025-11-08 22:00:00,42.2895985274688,2025_real
2025-11-08 23:00:00,40.502924553782535,2025_real
2025-11-09 00:00:00,39.20533570342602,2025_real
2025-11-09 01:00:00,39.75406126634314,2025_real
2025-11-09 02:00:00,40.703417296098515,2025_real
2025-11-09 03:00:00,38.67461788803619,2025_real
2025-11-09 04:00:00,39.42501120843056,2025_real
2025-11-09 05:00:00,41.05653083978903,2025_real
2025-11-09 06:00:00,39.10842469051698,2025_real
2025-11-09 07:00:00,39.38338144839388,2025_real
2025-11-09 08:00:00,39.91621821899289,2025_real
2025-11-09 09:00:00,42.36651775015477,2025_real
2025-11-09 10:00:00,41.62477206161772,2025_real
2025-11-09 11:00:00,43.93553429404717,2025_real
2025-11-09 12:00:00,45.38386009526309,2025_real
2025-11-09 13:00:00,46.94688205875193,2025_real
2025-11-09 14:00:00,48.32762549336431,2025_real
2025-11-09 15:00:00,48.660915775162444,2025_real
2025-11-09 16:00:00,47.89122910314182,2025_real
2025-11-09 17:00:00,47.731085785554114,2025_real
2025-11-09 18:00:00,48.759126912458115,2025_real
2025-11-09 19:00:00,46.50230577919511,2025_real
2025-11-09 20:00:00,45.77674823942603,2025_real
2025-11-09 21:00:00,45.02621808059957,2025_real
2025-11-09 22:00:00,42.216737522556535,2025_real
2025-11-09 23:00:00,42.302845218930194,2025_real
2025-11-10 00:00:00,40.24740384366804,2025_real
2025-11-10 01:00:00,40.310868594030026,2025_real
2025-11-10 02:00:00,41.73322149437993,2025_real
2025-11-10 03:00:00,40.3503700787999,2025_real
2025-11-10 04:00:00,41.806146786246146,2025_real
2025-11-10 05:00:00,42.50957570001955,2025_real
2025-11-10 06:00:00,42.9745937107824,2025_real
2025-11-10 07:00:00,52.052189826634404,2025_real
2025-11-10 08:00:00,63.533315797624326,2025_real
2025-11-10 09:00:00,69.5544878862285,2025_real
2025-11-10 10:00:00,71.11028398415864,2025_real
2025-11-10 11:00:00,72.36846380490586,2025_real
2025-11-10 12:00:00,72.88975132649516,2025_real
2025-11-10 13:00:00,73.45525652714673,2025_real
2025-11-10 14:00:00,73.28162088038775,2025_real
2025-11-10 15:00:00,73.8105956042726,2025_real
2025-11-10 16:00:00,72.11557164075343,2025_real
2025-11-10 17:00:00,69.36809376397807,2025_real
2025-11-10 18:00:00,64.15406473777432,2025_real
2025-11-10 19:00:00,53.73297224016157,2025_real
2025-11-10 20:00:00,46.78727671513418,2025_real
2025-11-10 21:00:00,45.58229632463889,2025_real
2025-11-10 22:00:00,42.5099049728567,2025_real
2025-11-10 23:00:00,41.01001508898955,2025_real
2025-11-11 00:00:00,40.14406844592729,2025_real
2025-11-11 01:00:00,39.557539443149835,2025_real
2025-11-11 02:00:00,39.33296982575221,2025_real
2025-11-11 03:00:00,41.454537917960394,2025_real
2025-11-11 04:00:00,39.417702590400296,2025_real
2025-11-11 05:00:00,42.12858818293404,2025_real
2025-11-11 06:00:00,41.60380166398298,2025_real
2025-11-11 07:00:00,52.107656323634544,2025_real
2025-11-11 08:00:00,64.51132598960479,2025_real
2025-11-11 09:00:00,69.9730951971211,2025_real
2025-11-11 10:00:00,74.75770670656651,2025_real
2025-11-11 11:00:00,73.97656425649163,2025_real
2025-11-11 12:00:00,73.90933378959933,2025_real
2025-11-11 13:00:00,75.47412104745473,2025_real
2025-11-11 14:00:00,74.52788936319578,2025_real
2025-11-11 15:00:00,73.46722102507579,2025_real
2025-11-11 16:00:00,74.16981069758444,2025_real
2025-11-11 17:00:00,69.83342009996716,2025_real
2025-11-11 18:00:00,63.54562239438971,2025_real
2025-11-11 19:00:00,53.8948618023061,2025_real
2025-11-11 20:00:00,48.24884342001235,2025_real
2025-11-11 21:00:00,46.54131807031678,2025_real
2025-11-11 22:00:00,45.457455696980944,2025_real
2025-11-11 23:00:00,40.750101455397484,2025_real
2025-11-12 00:00:00,43.15444533785069,2025_real
2025-11-12 01:00:00,44.87332470260868,2025_real
2025-11-12 02:00:00,39.43976477635612,2025_real
2025-11-12 03:00:00,39.42605890553149,2025_real
2025-11-12 04:00:00,42.29117707821182,2025_real
2025-11-12 05:00:00,40.24505191097441,2025_real
2025-11-12 06:00:00,42.34628053558522,2025_real
2025-11-12 07:00:00,53.27054148648326,2025_real
2025-11-12 08:00:00,64.71858544153747,2025_real
2025-11-12 09:00:00,68.38554409424172,2025_real
2025-11-12 10:00:00,71.1584459421034,2025_real
2025-11-12 11:00:00,72.71010040775903,2025_real
2025-11-12 12:00:00,74.72216870861823,2025_real
2025-11-12 13:00:00,74.75772397098777,2025_real
2025-11-12 14:00:00,74.00771991867421,2025_real
2025-11-12 15:00:00,73.30788092081443,2025_real
2025-11-12 16:00:00,71.97561201344502,2025_real
2025-11-12 17:00:00,69.09724216088503,2025_real
2025-11-12 18:00:00,62.23071173198794,2025_real
2025-11-12 19:00:00,52.19172684669984,2025_real
2025-11-12 20:00:00,47.034372605882794,2025_real
2025-11-12 21:00:00,44.866245444892584,2025_real
2025-11-12 22:00:00,43.20714418255027,2025_real
2025-11-12 23:00:00,39.76825957241211,2025_real
2025-11-13 00:00:00,39.53257414674978,2025_real
2025-11-13 01:00:00,38.47546313924603,2025_real
2025-11-13 02:00:00,40.93048980123629,2025_real
2025-11-13 03:00:00,38.09469416327342,2025_real
2025-11-13 04:00:00,38.37596149439776,2025_real
2025-11-13 05:00:00,38.63121967643174,2025_real
2025-11-13 06:00:00,43.02230550980664,2025_real
2025-11-13 07:00:00,52.3752724650505,2025_real
2025-11-13 08:00:00,62.900347185250865,2025_real
2025-11-13 09:00:00,68.45718115519136,2025_real
2025-11-13 10:00:00,70.85399740192206,2025_real
2025-11-13 11:00:00,72.54711974393206,2025_real
2025-11-13 12:00:00,72.91595375485623,2025_real
2025-11-13 13:00:00,73.03627102439044,2025_real
2025-11-13 14:00:00,73.54983033302855,2025_real
2025-11-13 15:00:00,73.10954366279952,2025_real
2025-11-13 16:00:00,70.84595758361567,2025_real
2025-11-13 17:00:00,68.58791472750292,2025_real
2025-11-13 18:00:00,63.15101284925974,2025_real
2025-11-13 19:00:00,51.49940415646673,2025_real
2025-11-13 20:00:00,45.73354448152611,2025_real
2025-11-13 21:00:00,42.92863401877892,2025_real
2025-11-13 22:00:00,41.06594411566559,2025_real
2025-11-13 23:00:00,42.803583149087814,2025_real
2025-11-14 00:00:00,38.78099565147589,2025_real
2025-11-14 01:00:00,38.80489680186751,2025_real
2025-11-14 02:00:00,38.182404582456925,2025_real
2025-11-14 03:00:00,38.268334676514435,2025_real
2025-11-14 04:00:00,37.87883577706242,2025_real
2025-11-14 05:00:00,38.66950251079348,2025_real
2025-11-14 06:00:00,40.45250381012045,2025_real
2025-11-14 07:00:00,50.35666637932386,2025_real
2025-11-14 08:00:00,62.100483188239906,2025_real
2025-11-14 09:00:00,66.74526261272251,2025_real
2025-11-14 10:00:00,68.84089821268643,2025_real
2025-11-14 11:00:00,71.254502026936,2025_real
2025-11-14 12:00:00,70.8074001117825,2025_real
2025-11-14 13:00:00,71.20758059643371,2025_real
2025-11-14 14:00:00,71.03285532887008,2025_real
2025-11-14 15:00:00,69.96446353635206,2025_real
2025-11-14 16:00:00,67.10513961475348,2025_real
2025-11-14 17:00:00,61.91978374037813,2025_real
2025-11-14 18:00:00,54.83909965584681,2025_real
2025-11-14 19:00:00,49.003858266544725,2025_real
2025-11-14 20:00:00,45.27538396091408,2025_real
2025-11-14 21:00:00,43.70942814518828,2025_real
2025-11-14 22:00:00,40.80809397372075,2025_real
2025-11-14 23:00:00,39.23532243256561,2025_real
2025-11-15 00:00:00,39.113605515162575,2025_real
2025-11-15 01:00:00,39.19577704817291,2025_real
2025-11-15 02:00:00,37.82343358689688,2025_real
2025-11-15 03:00:00,37.860002033304895,2025_real
2025-11-15 04:00:00,36.67147007500649,2025_real
2025-11-15 05:00:00,39.242718919557475,2025_real
2025-11-15 06:00:00,38.234776593677864,2025_real
2025-11-15 07:00:00,37.840100506714805,2025_real
2025-11-15 08:00:00,40.15080917245688,2025_real
2025-11-15 09:00:00,39.83055194855974,2025_real
2025-11-15 10:00:00,41.63267114434966,2025_real
2025-11-15 11:00:00,42.80299220942838,2025_real
2025-11-15 12:00:00,46.197515370973775,2025_real
2025-11-15 13:00:00,44.33336816994185,2025_real
2025-11-15 14:00:00,46.45395189755452,2025_real
2025-11-15 15:00:00,46.54171619151067,2025_real
2025-11-15 16:00:00,46.32194896707085,2025_real
2025-11-15 17:00:00,45.68170244561817,2025_real
2025-11-15 18:00:00,46.31082560565595,2025_real
2025-11-15 19:00:00,44.663363826224995,2025_real
2025-11-15 20:00:00,43.86615081628364,2025_real
2025-11-15 21:00:00,41.42202379249467,2025_real
2025-11-15 22:00:00,42.268758096441616,2025_real
2025-11-15 23:00:00,39.07717866952207,2025_real
2025-11-16 00:00:00,38.570881559490786,2025_real
2025-11-16 01:00:00,38.95814475192624,2025_real
2025-11-16 02:00:00,39.228361292237636,2025_real
2025-11-16 03:00:00,37.44845877588344,2025_real
2025-11-16 04:00:00,40.71086308157756,2025_real
2025-11-16 05:00:00,39.829493960675066,2025_real
2025-11-16 06:00:00,37.74078988522854,2025_real
2025-11-16 07:00:00,37.81821243736343,2025_real
2025-11-16 08:00:00,37.57653010674288,2025_real
2025-11-16 09:00:00,38.3686415181388,2025_real
2025-11-16 10:00:00,40.44498197847712,2025_real
2025-11-16 11:00:00,43.642778156474535,2025_real
2025-11-16 12:00:00,44.986597946767674,2025_real
2025-11-16 13:00:00,44.96397428385298,2025_real
2025-11-16 14:00:00,45.842912758762424,2025_real
2025-11-16 15:00:00,46.4166533207128,2025_real
2025-11-16 16:00:00,44.941533605892296,2025_real
2025-11-16 17:00:00,46.089732072013554,2025_real
2025-11-16 18:00:00,45.698931853982515,2025_real
2025-11-16 19:00:00,43.7238215736155,2025_real
2025-11-16 20:00:00,45.251972408615515,2025_real
2025-11-16 21:00:00,41.72834063714377,2025_real
2025-11-16 22:00:00,39.522879002944016,2025_real
2025-11-16 23:00:00,39.64139760900305,2025_real
2025-11-17 00:00:00,39.07076229801699,2025_real
2025-11-17 01:00:00,39.49642932929329,2025_real
2025-11-17 02:00:00,40.08239476699854,2025_real
2025-11-17 03:00:00,37.236864632005016,2025_real
2025-11-17 04:00:00,37.21668706689998,2025_real
2025-11-17 05:00:00,37.47850254927687,2025_real
2025-11-17 06:00:00,39.90223464790397,2025_real
2025-11-17 07:00:00,50.87851045691705,2025_real
2025-11-17 08:00:00,62.87475541120576,2025_real
2025-11-17 09:00:00,67.11018815006233,2025_real
2025-11-17 10:00:00,68.88687532294081,2025_real
2025-11-17 11:00:00,69.76721776266962,2025_real
2025-11-17 12:00:00,71.2989462988193,2025_real
2025-11-17 13:00:00,70.79380392423789,2025_real
2025-11-17 14:00:00,72.05790061321235,2025_real
2025-11-17 15:00:00,71.3862857327404,2025_real
2025-11-17 16:00:00,69.42540271292779,2025_real
2025-11-17 17:00:00,67.5449200741729,2025_real
2025-11-17 18:00:00,61.95787901888727,2025_real
2025-11-17 19:00:00,50.46254831242287,2025_real
2025-11-17 20:00:00,45.45424248101699,2025_real
2025-11-17 21:00:00,42.19839320586725,2025_real
2025-11-17 22:00:00,40.75822143350064,2025_real
2025-11-17 23:00:00,39.482526049151886,2025_real
2025-11-18 00:00:00,39.630810089291224,2025_real
2025-11-18 01:00:00,38.85152756408031,2025_real
2025-11-18 02:00:00,38.626770537180846,2025_real
2025-11-18 03:00:00,40.07949667174478,2025_real
2025-11-18 04:00:00,38.7581883086327,2025_real
2025-11-18 05:00:00,41.46124151535528,2025_real
2025-11-18 06:00:00,42.37635956387261,2025_real
2025-11-18 07:00:00,52.78131732817167,2025_real
2025-11-18 08:00:00,63.968700196485656,2025_real
2025-11-18 09:00:00,69.82912850082559,2025_real
2025-11-18 10:00:00,71.7174601065517,2025_real
2025-11-18 11:00:00,72.77607643815452,2025_real
2025-11-18 12:00:00,73.24546501590893,2025_real
2025-11-18 13:00:00,73.86454114745263,2025_real
2025-11-18 14:00:00,73.6830094577191,2025_real
2025-11-18 15:00:00,72.96978464606183,2025_real
2025-11-18 16:00:00,73.6482880059367,2025_real
2025-11-18 17:00:00,70.76346639203629,2025_real
2025-11-18 18:00:00,64.16266808374172,2025_real
2025-11-18 19:00:00,53.8822527862864,2025_real
2025-11-18 20:00:00,48.26426871196878,2025_real
2025-11-18 21:00:00,45.827467641551465,2025_real
2025-11-18 22:00:00,41.843578943077674,2025_real
2025-11-18 23:00:00,41.672379387288245,2025_real
2025-11-19 00:00:00,39.72688128840195,2025_real
2025-11-19 01:00:00,41.37243242462531,2025_real
2025-11-19 02:00:00,38.878657047441656,2025_real
2025-11-19 03:00:00,40.31639955878655,2025_real
2025-11-19 04:00:00,40.09216099383238,2025_real
2025-11-19 05:00:00,40.25624773132044,2025_real
2025-11-19 06:00:00,42.855324929427994,2025_real
2025-11-19 07:00:00,52.80009504127507,2025_real
2025-11-19 08:00:00,62.91215226701305,2025_real
2025-11-19 09:00:00,69.47197596852739,2025_real
2025-11-19 10:00:00,71.06009494552552,2025_real
2025-11-19 11:00:00,72.58794468392803,2025_real
2025-11-19 12:00:00,73.59605791279438,2025_real
2025-11-19 13:00:00,74.76619066005263,2025_real
2025-11-19 14:00:00,73.54480279845384,2025_real
2025-11-19 15:00:00,73.08189233905212,2025_real
2025-11-19 16:00:00,72.04884429705058,2025_real
2025-11-19 17:00:00,70.11595263824415,2025_real
2025-11-19 18:00:00,64.18271676080793,2025_real
2025-11-19 19:00:00,53.7119806620233,2025_real
2025-11-19 20:00:00,47.941521504113254,2025_real
2025-11-19 21:00:00,45.247836360942784,2025_real
2025-11-19 22:00:00,44.498146887308536,2025_real
2025-11-19 23:00:00,42.838860049328034,2025_real
2025-11-20 00:00:00,41.01711659735097,2025_real
2025-11-20 01:00:00,40.02474282025443,2025_real
2025-11-20 02:00:00,41.92070064637194,2025_real
2025-11-20 03:00:00,39.775644710166034,2025_real
2025-11-20 04:00:00,41.893107675623554,2025_real
2025-11-20 05:00:00,39.74138182020968,2025_real
2025-11-20 06:00:00,41.97010890273314,2025_real
2025-11-20 07:00:00,51.431366221328275,2025_real
2025-11-20 08:00:00,62.49921615707144,2025_real
2025-11-20 09:00:00,67.91324386759038,2025_real
2025-11-20 10:00:00,70.34264931955391,2025_real
2025-11-20 11:00:00,72.6290361019754,2025_real
2025-11-20 12:00:00,73.44059136309782,2025_real
2025-11-20 13:00:00,74.12668267075225,2025_real
2025-11-20 14:00:00,74.0553215350322,2025_real
2025-11-20 15:00:00,74.35731268052356,2025_real
2025-11-20 16:00:00,72.03166909102148,2025_real
2025-11-20 17:00:00,69.64332330646988,2025_real
2025-11-20 18:00:00,62.9583548525414,2025_real
2025-11-20 19:00:00,53.68420503005493,2025_real
2025-11-20 20:00:00,48.55469831171334,2025_real
2025-11-20 21:00:00,45.77168142267032,2025_real
2025-11-20 22:00:00,42.87853172038121,2025_real
2025-11-20 23:00:00,42.67916553683655,2025_real
2025-11-21 00:00:00,40.02432860361982,2025_real
2025-11-21 01:00:00,38.56155512656135,2025_real
2025-11-21 02:00:00,38.55948041138082,2025_real
2025-11-21 03:00:00,39.49866931613322,2025_real
2025-11-21 04:00:00,38.620636405058704,2025_real
2025-11-21 05:00:00,40.039086086659715,2025_real
2025-11-21 06:00:00,40.84390572673253,2025_real
2025-11-21 07:00:00,51.02704639611587,2025_real
2025-11-21 08:00:00,62.369229175064575,2025_real
2025-11-21 09:00:00,67.8614144791116,2025_real
2025-11-21 10:00:00,69.29669910432679,2025_real
2025-11-21 11:00:00,71.43871050137676,2025_real
2025-11-21 12:00:00,72.09053563948552,2025_real
2025-11-21 13:00:00,73.34796339784026,2025_real
2025-11-21 14:00:00,71.73444519180644,2025_real
2025-11-21 15:00:00,70.64840990584031,2025_real
2025-11-21 16:00:00,68.30848664880031,2025_real
2025-11-21 17:00:00,63.82512656846865,2025_real
2025-11-21 18:00:00,56.44031054798297,2025_real
2025-11-21 19:00:00,52.71912278072196,2025_real
2025-11-21 20:00:00,48.92252550227873,2025_real
2025-11-21 21:00:00,48.086350967764915,2025_real
2025-11-21 22:00:00,45.55969212749184,2025_real
2025-11-21 23:00:00,44.63793552217359,2025_real
2025-11-22 00:00:00,42.86505367392541,2025_real
2025-11-22 01:00:00,44.979364356910466,2025_real
2025-11-22 02:00:00,41.91060733357129,2025_real
2025-11-22 03:00:00,45.787017140593136,2025_real
2025-11-22 04:00:00,41.91915117249006,2025_real
2025-11-22 05:00:00,45.51302322821465,2025_real
2025-11-22 06:00:00,43.503224064684865,2025_real
2025-11-22 07:00:00,42.644673513653345,2025_real
2025-11-22 08:00:00,43.40797673879169,2025_real
2025-11-22 09:00:00,43.500590945242834,2025_real
2025-11-22 10:00:00,46.26177239879816,2025_real
2025-11-22 11:00:00,47.70342016379418,2025_real
2025-11-22 12:00:00,50.43587569447274,2025_real
2025-11-22 13:00:00,50.51087567851583,2025_real
2025-11-22 14:00:00,51.39615411153261,2025_real
2025-11-22 15:00:00,52.4212520309236,2025_real
2025-11-22 16:00:00,52.775442500924825,2025_real
2025-11-22 17:00:00,52.89135826479249,2025_real
2025-11-22 18:00:00,51.511233024888575,2025_real
2025-11-22 19:00:00,52.03887206378499,2025_real
2025-11-22 20:00:00,48.453318236934194,2025_real
2025-11-22 21:00:00,47.05832010682694,2025_real
2025-11-22 22:00:00,44.937919667812466,2025_real
2025-11-22 23:00:00,41.98735467166469,2025_real
2025-11-23 00:00:00,41.87585170449485,2025_real
2025-11-23 01:00:00,41.57341517162293,2025_real
2025-11-23 02:00:00,40.19777197644263,2025_real
2025-11-23 03:00:00,42.51395254292119,2025_real
2025-11-23 04:00:00,40.2818160748937,2025_real
2025-11-23 05:00:00,42.850665084189956,2025_real
2025-11-23 06:00:00,40.24710592160292,2025_real
2025-11-23 07:00:00,40.07240260454262,2025_real
2025-11-23 08:00:00,40.31466722116201,2025_real
2025-11-23 09:00:00,41.90158343994902,2025_real
2025-11-23 10:00:00,42.79380448741837,2025_real
2025-11-23 11:00:00,46.06798714488454,2025_real
2025-11-23 12:00:00,46.57629801160665,2025_real
2025-11-23 13:00:00,47.785041944383046,2025_real
2025-11-23 14:00:00,49.264985522625366,2025_real
2025-11-23 15:00:00,49.2180500573637,2025_real
2025-11-23 16:00:00,50.08912688905098,2025_real
2025-11-23 17:00:00,48.99714606685775,2025_real
2025-11-23 18:00:00,49.36134195016868,2025_real
2025-11-23 19:00:00,48.30168896304478,2025_real
2025-11-23 20:00:00,47.77556746057458,2025_real
2025-11-23 21:00:00,45.23825453398851,2025_real
2025-11-23 22:00:00,44.64110160075374,2025_real
2025-11-23 23:00:00,42.429258515319695,2025_real
2025-11-24 00:00:00,44.230682497005105,2025_real
2025-11-24 01:00:00,43.95135858759898,2025_real
2025-11-24 02:00:00,45.097601614188974,2025_real
2025-11-24 03:00:00,41.46279185549925,2025_real
2025-11-24 04:00:00,40.113923059887256,2025_real
2025-11-24 05:00:00,43.86976263881411,2025_real
2025-11-24 06:00:00,42.92718361750806,2025_real
2025-11-24 07:00:00,53.51106357564194,2025_real
2025-11-24 08:00:00,63.93011112129035,2025_real
2025-11-24 09:00:00,69.58416086161304,2025_real
2025-11-24 10:00:00,71.60404781368348,2025_real
2025-11-24 11:00:00,72.59867445993031,2025_real
2025-11-24 12:00:00,74.5366387070948,2025_real
2025-11-24 13:00:00,74.82454223843723,2025_real
2025-11-24 14:00:00,73.38207735584788,2025_real
2025-11-24 15:00:00,73.36505768005998,2025_real
2025-11-24 16:00:00,71.78929151867507,2025_real
2025-11-24 17:00:00,69.77921411357852,2025_real
2025-11-24 18:00:00,63.15283398718806,2025_real
2025-11-24 19:00:00,53.3687714473038,2025_real
2025-11-24 20:00:00,48.87485588205202,2025_real
2025-11-24 21:00:00,44.03039472495483,2025_real
2025-11-24 22:00:00,42.21442997723939,2025_real
2025-11-24 23:00:00,42.00445227777199,2025_real
2025-11-25 00:00:00,40.30812362646947,2025_real
2025-11-25 01:00:00,39.72224976860917,2025_real
2025-11-25 02:00:00,39.72009950849163,2025_real
2025-11-25 03:00:00,41.18047969930483,2025_real
2025-11-25 04:00:00,41.31273257643524,2025_real
2025-11-25 05:00:00,39.884576314085706,2025_real
2025-11-25 06:00:00,44.422357587013266,2025_real
2025-11-25 07:00:00,52.017152801047644,2025_real
2025-11-25 08:00:00,65.03822865340797,2025_real
2025-11-25 09:00:00,70.31117960288796,2025_real
2025-11-25 10:00:00,70.86666332424721,2025_real
2025-11-25 11:00:00,72.65823566810727,2025_real
2025-11-25 12:00:00,73.72465355809356,2025_real
2025-11-25 13:00:00,74.68571691375278,2025_real
2025-11-25 14:00:00,74.03423197663392,2025_real
2025-11-25 15:00:00,74.34858737842609,2025_real
2025-11-25 16:00:00,73.62945646706507,2025_real
2025-11-25 17:00:00,69.95239436642592,2025_real
2025-11-25 18:00:00,63.639141280447475,2025_real
2025-11-25 19:00:00,53.63612597901039,2025_real
2025-11-25 20:00:00,48.70008326511822,2025_real
2025-11-25 21:00:00,45.71659176327323,2025_real
2025-11-25 22:00:00,43.170433128818146,2025_real
2025-11-25 23:00:00,42.481417852509836,2025_real
2025-11-26 00:00:00,40.44970389646369,2025_real
2025-11-26 01:00:00,39.066497782253016,2025_real
2025-11-26 02:00:00,39.03640817495497,2025_real
2025-11-26 03:00:00,39.22061740994232,2025_real
2025-11-26 04:00:00,39.16494136965567,2025_real
2025-11-26 05:00:00,39.59600372339582,2025_real
2025-11-26 06:00:00,42.835227045068436,2025_real
2025-11-26 07:00:00,51.0530695923287,2025_real
2025-11-26 08:00:00,62.285592580692324,2025_real
2025-11-26 09:00:00,68.54025803617589,2025_real
2025-11-26 10:00:00,71.26190778217173,2025_real
2025-11-26 11:00:00,73.23010183325837,2025_real
2025-11-26 12:00:00,73.83545796126324,2025_real
2025-11-26 13:00:00,74.01397695571053,2025_real
2025-11-26 14:00:00,73.68678225007469,2025_real
2025-11-26 15:00:00,74.68231112327493,2025_real
2025-11-26 16:00:00,73.21307912183406,2025_real
2025-11-26 17:00:00,69.90596162348467,2025_real
2025-11-26 18:00:00,63.39557857286118,2025_real
2025-11-26 19:00:00,54.98182387815314,2025_real
2025-11-26 20:00:00,49.851071933357446,2025_real
2025-11-26 21:00:00,46.872725433393896,2025_real
2025-11-26 22:00:00,44.43848018961663,2025_real
2025-11-26 23:00:00,41.03060644286634,2025_real
2025-11-27 00:00:00,40.518584791189916,2025_real
2025-11-27 01:00:00,41.65004368600982,2025_real
2025-11-27 02:00:00,41.227610071075546,2025_real
2025-11-27 03:00:00,39.84358212558341,2025_real
2025-11-27 04:00:00,38.78919058346902,2025_real
2025-11-27 05:00:00,39.24344073581096,2025_real
2025-11-27 06:00:00,43.34727758812302,2025_real
2025-11-27 07:00:00,50.73179530046991,2025_real
2025-11-27 08:00:00,63.38787818398737,2025_real
2025-11-27 09:00:00,67.78477945823099,2025_real
2025-11-27 10:00:00,71.97693199144771,2025_real
2025-11-27 11:00:00,72.78388497224682,2025_real
2025-11-27 12:00:00,74.49293841804578,2025_real
2025-11-27 13:00:00,74.51475552574422,2025_real
2025-11-27 14:00:00,74.40423833362857,2025_real
2025-11-27 15:00:00,73.54879234493077,2025_real
2025-11-27 16:00:00,71.89947060624445,2025_real
2025-11-27 17:00:00,69.89389075235297,2025_real
2025-11-27 18:00:00,63.9839230169843,2025_real
2025-11-27 19:00:00,54.63995020505236,2025_real
2025-11-27 20:00:00,49.13770050505856,2025_real
2025-11-27 21:00:00,45.05172912442973,2025_real
2025-11-27 22:00:00,42.52911757899203,2025_real
2025-11-27 23:00:00,39.90913942694951,2025_real
2025-11-28 00:00:00,39.44956997572859,2025_real
2025-11-28 01:00:00,38.75897967856371,2025_real
2025-11-28 02:00:00,38.40597500126371,2025_real
2025-11-28 03:00:00,38.378384546997744,2025_real
2025-11-28 04:00:00,37.90875602222428,2025_real
2025-11-28 05:00:00,38.59611888999969,2025_real
2025-11-28 06:00:00,40.40964389369569,2025_real
2025-11-28 07:00:00,50.011357682600774,2025_real
2025-11-28 08:00:00,61.030608049725934,2025_real
2025-11-28 09:00:00,67.6159510809903,2025_real
2025-11-28 10:00:00,69.61268305913362,2025_real
2025-11-28 11:00:00,70.44816389061927,2025_real
2025-11-28 12:00:00,72.49368411787776,2025_real
2025-11-28 13:00:00,71.45928897977778,2025_real
2025-11-28 14:00:00,71.17338935988141,2025_real
2025-11-28 15:00:00,70.36351787305222,2025_real
2025-11-28 16:00:00,66.81742712643072,2025_real
2025-11-28 17:00:00,61.93667096516499,2025_real
2025-11-28 18:00:00,54.3880422787917,2025_real
2025-11-28 19:00:00,49.43504687176949,2025_real
2025-11-28 20:00:00,46.82497060500436,2025_real
2025-11-28 21:00:00,45.04147282490443,2025_real
2025-11-28 22:00:00,42.64020465592357,2025_real
2025-11-28 23:00:00,40.855310961145186,2025_real
2025-11-29 00:00:00,39.75625389301308,2025_real
2025-11-29 01:00:00,40.13907687203337,2025_real
2025-11-29 02:00:00,40.70683784861134,2025_real
2025-11-29 03:00:00,38.35480103904953,2025_real
2025-11-29 04:00:00,37.738425468745575,2025_real
2025-11-29 05:00:00,38.83025932477976,2025_real
2025-11-29 06:00:00,38.95579002013935,2025_real
2025-11-29 07:00:00,38.09585193903561,2025_real
2025-11-29 08:00:00,38.68600682693915,2025_real
2025-11-29 09:00:00,40.01854000360278,2025_real
2025-11-29 10:00:00,42.29386353293833,2025_real
2025-11-29 11:00:00,44.57176148688559,2025_real
2025-11-29 12:00:00,46.53710780244864,2025_real
2025-11-29 13:00:00,48.550371949191415,2025_real
2025-11-29 14:00:00,50.190979088787984,2025_real
2025-11-29 15:00:00,51.179144423137224,2025_real
2025-11-29 16:00:00,50.35898873381972,2025_real
2025-11-29 17:00:00,50.45823176917054,2025_real
2025-11-29 18:00:00,48.503944508130445,2025_real
2025-11-29 19:00:00,47.6889349163918,2025_real
2025-11-29 20:00:00,47.53464954432106,2025_real
2025-11-29 21:00:00,44.83308354666131,2025_real
2025-11-29 22:00:00,42.30175182353367,2025_real
2025-11-29 23:00:00,40.6325184145785,2025_real
2025-11-30 00:00:00,39.61532640763102,2025_real
2025-11-30 01:00:00,38.89690170036401,2025_real
2025-11-30 02:00:00,38.31421646830416,2025_real
2025-11-30 03:00:00,38.160405091974724,2025_real
2025-11-30 04:00:00,37.849529599788625,2025_real
2025-11-30 05:00:00,39.57526650752078,2025_real
2025-11-30 06:00:00,41.880339638789955,2025_real
2025-11-30 07:00:00,39.85832053403648,2025_real
2025-11-30 08:00:00,41.19090248958308,2025_real
2025-11-30 09:00:00,40.70630181729577,2025_real
2025-11-30 10:00:00,43.080126601898726,2025_real
2025-11-30 11:00:00,46.062341798348356,2025_real
2025-11-30 12:00:00,45.47135980495307,2025_real
2025-11-30 13:00:00,49.52009427294813,2025_real
2025-11-30 14:00:00,47.68302921397182,2025_real
2025-11-30 15:00:00,47.95659600153519,2025_real
2025-11-30 16:00:00,49.39935663242358,2025_real
2025-11-30 17:00:00,49.844194820189614,2025_real
2025-11-30 18:00:00,47.298007672409845,2025_real
2025-11-30 19:00:00,46.65775843285396,2025_real
2025-11-30 20:00:00,45.84564133151319,2025_real
2025-11-30 21:00:00,46.221863010457554,2025_real
2025-11-30 22:00:00,45.64241434929425,2025_real
2025-11-30 23:00:00,43.29535635385817,2025_real
2025-12-01 00:00:00,39.498713024892766,2025_real
2025-12-01 01:00:00,38.866570397754124,2025_real
2025-12-01 02:00:00,38.5798676998981,2025_real
2025-12-01 03:00:00,38.60307007303477,2025_real
2025-12-01 04:00:00,42.177837839721015,2025_real
2025-12-01 05:00:00,38.69505180298708,2025_real
2025-12-01 06:00:00,41.4465598851704,2025_real
2025-12-01 07:00:00,52.74031655145742,2025_real
2025-12-01 08:00:00,63.94792982001805,2025_real
2025-12-01 09:00:00,68.76007506745552,2025_real
2025-12-01 10:00:00,70.39084997566599,2025_real
2025-12-01 11:00:00,72.5282165648589,2025_real
2025-12-01 12:00:00,72.4081881056843,2025_real
2025-12-01 13:00:00,72.57040139118173,2025_real
2025-12-01 14:00:00,72.43369291413126,2025_real
2025-12-01 15:00:00,72.5924887879326,2025_real
2025-12-01 16:00:00,71.16899155755146,2025_real
2025-12-01 17:00:00,69.89148948583612,2025_real
2025-12-01 18:00:00,65.63686826546757,2025_real
2025-12-01 19:00:00,56.943963580372944,2025_real
2025-12-01 20:00:00,52.396713055092974,2025_real
2025-12-01 21:00:00,50.250102817388175,2025_real
2025-12-01 22:00:00,47.87943863926721,2025_real
2025-12-01 23:00:00,45.49597046260752,2025_real
2025-12-02 00:00:00,43.67743241867115,2025_real
2025-12-02 01:00:00,44.43111200365723,2025_real
2025-12-02 02:00:00,44.126549686670195,2025_real
2025-12-02 03:00:00,42.87287344699852,2025_real
2025-12-02 04:00:00,45.32461727067023,2025_real
2025-12-02 05:00:00,42.889619366530006,2025_real
2025-12-02 06:00:00,44.79853768407986,2025_real
2025-12-02 07:00:00,53.264784318299796,2025_real
2025-12-02 08:00:00,64.42974698805523,2025_real
2025-12-02 09:00:00,70.08544752596538,2025_real
2025-12-02 10:00:00,71.88543653528589,2025_real
2025-12-02 11:00:00,73.57142673780356,2025_real
2025-12-02 12:00:00,75.13091857207648,2025_real
2025-12-02 13:00:00,75.2337983825015,2025_real
2025-12-02 14:00:00,75.06597548697398,2025_real
2025-12-02 15:00:00,73.71872142530452,2025_real
2025-12-02 16:00:00,73.1008554133442,2025_real
2025-12-02 17:00:00,70.42084242419266,2025_real
2025-12-02 18:00:00,63.37946041777165,2025_real
2025-12-02 19:00:00,53.750433677660496,2025_real
2025-12-02 20:00:00,46.99432072838838,2025_real
2025-12-02 21:00:00,43.95762313788197,2025_real
2025-12-02 22:00:00,42.5126917522573,2025_real
2025-12-02 23:00:00,40.66702318861784,2025_real
2025-12-03 00:00:00,40.30351163784266,2025_real
2025-12-03 01:00:00,40.333255970786304,2025_real
2025-12-03 02:00:00,41.40546643464503,2025_real
2025-12-03 03:00:00,41.52090937532124,2025_real
2025-12-03 04:00:00,40.033131901898756,2025_real
2025-12-03 05:00:00,40.304428551219445,2025_real
2025-12-03 06:00:00,41.84600181559589,2025_real
2025-12-03 07:00:00,51.81708615965684,2025_real
2025-12-03 08:00:00,64.46069003157854,2025_real
2025-12-03 09:00:00,70.54225339062936,2025_real
2025-12-03 10:00:00,72.66841132224596,2025_real
2025-12-03 11:00:00,75.32611425327804,2025_real
2025-12-03 12:00:00,76.06574251333046,2025_real
2025-12-03 13:00:00,75.85163729958032,2025_real
2025-12-03 14:00:00,74.92552459463474,2025_real
2025-12-03 15:00:00,73.73848415016299,2025_real
2025-12-03 16:00:00,72.18914901699137,2025_real
2025-12-03 17:00:00,70.19250694829277,2025_real
2025-12-03 18:00:00,65.67790295963826,2025_real
2025-12-03 19:00:00,54.03054649291185,2025_real
2025-12-03 20:00:00,48.177564865916494,2025_real
2025-12-03 21:00:00,45.81949690168372,2025_real
2025-12-03 22:00:00,44.85421075507853,2025_real
2025-12-03 23:00:00,41.36729216647315,2025_real
2025-12-04 00:00:00,41.501912443036176,2025_real
2025-12-04 01:00:00,39.97131762170554,2025_real
2025-12-04 02:00:00,39.55619292872342,2025_real
2025-12-04 03:00:00,39.75943890921425,2025_real
2025-12-04 04:00:00,39.921271891372115,2025_real
2025-12-04 05:00:00,41.65542378067903,2025_real
2025-12-04 06:00:00,42.015448969902444,2025_real
2025-12-04 07:00:00,52.4597566666231,2025_real
2025-12-04 08:00:00,64.57125327651427,2025_real
2025-12-04 09:00:00,69.4096159910479,2025_real
2025-12-04 10:00:00,71.08627554390304,2025_real
2025-12-04 11:00:00,73.44500669000969,2025_real
2025-12-04 12:00:00,73.42969724083298,2025_real
2025-12-04 13:00:00,73.97976693132384,2025_real
2025-12-04 14:00:00,76.69568066414152,2025_real
2025-12-04 15:00:00,76.34234666257989,2025_real
2025-12-04 16:00:00,74.74925110007176,2025_real
2025-12-04 17:00:00,72.50978424724343,2025_real
2025-12-04 18:00:00,66.10831802972936,2025_real
2025-12-04 19:00:00,58.320758799047816,2025_real
2025-12-04 20:00:00,53.29032949967841,2025_real
2025-12-04 21:00:00,50.705352107658314,2025_real
2025-12-04 22:00:00,47.98077276730167,2025_real
2025-12-04 23:00:00,46.13889907361674,2025_real
2025-12-05 00:00:00,44.083809975688126,2025_real
2025-12-05 01:00:00,44.19507437278712,2025_real
2025-12-05 02:00:00,43.29957619089873,2025_real
2025-12-05 03:00:00,44.408445679813134,2025_real
2025-12-05 04:00:00,47.53827167422584,2025_real
2025-12-05 05:00:00,45.229143808286544,2025_real
2025-12-05 06:00:00,46.11200749412046,2025_real
2025-12-05 07:00:00,56.64058608403593,2025_real
2025-12-05 08:00:00,66.13125010959622,2025_real
2025-12-05 09:00:00,70.43167941383639,2025_real
2025-12-05 10:00:00,73.39301017391686,2025_real
2025-12-05 11:00:00,74.29631924050739,2025_real
2025-12-05 12:00:00,75.56143106516663,2025_real
2025-12-05 13:00:00,75.5933404755009,2025_real
2025-12-05 14:00:00,76.02005989917996,2025_real
2025-12-05 15:00:00,74.59913857599882,2025_real
2025-12-05 16:00:00,72.49772526133535,2025_real
2025-12-05 17:00:00,68.59421841316541,2025_real
2025-12-05 18:00:00,61.03268302437135,2025_real
2025-12-05 19:00:00,56.500802901458016,2025_real
2025-12-05 20:00:00,52.95772931831114,2025_real
2025-12-05 21:00:00,49.83240383605589,2025_real
2025-12-05 22:00:00,47.557626468181454,2025_real
2025-12-05 23:00:00,44.940223749046964,2025_real
2025-12-06 00:00:00,43.22552913032691,2025_real
2025-12-06 01:00:00,42.3908388945566,2025_real
2025-12-06 02:00:00,44.62256565554571,2025_real
2025-12-06 03:00:00,43.843774772388066,2025_real
2025-12-06 04:00:00,43.407205427051466,2025_real
2025-12-06 05:00:00,43.80903387407449,2025_real
2025-12-06 06:00:00,44.04281759111494,2025_real
2025-12-06 07:00:00,44.36761712862585,2025_real
2025-12-06 08:00:00,44.85216980410088,2025_real
2025-12-06 09:00:00,46.0921565958602,2025_real
2025-12-06 10:00:00,47.67160150990334,2025_real
2025-12-06 11:00:00,50.05581649208801,2025_real
2025-12-06 12:00:00,52.09064897327012,2025_real
2025-12-06 13:00:00,53.65675471840237,2025_real
2025-12-06 14:00:00,54.45140711202988,2025_real
2025-12-06 15:00:00,54.83148530607272,2025_real
2025-12-06 16:00:00,55.70265343065719,2025_real
2025-12-06 17:00:00,54.82438820963756,2025_real
2025-12-06 18:00:00,53.27967763018351,2025_real
2025-12-06 19:00:00,53.03802624407126,2025_real
2025-12-06 20:00:00,51.66065824448441,2025_real
2025-12-06 21:00:00,49.96704524910456,2025_real
2025-12-06 22:00:00,48.12680099863414,2025_real
2025-12-06 23:00:00,45.44605166483906,2025_real
2025-12-07 00:00:00,43.64773316517399,2025_real
2025-12-07 01:00:00,42.960101080899314,2025_real
2025-12-07 02:00:00,42.99693874680456,2025_real
2025-12-07 03:00:00,42.89698386006887,2025_real
2025-12-07 04:00:00,42.44148068623482,2025_real
2025-12-07 05:00:00,42.65649010588299,2025_real
2025-12-07 06:00:00,42.945475300493406,2025_real
2025-12-07 07:00:00,43.135411033358764,2025_real
2025-12-07 08:00:00,44.061222928197004,2025_real
2025-12-07 09:00:00,44.570111725373685,2025_real
2025-12-07 10:00:00,46.467513670061365,2025_real
2025-12-07 11:00:00,49.15723634228106,2025_real
2025-12-07 12:00:00,50.98494777586765,2025_real
2025-12-07 13:00:00,51.618064361949294,2025_real
2025-12-07 14:00:00,53.00264556924309,2025_real
2025-12-07 15:00:00,53.73388630172451,2025_real
2025-12-07 16:00:00,53.539865657789036,2025_real
2025-12-07 17:00:00,53.40270230302143,2025_real
2025-12-07 18:00:00,52.7146178278182,2025_real
2025-12-07 19:00:00,52.27873991230633,2025_real
2025-12-07 20:00:00,51.26240524527322,2025_real
2025-12-07 21:00:00,48.84786111300021,2025_real
2025-12-07 22:00:00,46.82778317444286,2025_real
2025-12-07 23:00:00,44.94728470198514,2025_real
2025-12-08 00:00:00,44.06352599086081,2025_real
2025-12-08 01:00:00,42.61136078418777,2025_real
2025-12-08 02:00:00,43.03895581354011,2025_real
2025-12-08 03:00:00,42.51212493860689,2025_real
2025-12-08 04:00:00,43.146917519562564,2025_real
2025-12-08 05:00:00,42.731555332932984,2025_real
2025-12-08 06:00:00,45.76343103332016,2025_real
2025-12-08 07:00:00,55.29236953173613,2025_real
2025-12-08 08:00:00,66.87727895268144,2025_real
2025-12-08 09:00:00,72.10360352387386,2025_real
2025-12-08 10:00:00,74.16244868344096,2025_real
2025-12-08 11:00:00,75.18615987350412,2025_real
2025-12-08 12:00:00,75.92124723215423,2025_real
2025-12-08 13:00:00,76.05202096343864,2025_real
2025-12-08 14:00:00,76.28426189194928,2025_real
2025-12-08 15:00:00,75.25068413780261,2025_real
2025-12-08 16:00:00,73.9334347885787,2025_real
2025-12-08 17:00:00,71.86582343591161,2025_real
2025-12-08 18:00:00,65.76745648556562,2025_real
2025-12-08 19:00:00,56.39854808914818,2025_real
2025-12-08 20:00:00,50.8912628759023,2025_real
2025-12-08 21:00:00,47.75331291180274,2025_real
2025-12-08 22:00:00,46.17093078152179,2025_real
2025-12-08 23:00:00,43.684387267202005,2025_real
2025-12-09 00:00:00,43.17376356915139,2025_real
2025-12-09 01:00:00,42.87149896228959,2025_real
2025-12-09 02:00:00,41.96307302965012,2025_real
2025-12-09 03:00:00,45.382871653589504,2025_real
2025-12-09 04:00:00,42.32560828732814,2025_real
2025-12-09 05:00:00,43.55374782760458,2025_real
2025-12-09 06:00:00,45.644558818397556,2025_real
2025-12-09 07:00:00,56.51231863590917,2025_real
2025-12-09 08:00:00,66.85661878537415,2025_real
2025-12-09 09:00:00,72.37309330011894,2025_real
2025-12-09 10:00:00,74.942446726266,2025_real
2025-12-09 11:00:00,76.59293472238437,2025_real
2025-12-09 12:00:00,77.20606319131446,2025_real
2025-12-09 13:00:00,77.54652455860379,2025_real
2025-12-09 14:00:00,77.64710865307379,2025_real
2025-12-09 15:00:00,76.98297355240132,2025_real
2025-12-09 16:00:00,76.04605021467074,2025_real
2025-12-09 17:00:00,73.64597394215635,2025_real
2025-12-09 18:00:00,67.58159165914267,2025_real
2025-12-09 19:00:00,57.551524770629285,2025_real
2025-12-09 20:00:00,50.93716151802385,2025_real
2025-12-09 21:00:00,48.7761346636149,2025_real
2025-12-09 22:00:00,47.982014251843864,2025_real
2025-12-09 23:00:00,44.619943499323355,2025_real
2025-12-10 00:00:00,45.35262664363715,2025_real
2025-12-10 01:00:00,42.95719806380876,2025_real
2025-12-10 02:00:00,44.15724507879706,2025_real
2025-12-10 03:00:00,45.1696687140251,2025_real
2025-12-10 04:00:00,43.01730556163089,2025_real
2025-12-10 05:00:00,43.47277154421898,2025_real
2025-12-10 06:00:00,47.45059568093233,2025_real
2025-12-10 07:00:00,53.225469789535694,2025_real
2025-12-10 08:00:00,65.17859710291297,2025_real
2025-12-10 09:00:00,72.30196386418669,2025_real
2025-12-10 10:00:00,74.93216820509335,2025_real
2025-12-10 11:00:00,76.73116863119581,2025_real
2025-12-10 12:00:00,77.63318732295036,2025_real
2025-12-10 13:00:00,77.02279339782848,2025_real
2025-12-10 14:00:00,77.40584405023233,2025_real
2025-12-10 15:00:00,77.04478499594568,2025_real
2025-12-10 16:00:00,75.71561238505552,2025_real
2025-12-10 17:00:00,73.62311100574591,2025_real
2025-12-10 18:00:00,67.79175339866907,2025_real
2025-12-10 19:00:00,58.594061316719916,2025_real
2025-12-10 20:00:00,52.101672429736354,2025_real
2025-12-10 21:00:00,48.45952699017084,2025_real
2025-12-10 22:00:00,46.106151470443194,2025_real
2025-12-10 23:00:00,43.817218626528515,2025_real
2025-12-11 00:00:00,44.39648837415706,2025_real
2025-12-11 01:00:00,41.84486834728588,2025_real
2025-12-11 02:00:00,41.80641705593953,2025_real
2025-12-11 03:00:00,41.709446241173666,2025_real
2025-12-11 04:00:00,41.8227982528733,2025_real
2025-12-11 05:00:00,41.98516772149932,2025_real
2025-12-11 06:00:00,44.676478438290886,2025_real
2025-12-11 07:00:00,53.98718038713514,2025_real
2025-12-11 08:00:00,65.33161275225156,2025_real
2025-12-11 09:00:00,71.95964013745463,2025_real
2025-12-11 10:00:00,74.41575748714911,2025_real
2025-12-11 11:00:00,76.5799290921672,2025_real
2025-12-11 12:00:00,77.02218955852236,2025_real
2025-12-11 13:00:00,77.3277376540961,2025_real
2025-12-11 14:00:00,77.8486577373552,2025_real
2025-12-11 15:00:00,77.43447789784506,2025_real
2025-12-11 16:00:00,76.43527630771436,2025_real
2025-12-11 17:00:00,73.76397715685164,2025_real
2025-12-11 18:00:00,67.66454875336773,2025_real
2025-12-11 19:00:00,58.40538691771706,2025_real
2025-12-11 20:00:00,52.03350684705421,2025_real
2025-12-11 21:00:00,48.56919034453128,2025_real
2025-12-11 22:00:00,47.20934322637392,2025_real
2025-12-11 23:00:00,45.779962272578366,2025_real
2025-12-12 00:00:00,43.89896365433542,2025_real
2025-12-12 01:00:00,43.941365382484165,2025_real
2025-12-12 02:00:00,43.695888344196305,2025_real
2025-12-12 03:00:00,43.66337891774353,2025_real
2025-12-12 04:00:00,43.48132273703058,2025_real
2025-12-12 05:00:00,45.44173017088492,2025_real
2025-12-12 06:00:00,44.44829354913697,2025_real
2025-12-12 07:00:00,53.0183320211589,2025_real
2025-12-12 08:00:00,64.74855895603471,2025_real
2025-12-12 09:00:00,70.92541671928043,2025_real
2025-12-12 10:00:00,73.31396214781344,2025_real
2025-12-12 11:00:00,74.50181285555429,2025_real
2025-12-12 12:00:00,75.71298120855067,2025_real
2025-12-12 13:00:00,76.02199347434379,2025_real
2025-12-12 14:00:00,75.31258521740989,2025_real
2025-12-12 15:00:00,74.17713002258654,2025_real
2025-12-12 16:00:00,72.69105169602864,2025_real
2025-12-12 17:00:00,68.04388065900183,2025_real
2025-12-12 18:00:00,61.4049908934235,2025_real
2025-12-12 19:00:00,55.78438890403883,2025_real
2025-12-12 20:00:00,52.03256659468515,2025_real
2025-12-12 21:00:00,49.954609495305945,2025_real
2025-12-12 22:00:00,47.755013340398946,2025_real
2025-12-12 23:00:00,45.941487971591584,2025_real
2025-12-13 00:00:00,44.20554287570366,2025_real
2025-12-13 01:00:00,43.6802978369933,2025_real
2025-12-13 02:00:00,43.276420265197444,2025_real
2025-12-13 03:00:00,43.98950551427802,2025_real
2025-12-13 04:00:00,43.25502495484989,2025_real
2025-12-13 05:00:00,43.495585810173374,2025_real
2025-12-13 06:00:00,44.25571180139157,2025_real
2025-12-13 07:00:00,43.667222777036656,2025_real
2025-12-13 08:00:00,44.31646606766233,2025_real
2025-12-13 09:00:00,45.74276533202409,2025_real
2025-12-13 10:00:00,47.25374992633154,2025_real
2025-12-13 11:00:00,49.24266597053429,2025_real
2025-12-13 12:00:00,51.1384808723665,2025_real
2025-12-13 13:00:00,53.375864029080034,2025_real
2025-12-13 14:00:00,53.9190036295205,2025_real
2025-12-13 15:00:00,53.7190158891043,2025_real
2025-12-13 16:00:00,53.59871924170935,2025_real
2025-12-13 17:00:00,54.26688637096241,2025_real
2025-12-13 18:00:00,53.39869169608964,2025_real
2025-12-13 19:00:00,52.98669524238075,2025_real
2025-12-13 20:00:00,51.7222798851253,2025_real
2025-12-13 21:00:00,49.863853880411355,2025_real
2025-12-13 22:00:00,47.820817661443144,2025_real
2025-12-13 23:00:00,45.744274824806325,2025_real
2025-12-14 00:00:00,44.93663479426938,2025_real
2025-12-14 01:00:00,45.68125069067298,2025_real
2025-12-14 02:00:00,45.26657800883042,2025_real
2025-12-14 03:00:00,45.176413873851374,2025_real
2025-12-14 04:00:00,45.175172427767556,2025_real
2025-12-14 05:00:00,45.81856529737007,2025_real
2025-12-14 06:00:00,46.64287429253112,2025_real
2025-12-14 07:00:00,45.7926097511887,2025_real
2025-12-14 08:00:00,46.35963545236413,2025_real
2025-12-14 09:00:00,47.43889080575113,2025_real
2025-12-14 10:00:00,48.246334235313,2025_real
2025-12-14 11:00:00,50.27682691242484,2025_real
2025-12-14 12:00:00,50.790882368974536,2025_real
2025-12-14 13:00:00,53.10579391186018,2025_real
2025-12-14 14:00:00,53.517569970460514,2025_real
2025-12-14 15:00:00,53.809381760462955,2025_real
2025-12-14 16:00:00,53.70558093800885,2025_real
2025-12-14 17:00:00,54.18273911299403,2025_real
2025-12-14 18:00:00,53.88359296328373,2025_real
2025-12-14 19:00:00,54.082113420606845,2025_real
2025-12-14 20:00:00,52.92165605490478,2025_real
2025-12-14 21:00:00,50.225684255990046,2025_real
2025-12-14 22:00:00,48.12257612076241,2025_real
2025-12-14 23:00:00,46.96954509834198,2025_real
2025-12-15 00:00:00,46.00081920386876,2025_real
2025-12-15 01:00:00,45.2559507369277,2025_real
2025-12-15 02:00:00,45.563831566517166,2025_real
2025-12-15 03:00:00,45.70894486028088,2025_real
2025-12-15 04:00:00,46.05667634490494,2025_real
2025-12-15 05:00:00,46.18865422972398,2025_real
2025-12-15 06:00:00,47.93640629628402,2025_real
2025-12-15 07:00:00,55.43322342452193,2025_real
2025-12-15 08:00:00,65.82342281253047,2025_real
2025-12-15 09:00:00,72.05410103313004,2025_real
2025-12-15 10:00:00,74.35187810259814,2025_real
2025-12-15 11:00:00,76.01904522362544,2025_real
2025-12-15 12:00:00,76.56392089387438,2025_real
2025-12-15 13:00:00,77.31744534375557,2025_real
2025-12-15 14:00:00,76.8839915017169,2025_real
2025-12-15 15:00:00,76.60134113685011,2025_real
2025-12-15 16:00:00,75.12122328841079,2025_real
2025-12-15 17:00:00,73.30751609621716,2025_real
2025-12-15 18:00:00,67.87657888266561,2025_real
2025-12-15 19:00:00,59.271595499681254,2025_real
2025-12-15 20:00:00,52.78305256360964,2025_real
2025-12-15 21:00:00,49.88662998250065,2025_real
2025-12-15 22:00:00,47.455994193715554,2025_real
2025-12-15 23:00:00,46.634413455110476,2025_real
2025-12-16 00:00:00,45.404667961010745,2025_real
2025-12-16 01:00:00,45.44478370106045,2025_real
2025-12-16 02:00:00,44.836790281767634,2025_real
2025-12-16 03:00:00,45.32285499689892,2025_real
2025-12-16 04:00:00,44.79113818731153,2025_real
2025-12-16 05:00:00,45.02672708276656,2025_real
2025-12-16 06:00:00,46.957833504332605,2025_real
2025-12-16 07:00:00,55.53921300256799,2025_real
2025-12-16 08:00:00,66.29816239014696,2025_real
2025-12-16 09:00:00,72.07520668110638,2025_real
2025-12-16 10:00:00,74.89140963938868,2025_real
2025-12-16 11:00:00,75.87795330580074,2025_real
2025-12-16 12:00:00,77.08975607139539,2025_real
2025-12-16 13:00:00,77.32215660904623,2025_real
2025-12-16 14:00:00,77.41271298473896,2025_real
2025-12-16 15:00:00,76.50087940078691,2025_real
2025-12-16 16:00:00,75.12499470777387,2025_real
2025-12-16 17:00:00,72.85679708143843,2025_real
2025-12-16 18:00:00,66.91158555869421,2025_real
2025-12-16 19:00:00,57.51243781100278,2025_real
2025-12-16 20:00:00,50.90700346512903,2025_real
2025-12-16 21:00:00,47.48561240190554,2025_real
2025-12-16 22:00:00,45.1014503576871,2025_real
2025-12-16 23:00:00,43.40615658257462,2025_real
2025-12-17 00:00:00,43.02624342188011,2025_real
2025-12-17 01:00:00,42.042690690585076,2025_real
2025-12-17 02:00:00,41.92036454273439,2025_real
2025-12-17 03:00:00,41.97384182199554,2025_real
2025-12-17 04:00:00,43.05605523458853,2025_real
2025-12-17 05:00:00,43.627922535267565,2025_real
2025-12-17 06:00:00,44.89487731835393,2025_real
2025-12-17 07:00:00,53.800492862223706,2025_real
2025-12-17 08:00:00,65.77629416616715,2025_real
2025-12-17 09:00:00,71.99167140834173,2025_real
2025-12-17 10:00:00,74.10048481636807,2025_real
2025-12-17 11:00:00,76.09257895139078,2025_real
2025-12-17 12:00:00,76.46754188398286,2025_real
2025-12-17 13:00:00,76.62766955236312,2025_real
2025-12-17 14:00:00,76.67711613069139,2025_real
2025-12-17 15:00:00,76.02491719364113,2025_real
2025-12-17 16:00:00,75.4549703684956,2025_real
2025-12-17 17:00:00,73.86785465167648,2025_real
2025-12-17 18:00:00,67.93083416291944,2025_real
2025-12-17 19:00:00,58.49991118500046,2025_real
2025-12-17 20:00:00,52.64128269851257,2025_real
2025-12-17 21:00:00,50.29025846113513,2025_real
2025-12-17 22:00:00,47.7752741548152,2025_real
2025-12-17 23:00:00,45.4492192791173,2025_real
2025-12-18 00:00:00,44.43414672667785,2025_real
2025-12-18 01:00:00,43.73496295969019,2025_real
2025-12-18 02:00:00,43.822611417473595,2025_real
2025-12-18 03:00:00,43.82327855062093,2025_real
2025-12-18 04:00:00,45.49744657379162,2025_real
2025-12-18 05:00:00,43.57666352422446,2025_real
2025-12-18 06:00:00,44.79545224010949,2025_real
2025-12-18 07:00:00,53.63715116232955,2025_real
2025-12-18 08:00:00,65.08101926786605,2025_real
2025-12-18 09:00:00,70.92294527990737,2025_real
2025-12-18 10:00:00,74.05121448401698,2025_real
2025-12-18 11:00:00,75.59908830385045,2025_real
2025-12-18 12:00:00,76.83651742024993,2025_real
2025-12-18 13:00:00,77.51771380731824,2025_real
2025-12-18 14:00:00,76.96694565437102,2025_real
2025-12-18 15:00:00,76.29886473749565,2025_real
2025-12-18 16:00:00,75.04047318147659,2025_real
2025-12-18 17:00:00,72.77834499817376,2025_real
2025-12-18 18:00:00,67.79599507387934,2025_real
2025-12-18 19:00:00,58.84567359645558,2025_real
2025-12-18 20:00:00,53.0657497233784,2025_real
2025-12-18 21:00:00,49.896030790816006,2025_real
2025-12-18 22:00:00,47.45549999425942,2025_real
2025-12-18 23:00:00,45.224472601941514,2025_real
2025-12-19 00:00:00,43.489723011789934,2025_real
2025-12-19 01:00:00,43.84803622234976,2025_real
2025-12-19 02:00:00,43.52023194585057,2025_real
2025-12-19 03:00:00,43.49056875365868,2025_real
2025-12-19 04:00:00,43.486377787031856,2025_real
2025-12-19 05:00:00,43.721661298746504,2025_real
2025-12-19 06:00:00,45.297440413414854,2025_real
2025-12-19 07:00:00,51.74331394882224,2025_real
2025-12-19 08:00:00,62.771905471536286,2025_real
2025-12-19 09:00:00,68.56964639376946,2025_real
2025-12-19 10:00:00,71.26523331051828,2025_real
2025-12-19 11:00:00,72.91699738987624,2025_real
2025-12-19 12:00:00,73.66027879891732,2025_real
2025-12-19 13:00:00,73.75026347825161,2025_real
2025-12-19 14:00:00,73.00303285615195,2025_real
2025-12-19 15:00:00,71.7521765426595,2025_real
2025-12-19 16:00:00,69.86883762441491,2025_real
2025-12-19 17:00:00,66.11662507587423,2025_real
2025-12-19 18:00:00,60.49584576159113,2025_real
2025-12-19 19:00:00,55.30514685263678,2025_real
2025-12-19 20:00:00,52.20534101064504,2025_real
2025-12-19 21:00:00,49.63487226248529,2025_real
2025-12-19 22:00:00,46.86092987225818,2025_real
2025-12-19 23:00:00,44.75860827900444,2025_real
2025-12-20 00:00:00,43.21711121412855,2025_real
2025-12-20 01:00:00,42.45136818259472,2025_real
2025-12-20 02:00:00,42.7799563376889,2025_real
2025-12-20 03:00:00,43.329486997246136,2025_real
2025-12-20 04:00:00,42.84997676261675,2025_real
2025-12-20 05:00:00,42.47983580395187,2025_real
2025-12-20 06:00:00,42.437570243376925,2025_real
2025-12-20 07:00:00,42.47365833309804,2025_real
2025-12-20 08:00:00,43.64366412181559,2025_real
2025-12-20 09:00:00,44.69173157824804,2025_real
2025-12-20 10:00:00,46.9721961560354,2025_real
2025-12-20 11:00:00,49.42401815038755,2025_real
2025-12-20 12:00:00,51.344157680808195,2025_real
2025-12-20 13:00:00,52.843532481107715,2025_real
2025-12-20 14:00:00,52.872483929553056,2025_real
2025-12-20 15:00:00,53.135788957339415,2025_real
2025-12-20 16:00:00,53.0808305216037,2025_real
2025-12-20 17:00:00,52.80000306163518,2025_real
2025-12-20 18:00:00,52.05168304725811,2025_real
2025-12-20 19:00:00,51.86139124474895,2025_real
2025-12-20 20:00:00,50.76526395191355,2025_real
2025-12-20 21:00:00,48.8823769455162,2025_real
2025-12-20 22:00:00,45.90427782379136,2025_real
2025-12-20 23:00:00,43.65350437749952,2025_real
2025-12-21 00:00:00,42.47725378464584,2025_real
2025-12-21 01:00:00,42.291397935320404,2025_real
2025-12-21 02:00:00,41.78926865034794,2025_real
2025-12-21 03:00:00,41.73806860520145,2025_real
2025-12-21 04:00:00,41.31577675191237,2025_real
2025-12-21 05:00:00,41.59801212255459,2025_real
2025-12-21 06:00:00,41.349930737291906,2025_real
2025-12-21 07:00:00,40.97822535029519,2025_real
2025-12-21 08:00:00,44.846516501298005,2025_real
2025-12-21 09:00:00,40.736401628312066,2025_real
2025-12-21 10:00:00,41.114468788290374,2025_real
2025-12-21 11:00:00,47.958250346563176,2025_real
2025-12-21 12:00:00,47.426043114466026,2025_real
2025-12-21 13:00:00,48.40753683615724,2025_real
2025-12-21 14:00:00,50.15820825983455,2025_real
2025-12-21 15:00:00,49.31298542350003,2025_real
2025-12-21 16:00:00,50.283213204421536,2025_real
2025-12-21 17:00:00,47.70101003758974,2025_real
2025-12-21 18:00:00,53.00755662602274,2025_real
2025-12-21 19:00:00,45.970984816758204,2025_real
2025-12-21 20:00:00,49.11926595896958,2025_real
2025-12-21 21:00:00,44.74708785313848,2025_real
2025-12-21 22:00:00,45.29002631070963,2025_real
2025-12-21 23:00:00,43.89833698922654,2025_real
2025-12-22 00:00:00,42.55004885935147,2025_real
2025-12-22 01:00:00,38.560314625675005,2025_real
2025-12-22 02:00:00,42.337483645782825,2025_real
2025-12-22 03:00:00,43.09585187141349,2025_real
2025-12-22 04:00:00,39.45269692036289,2025_real
2025-12-22 05:00:00,40.573575230291446,2025_real
2025-12-22 06:00:00,41.37806045686256,2025_real
2025-12-22 07:00:00,51.16784529119301,2025_real
2025-12-22 08:00:00,66.85272199406562,2025_real
2025-12-22 09:00:00,67.44265404114626,2025_real
2025-12-22 10:00:00,69.6828437125153,2025_real
2025-12-22 11:00:00,75.86060988231807,2025_real
2025-12-22 12:00:00,74.44765454210908,2025_real
2025-12-22 13:00:00,78.40288550554261,2025_real
2025-12-22 14:00:00,72.64433123714291,2025_real
2025-12-22 15:00:00,73.62257492006628,2025_real
2025-12-22 16:00:00,70.86042231607212,2025_real
2025-12-22 17:00:00,70.18371461341324,2025_real
2025-12-22 18:00:00,60.53626009186372,2025_real
2025-12-22 19:00:00,55.01742287138754,2025_real
2025-12-22 20:00:00,47.8305501982803,2025_real
2025-12-22 21:00:00,43.961057283468755,2025_real
2025-12-22 22:00:00,41.71385937438609,2025_real
2025-12-22 23:00:00,39.18539913800872,2025_real
2025-12-23 00:00:00,41.62804795959827,2025_real
2025-12-23 01:00:00,37.25176390390446,2025_real
2025-12-23 02:00:00,40.71254947285056,2025_real
2025-12-23 03:00:00,44.1728064570541,2025_real
2025-12-23 04:00:00,42.447033827781055,2025_real
2025-12-23 05:00:00,36.92502565629675,2025_real
2025-12-23 06:00:00,41.28182314355264,2025_real
2025-12-23 07:00:00,52.876590986991815,2025_real
2025-12-23 08:00:00,64.05590205609022,2025_real
2025-12-23 09:00:00,67.11937447441989,2025_real
2025-12-23 10:00:00,72.71668317360854,2025_real
2025-12-23 11:00:00,74.9725288894542,2025_real
2025-12-23 12:00:00,75.50186225081725,2025_real
2025-12-23 13:00:00,75.86351775330162,2025_real
2025-12-23 14:00:00,76.21680783751619,2025_real
2025-12-23 15:00:00,75.8898580077249,2025_real
2025-12-23 16:00:00,75.09588275202594,2025_real
2025-12-23 17:00:00,72.6125920206076,2025_real
2025-12-23 18:00:00,67.21876746001602,2025_real
2025-12-23 19:00:00,58.59595068839329,2025_real
2025-12-23 20:00:00,52.74949665785179,2025_real
2025-12-23 21:00:00,49.403746069424585,2025_real
2025-12-23 22:00:00,46.732282474158474,2025_real
2025-12-23 23:00:00,44.28746417566062,2025_real
2025-12-24 00:00:00,42.58628468465298,2025_real
2025-12-24 01:00:00,41.992064584130645,2025_real
2025-12-24 02:00:00,41.78946040954984,2025_real
2025-12-24 03:00:00,42.64256538374141,2025_real
2025-12-24 04:00:00,42.09129148387166,2025_real
2025-12-24 05:00:00,42.74343484759558,2025_real
2025-12-24 06:00:00,44.155186949610496,2025_real
2025-12-24 07:00:00,51.9889941256547,2025_real
2025-12-24 08:00:00,63.21604275752608,2025_real
2025-12-24 09:00:00,69.48419563981182,2025_real
2025-12-24 10:00:00,72.08452246577588,2025_real
2025-12-24 11:00:00,73.41893550144128,2025_real
2025-12-24 12:00:00,74.28625923414793,2025_real
2025-12-24 13:00:00,74.23179776548866,2025_real
2025-12-24 14:00:00,73.84785650506126,2025_real
2025-12-24 15:00:00,72.89187889450471,2025_real
2025-12-24 16:00:00,72.37795259979723,2025_real
2025-12-24 17:00:00,70.35796761064898,2025_real
2025-12-24 18:00:00,66.0215606548723,2025_real
2025-12-24 19:00:00,57.374565292161705,2025_real
2025-12-24 20:00:00,51.20589350725638,2025_real
2025-12-24 21:00:00,48.274789717286666,2025_real
2025-12-24 22:00:00,45.378906552361116,2025_real
2025-12-24 23:00:00,44.04976491931598,2025_real
2025-12-25 00:00:00,42.7201873713242,2025_real
2025-12-25 01:00:00,44.22001113242125,2025_real
2025-12-25 02:00:00,42.32345295744449,2025_real
2025-12-25 03:00:00,42.13476636019327,2025_real
2025-12-25 04:00:00,42.089856038935004,2025_real
2025-12-25 05:00:00,42.03701699301567,2025_real
2025-12-25 06:00:00,43.47470111052443,2025_real
2025-12-25 07:00:00,51.43408044728575,2025_real
2025-12-25 08:00:00,62.45985478104873,2025_real
2025-12-25 09:00:00,68.34515939040303,2025_real
2025-12-25 10:00:00,71.4808625476568,2025_real
2025-12-25 11:00:00,72.78328481962009,2025_real
2025-12-25 12:00:00,74.07930772774657,2025_real
2025-12-25 13:00:00,74.9526579434523,2025_real
2025-12-25 14:00:00,75.63144062932942,2025_real
2025-12-25 15:00:00,74.57286351895755,2025_real
2025-12-25 16:00:00,73.37770055865806,2025_real
2025-12-25 17:00:00,71.78526339376549,2025_real
2025-12-25 18:00:00,67.0540428276107,2025_real
2025-12-25 19:00:00,58.729298020608105,2025_real
2025-12-25 20:00:00,52.763238382603326,2025_real
2025-12-25 21:00:00,49.06424100540447,2025_real
2025-12-25 22:00:00,46.678685295921824,2025_real
2025-12-25 23:00:00,44.77862743654761,2025_real
2025-12-26 00:00:00,43.69763096257491,2025_real
2025-12-26 01:00:00,43.10245671912181,2025_real
2025-12-26 02:00:00,42.98111965818521,2025_real
2025-12-26 03:00:00,43.38255353393026,2025_real
2025-12-26 04:00:00,43.544382337097545,2025_real
2025-12-26 05:00:00,43.7347164256699,2025_real
2025-12-26 06:00:00,44.90794662325074,2025_real
2025-12-26 07:00:00,51.62971010722386,2025_real
2025-12-26 08:00:00,61.421912680100974,2025_real
2025-12-26 09:00:00,66.97459552830085,2025_real
2025-12-26 10:00:00,70.46756095805726,2025_real
2025-12-26 11:00:00,71.21093361552775,2025_real
2025-12-26 12:00:00,72.11012492607688,2025_real
2025-12-26 13:00:00,72.56295454557745,2025_real
2025-12-26 14:00:00,71.98729469000422,2025_real
2025-12-26 15:00:00,71.09382929696088,2025_real
2025-12-26 16:00:00,69.14446735170121,2025_real
2025-12-26 17:00:00,65.73489961056956,2025_real
2025-12-26 18:00:00,60.51140902167515,2025_real
2025-12-26 19:00:00,55.91806545295681,2025_real
2025-12-26 20:00:00,52.431085079067216,2025_real
2025-12-26 21:00:00,49.70194775001522,2025_real
2025-12-26 22:00:00,47.27916802077378,2025_real
2025-12-26 23:00:00,45.557010232445435,2025_real
2025-12-27 00:00:00,44.23224503556254,2025_real
2025-12-27 01:00:00,43.20058229373782,2025_real
2025-12-27 02:00:00,42.63602326028001,2025_real
2025-12-27 03:00:00,42.79044417279996,2025_real
2025-12-27 04:00:00,42.42199797711667,2025_real
2025-12-27 05:00:00,42.693141886510205,2025_real
2025-12-27 06:00:00,43.079422423411316,2025_real
2025-12-27 07:00:00,43.40937108492642,2025_real
2025-12-27 08:00:00,44.32481433565714,2025_real
2025-12-27 09:00:00,45.4745554854738,2025_real
2025-12-27 10:00:00,47.670656737834605,2025_real
2025-12-27 11:00:00,49.721967943948584,2025_real
2025-12-27 12:00:00,51.70972250205975,2025_real
2025-12-27 13:00:00,52.72580717782449,2025_real
2025-12-27 14:00:00,54.42638401560033,2025_real
2025-12-27 15:00:00,54.29016452491476,2025_real
2025-12-27 16:00:00,54.33398592613159,2025_real
2025-12-27 17:00:00,54.93687740885144,2025_real
2025-12-27 18:00:00,54.620586116841565,2025_real
2025-12-27 19:00:00,53.84225305423559,2025_real
2025-12-27 20:00:00,52.65306748063245,2025_real
2025-12-27 21:00:00,50.6495193895674,2025_real
2025-12-27 22:00:00,47.99594492543619,2025_real
2025-12-27 23:00:00,46.14163939473001,2025_real
2025-12-28 00:00:00,44.857077851075616,2025_real
2025-12-28 01:00:00,43.79138086931078,2025_real
2025-12-28 02:00:00,43.534319616258344,2025_real
2025-12-28 03:00:00,43.41175069949777,2025_real
2025-12-28 04:00:00,43.28969271449666,2025_real
2025-12-28 05:00:00,42.92430742513212,2025_real
2025-12-28 06:00:00,42.9662030020425,2025_real
2025-12-28 07:00:00,42.953266826957986,2025_real
2025-12-28 08:00:00,43.40491757176534,2025_real
2025-12-28 09:00:00,44.658057426879736,2025_real
2025-12-28 10:00:00,46.60015788808512,2025_real
2025-12-28 11:00:00,49.529656835440946,2025_real
2025-12-28 12:00:00,51.946682490434924,2025_real
2025-12-28 13:00:00,53.05016809840154,2025_real
2025-12-28 14:00:00,54.47902654187283,2025_real
2025-12-28 15:00:00,53.48516729974166,2025_real
2025-12-28 16:00:00,54.151278154873346,2025_real
2025-12-28 17:00:00,54.23112666682175,2025_real
2025-12-28 18:00:00,53.6938042408685,2025_real
2025-12-28 19:00:00,53.73501835866331,2025_real
2025-12-28 20:00:00,51.68065939440841,2025_real
2025-12-28 21:00:00,48.27957766622943,2025_real
2025-12-28 22:00:00,46.869421833582265,2025_real
2025-12-28 23:00:00,45.533734149289884,2025_real
2025-12-29 00:00:00,44.43230666301231,2025_real
2025-12-29 01:00:00,43.93857817644002,2025_real
2025-12-29 02:00:00,43.168535974442385,2025_real
2025-12-29 03:00:00,43.16653995543372,2025_real
2025-12-29 04:00:00,42.90414044241354,2025_real
2025-12-29 05:00:00,43.343050545651835,2025_real
2025-12-29 06:00:00,44.41729925545035,2025_real
2025-12-29 07:00:00,51.696432401005964,2025_real
2025-12-29 08:00:00,62.44046129920696,2025_real
2025-12-29 09:00:00,68.60372704714382,2025_real
2025-12-29 10:00:00,71.6699743949245,2025_real
2025-12-29 11:00:00,72.9690982889322,2025_real
2025-12-29 12:00:00,73.40245148588345,2025_real
2025-12-29 13:00:00,73.8405439125292,2025_real
2025-12-29 14:00:00,73.70476972238845,2025_real
2025-12-29 15:00:00,73.2945918368525,2025_real
2025-12-29 16:00:00,73.19448458135344,2025_real
2025-12-29 17:00:00,71.1927597386068,2025_real
2025-12-29 18:00:00,66.72230856807822,2025_real
2025-12-29 19:00:00,59.61798661901983,2025_real
2025-12-29 20:00:00,53.719200900220315,2025_real
2025-12-29 21:00:00,50.57208817724085,2025_real
2025-12-29 22:00:00,47.659652796777145,2025_real
2025-12-29 23:00:00,45.914824348892566,2025_real
2025-12-30 00:00:00,44.18737461231974,2025_real
2025-12-30 01:00:00,43.57947950319583,2025_real
2025-12-30 02:00:00,43.450206657527865,2025_real
2025-12-30 03:00:00,44.082295817092735,2025_real
2025-12-30 04:00:00,44.09913227973243,2025_real
2025-12-30 05:00:00,44.26405470325497,2025_real
2025-12-30 06:00:00,45.541295708164384,2025_real
2025-12-30 07:00:00,51.50998668322036,2025_real
2025-12-30 08:00:00,60.69668932260089,2025_real
2025-12-30 09:00:00,69.63506115054552,2025_real
2025-12-30 10:00:00,71.91576792981022,2025_real
2025-12-30 11:00:00,70.2334110343122,2025_real
2025-12-30 12:00:00,75.46134427300538,2025_real
2025-12-30 13:00:00,74.43426106174144,2025_real
2025-12-30 14:00:00,78.22512653761585,2025_real
2025-12-30 15:00:00,76.68238435345437,2025_real
2025-12-30 16:00:00,77.05049964568478,2025_real
2025-12-30 17:00:00,69.86561012397664,2025_real
2025-12-30 18:00:00,64.42020979648706,2025_real
2025-12-30 19:00:00,53.43450623893961,2025_real
2025-12-30 20:00:00,48.724223315943874,2025_real
2025-12-30 21:00:00,50.038952830807276,2025_real
2025-12-30 22:00:00,48.49080237520536,2025_real
2025-12-30 23:00:00,41.09496943696067,2025_real
2025-12-31 00:00:00,42.21990829706071,2025_real
2025-12-31 01:00:00,42.63122835838915,2025_real
2025-12-31 02:00:00,43.114553571356076,2025_real
2025-12-31 03:00:00,38.38517060858918,2025_real
2025-12-31 04:00:00,39.64400159463967,2025_real
2025-12-31 05:00:00,44.18449452689529,2025_real
2025-12-31 06:00:00,40.2572767534934,2025_real
2025-12-31 07:00:00,52.889366803433134,2025_real
2025-12-31 08:00:00,65.27913497875818,2025_real
2025-12-31 09:00:00,71.39839126297957,2025_real
2025-12-31 10:00:00,72.99512847736095,2025_real
2025-12-31 11:00:00,73.92373877468975,2025_real
2025-12-31 12:00:00,77.57579154450615,2025_real
2025-12-31 13:00:00,77.0691011525797,2025_real
2025-12-31 14:00:00,74.76904174463677,2025_real
2025-12-31 15:00:00,75.52941301871554,2025_real
2025-12-31 16:00:00,75.50274024969018,2025_real
2025-12-31 17:00:00,75.64852676672919,2025_real
2025-12-31 18:00:00,67.43711556793251,2025_real
2025-12-31 19:00:00,59.02833906651162,2025_real
2025-12-31 20:00:00,49.38759207025144,2025_real
2025-12-31 21:00:00,47.24178610015502,2025_real
2025-12-31 22:00:00,45.252192709693325,2025_real
2025-12-31 23:00:00,43.64071303722632,2025_real
