time,temperature_2m,rain,snowfall,snow_depth,wind_speed_10m,wind_speed_100m
2025-01-01T00:00,-3.5,0.00,0.00,0.28,13.5,26.5
2025-01-01T01:00,-4.2,0.00,0.00,0.28,12.9,26.3
2025-01-01T02:00,-4.7,0.00,0.00,0.28,12.5,25.9
2025-01-01T03:00,-5.4,0.00,0.00,0.28,10.8,23.6
2025-01-01T04:00,-6.2,0.00,0.00,0.28,10.6,24.1
2025-01-01T05:00,-6.8,0.00,0.00,0.28,8.9,21.9
2025-01-01T06:00,-6.5,0.00,0.00,0.28,9.6,22.7
2025-01-01T07:00,-5.6,0.00,0.00,0.28,9.2,20.6
2025-01-01T08:00,-4.8,0.00,0.00,0.28,10.3,21.1
2025-01-01T09:00,-3.8,0.00,0.14,0.28,11.2,21.8
2025-01-01T10:00,-3.1,0.00,0.28,0.28,12.1,23.6
2025-01-01T11:00,-2.4,0.00,0.28,0.28,14.0,26.5
2025-01-01T12:00,-1.5,0.00,0.35,0.29,14.6,27.5
2025-01-01T13:00,-1.4,0.00,0.35,0.29,13.3,25.5
2025-01-01T14:00,-0.5,0.00,0.28,0.29,13.4,25.4
2025-01-01T15:00,0.3,0.00,0.28,0.29,15.0,27.8
2025-01-01T16:00,0.4,0.00,0.21,0.30,16.5,29.9
2025-01-01T17:00,0.5,0.00,0.14,0.30,17.2,31.1
2025-01-01T18:00,0.6,0.00,0.21,0.30,18.0,32.5
2025-01-01T19:00,0.9,0.00,0.14,0.30,19.1,34.6
2025-01-01T20:00,1.3,0.10,0.00,0.30,19.8,36.1
2025-01-01T21:00,1.7,0.10,0.00,0.30,20.1,36.2
2025-01-01T22:00,2.0,0.00,0.00,0.30,20.7,37.4
2025-01-01T23:00,2.1,0.00,0.00,0.30,20.6,37.3
2025-01-02T00:00,2.1,0.00,0.00,0.29,21.0,38.0
2025-01-02T01:00,1.4,0.10,0.00,0.29,20.6,37.0
2025-01-02T02:00,1.4,0.20,0.00,0.29,21.4,38.8
2025-01-02T03:00,1.7,0.20,0.00,0.29,21.6,38.4
2025-01-02T04:00,2.0,0.10,0.00,0.29,23.1,41.2
2025-01-02T05:00,2.4,0.10,0.00,0.29,24.9,44.4
2025-01-02T06:00,2.7,0.10,0.00,0.29,26.5,47.4
2025-01-02T07:00,3.1,0.00,0.00,0.28,26.8,47.9
2025-01-02T08:00,3.0,0.00,0.00,0.28,24.3,43.6
2025-01-02T09:00,3.0,0.00,0.00,0.28,22.9,42.3
2025-01-02T10:00,3.0,0.00,0.00,0.28,22.6,46.6
2025-01-02T11:00,3.0,0.00,0.00,0.27,22.4,46.9
2025-01-02T12:00,2.7,0.00,0.00,0.27,19.7,40.2
2025-01-02T13:00,2.2,0.00,0.00,0.27,20.0,38.9
2025-01-02T14:00,1.8,0.00,0.00,0.27,20.5,39.6
2025-01-02T15:00,1.6,0.10,0.00,0.27,19.5,37.1
2025-01-02T16:00,1.5,0.20,0.00,0.27,19.1,36.6
2025-01-02T17:00,1.7,0.10,0.00,0.26,20.3,37.8
2025-01-02T18:00,1.8,0.00,0.00,0.26,17.5,34.1
2025-01-02T19:00,1.7,0.20,0.00,0.26,13.9,27.6
2025-01-02T20:00,1.3,0.40,0.07,0.26,12.5,25.0
2025-01-02T21:00,1.0,0.30,0.35,0.26,13.2,26.0
2025-01-02T22:00,1.1,0.20,0.00,0.26,14.1,26.3
2025-01-02T23:00,1.2,0.20,0.00,0.27,16.3,30.5
2025-01-03T00:00,1.4,0.00,0.00,0.27,19.6,35.5
2025-01-03T01:00,0.9,0.00,0.07,0.28,12.4,21.8
2025-01-03T02:00,-0.4,0.00,0.70,0.28,9.6,18.3
2025-01-03T03:00,-1.2,0.00,0.56,0.28,13.7,23.9
2025-01-03T04:00,-1.9,0.00,0.21,0.28,13.1,22.3
2025-01-03T05:00,-2.8,0.00,0.07,0.28,13.9,22.5
2025-01-03T06:00,-4.2,0.00,0.00,0.28,15.0,25.0
2025-01-03T07:00,-4.9,0.00,0.00,0.28,10.7,20.4
2025-01-03T08:00,-5.0,0.00,0.00,0.28,5.5,13.2
2025-01-03T09:00,-4.5,0.00,0.00,0.28,5.9,11.4
2025-01-03T10:00,-4.4,0.00,0.00,0.28,9.6,16.3
2025-01-03T11:00,-4.6,0.00,0.00,0.28,7.6,15.5
2025-01-03T12:00,-4.7,0.00,0.00,0.28,7.2,14.1
2025-01-03T13:00,-6.9,0.00,0.00,0.28,5.4,14.9
2025-01-03T14:00,-7.1,0.00,0.00,0.28,6.7,18.6
2025-01-03T15:00,-6.3,0.00,0.00,0.28,8.6,21.1
2025-01-03T16:00,-6.0,0.00,0.00,0.28,8.0,20.1
2025-01-03T17:00,-6.4,0.00,0.00,0.28,6.7,18.7
2025-01-03T18:00,-7.2,0.00,0.00,0.28,7.4,19.2
2025-01-03T19:00,-7.5,0.00,0.00,0.28,9.1,21.6
2025-01-03T20:00,-8.1,0.00,0.00,0.28,9.1,22.0
2025-01-03T21:00,-8.4,0.00,0.00,0.28,8.2,21.1
2025-01-03T22:00,-8.9,0.00,0.00,0.28,7.9,20.5
2025-01-03T23:00,-7.9,0.00,0.00,0.28,8.0,19.5
2025-01-04T00:00,-7.6,0.00,0.00,0.28,6.7,17.1
2025-01-04T01:00,-6.1,0.00,0.00,0.28,8.0,20.0
2025-01-04T02:00,-5.8,0.00,0.00,0.28,8.5,19.7
2025-01-04T03:00,-5.8,0.00,0.00,0.28,7.8,18.2
2025-01-04T04:00,-5.7,0.00,0.00,0.28,7.6,16.8
2025-01-04T05:00,-5.6,0.00,0.00,0.28,8.3,17.7
2025-01-04T06:00,-5.7,0.00,0.00,0.28,8.7,18.5
2025-01-04T07:00,-5.8,0.00,0.07,0.28,6.8,16.4
2025-01-04T08:00,-5.4,0.00,0.00,0.28,8.8,18.3
2025-01-04T09:00,-4.9,0.00,0.00,0.28,9.4,17.4
2025-01-04T10:00,-4.6,0.00,0.00,0.28,7.7,15.5
2025-01-04T11:00,-4.8,0.00,0.00,0.28,5.8,13.3
2025-01-04T12:00,-4.7,0.00,0.07,0.28,6.6,14.4
2025-01-04T13:00,-4.1,0.00,0.07,0.28,6.9,14.9
2025-01-04T14:00,-3.9,0.00,0.00,0.28,6.8,15.1
2025-01-04T15:00,-3.6,0.00,0.00,0.28,7.0,15.7
2025-01-04T16:00,-3.6,0.00,0.07,0.28,6.7,14.8
2025-01-04T17:00,-3.6,0.00,0.14,0.28,5.8,13.5
2025-01-04T18:00,-3.6,0.00,0.07,0.28,5.2,12.8
2025-01-04T19:00,-3.6,0.00,0.07,0.28,6.1,14.3
2025-01-04T20:00,-3.6,0.00,0.00,0.28,7.1,15.5
2025-01-04T21:00,-3.9,0.00,0.00,0.28,8.5,17.9
2025-01-04T22:00,-3.8,0.00,0.00,0.28,11.1,20.8
2025-01-04T23:00,-4.1,0.00,0.07,0.29,11.9,21.6
2025-01-05T00:00,-4.1,0.00,0.07,0.29,11.0,20.5
2025-01-05T01:00,-4.0,0.00,0.00,0.29,10.1,18.3
2025-01-05T02:00,-4.6,0.00,0.00,0.29,11.6,21.5
2025-01-05T03:00,-4.7,0.00,0.00,0.29,10.5,19.8
2025-01-05T04:00,-4.5,0.00,0.07,0.29,13.4,24.0
2025-01-05T05:00,-5.5,0.00,0.00,0.29,12.7,23.9
2025-01-05T06:00,-6.9,0.00,0.00,0.29,12.4,25.6
2025-01-05T07:00,-7.1,0.00,0.00,0.29,12.0,24.2
2025-01-05T08:00,-6.8,0.00,0.00,0.29,13.4,25.7
2025-01-05T09:00,-5.7,0.00,0.00,0.29,13.9,25.6
2025-01-05T10:00,-5.0,0.00,0.00,0.29,17.0,29.6
2025-01-05T11:00,-4.4,0.00,0.00,0.29,13.8,24.7
2025-01-05T12:00,-4.1,0.00,0.00,0.29,13.9,24.8
2025-01-05T13:00,-4.4,0.00,0.07,0.29,11.7,21.7
2025-01-05T14:00,-4.4,0.00,0.07,0.29,14.6,26.5
2025-01-05T15:00,-4.7,0.00,0.00,0.29,14.9,27.0
2025-01-05T16:00,-4.9,0.00,0.00,0.29,14.6,26.3
2025-01-05T17:00,-5.0,0.00,0.00,0.29,15.2,27.6
2025-01-05T18:00,-5.1,0.00,0.00,0.29,14.4,26.3
2025-01-05T19:00,-5.3,0.00,0.00,0.29,13.8,25.1
2025-01-05T20:00,-5.5,0.00,0.00,0.29,13.5,24.5
2025-01-05T21:00,-5.6,0.00,0.00,0.29,13.7,24.8
2025-01-05T22:00,-5.7,0.00,0.00,0.29,13.8,24.8
2025-01-05T23:00,-5.6,0.00,0.00,0.29,12.7,23.0
2025-01-06T00:00,-5.5,0.00,0.00,0.29,12.4,23.0
2025-01-06T01:00,-5.8,0.00,0.00,0.29,12.1,22.0
2025-01-06T02:00,-5.8,0.00,0.00,0.29,12.4,23.1
2025-01-06T03:00,-5.9,0.00,0.00,0.29,11.9,22.4
2025-01-06T04:00,-5.8,0.00,0.00,0.29,11.0,21.1
2025-01-06T05:00,-5.7,0.00,0.00,0.29,10.8,20.8
2025-01-06T06:00,-5.9,0.00,0.00,0.29,10.6,20.9
2025-01-06T07:00,-6.4,0.00,0.00,0.29,10.9,22.2
2025-01-06T08:00,-6.4,0.00,0.00,0.29,10.1,21.1
2025-01-06T09:00,-6.1,0.00,0.00,0.29,8.0,17.4
2025-01-06T10:00,-5.6,0.00,0.00,0.29,7.7,15.5
2025-01-06T11:00,-5.3,0.00,0.00,0.29,5.5,12.7
2025-01-06T12:00,-5.7,0.00,0.00,0.29,2.7,7.6
2025-01-06T13:00,-5.5,0.00,0.00,0.29,6.1,12.8
2025-01-06T14:00,-5.3,0.00,0.00,0.29,7.5,16.5
2025-01-06T15:00,-6.2,0.00,0.00,0.29,8.6,20.0
2025-01-06T16:00,-5.8,0.00,0.00,0.29,9.5,21.5
2025-01-06T17:00,-5.6,0.00,0.00,0.29,10.2,22.1
2025-01-06T18:00,-6.5,0.00,0.00,0.29,10.6,23.9
2025-01-06T19:00,-6.6,0.00,0.00,0.29,11.5,24.9
2025-01-06T20:00,-6.0,0.00,0.00,0.29,11.7,24.2
2025-01-06T21:00,-5.7,0.00,0.00,0.29,12.3,24.8
2025-01-06T22:00,-5.0,0.00,0.07,0.29,13.0,25.1
2025-01-06T23:00,-4.8,0.00,0.07,0.29,13.9,26.3
2025-01-07T00:00,-4.8,0.00,0.07,0.29,14.3,26.7
2025-01-07T01:00,-4.9,0.00,0.14,0.29,13.4,24.9
2025-01-07T02:00,-4.7,0.00,0.14,0.29,13.0,24.5
2025-01-07T03:00,-4.4,0.00,0.21,0.29,12.5,23.6
2025-01-07T04:00,-4.1,0.00,0.21,0.29,12.7,23.9
2025-01-07T05:00,-3.9,0.00,0.49,0.29,11.9,22.8
2025-01-07T06:00,-3.6,0.00,0.56,0.30,10.8,20.9
2025-01-07T07:00,-3.3,0.00,0.42,0.30,12.2,23.5
2025-01-07T08:00,-2.8,0.00,0.07,0.30,11.9,22.7
2025-01-07T09:00,-2.2,0.00,0.00,0.30,10.7,20.7
2025-01-07T10:00,-1.6,0.00,0.00,0.30,9.6,19.2
2025-01-07T11:00,-1.0,0.00,0.00,0.30,9.0,18.4
2025-01-07T12:00,-0.4,0.00,0.00,0.30,8.5,18.1
2025-01-07T13:00,-0.6,0.00,0.00,0.30,7.7,17.4
2025-01-07T14:00,0.1,0.00,0.00,0.30,7.6,17.5
2025-01-07T15:00,0.6,0.00,0.00,0.30,7.7,17.3
2025-01-07T16:00,1.0,0.10,0.00,0.30,8.2,18.4
2025-01-07T17:00,1.2,0.20,0.00,0.30,8.9,19.8
2025-01-07T18:00,1.4,0.70,0.00,0.30,8.8,20.0
2025-01-07T19:00,1.6,1.50,0.00,0.30,8.3,19.4
2025-01-07T20:00,1.6,0.10,0.00,0.30,9.5,21.2
2025-01-07T21:00,1.5,0.00,0.00,0.30,10.3,22.2
2025-01-07T22:00,1.6,0.10,0.00,0.30,10.4,22.4
2025-01-07T23:00,1.6,0.00,0.00,0.30,10.7,22.3
2025-01-08T00:00,1.6,0.00,0.00,0.29,11.4,23.6
2025-01-08T01:00,1.7,0.00,0.00,0.29,12.9,26.2
2025-01-08T02:00,1.8,0.10,0.00,0.29,14.1,28.0
2025-01-08T03:00,1.9,0.00,0.00,0.29,15.4,30.3
2025-01-08T04:00,2.1,0.00,0.00,0.29,15.5,30.6
2025-01-08T05:00,2.1,0.00,0.00,0.29,14.7,29.5
2025-01-08T06:00,1.9,0.00,0.00,0.29,14.9,30.1
2025-01-08T07:00,2.1,0.00,0.00,0.29,14.8,30.0
2025-01-08T08:00,2.5,0.10,0.00,0.28,17.1,33.8
2025-01-08T09:00,2.9,0.40,0.00,0.28,18.0,34.9
2025-01-08T10:00,3.3,0.20,0.00,0.28,18.6,35.3
2025-01-08T11:00,3.3,0.00,0.00,0.28,17.0,32.6
2025-01-08T12:00,3.1,0.10,0.00,0.27,16.3,31.2
2025-01-08T13:00,3.1,0.00,0.00,0.27,16.5,30.6
2025-01-08T14:00,2.8,0.00,0.00,0.27,16.7,30.8
2025-01-08T15:00,2.4,0.00,0.00,0.26,16.3,30.0
2025-01-08T16:00,2.2,0.00,0.00,0.26,16.6,30.4
2025-01-08T17:00,2.0,0.00,0.00,0.26,14.8,27.2
2025-01-08T18:00,1.5,0.00,0.00,0.26,14.8,27.5
2025-01-08T19:00,1.2,0.00,0.00,0.26,13.0,24.4
2025-01-08T20:00,0.9,0.00,0.00,0.26,14.0,24.9
2025-01-08T21:00,0.6,0.00,0.00,0.26,14.5,26.2
2025-01-08T22:00,0.5,0.00,0.00,0.26,11.2,21.1
2025-01-08T23:00,0.2,0.00,0.00,0.26,10.6,20.4
2025-01-09T00:00,0.2,0.00,0.00,0.04,9.0,17.4
2025-01-09T01:00,0.6,0.00,0.00,0.04,9.9,18.7
2025-01-09T02:00,0.7,0.00,0.00,0.04,10.4,19.5
2025-01-09T03:00,0.6,0.00,0.00,0.04,9.9,18.7
2025-01-09T04:00,0.6,0.00,0.00,0.04,11.0,20.2
2025-01-09T05:00,0.4,0.00,0.00,0.04,10.4,18.9
2025-01-09T06:00,0.1,0.00,0.00,0.04,8.8,16.4
2025-01-09T07:00,-0.3,0.00,0.00,0.04,9.0,16.9
2025-01-09T08:00,-0.2,0.00,0.00,0.04,11.9,19.8
2025-01-09T09:00,-0.6,0.00,0.00,0.04,10.3,16.2
2025-01-09T10:00,-0.8,0.00,0.00,0.04,10.1,15.7
2025-01-09T11:00,-1.0,0.00,0.00,0.04,11.1,17.6
2025-01-09T12:00,-1.3,0.00,0.00,0.04,10.3,16.0
2025-01-09T13:00,-0.6,0.00,0.00,0.04,9.8,17.8
2025-01-09T14:00,-0.6,0.00,0.00,0.04,11.5,21.2
2025-01-09T15:00,-0.5,0.00,0.00,0.04,11.3,21.0
2025-01-09T16:00,-0.7,0.00,0.00,0.04,8.9,17.3
2025-01-09T17:00,-1.7,0.00,0.00,0.04,9.4,19.0
2025-01-09T18:00,-2.1,0.00,0.00,0.04,12.0,24.0
2025-01-09T19:00,-2.5,0.00,0.00,0.04,12.4,24.0
2025-01-09T20:00,-2.1,0.00,0.00,0.04,11.8,22.5
2025-01-09T21:00,-1.8,0.00,0.00,0.04,11.3,21.2
2025-01-09T22:00,-1.3,0.00,0.00,0.04,9.9,19.1
2025-01-09T23:00,-0.9,0.00,0.00,0.04,10.4,20.4
2025-01-10T00:00,-0.7,0.00,0.00,0.04,10.8,21.4
2025-01-10T01:00,-0.2,0.00,0.00,0.04,11.7,22.1
2025-01-10T02:00,0.2,0.00,0.00,0.04,12.5,23.4
2025-01-10T03:00,0.5,0.00,0.00,0.04,12.3,23.4
2025-01-10T04:00,0.7,0.00,0.07,0.04,12.7,24.3
2025-01-10T05:00,0.9,0.00,0.07,0.04,12.8,24.6
2025-01-10T06:00,1.1,0.10,0.00,0.04,12.9,25.0
2025-01-10T07:00,1.1,0.40,0.07,0.04,13.0,25.7
2025-01-10T08:00,1.5,0.70,0.00,0.04,14.2,26.7
2025-01-10T09:00,1.5,0.80,0.00,0.04,13.5,26.5
2025-01-10T10:00,1.6,0.10,0.00,0.04,13.5,25.4
2025-01-10T11:00,2.0,0.00,0.00,0.04,13.5,25.3
2025-01-10T12:00,2.1,0.00,0.00,0.04,13.2,25.2
2025-01-10T13:00,1.9,0.00,0.00,0.04,13.0,25.2
2025-01-10T14:00,2.0,0.00,0.00,0.04,12.3,24.2
2025-01-10T15:00,2.0,0.00,0.00,0.04,13.8,26.3
2025-01-10T16:00,1.9,0.00,0.00,0.04,13.8,26.1
2025-01-10T17:00,1.7,0.00,0.00,0.04,12.6,24.2
2025-01-10T18:00,1.7,0.00,0.00,0.04,11.1,22.0
2025-01-10T19:00,1.6,0.00,0.00,0.04,11.5,22.7
2025-01-10T20:00,1.7,0.00,0.00,0.04,12.3,24.5
2025-01-10T21:00,1.8,0.40,0.00,0.04,12.8,25.2
2025-01-10T22:00,2.1,0.00,0.00,0.04,13.7,27.2
2025-01-10T23:00,2.7,0.10,0.00,0.04,14.2,28.1
2025-01-11T00:00,3.3,0.10,0.00,0.04,15.0,29.8
2025-01-11T01:00,3.3,0.10,0.00,0.04,13.9,28.1
2025-01-11T02:00,3.7,0.30,0.00,0.04,15.4,30.4
2025-01-11T03:00,3.8,0.30,0.00,0.04,15.4,30.3
2025-01-11T04:00,3.7,0.00,0.00,0.04,15.2,29.9
2025-01-11T05:00,3.6,0.00,0.00,0.04,15.3,29.6
2025-01-11T06:00,3.3,0.00,0.00,0.04,15.5,29.6
2025-01-11T07:00,3.3,0.00,0.00,0.04,15.4,29.2
2025-01-11T08:00,3.5,0.10,0.00,0.04,15.6,28.9
2025-01-11T09:00,3.7,0.10,0.00,0.04,15.7,28.5
2025-01-11T10:00,3.5,0.30,0.00,0.04,15.2,28.1
2025-01-11T11:00,3.6,0.50,0.00,0.04,15.2,27.8
2025-01-11T12:00,3.3,0.70,0.00,0.04,15.5,28.3
2025-01-11T13:00,3.0,0.20,0.00,0.04,15.6,29.0
2025-01-11T14:00,2.8,0.60,0.00,0.04,15.7,29.1
2025-01-11T15:00,2.8,0.20,0.00,0.04,14.8,27.4
2025-01-11T16:00,2.7,0.10,0.00,0.04,14.3,26.8
2025-01-11T17:00,2.7,0.20,0.00,0.04,13.3,25.3
2025-01-11T18:00,2.6,0.30,0.00,0.04,11.5,21.8
2025-01-11T19:00,1.5,0.30,0.00,0.04,13.4,23.0
2025-01-11T20:00,0.8,0.10,0.00,0.04,12.2,22.3
2025-01-11T21:00,0.4,0.00,0.00,0.04,11.8,21.7
2025-01-11T22:00,0.2,0.00,0.00,0.04,11.7,21.2
2025-01-11T23:00,-0.2,0.00,0.00,0.04,11.8,21.3
2025-01-12T00:00,-0.9,0.00,0.00,0.04,13.2,22.4
2025-01-12T01:00,-1.2,0.00,0.00,0.04,12.6,20.9
2025-01-12T02:00,-1.7,0.00,0.00,0.04,10.1,18.2
2025-01-12T03:00,-1.8,0.00,0.00,0.04,6.6,12.4
2025-01-12T04:00,-1.4,0.00,0.00,0.04,8.3,15.2
2025-01-12T05:00,-1.2,0.00,0.00,0.04,9.0,16.1
2025-01-12T06:00,-1.4,0.00,0.00,0.04,8.5,15.6
2025-01-12T07:00,-1.3,0.00,0.00,0.04,8.5,15.6
2025-01-12T08:00,-1.1,0.00,0.00,0.04,8.7,13.7
2025-01-12T09:00,-0.9,0.00,0.00,0.04,7.3,11.3
2025-01-12T10:00,-0.7,0.00,0.00,0.04,5.8,8.9
2025-01-12T11:00,-0.6,0.00,0.00,0.04,4.4,6.5
2025-01-12T12:00,-0.6,0.00,0.00,0.04,3.0,4.6
2025-01-12T13:00,-0.6,0.00,0.00,0.04,4.5,6.5
2025-01-12T14:00,-1.3,0.00,0.00,0.04,5.7,11.3
2025-01-12T15:00,-1.6,0.00,0.00,0.05,5.0,11.6
2025-01-12T16:00,-1.6,0.00,0.00,0.05,4.4,9.9
2025-01-12T17:00,-1.6,0.00,0.00,0.05,4.7,9.1
2025-01-12T18:00,-1.7,0.00,0.00,0.05,5.9,11.6
2025-01-12T19:00,-1.8,0.00,0.00,0.05,8.6,15.8
2025-01-12T20:00,-2.2,0.00,0.00,0.05,9.3,16.0
2025-01-12T21:00,-3.1,0.00,0.00,0.05,7.8,15.1
2025-01-12T22:00,-3.0,0.00,0.00,0.05,8.6,16.1
2025-01-12T23:00,-2.8,0.00,0.00,0.05,8.7,15.5
2025-01-13T00:00,-3.1,0.00,0.00,0.05,6.4,13.0
2025-01-13T01:00,-3.1,0.00,0.00,0.05,6.2,14.2
2025-01-13T02:00,-3.1,0.00,0.00,0.06,7.1,15.5
2025-01-13T03:00,-2.8,0.00,0.00,0.06,7.2,16.0
2025-01-13T04:00,-2.5,0.00,0.00,0.06,7.9,17.1
2025-01-13T05:00,-2.2,0.00,0.00,0.07,8.3,17.1
2025-01-13T06:00,-2.3,0.00,0.00,0.07,7.4,15.7
2025-01-13T07:00,-2.2,0.00,0.00,0.08,7.4,14.8
2025-01-13T08:00,-2.5,0.00,0.07,0.08,9.0,15.7
2025-01-13T09:00,-2.5,0.00,0.07,0.09,10.7,17.2
2025-01-13T10:00,-1.9,0.00,0.00,0.09,9.4,14.9
2025-01-13T11:00,-1.6,0.00,0.00,0.10,10.1,16.1
2025-01-13T12:00,-1.7,0.00,0.07,0.10,10.0,15.9
2025-01-13T13:00,-2.0,0.00,0.07,0.10,7.9,15.1
2025-01-13T14:00,-2.2,0.00,0.21,0.10,9.0,19.3
2025-01-13T15:00,-1.7,0.00,0.00,0.11,8.5,16.8
2025-01-13T16:00,-1.8,0.00,0.07,0.11,9.8,18.1
2025-01-13T17:00,-2.2,0.00,0.00,0.11,10.0,17.5
2025-01-13T18:00,-2.6,0.00,0.00,0.11,9.2,15.7
2025-01-13T19:00,-3.2,0.00,0.00,0.11,11.1,18.1
2025-01-13T20:00,-4.3,0.00,0.00,0.11,10.5,17.0
2025-01-13T21:00,-5.8,0.00,0.00,0.11,10.4,17.5
2025-01-13T22:00,-7.1,0.00,0.00,0.10,10.1,16.6
2025-01-13T23:00,-7.7,0.00,0.00,0.10,8.8,13.9
2025-01-14T00:00,-7.5,0.00,0.00,0.10,9.0,12.3
2025-01-14T01:00,-7.0,0.00,0.00,0.10,8.7,14.6
2025-01-14T02:00,-6.6,0.00,0.00,0.10,9.6,16.1
2025-01-14T03:00,-6.6,0.00,0.00,0.10,12.6,21.1
2025-01-14T04:00,-6.6,0.00,0.00,0.10,13.1,19.9
2025-01-14T05:00,-6.6,0.00,0.00,0.10,13.1,22.3
2025-01-14T06:00,-6.7,0.00,0.00,0.10,14.1,24.5
2025-01-14T07:00,-6.6,0.00,0.00,0.10,14.6,23.8
2025-01-14T08:00,-6.2,0.00,0.00,0.10,13.7,22.9
2025-01-14T09:00,-5.6,0.00,0.07,0.10,13.8,23.6
2025-01-14T10:00,-4.9,0.00,0.21,0.10,13.1,24.5
2025-01-14T11:00,-4.3,0.10,0.21,0.10,14.5,27.0
2025-01-14T12:00,-3.7,0.00,0.07,0.10,16.6,30.3
2025-01-14T13:00,-4.3,0.00,0.28,0.10,17.7,32.8
2025-01-14T14:00,-3.9,0.00,0.42,0.10,17.2,31.4
2025-01-14T15:00,-3.5,0.00,0.07,0.10,15.6,28.7
2025-01-14T16:00,-3.1,0.00,0.00,0.10,15.4,28.5
2025-01-14T17:00,-2.6,0.00,0.00,0.10,15.1,28.2
2025-01-14T18:00,-2.1,0.00,0.00,0.10,15.0,27.9
2025-01-14T19:00,-1.6,0.00,0.00,0.10,14.7,27.6
2025-01-14T20:00,-1.2,0.00,0.00,0.10,14.7,27.6
2025-01-14T21:00,-0.9,0.00,0.00,0.10,14.1,26.7
2025-01-14T22:00,-0.6,0.00,0.00,0.10,13.9,26.5
2025-01-14T23:00,-0.3,0.00,0.00,0.10,13.7,25.9
2025-01-15T00:00,-0.1,0.10,0.07,0.10,13.6,25.7
2025-01-15T01:00,-0.9,0.00,0.00,0.10,13.7,25.7
2025-01-15T02:00,-0.7,0.00,0.00,0.10,13.3,25.6
2025-01-15T03:00,-0.3,0.00,0.00,0.10,13.1,24.9
2025-01-15T04:00,0.2,0.00,0.00,0.10,12.8,24.3
2025-01-15T05:00,0.5,0.00,0.00,0.10,12.6,24.3
2025-01-15T06:00,0.8,0.00,0.00,0.10,11.9,22.9
2025-01-15T07:00,1.0,0.00,0.00,0.10,11.4,22.2
2025-01-15T08:00,1.2,0.00,0.00,0.10,11.4,22.2
2025-01-15T09:00,1.5,0.00,0.00,0.10,10.5,20.6
2025-01-15T10:00,1.5,0.00,0.00,0.10,11.8,22.6
2025-01-15T11:00,1.4,0.00,0.00,0.10,11.9,22.7
2025-01-15T12:00,1.3,0.00,0.00,0.10,11.5,22.0
2025-01-15T13:00,0.9,0.00,0.00,0.10,10.2,19.2
2025-01-15T14:00,0.7,0.00,0.00,0.10,9.0,17.6
2025-01-15T15:00,0.4,0.00,0.07,0.10,13.9,24.5
2025-01-15T16:00,-1.2,0.00,0.00,0.10,13.1,23.1
2025-01-15T17:00,-1.5,0.00,0.00,0.10,9.8,18.3
2025-01-15T18:00,-1.6,0.00,0.00,0.10,9.9,18.3
2025-01-15T19:00,-2.0,0.00,0.00,0.10,10.2,17.7
2025-01-15T20:00,-2.8,0.00,0.00,0.10,8.8,15.5
2025-01-15T21:00,-3.2,0.00,0.00,0.10,7.5,14.8
2025-01-15T22:00,-3.4,0.00,0.00,0.12,7.3,15.0
2025-01-15T23:00,-3.7,0.00,0.00,0.15,6.6,15.2
2025-01-16T00:00,-4.7,0.00,0.00,0.18,3.6,10.8
2025-01-16T01:00,-3.3,0.00,0.00,0.21,3.8,6.5
2025-01-16T02:00,-3.1,0.00,0.00,0.21,4.2,8.0
2025-01-16T03:00,-3.0,0.00,0.00,0.21,7.9,13.2
2025-01-16T04:00,-3.0,0.00,0.00,0.21,9.1,14.8
2025-01-16T05:00,-3.0,0.00,0.00,0.21,8.4,15.3
2025-01-16T06:00,-2.7,0.00,0.00,0.21,10.7,20.6
2025-01-16T07:00,-2.1,0.00,0.00,0.21,12.0,22.3
2025-01-16T08:00,-1.6,0.00,0.00,0.21,11.9,22.3
2025-01-16T09:00,-1.1,0.00,0.14,0.21,12.2,23.0
2025-01-16T10:00,-0.7,0.00,0.21,0.21,13.8,25.3
2025-01-16T11:00,-0.3,0.00,0.00,0.21,14.0,25.7
2025-01-16T12:00,-0.2,0.10,0.00,0.21,13.9,26.4
2025-01-16T13:00,0.2,0.10,0.00,0.21,14.6,27.0
2025-01-16T14:00,0.3,0.00,0.56,0.21,14.0,26.1
2025-01-16T15:00,0.4,0.00,0.98,0.21,15.5,28.8
2025-01-16T16:00,0.7,0.10,0.42,0.21,15.7,29.4
2025-01-16T17:00,1.1,0.10,0.00,0.22,16.8,31.1
2025-01-16T18:00,1.2,0.10,0.00,0.22,16.8,31.1
2025-01-16T19:00,1.4,0.00,0.00,0.22,16.1,30.1
2025-01-16T20:00,1.5,0.00,0.00,0.22,15.6,29.6
2025-01-16T21:00,1.6,0.00,0.00,0.22,15.7,30.0
2025-01-16T22:00,1.7,0.00,0.00,0.22,15.7,29.8
2025-01-16T23:00,1.8,0.00,0.00,0.21,16.2,30.7
2025-01-17T00:00,2.1,0.00,0.00,0.21,18.3,33.9
2025-01-17T01:00,2.1,0.00,0.00,0.21,18.4,34.3
2025-01-17T02:00,2.4,0.00,0.00,0.21,18.5,34.5
2025-01-17T03:00,2.4,0.00,0.00,0.21,17.4,32.5
2025-01-17T04:00,2.4,0.00,0.00,0.20,18.1,33.8
2025-01-17T05:00,2.5,0.00,0.00,0.20,18.3,34.1
2025-01-17T06:00,2.6,0.00,0.00,0.20,16.8,31.8
2025-01-17T07:00,2.6,0.00,0.00,0.20,16.4,31.0
2025-01-17T08:00,2.9,0.00,0.00,0.20,16.2,30.0
2025-01-17T09:00,3.0,0.00,0.00,0.19,16.1,29.7
2025-01-17T10:00,3.0,0.00,0.00,0.19,17.0,30.8
2025-01-17T11:00,3.1,0.00,0.00,0.19,16.6,30.3
2025-01-17T12:00,3.0,0.00,0.00,0.19,15.8,29.1
2025-01-17T13:00,2.9,0.00,0.00,0.18,15.8,29.1
2025-01-17T14:00,2.7,0.00,0.00,0.18,14.8,27.8
2025-01-17T15:00,2.6,0.00,0.00,0.18,13.9,26.4
2025-01-17T16:00,2.5,0.00,0.00,0.18,14.0,26.2
2025-01-17T17:00,2.2,0.00,0.00,0.18,13.4,25.1
2025-01-17T18:00,1.9,0.00,0.00,0.18,12.4,23.1
2025-01-17T19:00,1.7,0.00,0.00,0.18,10.3,19.3
2025-01-17T20:00,1.5,0.00,0.00,0.18,8.9,17.2
2025-01-17T21:00,1.3,0.00,0.00,0.18,8.4,16.0
2025-01-17T22:00,1.2,0.00,0.00,0.18,9.2,17.5
2025-01-17T23:00,1.1,0.00,0.00,0.18,9.2,17.6
2025-01-18T00:00,1.0,0.00,0.00,0.18,9.2,18.0
2025-01-18T01:00,0.6,0.00,0.00,0.18,9.8,18.6
2025-01-18T02:00,0.5,0.00,0.00,0.18,9.8,18.8
2025-01-18T03:00,0.3,0.00,0.00,0.18,10.6,20.2
2025-01-18T04:00,0.4,0.00,0.00,0.18,11.7,22.8
2025-01-18T05:00,0.5,0.00,0.00,0.18,12.2,23.8
2025-01-18T06:00,0.6,0.10,0.00,0.18,12.4,24.1
2025-01-18T07:00,0.7,0.30,0.00,0.18,13.0,24.5
2025-01-18T08:00,0.8,0.00,0.00,0.18,13.5,25.2
2025-01-18T09:00,1.1,0.00,0.00,0.17,13.4,25.0
2025-01-18T10:00,1.5,0.10,0.00,0.17,14.1,25.9
2025-01-18T11:00,1.7,0.00,0.00,0.17,15.3,28.2
2025-01-18T12:00,2.1,0.10,0.00,0.17,15.9,29.2
2025-01-18T13:00,1.9,0.00,0.00,0.17,15.8,29.0
2025-01-18T14:00,2.0,0.20,0.00,0.17,16.7,29.9
2025-01-18T15:00,2.0,0.20,0.00,0.17,17.6,31.4
2025-01-18T16:00,1.9,0.20,0.00,0.17,18.2,32.1
2025-01-18T17:00,1.6,0.20,0.00,0.17,18.4,33.2
2025-01-18T18:00,1.2,0.10,0.07,0.17,18.0,33.0
2025-01-18T19:00,1.3,0.10,0.00,0.17,17.5,31.9
2025-01-18T20:00,1.3,0.10,0.00,0.17,17.7,31.9
2025-01-18T21:00,1.2,0.00,0.00,0.17,17.3,31.4
2025-01-18T22:00,1.0,0.00,0.00,0.17,17.6,31.6
2025-01-18T23:00,0.6,0.00,0.00,0.17,18.0,32.3
2025-01-19T00:00,0.1,0.00,0.00,0.17,16.4,29.7
2025-01-19T01:00,0.5,0.00,0.00,0.17,16.4,29.6
2025-01-19T02:00,0.3,0.00,0.00,0.17,16.4,29.6
2025-01-19T03:00,0.0,0.00,0.00,0.17,16.5,29.8
2025-01-19T04:00,-0.6,0.00,0.00,0.17,16.4,29.5
2025-01-19T05:00,-1.0,0.00,0.00,0.17,15.8,28.5
2025-01-19T06:00,-1.6,0.00,0.00,0.17,15.8,28.7
2025-01-19T07:00,-1.6,0.00,0.00,0.17,14.9,27.5
2025-01-19T08:00,-1.3,0.00,0.00,0.17,11.7,21.4
2025-01-19T09:00,-1.0,0.00,0.00,0.17,12.9,21.8
2025-01-19T10:00,-0.6,0.00,0.00,0.17,12.3,20.4
2025-01-19T11:00,-0.4,0.00,0.00,0.17,11.5,19.2
2025-01-19T12:00,-0.4,0.00,0.00,0.17,11.3,20.5
2025-01-19T13:00,0.2,0.00,0.00,0.17,11.2,21.9
2025-01-19T14:00,-0.5,0.00,0.00,0.17,12.0,24.0
2025-01-19T15:00,-0.8,0.00,0.00,0.17,12.5,25.1
2025-01-19T16:00,-1.1,0.00,0.00,0.17,12.4,25.0
2025-01-19T17:00,-1.0,0.00,0.00,0.17,12.6,24.8
2025-01-19T18:00,-0.4,0.00,0.00,0.17,12.7,24.8
2025-01-19T19:00,0.1,0.00,0.00,0.17,13.4,26.1
2025-01-19T20:00,-0.2,0.00,0.00,0.17,13.6,26.5
2025-01-19T21:00,-0.5,0.00,0.00,0.17,14.6,27.9
2025-01-19T22:00,-0.6,0.00,0.00,0.17,15.5,28.7
2025-01-19T23:00,-1.3,0.00,0.00,0.17,16.4,30.5
2025-01-20T00:00,-0.8,0.00,0.00,0.17,15.1,27.6
2025-01-20T01:00,0.1,0.00,0.00,0.17,15.4,27.9
2025-01-20T02:00,0.8,0.00,0.00,0.17,16.1,29.5
2025-01-20T03:00,1.2,0.00,0.00,0.17,17.0,30.8
2025-01-20T04:00,1.5,0.00,0.00,0.17,16.7,30.3
2025-01-20T05:00,1.6,0.00,0.00,0.17,16.3,29.7
2025-01-20T06:00,1.6,0.00,0.00,0.17,16.3,29.9
2025-01-20T07:00,1.6,0.00,0.00,0.16,15.9,28.7
2025-01-20T08:00,1.7,0.00,0.00,0.16,15.7,27.9
2025-01-20T09:00,1.7,0.00,0.00,0.16,15.8,28.3
2025-01-20T10:00,1.8,0.00,0.00,0.16,16.3,28.4
2025-01-20T11:00,1.5,0.00,0.00,0.16,14.8,26.1
2025-01-20T12:00,1.3,0.00,0.00,0.16,14.7,25.6
2025-01-20T13:00,1.0,0.00,0.00,0.16,12.6,23.1
2025-01-20T14:00,0.4,0.00,0.00,0.16,12.2,22.1
2025-01-20T15:00,0.0,0.00,0.00,0.16,12.8,22.7
2025-01-20T16:00,-0.5,0.00,0.00,0.16,14.2,24.7
2025-01-20T17:00,-0.9,0.00,0.00,0.16,13.4,23.4
2025-01-20T18:00,-1.2,0.00,0.00,0.16,12.5,21.7
2025-01-20T19:00,-1.6,0.00,0.00,0.16,12.7,20.8
2025-01-20T20:00,-2.3,0.00,0.00,0.16,13.0,22.5
2025-01-20T21:00,-2.6,0.00,0.00,0.16,11.0,19.9
2025-01-20T22:00,-2.5,0.00,0.00,0.16,10.9,18.2
2025-01-20T23:00,-2.8,0.00,0.00,0.16,11.2,17.7
2025-01-21T00:00,-3.8,0.00,0.00,0.16,10.4,16.5
2025-01-21T01:00,-3.1,0.00,0.00,0.16,8.6,14.7
2025-01-21T02:00,-3.7,0.00,0.00,0.16,9.4,15.5
2025-01-21T03:00,-4.9,0.00,0.00,0.16,11.0,18.0
2025-01-21T04:00,-6.2,0.00,0.00,0.16,9.7,16.2
2025-01-21T05:00,-7.0,0.00,0.00,0.16,9.2,15.7
2025-01-21T06:00,-7.4,0.00,0.00,0.16,8.1,13.1
2025-01-21T07:00,-7.6,0.00,0.00,0.16,7.0,11.0
2025-01-21T08:00,-7.4,0.00,0.00,0.16,5.6,9.0
2025-01-21T09:00,-6.9,0.00,0.00,0.16,4.9,7.5
2025-01-21T10:00,-6.4,0.00,0.00,0.16,4.2,6.3
2025-01-21T11:00,-6.0,0.00,0.00,0.16,3.7,5.5
2025-01-21T12:00,-5.9,0.00,0.00,0.16,3.1,4.9
2025-01-21T13:00,-5.5,0.00,0.00,0.16,4.0,6.0
2025-01-21T14:00,-5.8,0.00,0.00,0.16,5.2,7.9
2025-01-21T15:00,-6.1,0.00,0.00,0.16,5.3,8.2
2025-01-21T16:00,-6.4,0.00,0.00,0.16,4.6,7.1
2025-01-21T17:00,-6.8,0.00,0.00,0.16,6.0,10.0
2025-01-21T18:00,-7.2,0.00,0.00,0.16,6.3,11.0
2025-01-21T19:00,-7.3,0.00,0.00,0.16,6.0,9.6
2025-01-21T20:00,-7.5,0.00,0.00,0.16,7.9,12.8
2025-01-21T21:00,-7.7,0.00,0.00,0.16,8.4,13.5
2025-01-21T22:00,-7.7,0.00,0.00,0.16,7.8,12.7
2025-01-21T23:00,-7.7,0.00,0.00,0.16,8.9,14.6
2025-01-22T00:00,-7.6,0.00,0.00,0.16,10.3,17.0
2025-01-22T01:00,-7.3,0.00,0.00,0.16,10.1,17.1
2025-01-22T02:00,-7.3,0.00,0.00,0.16,10.7,18.4
2025-01-22T03:00,-7.2,0.00,0.07,0.16,11.3,19.5
2025-01-22T04:00,-7.1,0.00,0.07,0.16,12.1,20.4
2025-01-22T05:00,-7.0,0.00,0.07,0.16,12.7,21.1
2025-01-22T06:00,-6.9,0.00,0.00,0.16,12.2,21.5
2025-01-22T07:00,-6.6,0.00,0.07,0.17,12.3,22.1
2025-01-22T08:00,-6.3,0.00,0.07,0.17,13.0,22.8
2025-01-22T09:00,-5.9,0.00,0.07,0.17,12.7,22.3
2025-01-22T10:00,-5.5,0.00,0.07,0.17,13.7,23.4
2025-01-22T11:00,-5.2,0.00,0.14,0.17,14.2,25.1
2025-01-22T12:00,-5.0,0.00,0.00,0.17,12.3,21.4
2025-01-22T13:00,-4.0,0.00,0.00,0.17,12.0,21.9
2025-01-22T14:00,-3.9,0.00,0.00,0.17,14.2,26.3
2025-01-22T15:00,-3.2,0.00,0.00,0.17,15.6,28.3
2025-01-22T16:00,-2.8,0.00,0.00,0.17,16.0,29.0
2025-01-22T17:00,-2.6,0.00,0.00,0.17,15.3,27.9
2025-01-22T18:00,-2.4,0.00,0.00,0.17,14.9,27.1
2025-01-22T19:00,-2.2,0.00,0.00,0.17,14.9,26.9
2025-01-22T20:00,-2.1,0.00,0.00,0.17,15.4,27.7
2025-01-22T21:00,-2.1,0.00,0.00,0.17,15.9,28.9
2025-01-22T22:00,-2.1,0.00,0.00,0.16,15.9,29.0
2025-01-22T23:00,-2.1,0.00,0.00,0.16,15.7,28.3
2025-01-23T00:00,-2.2,0.00,0.00,0.16,15.5,28.0
2025-01-23T01:00,-2.7,0.00,0.00,0.16,14.5,25.8
2025-01-23T02:00,-2.7,0.00,0.00,0.16,13.8,25.0
2025-01-23T03:00,-2.8,0.00,0.00,0.16,13.8,24.9
2025-01-23T04:00,-2.8,0.00,0.00,0.16,13.7,24.7
2025-01-23T05:00,-2.8,0.00,0.00,0.16,12.9,23.4
2025-01-23T06:00,-2.8,0.00,0.00,0.16,13.3,24.0
2025-01-23T07:00,-2.8,0.00,0.00,0.16,10.3,18.5
2025-01-23T08:00,-2.6,0.00,0.00,0.16,11.4,19.6
2025-01-23T09:00,-2.5,0.00,0.00,0.16,12.2,21.1
2025-01-23T10:00,-2.5,0.00,0.00,0.16,12.1,20.5
2025-01-23T11:00,-2.3,0.00,0.00,0.16,11.2,18.7
2025-01-23T12:00,-2.2,0.00,0.00,0.16,10.1,17.6
2025-01-23T13:00,-3.0,0.00,0.00,0.16,10.3,17.3
2025-01-23T14:00,-3.1,0.00,0.00,0.16,9.4,16.6
2025-01-23T15:00,-2.9,0.00,0.00,0.16,9.5,17.5
2025-01-23T16:00,-2.8,0.00,0.00,0.16,10.0,18.3
2025-01-23T17:00,-2.9,0.00,0.00,0.16,10.4,19.1
2025-01-23T18:00,-2.8,0.00,0.00,0.16,10.6,19.7
2025-01-23T19:00,-2.9,0.00,0.00,0.16,9.6,18.4
2025-01-23T20:00,-2.7,0.00,0.00,0.16,8.7,16.3
2025-01-23T21:00,-2.7,0.00,0.00,0.16,8.2,15.3
2025-01-23T22:00,-2.9,0.00,0.00,0.16,7.2,13.7
2025-01-23T23:00,-3.0,0.00,0.00,0.16,7.3,13.4
2025-01-24T00:00,-2.8,0.00,0.00,0.16,8.3,15.4
2025-01-24T01:00,-2.5,0.00,0.00,0.16,9.0,16.4
2025-01-24T02:00,-2.5,0.00,0.00,0.16,9.0,16.3
2025-01-24T03:00,-2.5,0.00,0.00,0.16,9.1,16.7
2025-01-24T04:00,-2.5,0.00,0.00,0.16,8.6,16.5
2025-01-24T05:00,-2.5,0.00,0.00,0.16,8.9,16.9
2025-01-24T06:00,-2.5,0.00,0.00,0.16,8.9,17.0
2025-01-24T07:00,-2.5,0.00,0.00,0.16,8.1,14.4
2025-01-24T08:00,-2.3,0.00,0.00,0.16,7.4,13.2
2025-01-24T09:00,-1.9,0.00,0.00,0.16,7.4,12.6
2025-01-24T10:00,-1.5,0.00,0.00,0.16,8.1,13.4
2025-01-24T11:00,-1.4,0.00,0.00,0.16,8.1,13.5
2025-01-24T12:00,-1.2,0.00,0.00,0.16,7.9,13.2
2025-01-24T13:00,-1.3,0.00,0.00,0.16,8.4,14.8
2025-01-24T14:00,-1.4,0.00,0.00,0.16,8.0,14.8
2025-01-24T15:00,-1.6,0.00,0.00,0.16,8.7,16.0
2025-01-24T16:00,-1.6,0.00,0.00,0.16,8.8,16.4
2025-01-24T17:00,-1.6,0.00,0.00,0.16,7.8,15.5
2025-01-24T18:00,-1.5,0.00,0.00,0.16,7.9,15.7
2025-01-24T19:00,-1.5,0.00,0.00,0.16,8.3,16.2
2025-01-24T20:00,-1.6,0.00,0.00,0.16,8.4,16.2
2025-01-24T21:00,-1.6,0.00,0.00,0.16,7.8,15.3
2025-01-24T22:00,-1.7,0.00,0.00,0.16,7.8,15.3
2025-01-24T23:00,-1.6,0.00,0.00,0.16,7.4,14.8
2025-01-25T00:00,-1.6,0.00,0.00,0.16,7.6,15.0
2025-01-25T01:00,-1.8,0.00,0.00,0.16,8.2,15.3
2025-01-25T02:00,-1.9,0.00,0.00,0.16,7.8,15.3
2025-01-25T03:00,-1.8,0.00,0.00,0.16,7.1,13.9
2025-01-25T04:00,-1.6,0.00,0.00,0.16,7.4,14.7
2025-01-25T05:00,-1.5,0.00,0.00,0.16,8.1,16.1
2025-01-25T06:00,-1.4,0.00,0.00,0.16,8.3,16.4
2025-01-25T07:00,-1.2,0.00,0.00,0.16,9.6,16.9
2025-01-25T08:00,-0.9,0.00,0.00,0.16,9.0,15.7
2025-01-25T09:00,-0.3,0.00,0.00,0.16,7.9,13.6
2025-01-25T10:00,0.3,0.00,0.00,0.16,8.3,13.9
2025-01-25T11:00,1.1,0.00,0.00,0.16,11.9,19.3
2025-01-25T12:00,1.5,0.00,0.00,0.16,9.9,18.2
2025-01-25T13:00,0.3,0.00,0.00,0.16,8.2,16.2
2025-01-25T14:00,0.2,0.00,0.00,0.16,9.1,18.2
2025-01-25T15:00,0.3,0.00,0.00,0.16,9.3,18.7
2025-01-25T16:00,0.4,0.00,0.00,0.16,10.3,20.4
2025-01-25T17:00,0.4,0.00,0.00,0.16,10.9,21.4
2025-01-25T18:00,0.4,0.00,0.00,0.16,11.1,21.5
2025-01-25T19:00,0.6,0.00,0.00,0.16,11.9,22.8
2025-01-25T20:00,0.5,0.00,0.00,0.16,11.1,21.0
2025-01-25T21:00,0.6,0.00,0.00,0.16,12.0,22.6
2025-01-25T22:00,0.8,0.00,0.00,0.16,12.3,23.3
2025-01-25T23:00,0.8,0.00,0.00,0.16,12.2,23.2
2025-01-26T00:00,1.0,0.00,0.07,0.16,12.7,24.4
2025-01-26T01:00,0.8,0.00,0.21,0.16,12.7,24.3
2025-01-26T02:00,1.0,0.10,0.14,0.16,12.7,24.6
2025-01-26T03:00,1.1,0.10,0.07,0.16,13.0,25.4
2025-01-26T04:00,1.4,0.00,0.00,0.16,13.8,26.2
2025-01-26T05:00,1.5,0.00,0.00,0.16,13.7,26.1
2025-01-26T06:00,1.5,0.00,0.00,0.16,13.3,25.3
2025-01-26T07:00,1.7,0.00,0.00,0.16,12.9,24.8
2025-01-26T08:00,2.0,0.00,0.00,0.16,12.6,24.3
2025-01-26T09:00,2.3,0.00,0.00,0.16,12.5,23.9
2025-01-26T10:00,2.7,0.00,0.00,0.16,12.2,23.6
2025-01-26T11:00,2.9,0.00,0.00,0.16,11.8,22.8
2025-01-26T12:00,3.0,0.00,0.00,0.15,11.2,21.9
2025-01-26T13:00,2.5,0.00,0.00,0.15,10.6,20.9
2025-01-26T14:00,2.4,0.00,0.00,0.15,10.3,21.0
2025-01-26T15:00,2.3,0.00,0.00,0.15,9.7,20.1
2025-01-26T16:00,2.2,0.00,0.00,0.15,9.3,19.3
2025-01-26T17:00,2.0,0.00,0.00,0.15,8.7,18.3
2025-01-26T18:00,1.8,0.00,0.00,0.15,8.6,18.0
2025-01-26T19:00,1.6,0.00,0.00,0.15,9.1,18.8
2025-01-26T20:00,1.5,0.00,0.00,0.15,9.7,19.5
2025-01-26T21:00,1.5,0.10,0.00,0.15,9.8,20.0
2025-01-26T22:00,1.6,0.20,0.00,0.15,9.1,18.8
2025-01-26T23:00,1.6,0.50,0.00,0.15,10.1,20.3
2025-01-27T00:00,1.8,0.50,0.00,0.14,11.0,22.7
2025-01-27T01:00,2.2,0.10,0.00,0.14,12.5,24.1
2025-01-27T02:00,2.5,0.50,0.00,0.14,13.3,26.0
2025-01-27T03:00,2.7,0.30,0.00,0.14,13.5,26.3
2025-01-27T04:00,2.9,0.10,0.00,0.14,13.9,26.5
2025-01-27T05:00,3.1,0.00,0.00,0.14,14.3,27.1
2025-01-27T06:00,3.4,0.00,0.00,0.13,15.0,27.9
2025-01-27T07:00,3.7,0.00,0.00,0.13,15.5,28.4
2025-01-27T08:00,3.9,0.00,0.00,0.13,15.9,29.0
2025-01-27T09:00,4.1,0.00,0.00,0.13,16.0,29.1
2025-01-27T10:00,4.3,0.10,0.00,0.13,16.0,29.4
2025-01-27T11:00,4.4,0.00,0.00,0.12,15.6,28.7
2025-01-27T12:00,4.5,0.00,0.00,0.12,14.8,27.2
2025-01-27T13:00,4.4,0.00,0.00,0.12,14.1,26.2
2025-01-27T14:00,4.4,0.00,0.00,0.11,13.8,26.0
2025-01-27T15:00,4.4,0.00,0.00,0.11,14.1,26.9
2025-01-27T16:00,4.5,0.00,0.00,0.11,13.4,25.9
2025-01-27T17:00,4.3,0.00,0.00,0.11,13.0,25.0
2025-01-27T18:00,4.2,0.00,0.00,0.10,12.3,23.8
2025-01-27T19:00,4.1,0.00,0.00,0.10,11.3,22.3
2025-01-27T20:00,4.0,0.00,0.00,0.10,11.1,21.8
2025-01-27T21:00,3.9,0.00,0.00,0.10,10.8,21.5
2025-01-27T22:00,3.8,0.00,0.00,0.10,11.2,22.1
2025-01-27T23:00,3.9,0.00,0.00,0.09,12.2,23.8
2025-01-28T00:00,3.5,0.00,0.00,0.09,12.2,24.3
2025-01-28T01:00,3.6,0.00,0.00,0.09,9.2,21.5
2025-01-28T02:00,4.0,0.00,0.00,0.09,12.6,25.6
2025-01-28T03:00,3.8,0.00,0.00,0.09,10.7,21.3
2025-01-28T04:00,3.0,0.00,0.00,0.09,10.2,21.1
2025-01-28T05:00,3.1,0.00,0.00,0.09,9.2,18.9
2025-01-28T06:00,3.2,0.00,0.00,0.09,8.4,17.7
2025-01-28T07:00,3.2,0.00,0.00,0.08,9.4,18.8
2025-01-28T08:00,3.2,0.00,0.00,0.08,10.6,20.3
2025-01-28T09:00,3.3,0.00,0.00,0.08,12.1,20.4
2025-01-28T10:00,3.4,0.00,0.00,0.08,12.7,21.0
2025-01-28T11:00,3.7,0.00,0.00,0.08,10.2,18.2
2025-01-28T12:00,3.8,0.00,0.00,0.08,9.5,17.8
2025-01-28T13:00,3.6,0.00,0.00,0.07,7.3,14.2
2025-01-28T14:00,3.6,0.00,0.00,0.07,7.2,14.8
2025-01-28T15:00,3.7,0.00,0.00,0.07,7.7,15.9
2025-01-28T16:00,3.6,0.00,0.00,0.07,9.7,18.9
2025-01-28T17:00,3.7,0.00,0.00,0.07,10.1,19.9
2025-01-28T18:00,3.0,0.10,0.00,0.07,9.2,17.9
2025-01-28T19:00,2.9,0.00,0.00,0.07,9.2,18.6
2025-01-28T20:00,3.0,0.00,0.00,0.07,10.4,20.3
2025-01-28T21:00,3.0,0.00,0.00,0.06,10.7,20.9
2025-01-28T22:00,2.9,0.00,0.00,0.06,10.7,21.2
2025-01-28T23:00,2.8,0.00,0.00,0.06,10.0,19.7
2025-01-29T00:00,2.8,0.00,0.00,0.06,9.0,18.2
2025-01-29T01:00,3.4,0.00,0.00,0.06,9.0,17.7
2025-01-29T02:00,3.3,0.00,0.00,0.06,9.9,19.2
2025-01-29T03:00,3.2,0.00,0.00,0.06,9.5,18.8
2025-01-29T04:00,3.2,0.00,0.00,0.06,8.4,17.2
2025-01-29T05:00,3.0,0.00,0.00,0.06,7.4,15.3
2025-01-29T06:00,2.8,0.00,0.00,0.06,7.9,16.0
2025-01-29T07:00,3.1,0.00,0.00,0.06,9.4,18.8
2025-01-29T08:00,3.3,0.00,0.00,0.06,8.5,16.8
2025-01-29T09:00,3.3,0.00,0.00,0.05,7.9,16.0
2025-01-29T10:00,3.5,0.10,0.00,0.05,9.3,18.0
2025-01-29T11:00,3.7,0.00,0.00,0.05,9.0,17.7
2025-01-29T12:00,3.8,0.00,0.00,0.05,10.1,19.3
2025-01-29T13:00,4.1,0.00,0.00,0.05,9.6,18.7
2025-01-29T14:00,4.0,0.00,0.00,0.05,10.1,19.9
2025-01-29T15:00,4.0,0.00,0.00,0.05,9.9,19.9
2025-01-29T16:00,3.9,0.00,0.00,0.05,10.6,21.0
2025-01-29T17:00,3.9,0.00,0.00,0.04,11.5,22.0
2025-01-29T18:00,3.7,0.00,0.00,0.04,10.8,20.9
2025-01-29T19:00,3.6,0.00,0.00,0.04,10.7,20.5
2025-01-29T20:00,3.5,0.00,0.00,0.04,10.7,20.7
2025-01-29T21:00,3.4,0.00,0.00,0.04,11.0,21.3
2025-01-29T22:00,3.3,0.00,0.00,0.04,11.0,21.2
2025-01-29T23:00,3.3,0.00,0.00,0.04,10.6,20.8
2025-01-30T00:00,3.4,0.00,0.00,0.04,10.4,20.5
2025-01-30T01:00,3.9,0.10,0.00,0.04,11.4,22.1
2025-01-30T02:00,3.9,0.00,0.00,0.04,11.4,22.3
2025-01-30T03:00,3.9,0.00,0.00,0.04,12.0,23.1
2025-01-30T04:00,4.1,0.00,0.00,0.04,12.1,23.3
2025-01-30T05:00,4.2,0.00,0.00,0.04,12.8,24.8
2025-01-30T06:00,4.5,0.00,0.00,0.03,12.4,24.2
2025-01-30T07:00,4.9,0.00,0.00,0.03,12.0,23.3
2025-01-30T08:00,5.1,0.00,0.00,0.03,13.0,23.7
2025-01-30T09:00,5.3,0.00,0.00,0.03,12.8,22.6
2025-01-30T10:00,5.4,0.00,0.00,0.03,13.5,23.7
2025-01-30T11:00,5.7,0.00,0.00,0.03,11.7,21.1
2025-01-30T12:00,5.8,0.00,0.00,0.03,10.3,19.1
2025-01-30T13:00,6.5,0.00,0.00,0.02,8.7,17.9
2025-01-30T14:00,5.9,0.00,0.00,0.02,10.4,21.7
2025-01-30T15:00,5.4,0.00,0.00,0.02,12.4,25.4
2025-01-30T16:00,4.8,0.00,0.00,0.02,13.5,26.9
2025-01-30T17:00,4.6,0.00,0.00,0.02,13.4,26.5
2025-01-30T18:00,4.4,0.00,0.00,0.02,13.1,25.9
2025-01-30T19:00,3.9,0.00,0.00,0.02,13.0,25.9
2025-01-30T20:00,4.1,0.00,0.00,0.02,12.6,25.0
2025-01-30T21:00,4.3,0.00,0.00,0.02,11.6,23.3
2025-01-30T22:00,4.2,0.00,0.00,0.02,12.2,23.8
2025-01-30T23:00,4.1,0.00,0.00,0.02,12.0,23.3
2025-01-31T00:00,4.1,0.00,0.00,0.02,10.8,20.9
2025-01-31T01:00,4.5,0.00,0.00,0.02,11.4,22.2
2025-01-31T02:00,4.4,0.00,0.00,0.02,10.9,20.8
2025-01-31T03:00,4.2,0.00,0.00,0.02,10.6,20.4
2025-01-31T04:00,4.1,0.00,0.00,0.02,10.5,20.0
2025-01-31T05:00,3.5,0.00,0.00,0.02,10.4,21.1
2025-01-31T06:00,2.7,0.00,0.00,0.02,10.4,21.6
2025-01-31T07:00,2.8,0.00,0.00,0.02,10.3,21.0
2025-01-31T08:00,2.9,0.00,0.00,0.02,8.2,19.1
2025-01-31T09:00,3.6,0.00,0.00,0.02,7.3,13.9
2025-01-31T10:00,4.5,0.00,0.00,0.02,7.3,12.8
2025-01-31T11:00,5.1,0.00,0.00,0.01,7.8,12.9
2025-01-31T12:00,5.3,0.00,0.00,0.01,7.0,12.9
2025-01-31T13:00,3.8,0.00,0.00,0.01,8.1,16.5
2025-01-31T14:00,3.0,0.00,0.00,0.01,9.6,20.6
2025-01-31T15:00,2.4,0.00,0.00,0.01,10.1,21.7
2025-01-31T16:00,1.8,0.00,0.00,0.01,10.6,22.6
2025-01-31T17:00,1.7,0.00,0.00,0.01,11.0,23.1
2025-01-31T18:00,1.4,0.00,0.00,0.01,11.4,23.6
2025-01-31T19:00,1.0,0.00,0.00,0.01,11.1,23.0
2025-01-31T20:00,1.1,0.00,0.00,0.01,12.0,23.8
2025-01-31T21:00,1.2,0.00,0.00,0.01,12.1,23.7
2025-01-31T22:00,1.4,0.20,0.00,0.01,10.5,20.8
2025-01-31T23:00,1.4,0.20,0.00,0.01,10.9,21.3
2025-02-01T00:00,1.6,0.20,0.00,0.01,11.0,20.8
2025-02-01T01:00,2.1,0.10,0.00,0.01,11.7,21.9
2025-02-01T02:00,2.3,0.00,0.00,0.01,12.1,22.8
2025-02-01T03:00,2.5,0.00,0.00,0.01,12.5,23.2
2025-02-01T04:00,2.5,0.00,0.00,0.01,12.2,23.2
2025-02-01T05:00,2.5,0.00,0.00,0.01,11.9,22.8
2025-02-01T06:00,2.8,0.00,0.00,0.01,13.0,24.5
2025-02-01T07:00,3.0,0.20,0.00,0.01,13.3,24.3
2025-02-01T08:00,3.1,0.00,0.00,0.01,13.7,24.6
2025-02-01T09:00,3.0,0.00,0.00,0.01,13.3,23.8
2025-02-01T10:00,3.2,0.10,0.00,0.01,12.1,22.3
2025-02-01T11:00,3.5,0.10,0.00,0.01,12.1,22.6
2025-02-01T12:00,3.7,0.00,0.00,0.01,11.9,22.2
2025-02-01T13:00,3.8,0.00,0.00,0.01,12.1,22.2
2025-02-01T14:00,3.8,0.00,0.00,0.01,12.5,23.2
2025-02-01T15:00,3.7,0.10,0.00,0.01,14.7,26.6
2025-02-01T16:00,3.3,0.20,0.00,0.01,15.0,26.5
2025-02-01T17:00,2.2,0.00,0.00,0.01,12.0,22.2
2025-02-01T18:00,1.7,0.00,0.00,0.01,12.7,23.5
2025-02-01T19:00,1.6,0.00,0.00,0.01,12.8,23.8
2025-02-01T20:00,1.5,0.00,0.00,0.01,12.5,23.2
2025-02-01T21:00,1.5,0.00,0.00,0.01,12.4,22.8
2025-02-01T22:00,1.5,0.00,0.00,0.01,11.6,21.6
2025-02-01T23:00,1.3,0.00,0.00,0.01,9.9,19.3
2025-02-02T00:00,1.3,0.00,0.00,0.01,10.7,20.5
2025-02-02T01:00,0.5,0.00,0.00,0.01,11.2,22.3
2025-02-02T02:00,0.0,0.00,0.00,0.01,10.9,21.6
2025-02-02T03:00,0.3,0.00,0.00,0.01,10.9,20.0
2025-02-02T04:00,0.2,0.00,0.00,0.01,11.3,19.5
2025-02-02T05:00,0.0,0.00,0.00,0.01,11.6,20.0
2025-02-02T06:00,0.0,0.00,0.00,0.01,11.4,20.3
2025-02-02T07:00,0.3,0.00,0.00,0.01,10.6,18.5
2025-02-02T08:00,0.5,0.00,0.00,0.01,14.2,23.6
2025-02-02T09:00,1.0,0.00,0.14,0.01,13.3,21.6
2025-02-02T10:00,1.1,0.00,0.07,0.01,12.5,20.4
2025-02-02T11:00,0.9,0.00,0.00,0.01,12.9,20.2
2025-02-02T12:00,0.7,0.00,0.00,0.01,11.7,19.5
2025-02-02T13:00,0.5,0.00,0.00,0.01,7.8,14.4
2025-02-02T14:00,0.3,0.00,0.00,0.01,7.9,14.8
2025-02-02T15:00,0.1,0.00,0.00,0.01,8.4,15.8
2025-02-02T16:00,-0.1,0.00,0.07,0.01,9.9,18.1
2025-02-02T17:00,-0.2,0.00,0.00,0.01,10.3,18.8
2025-02-02T18:00,-0.4,0.00,0.00,0.01,9.9,18.0
2025-02-02T19:00,-0.7,0.00,0.00,0.01,10.1,18.4
2025-02-02T20:00,-0.8,0.00,0.00,0.01,8.6,16.0
2025-02-02T21:00,-0.8,0.00,0.00,0.01,7.4,13.6
2025-02-02T22:00,-1.0,0.00,0.00,0.01,8.3,15.5
2025-02-02T23:00,-1.3,0.00,0.00,0.01,8.4,16.2
2025-02-03T00:00,-1.1,0.00,0.00,0.01,7.8,14.5
2025-02-03T01:00,-1.3,0.00,0.00,0.01,6.5,12.7
2025-02-03T02:00,-1.5,0.00,0.00,0.01,7.1,14.0
2025-02-03T03:00,-1.3,0.00,0.00,0.01,7.7,14.4
2025-02-03T04:00,-1.3,0.00,0.00,0.01,7.2,13.2
2025-02-03T05:00,-1.7,0.00,0.00,0.01,7.3,14.1
2025-02-03T06:00,-1.5,0.00,0.00,0.01,7.0,13.7
2025-02-03T07:00,-0.9,0.00,0.00,0.01,7.1,12.3
2025-02-03T08:00,-0.4,0.00,0.00,0.01,7.4,12.0
2025-02-03T09:00,0.4,0.00,0.00,0.01,9.3,14.4
2025-02-03T10:00,0.6,0.00,0.00,0.01,8.7,13.5
2025-02-03T11:00,0.7,0.00,0.00,0.01,8.7,13.7
2025-02-03T12:00,0.7,0.00,0.00,0.01,7.8,12.4
2025-02-03T13:00,0.4,0.00,0.00,0.01,4.9,8.7
2025-02-03T14:00,-0.1,0.00,0.00,0.01,4.8,9.4
2025-02-03T15:00,-0.6,0.00,0.07,0.01,5.9,11.4
2025-02-03T16:00,-0.8,0.00,0.00,0.01,5.4,10.6
2025-02-03T17:00,-1.0,0.00,0.00,0.01,4.7,9.9
2025-02-03T18:00,-1.5,0.00,0.00,0.01,4.5,10.2
2025-02-03T19:00,-1.5,0.00,0.00,0.01,5.2,11.4
2025-02-03T20:00,-1.3,0.00,0.00,0.01,5.6,11.8
2025-02-03T21:00,-1.4,0.00,0.00,0.01,5.9,11.6
2025-02-03T22:00,-1.5,0.00,0.00,0.01,6.4,12.2
2025-02-03T23:00,-1.8,0.00,0.00,0.01,6.2,11.7
2025-02-04T00:00,-1.9,0.00,0.00,0.01,6.1,11.3
2025-02-04T01:00,-2.2,0.00,0.00,0.01,3.2,7.4
2025-02-04T02:00,-2.6,0.00,0.00,0.01,4.0,9.6
2025-02-04T03:00,-3.2,0.00,0.00,0.01,3.4,10.0
2025-02-04T04:00,-3.6,0.00,0.00,0.01,2.9,9.6
2025-02-04T05:00,-4.0,0.00,0.00,0.01,2.2,8.8
2025-02-04T06:00,-4.1,0.00,0.00,0.01,2.8,7.9
2025-02-04T07:00,-3.3,0.00,0.00,0.01,3.2,7.6
2025-02-04T08:00,-2.1,0.00,0.00,0.01,1.5,3.9
2025-02-04T09:00,-1.0,0.00,0.00,0.01,1.5,2.7
2025-02-04T10:00,-0.1,0.00,0.00,0.01,2.9,4.3
2025-02-04T11:00,0.3,0.00,0.00,0.01,1.7,2.4
2025-02-04T12:00,0.3,0.00,0.00,0.01,1.3,1.7
2025-02-04T13:00,-0.1,0.00,0.00,0.01,2.1,3.2
2025-02-04T14:00,-0.8,0.00,0.00,0.01,3.1,6.2
2025-02-04T15:00,-1.2,0.00,0.00,0.01,3.2,6.5
2025-02-04T16:00,-1.6,0.00,0.00,0.01,2.1,6.8
2025-02-04T17:00,-1.9,0.00,0.00,0.01,0.9,3.8
2025-02-04T18:00,-2.0,0.00,0.00,0.01,4.2,7.2
2025-02-04T19:00,-2.0,0.00,0.00,0.01,5.8,12.9
2025-02-04T20:00,-2.0,0.00,0.00,0.01,6.5,15.0
2025-02-04T21:00,-2.2,0.00,0.00,0.01,5.8,13.2
2025-02-04T22:00,-2.2,0.00,0.00,0.01,7.4,16.1
2025-02-04T23:00,-2.1,0.00,0.00,0.01,8.7,18.3
2025-02-05T00:00,-2.3,0.00,0.00,0.01,9.2,19.2
2025-02-05T01:00,-2.5,0.00,0.00,0.01,11.4,23.3
2025-02-05T02:00,-2.8,0.00,0.00,0.01,12.8,25.7
2025-02-05T03:00,-2.9,0.00,0.00,0.01,13.3,26.1
2025-02-05T04:00,-2.7,0.00,0.00,0.01,13.6,25.2
2025-02-05T05:00,-2.6,0.00,0.00,0.01,12.5,23.7
2025-02-05T06:00,-2.7,0.00,0.00,0.02,12.0,21.9
2025-02-05T07:00,-2.5,0.00,0.00,0.02,13.0,22.9
2025-02-05T08:00,-1.9,0.00,0.00,0.02,12.1,21.3
2025-02-05T09:00,-0.8,0.00,0.00,0.02,16.0,25.5
2025-02-05T10:00,-0.3,0.00,0.00,0.02,15.5,24.6
2025-02-05T11:00,-0.1,0.00,0.00,0.02,13.9,22.1
2025-02-05T12:00,0.1,0.00,0.00,0.02,13.0,21.7
2025-02-05T13:00,-0.5,0.00,0.00,0.02,10.9,18.7
2025-02-05T14:00,-0.6,0.00,0.00,0.02,9.1,16.9
2025-02-05T15:00,-0.7,0.00,0.00,0.02,8.5,16.4
2025-02-05T16:00,-0.7,0.00,0.00,0.02,8.9,17.1
2025-02-05T17:00,-0.7,0.00,0.00,0.02,9.4,17.7
2025-02-05T18:00,-0.8,0.00,0.00,0.02,8.7,16.6
2025-02-05T19:00,-0.9,0.00,0.00,0.02,7.6,14.7
2025-02-05T20:00,-0.9,0.00,0.00,0.02,6.7,12.9
2025-02-05T21:00,-1.0,0.00,0.00,0.02,6.1,11.8
2025-02-05T22:00,-1.1,0.00,0.00,0.02,5.5,10.6
2025-02-05T23:00,-1.3,0.00,0.00,0.02,5.8,10.7
2025-02-06T00:00,-1.4,0.00,0.00,0.02,5.8,10.9
2025-02-06T01:00,-1.0,0.00,0.00,0.02,6.2,10.4
2025-02-06T02:00,-1.1,0.00,0.00,0.02,6.1,10.1
2025-02-06T03:00,-1.1,0.00,0.00,0.02,7.2,11.4
2025-02-06T04:00,-1.3,0.00,0.00,0.02,7.6,12.1
2025-02-06T05:00,-1.7,0.00,0.00,0.02,7.8,12.1
2025-02-06T06:00,-2.2,0.00,0.00,0.02,7.2,10.9
2025-02-06T07:00,-2.4,0.00,0.00,0.02,6.7,10.0
2025-02-06T08:00,-2.4,0.00,0.00,0.02,6.0,8.8
2025-02-06T09:00,-2.2,0.00,0.00,0.02,5.1,7.5
2025-02-06T10:00,-1.8,0.00,0.00,0.02,4.6,7.0
2025-02-06T11:00,-1.2,0.00,0.00,0.02,4.9,7.3
2025-02-06T12:00,-0.8,0.00,0.00,0.02,4.2,6.5
2025-02-06T13:00,-1.4,0.00,0.00,0.02,6.1,9.2
2025-02-06T14:00,-1.3,0.00,0.00,0.02,4.4,8.3
2025-02-06T15:00,-1.7,0.00,0.00,0.02,4.0,8.3
2025-02-06T16:00,-1.5,0.00,0.00,0.02,5.1,11.0
2025-02-06T17:00,-1.5,0.00,0.00,0.02,6.4,13.0
2025-02-06T18:00,-1.7,0.00,0.00,0.02,7.2,14.3
2025-02-06T19:00,-2.0,0.00,0.00,0.02,6.5,13.3
2025-02-06T20:00,-2.2,0.00,0.00,0.02,7.4,15.3
2025-02-06T21:00,-2.4,0.00,0.00,0.02,7.3,15.2
2025-02-06T22:00,-2.9,0.00,0.00,0.02,8.0,16.5
2025-02-06T23:00,-3.2,0.00,0.00,0.02,8.8,17.3
2025-02-07T00:00,-3.6,0.00,0.00,0.02,9.3,17.6
2025-02-07T01:00,-4.2,0.00,0.00,0.02,8.7,16.7
2025-02-07T02:00,-4.6,0.00,0.00,0.02,8.3,16.1
2025-02-07T03:00,-4.6,0.00,0.00,0.02,7.1,13.8
2025-02-07T04:00,-4.4,0.00,0.00,0.02,7.3,14.2
2025-02-07T05:00,-4.5,0.00,0.00,0.02,7.7,14.8
2025-02-07T06:00,-4.5,0.00,0.00,0.02,9.6,16.6
2025-02-07T07:00,-4.5,0.00,0.00,0.02,9.2,15.2
2025-02-07T08:00,-4.2,0.00,0.00,0.02,11.8,18.5
2025-02-07T09:00,-3.7,0.00,0.00,0.02,12.6,19.4
2025-02-07T10:00,-3.8,0.00,0.00,0.02,11.1,17.1
2025-02-07T11:00,-4.0,0.00,0.00,0.02,9.7,14.8
2025-02-07T12:00,-4.1,0.00,0.00,0.02,8.7,13.0
2025-02-07T13:00,-3.5,0.00,0.00,0.02,6.9,10.3
2025-02-07T14:00,-3.5,0.00,0.00,0.02,7.2,10.9
2025-02-07T15:00,-3.5,0.00,0.00,0.02,6.2,10.1
2025-02-07T16:00,-3.4,0.00,0.00,0.02,5.8,9.6
2025-02-07T17:00,-3.2,0.00,0.00,0.02,4.9,8.5
2025-02-07T18:00,-3.2,0.00,0.00,0.02,5.1,9.7
2025-02-07T19:00,-3.3,0.00,0.00,0.02,6.0,11.1
2025-02-07T20:00,-3.5,0.00,0.00,0.02,5.8,11.1
2025-02-07T21:00,-3.8,0.00,0.00,0.02,5.9,11.6
2025-02-07T22:00,-4.2,0.00,0.00,0.02,6.7,13.5
2025-02-07T23:00,-4.3,0.00,0.00,0.02,7.1,14.3
2025-02-08T00:00,-4.4,0.00,0.00,0.02,7.5,14.6
2025-02-08T01:00,-4.8,0.00,0.00,0.02,4.8,9.0
2025-02-08T02:00,-4.8,0.00,0.00,0.02,4.3,7.3
2025-02-08T03:00,-4.8,0.00,0.00,0.02,3.9,7.0
2025-02-08T04:00,-4.8,0.00,0.00,0.02,3.7,6.1
2025-02-08T05:00,-4.7,0.00,0.00,0.02,4.8,7.7
2025-02-08T06:00,-4.6,0.00,0.00,0.02,5.5,8.6
2025-02-08T07:00,-4.5,0.00,0.00,0.02,5.0,7.6
2025-02-08T08:00,-4.2,0.00,0.00,0.02,3.8,5.8
2025-02-08T09:00,-3.8,0.00,0.00,0.02,3.3,4.8
2025-02-08T10:00,-3.5,0.00,0.00,0.02,4.0,5.7
2025-02-08T11:00,-3.3,0.00,0.00,0.02,4.4,6.6
2025-02-08T12:00,-3.2,0.00,0.00,0.02,3.6,5.4
2025-02-08T13:00,-3.6,0.00,0.00,0.02,1.5,2.6
2025-02-08T14:00,-3.6,0.00,0.00,0.02,2.7,4.1
2025-02-08T15:00,-3.7,0.00,0.00,0.02,3.9,5.7
2025-02-08T16:00,-3.7,0.00,0.00,0.02,3.9,5.8
2025-02-08T17:00,-3.7,0.00,0.00,0.02,3.4,5.2
2025-02-08T18:00,-3.7,0.00,0.00,0.02,3.5,5.4
2025-02-08T19:00,-3.7,0.00,0.00,0.02,3.9,5.8
2025-02-08T20:00,-3.7,0.00,0.00,0.02,2.9,4.5
2025-02-08T21:00,-3.7,0.00,0.00,0.02,3.4,5.2
2025-02-08T22:00,-3.8,0.00,0.00,0.02,2.7,4.3
2025-02-08T23:00,-3.8,0.00,0.00,0.02,2.9,4.3
2025-02-09T00:00,-3.8,0.00,0.00,0.02,3.6,5.2
2025-02-09T01:00,-5.1,0.00,0.00,0.02,1.9,3.6
2025-02-09T02:00,-5.2,0.00,0.00,0.02,1.0,2.4
2025-02-09T03:00,-5.1,0.00,0.00,0.02,1.1,2.2
2025-02-09T04:00,-5.0,0.00,0.00,0.02,1.5,2.7
2025-02-09T05:00,-5.1,0.00,0.00,0.02,1.0,2.5
2025-02-09T06:00,-4.9,0.00,0.00,0.02,2.2,3.0
2025-02-09T07:00,-5.0,0.00,0.00,0.02,2.0,2.9
2025-02-09T08:00,-4.8,0.00,0.00,0.02,2.7,3.8
2025-02-09T09:00,-4.6,0.00,0.00,0.02,2.5,3.6
2025-02-09T10:00,-4.5,0.00,0.00,0.02,1.8,2.7
2025-02-09T11:00,-4.3,0.00,0.00,0.02,1.5,2.3
2025-02-09T12:00,-4.2,0.00,0.00,0.02,1.5,2.2
2025-02-09T13:00,-4.4,0.00,0.00,0.02,1.4,2.3
2025-02-09T14:00,-4.4,0.00,0.00,0.02,1.6,2.5
2025-02-09T15:00,-4.3,0.00,0.00,0.02,1.5,2.4
2025-02-09T16:00,-4.4,0.00,0.00,0.02,1.2,2.8
2025-02-09T17:00,-4.2,0.00,0.00,0.02,2.3,4.0
2025-02-09T18:00,-4.2,0.00,0.00,0.02,1.4,3.2
2025-02-09T19:00,-4.2,0.00,0.00,0.02,1.4,3.5
2025-02-09T20:00,-4.3,0.00,0.00,0.02,1.1,2.7
2025-02-09T21:00,-4.3,0.00,0.00,0.02,0.7,1.6
2025-02-09T22:00,-4.3,0.00,0.00,0.02,1.0,2.6
2025-02-09T23:00,-4.4,0.00,0.00,0.02,1.8,3.1
2025-02-10T00:00,-4.5,0.00,0.00,0.02,1.3,2.7
2025-02-10T01:00,-6.1,0.00,0.00,0.02,2.6,4.3
2025-02-10T02:00,-6.1,0.00,0.00,0.02,3.1,4.8
2025-02-10T03:00,-6.0,0.00,0.00,0.02,2.7,4.4
2025-02-10T04:00,-6.0,0.00,0.00,0.02,2.6,4.2
2025-02-10T05:00,-5.8,0.00,0.00,0.02,2.7,4.7
2025-02-10T06:00,-5.6,0.00,0.00,0.02,3.3,5.2
2025-02-10T07:00,-5.3,0.00,0.00,0.02,4.2,6.3
2025-02-10T08:00,-5.0,0.00,0.00,0.02,5.7,8.2
2025-02-10T09:00,-4.8,0.00,0.00,0.02,5.5,8.0
2025-02-10T10:00,-4.5,0.00,0.00,0.02,4.9,7.1
2025-02-10T11:00,-4.2,0.00,0.00,0.02,4.7,7.0
2025-02-10T12:00,-4.0,0.00,0.00,0.02,5.1,7.6
2025-02-10T13:00,-4.7,0.00,0.00,0.02,4.9,6.9
2025-02-10T14:00,-4.8,0.00,0.00,0.02,4.8,7.1
2025-02-10T15:00,-5.0,0.00,0.00,0.02,5.6,8.4
2025-02-10T16:00,-5.1,0.00,0.00,0.02,5.9,8.8
2025-02-10T17:00,-5.2,0.00,0.00,0.02,5.9,9.0
2025-02-10T18:00,-5.2,0.00,0.00,0.02,5.8,8.7
2025-02-10T19:00,-5.2,0.00,0.00,0.02,6.1,9.3
2025-02-10T20:00,-5.3,0.00,0.00,0.02,6.7,10.3
2025-02-10T21:00,-5.4,0.00,0.00,0.02,6.6,10.2
2025-02-10T22:00,-5.5,0.00,0.00,0.02,6.0,9.2
2025-02-10T23:00,-5.5,0.00,0.00,0.02,5.8,8.8
2025-02-11T00:00,-5.5,0.00,0.00,0.02,5.4,8.2
2025-02-11T01:00,-6.3,0.00,0.00,0.02,4.6,6.8
2025-02-11T02:00,-6.2,0.00,0.00,0.02,4.1,6.1
2025-02-11T03:00,-6.1,0.00,0.00,0.02,4.8,7.5
2025-02-11T04:00,-6.0,0.00,0.00,0.02,4.3,6.8
2025-02-11T05:00,-6.0,0.00,0.00,0.02,4.8,7.5
2025-02-11T06:00,-6.0,0.00,0.00,0.02,4.2,6.2
2025-02-11T07:00,-5.8,0.00,0.00,0.02,3.8,5.4
2025-02-11T08:00,-5.6,0.00,0.00,0.02,4.2,6.2
2025-02-11T09:00,-5.4,0.00,0.00,0.02,4.4,6.4
2025-02-11T10:00,-5.2,0.00,0.00,0.02,4.9,7.0
2025-02-11T11:00,-4.9,0.00,0.00,0.02,4.9,7.2
2025-02-11T12:00,-4.6,0.00,0.00,0.02,4.5,6.6
2025-02-11T13:00,-5.9,0.00,0.00,0.02,6.1,8.8
2025-02-11T14:00,-5.9,0.00,0.00,0.02,5.4,8.0
2025-02-11T15:00,-6.1,0.00,0.00,0.02,5.6,8.5
2025-02-11T16:00,-6.3,0.00,0.00,0.02,6.4,9.7
2025-02-11T17:00,-6.7,0.00,0.00,0.02,5.8,8.9
2025-02-11T18:00,-6.8,0.00,0.00,0.02,4.7,7.0
2025-02-11T19:00,-6.9,0.00,0.00,0.02,4.0,6.2
2025-02-11T20:00,-6.9,0.00,0.00,0.02,3.5,5.3
2025-02-11T21:00,-7.1,0.00,0.00,0.02,3.3,4.8
2025-02-11T22:00,-7.2,0.00,0.00,0.02,3.6,5.2
2025-02-11T23:00,-7.2,0.00,0.00,0.02,4.5,6.4
2025-02-12T00:00,-7.2,0.00,0.00,0.02,3.6,5.3
2025-02-12T01:00,-8.0,0.00,0.00,0.02,5.2,7.8
2025-02-12T02:00,-7.9,0.00,0.00,0.02,5.4,8.3
2025-02-12T03:00,-7.8,0.00,0.00,0.02,6.2,9.6
2025-02-12T04:00,-7.8,0.00,0.00,0.02,7.2,11.2
2025-02-12T05:00,-7.8,0.00,0.00,0.02,6.9,10.3
2025-02-12T06:00,-7.7,0.00,0.00,0.02,7.6,11.5
2025-02-12T07:00,-7.4,0.00,0.00,0.02,8.3,12.5
2025-02-12T08:00,-6.9,0.00,0.00,0.02,8.1,12.1
2025-02-12T09:00,-6.3,0.00,0.00,0.02,7.0,10.3
2025-02-12T10:00,-5.8,0.00,0.00,0.02,7.2,10.7
2025-02-12T11:00,-5.5,0.00,0.00,0.02,8.3,12.2
2025-02-12T12:00,-5.2,0.00,0.00,0.02,8.7,13.0
2025-02-12T13:00,-6.1,0.00,0.00,0.02,9.9,15.1
2025-02-12T14:00,-6.1,0.00,0.00,0.02,10.4,16.2
2025-02-12T15:00,-6.1,0.00,0.00,0.02,9.4,14.9
2025-02-12T16:00,-6.2,0.00,0.00,0.02,8.8,14.3
2025-02-12T17:00,-6.4,0.00,0.00,0.02,8.5,13.9
2025-02-12T18:00,-6.6,0.00,0.00,0.02,9.0,14.6
2025-02-12T19:00,-6.8,0.00,0.00,0.02,9.4,14.8
2025-02-12T20:00,-7.0,0.00,0.00,0.02,9.0,14.4
2025-02-12T21:00,-7.1,0.00,0.00,0.02,8.6,13.5
2025-02-12T22:00,-7.1,0.00,0.00,0.02,7.8,12.0
2025-02-12T23:00,-7.2,0.00,0.00,0.02,6.5,10.0
2025-02-13T00:00,-7.3,0.00,0.00,0.02,5.8,9.0
2025-02-13T01:00,-8.2,0.00,0.00,0.02,6.4,10.0
2025-02-13T02:00,-8.1,0.00,0.00,0.02,5.8,9.4
2025-02-13T03:00,-7.9,0.00,0.00,0.02,5.2,8.2
2025-02-13T04:00,-7.8,0.00,0.00,0.02,4.7,7.2
2025-02-13T05:00,-7.7,0.00,0.00,0.02,4.4,6.5
2025-02-13T06:00,-7.5,0.00,0.00,0.02,4.4,6.7
2025-02-13T07:00,-7.3,0.00,0.00,0.02,4.7,6.8
2025-02-13T08:00,-7.0,0.00,0.00,0.02,5.0,7.2
2025-02-13T09:00,-6.7,0.00,0.00,0.02,4.9,7.3
2025-02-13T10:00,-6.4,0.00,0.00,0.02,5.8,8.6
2025-02-13T11:00,-6.2,0.00,0.00,0.02,6.1,9.0
2025-02-13T12:00,-6.0,0.00,0.00,0.02,6.4,9.6
2025-02-13T13:00,-6.9,0.00,0.00,0.02,6.4,9.6
2025-02-13T14:00,-7.0,0.00,0.00,0.02,6.5,10.0
2025-02-13T15:00,-7.0,0.00,0.00,0.02,6.2,9.6
2025-02-13T16:00,-7.0,0.00,0.00,0.02,6.7,10.6
2025-02-13T17:00,-7.0,0.00,0.00,0.02,7.0,11.5
2025-02-13T18:00,-7.1,0.00,0.00,0.02,6.6,10.9
2025-02-13T19:00,-7.1,0.00,0.00,0.02,6.1,10.2
2025-02-13T20:00,-7.1,0.00,0.00,0.02,5.3,8.8
2025-02-13T21:00,-7.1,0.00,0.00,0.02,4.5,7.6
2025-02-13T22:00,-7.1,0.00,0.00,0.02,4.3,5.6
2025-02-13T23:00,-7.1,0.00,0.00,0.02,5.5,9.2
2025-02-14T00:00,-6.8,0.00,0.00,0.02,5.5,10.3
2025-02-14T01:00,-7.7,0.00,0.00,0.02,5.8,11.5
2025-02-14T02:00,-7.6,0.00,0.00,0.02,6.6,12.9
2025-02-14T03:00,-7.5,0.00,0.00,0.02,6.7,12.5
2025-02-14T04:00,-7.4,0.00,0.00,0.02,6.3,12.6
2025-02-14T05:00,-7.2,0.00,0.00,0.02,6.6,13.0
2025-02-14T06:00,-6.9,0.00,0.00,0.02,6.1,11.5
2025-02-14T07:00,-6.5,0.00,0.00,0.02,7.1,11.6
2025-02-14T08:00,-5.9,0.00,0.00,0.02,8.4,13.2
2025-02-14T09:00,-5.4,0.00,0.00,0.02,9.9,15.9
2025-02-14T10:00,-5.2,0.00,0.00,0.02,7.6,12.1
2025-02-14T11:00,-5.1,0.00,0.00,0.02,6.7,10.5
2025-02-14T12:00,-5.2,0.00,0.07,0.02,6.0,9.5
2025-02-14T13:00,-6.1,0.00,0.00,0.02,6.0,9.5
2025-02-14T14:00,-6.2,0.00,0.00,0.02,5.8,9.6
2025-02-14T15:00,-6.6,0.00,0.07,0.02,6.0,10.8
2025-02-14T16:00,-7.1,0.00,0.07,0.02,7.4,13.3
2025-02-14T17:00,-7.6,0.00,0.00,0.02,6.8,14.3
2025-02-14T18:00,-8.1,0.00,0.00,0.02,7.5,15.9
2025-02-14T19:00,-8.3,0.00,0.00,0.02,5.1,13.1
2025-02-14T20:00,-10.0,0.00,0.00,0.02,4.3,12.5
2025-02-14T21:00,-9.5,0.00,0.00,0.02,4.8,14.2
2025-02-14T22:00,-8.4,0.00,0.00,0.02,5.4,14.0
2025-02-14T23:00,-7.7,0.00,0.00,0.02,7.6,15.7
2025-02-15T00:00,-7.9,0.00,0.00,0.02,9.0,18.3
2025-02-15T01:00,-7.9,0.00,0.00,0.02,8.8,17.4
2025-02-15T02:00,-7.7,0.00,0.00,0.02,9.5,18.4
2025-02-15T03:00,-7.6,0.00,0.07,0.02,11.4,19.7
2025-02-15T04:00,-8.1,0.00,0.07,0.02,11.9,20.7
2025-02-15T05:00,-8.7,0.00,0.00,0.02,11.2,19.1
2025-02-15T06:00,-8.8,0.00,0.00,0.02,11.9,20.0
2025-02-15T07:00,-8.9,0.00,0.00,0.03,11.9,19.1
2025-02-15T08:00,-8.8,0.00,0.00,0.03,11.4,18.1
2025-02-15T09:00,-8.6,0.00,0.00,0.03,11.6,17.9
2025-02-15T10:00,-8.3,0.00,0.00,0.03,11.1,17.0
2025-02-15T11:00,-8.1,0.00,0.00,0.03,10.9,16.8
2025-02-15T12:00,-8.2,0.00,0.00,0.03,10.8,16.8
2025-02-15T13:00,-8.1,0.00,0.00,0.03,11.2,17.9
2025-02-15T14:00,-8.3,0.00,0.00,0.03,11.0,18.6
2025-02-15T15:00,-8.3,0.00,0.00,0.03,7.5,14.5
2025-02-15T16:00,-8.3,0.00,0.00,0.03,6.5,13.2
2025-02-15T17:00,-8.6,0.00,0.00,0.03,8.8,17.3
2025-02-15T18:00,-9.4,0.00,0.00,0.03,8.7,19.3
2025-02-15T19:00,-10.1,0.00,0.00,0.03,7.6,18.5
2025-02-15T20:00,-10.3,0.00,0.00,0.03,7.2,17.4
2025-02-15T21:00,-10.9,0.00,0.00,0.03,6.2,17.0
2025-02-15T22:00,-11.2,0.00,0.00,0.03,5.6,16.6
2025-02-15T23:00,-12.0,0.00,0.00,0.03,5.0,15.2
2025-02-16T00:00,-12.6,0.00,0.00,0.03,5.1,15.0
2025-02-16T01:00,-11.0,0.00,0.07,0.03,5.8,15.1
2025-02-16T02:00,-11.4,0.00,0.07,0.03,5.9,15.4
2025-02-16T03:00,-11.9,0.00,0.00,0.03,5.6,15.8
2025-02-16T04:00,-12.1,0.00,0.00,0.03,5.7,16.0
2025-02-16T05:00,-11.9,0.00,0.00,0.03,6.1,15.7
2025-02-16T06:00,-10.8,0.00,0.00,0.03,7.7,13.4
2025-02-16T07:00,-10.1,0.00,0.00,0.03,8.6,13.0
2025-02-16T08:00,-9.6,0.00,0.00,0.03,9.8,14.7
2025-02-16T09:00,-9.4,0.00,0.00,0.03,10.5,15.9
2025-02-16T10:00,-9.2,0.00,0.00,0.03,11.3,17.2
2025-02-16T11:00,-9.2,0.00,0.00,0.03,11.1,17.1
2025-02-16T12:00,-9.0,0.00,0.00,0.03,12.4,19.1
2025-02-16T13:00,-9.8,0.00,0.00,0.03,11.8,18.7
2025-02-16T14:00,-10.1,0.00,0.00,0.03,12.1,19.9
2025-02-16T15:00,-10.3,0.00,0.07,0.03,13.0,21.2
2025-02-16T16:00,-10.6,0.00,0.07,0.03,12.3,19.8
2025-02-16T17:00,-10.6,0.00,0.07,0.03,10.4,18.0
2025-02-16T18:00,-10.7,0.00,0.00,0.03,9.4,17.6
2025-02-16T19:00,-11.5,0.00,0.00,0.03,9.0,18.4
2025-02-16T20:00,-12.4,0.00,0.00,0.03,8.6,19.6
2025-02-16T21:00,-12.4,0.00,0.00,0.03,9.2,19.4
2025-02-16T22:00,-12.6,0.00,0.00,0.03,8.9,18.9
2025-02-16T23:00,-13.4,0.00,0.00,0.03,7.9,18.9
2025-02-17T00:00,-14.2,0.00,0.00,0.03,7.1,18.6
2025-02-17T01:00,-15.0,0.00,0.00,0.03,6.1,18.1
2025-02-17T02:00,-14.9,0.00,0.00,0.03,7.0,19.7
2025-02-17T03:00,-14.7,0.00,0.00,0.03,7.2,20.1
2025-02-17T04:00,-13.9,0.00,0.00,0.03,6.7,18.0
2025-02-17T05:00,-12.6,0.00,0.00,0.03,7.9,18.2
2025-02-17T06:00,-11.5,0.00,0.00,0.03,10.4,18.7
2025-02-17T07:00,-11.5,0.00,0.00,0.03,13.3,21.3
2025-02-17T08:00,-11.7,0.00,0.00,0.03,13.9,21.8
2025-02-17T09:00,-11.3,0.00,0.00,0.03,14.6,22.5
2025-02-17T10:00,-10.7,0.00,0.00,0.03,14.7,22.6
2025-02-17T11:00,-10.2,0.00,0.00,0.03,14.6,22.5
2025-02-17T12:00,-9.9,0.00,0.00,0.03,14.0,21.8
2025-02-17T13:00,-10.4,0.00,0.00,0.03,12.2,19.3
2025-02-17T14:00,-10.5,0.00,0.00,0.03,11.6,19.6
2025-02-17T15:00,-10.5,0.00,0.00,0.03,9.4,17.7
2025-02-17T16:00,-10.3,0.00,0.00,0.03,9.8,18.2
2025-02-17T17:00,-11.5,0.00,0.00,0.03,9.4,21.0
2025-02-17T18:00,-12.2,0.00,0.00,0.03,8.3,20.8
2025-02-17T19:00,-13.3,0.00,0.00,0.03,6.2,19.0
2025-02-17T20:00,-14.7,0.00,0.00,0.03,5.7,17.3
2025-02-17T21:00,-15.2,0.00,0.00,0.03,5.6,17.0
2025-02-17T22:00,-15.4,0.00,0.00,0.03,5.2,16.0
2025-02-17T23:00,-15.4,0.00,0.00,0.03,3.8,13.1
2025-02-18T00:00,-15.8,0.00,0.00,0.03,3.7,13.0
2025-02-18T01:00,-15.4,0.00,0.00,0.03,4.7,14.2
2025-02-18T02:00,-15.0,0.00,0.00,0.03,4.9,14.7
2025-02-18T03:00,-13.9,0.00,0.00,0.03,4.7,14.5
2025-02-18T04:00,-12.2,0.00,0.07,0.03,4.0,11.0
2025-02-18T05:00,-12.0,0.00,0.07,0.03,2.9,8.8
2025-02-18T06:00,-11.8,0.00,0.00,0.03,4.6,11.0
2025-02-18T07:00,-10.5,0.00,0.00,0.03,5.8,8.2
2025-02-18T08:00,-9.8,0.00,0.00,0.03,6.1,8.6
2025-02-18T09:00,-8.8,0.00,0.00,0.03,6.3,9.1
2025-02-18T10:00,-7.9,0.00,0.00,0.03,7.4,10.9
2025-02-18T11:00,-7.5,0.00,0.00,0.03,8.2,12.2
2025-02-18T12:00,-7.3,0.00,0.00,0.03,8.1,12.4
2025-02-18T13:00,-6.6,0.00,0.00,0.03,7.3,12.1
2025-02-18T14:00,-7.8,0.00,0.00,0.03,4.5,12.7
2025-02-18T15:00,-9.5,0.00,0.00,0.03,6.0,17.3
2025-02-18T16:00,-8.7,0.00,0.00,0.03,8.2,21.0
2025-02-18T17:00,-9.3,0.00,0.00,0.03,5.9,17.6
2025-02-18T18:00,-9.0,0.00,0.07,0.03,5.5,16.3
2025-02-18T19:00,-8.4,0.00,0.00,0.03,6.2,16.1
2025-02-18T20:00,-7.7,0.00,0.00,0.03,7.9,17.8
2025-02-18T21:00,-8.8,0.00,0.00,0.03,5.5,16.6
2025-02-18T22:00,-10.3,0.00,0.00,0.03,5.1,15.4
2025-02-18T23:00,-9.5,0.00,0.00,0.03,4.8,14.5
2025-02-19T00:00,-8.6,0.00,0.00,0.04,4.5,14.2
2025-02-19T01:00,-9.3,0.00,0.00,0.04,5.0,14.2
2025-02-19T02:00,-9.1,0.00,0.00,0.04,4.2,12.5
2025-02-19T03:00,-7.6,0.00,0.00,0.04,6.9,17.1
2025-02-19T04:00,-7.3,0.00,0.00,0.04,8.2,17.6
2025-02-19T05:00,-7.6,0.00,0.00,0.04,9.0,18.7
2025-02-19T06:00,-7.7,0.00,0.00,0.04,8.3,16.7
2025-02-19T07:00,-7.6,0.00,0.00,0.04,4.7,9.9
2025-02-19T08:00,-6.7,0.00,0.00,0.04,3.8,5.7
2025-02-19T09:00,-5.9,0.00,0.00,0.04,5.0,7.4
2025-02-19T10:00,-5.3,0.00,0.00,0.04,4.3,6.2
2025-02-19T11:00,-4.9,0.00,0.00,0.04,2.3,3.3
2025-02-19T12:00,-4.8,0.00,0.00,0.04,1.3,1.8
2025-02-19T13:00,-5.3,0.00,0.00,0.04,1.5,2.7
2025-02-19T14:00,-5.7,0.00,0.07,0.04,1.8,3.8
2025-02-19T15:00,-6.8,0.00,0.00,0.04,2.6,6.4
2025-02-19T16:00,-7.3,0.00,0.00,0.04,2.5,8.1
2025-02-19T17:00,-9.4,0.00,0.00,0.04,6.2,16.7
2025-02-19T18:00,-8.4,0.00,0.00,0.04,8.7,21.6
2025-02-19T19:00,-8.0,0.00,0.00,0.04,8.6,20.0
2025-02-19T20:00,-7.9,0.00,0.00,0.04,8.3,18.3
2025-02-19T21:00,-8.4,0.00,0.00,0.04,7.6,17.3
2025-02-19T22:00,-9.1,0.00,0.00,0.04,7.8,17.8
2025-02-19T23:00,-9.3,0.00,0.00,0.04,7.6,17.6
2025-02-20T00:00,-9.4,0.00,0.00,0.04,6.8,16.2
2025-02-20T01:00,-10.6,0.00,0.00,0.04,4.7,13.7
2025-02-20T02:00,-11.6,0.00,0.00,0.04,5.2,15.1
2025-02-20T03:00,-12.9,0.00,0.00,0.04,5.0,14.9
2025-02-20T04:00,-13.7,0.00,0.00,0.04,4.9,14.7
2025-02-20T05:00,-12.9,0.00,0.00,0.04,4.6,14.4
2025-02-20T06:00,-10.1,0.00,0.00,0.04,5.2,9.9
2025-02-20T07:00,-8.8,0.00,0.00,0.04,4.6,7.6
2025-02-20T08:00,-7.8,0.00,0.00,0.04,3.2,5.4
2025-02-20T09:00,-7.1,0.00,0.00,0.04,7.1,10.9
2025-02-20T10:00,-6.7,0.00,0.00,0.04,7.6,11.5
2025-02-20T11:00,-6.5,0.00,0.00,0.04,7.4,11.3
2025-02-20T12:00,-6.4,0.00,0.00,0.04,8.0,12.2
2025-02-20T13:00,-7.5,0.00,0.00,0.04,8.1,12.7
2025-02-20T14:00,-7.7,0.00,0.00,0.04,6.3,11.7
2025-02-20T15:00,-8.3,0.00,0.00,0.04,3.7,10.3
2025-02-20T16:00,-8.9,0.00,0.00,0.04,3.1,9.2
2025-02-20T17:00,-8.9,0.00,0.00,0.04,1.1,7.1
2025-02-20T18:00,-9.3,0.00,0.00,0.04,0.3,4.1
2025-02-20T19:00,-9.1,0.00,0.00,0.04,0.9,2.7
2025-02-20T20:00,-9.4,0.00,0.00,0.04,3.8,8.5
2025-02-20T21:00,-9.4,0.00,0.00,0.04,3.8,10.5
2025-02-20T22:00,-9.6,0.00,0.00,0.04,3.1,9.2
2025-02-20T23:00,-9.2,0.00,0.00,0.04,4.5,11.6
2025-02-21T00:00,-9.4,0.00,0.00,0.04,5.2,13.5
2025-02-21T01:00,-9.0,0.00,0.00,0.04,5.1,14.0
2025-02-21T02:00,-9.9,0.00,0.00,0.04,4.7,13.8
2025-02-21T03:00,-11.0,0.00,0.00,0.04,5.0,14.2
2025-02-21T04:00,-11.7,0.00,0.00,0.04,5.6,16.0
2025-02-21T05:00,-12.1,0.00,0.00,0.04,6.0,17.7
2025-02-21T06:00,-10.6,0.00,0.00,0.04,6.4,17.9
2025-02-21T07:00,-9.2,0.00,0.00,0.04,7.9,20.6
2025-02-21T08:00,-7.7,0.00,0.00,0.04,7.0,18.0
2025-02-21T09:00,-6.3,0.00,0.00,0.04,7.9,13.1
2025-02-21T10:00,-5.1,0.00,0.00,0.04,8.4,13.6
2025-02-21T11:00,-4.4,0.00,0.00,0.04,8.8,14.2
2025-02-21T12:00,-3.9,0.00,0.00,0.04,8.8,14.7
2025-02-21T13:00,-3.2,0.00,0.00,0.04,6.7,14.8
2025-02-21T14:00,-4.1,0.00,0.00,0.04,7.1,17.5
2025-02-21T15:00,-5.1,0.00,0.00,0.04,8.4,20.8
2025-02-21T16:00,-5.6,0.00,0.00,0.04,9.4,22.6
2025-02-21T17:00,-6.2,0.00,0.00,0.04,9.6,22.9
2025-02-21T18:00,-6.7,0.00,0.00,0.04,9.5,22.5
2025-02-21T19:00,-7.1,0.00,0.00,0.04,8.3,20.2
2025-02-21T20:00,-7.3,0.00,0.00,0.04,7.9,19.3
2025-02-21T21:00,-7.9,0.00,0.00,0.04,7.4,19.1
2025-02-21T22:00,-8.7,0.00,0.00,0.04,6.8,18.7
2025-02-21T23:00,-9.2,0.00,0.00,0.04,7.4,19.3
2025-02-22T00:00,-9.3,0.00,0.00,0.04,8.1,20.8
2025-02-22T01:00,-8.2,0.00,0.00,0.04,7.0,19.6
2025-02-22T02:00,-8.7,0.00,0.00,0.04,6.5,17.9
2025-02-22T03:00,-9.2,0.00,0.00,0.04,7.1,18.7
2025-02-22T04:00,-9.3,0.00,0.00,0.04,7.4,19.3
2025-02-22T05:00,-9.6,0.00,0.00,0.04,7.6,19.4
2025-02-22T06:00,-9.1,0.00,0.00,0.04,7.0,17.5
2025-02-22T07:00,-8.0,0.00,0.00,0.04,6.0,17.5
2025-02-22T08:00,-6.7,0.00,0.00,0.04,5.7,11.0
2025-02-22T09:00,-5.4,0.00,0.00,0.04,5.8,9.7
2025-02-22T10:00,-4.2,0.00,0.00,0.04,6.0,9.2
2025-02-22T11:00,-3.4,0.00,0.00,0.04,6.0,9.4
2025-02-22T12:00,-3.1,0.00,0.00,0.04,5.1,8.8
2025-02-22T13:00,-2.7,0.00,0.00,0.04,4.2,9.9
2025-02-22T14:00,-4.5,0.00,0.00,0.04,3.3,10.3
2025-02-22T15:00,-6.2,0.00,0.00,0.04,3.0,11.9
2025-02-22T16:00,-7.6,0.00,0.00,0.04,5.6,14.9
2025-02-22T17:00,-8.2,0.00,0.00,0.04,5.6,15.8
2025-02-22T18:00,-8.9,0.00,0.00,0.04,4.5,14.4
2025-02-22T19:00,-9.6,0.00,0.00,0.04,3.8,12.9
2025-02-22T20:00,-10.2,0.00,0.00,0.04,3.1,11.2
2025-02-22T21:00,-10.9,0.00,0.00,0.04,2.3,9.3
2025-02-22T22:00,-11.6,0.00,0.00,0.04,1.9,8.6
2025-02-22T23:00,-12.2,0.00,0.00,0.04,1.7,8.3
2025-02-23T00:00,-12.6,0.00,0.00,0.04,1.3,8.0
2025-02-23T01:00,-12.8,0.00,0.00,0.04,2.1,9.2
2025-02-23T02:00,-13.1,0.00,0.00,0.04,2.8,10.8
2025-02-23T03:00,-13.8,0.00,0.00,0.04,4.8,14.0
2025-02-23T04:00,-14.1,0.00,0.00,0.04,5.2,16.0
2025-02-23T05:00,-13.6,0.00,0.00,0.04,5.7,17.5
2025-02-23T06:00,-11.5,0.00,0.00,0.04,4.7,15.7
2025-02-23T07:00,-9.7,0.00,0.00,0.04,4.3,14.7
2025-02-23T08:00,-8.1,0.00,0.00,0.04,3.1,9.4
2025-02-23T09:00,-6.5,0.00,0.00,0.04,2.8,5.0
2025-02-23T10:00,-5.4,0.00,0.00,0.04,2.8,4.4
2025-02-23T11:00,-4.6,0.00,0.00,0.04,3.3,4.9
2025-02-23T12:00,-4.2,0.00,0.00,0.04,3.3,5.1
2025-02-23T13:00,-3.7,0.00,0.00,0.04,3.3,7.3
2025-02-23T14:00,-5.3,0.00,0.00,0.04,2.3,8.0
2025-02-23T15:00,-7.1,0.00,0.00,0.04,2.4,10.1
2025-02-23T16:00,-8.2,0.00,0.00,0.04,4.2,13.9
2025-02-23T17:00,-8.8,0.00,0.00,0.04,6.6,19.0
2025-02-23T18:00,-10.0,0.00,0.00,0.04,6.2,18.2
2025-02-23T19:00,-11.8,0.00,0.00,0.04,5.0,15.7
2025-02-23T20:00,-12.2,0.00,0.00,0.04,2.6,12.9
2025-02-23T21:00,-12.9,0.00,0.00,0.04,2.7,11.9
2025-02-23T22:00,-13.6,0.00,0.00,0.04,3.6,12.5
2025-02-23T23:00,-14.2,0.00,0.00,0.04,4.0,13.0
2025-02-24T00:00,-14.9,0.00,0.00,0.04,4.7,14.7
2025-02-24T01:00,-14.7,0.00,0.00,0.04,5.4,16.0
2025-02-24T02:00,-15.2,0.00,0.00,0.04,5.4,16.9
2025-02-24T03:00,-15.6,0.00,0.00,0.04,5.3,16.7
2025-02-24T04:00,-16.0,0.00,0.00,0.04,5.4,16.8
2025-02-24T05:00,-16.0,0.00,0.00,0.04,5.9,17.9
2025-02-24T06:00,-13.6,0.00,0.00,0.04,5.6,18.0
2025-02-24T07:00,-11.7,0.00,0.00,0.04,5.3,20.6
2025-02-24T08:00,-9.8,0.00,0.00,0.04,3.9,20.5
2025-02-24T09:00,-7.8,0.00,0.00,0.04,4.3,9.8
2025-02-24T10:00,-5.7,0.00,0.00,0.04,5.6,9.5
2025-02-24T11:00,-4.3,0.00,0.00,0.04,7.1,12.0
2025-02-24T12:00,-3.8,0.00,0.00,0.04,7.2,13.1
2025-02-24T13:00,-3.2,0.00,0.00,0.04,7.3,15.3
2025-02-24T14:00,-4.4,0.00,0.00,0.04,7.6,18.6
2025-02-24T15:00,-6.2,0.00,0.00,0.04,8.0,21.6
2025-02-24T16:00,-7.3,0.00,0.00,0.04,7.7,21.9
2025-02-24T17:00,-8.5,0.00,0.00,0.04,6.7,20.8
2025-02-24T18:00,-9.9,0.00,0.00,0.04,6.1,18.3
2025-02-24T19:00,-11.1,0.00,0.00,0.04,5.0,15.3
2025-02-24T20:00,-11.7,0.00,0.00,0.04,4.5,14.0
2025-02-24T21:00,-12.3,0.00,0.00,0.04,4.4,13.7
2025-02-24T22:00,-12.7,0.00,0.00,0.04,3.1,12.5
2025-02-24T23:00,-13.0,0.00,0.00,0.04,2.1,10.2
2025-02-25T00:00,-13.5,0.00,0.00,0.04,1.1,6.1
2025-02-25T01:00,-13.5,0.00,0.00,0.04,1.9,4.0
2025-02-25T02:00,-14.0,0.00,0.00,0.04,2.0,6.3
2025-02-25T03:00,-14.5,0.00,0.00,0.04,1.9,7.6
2025-02-25T04:00,-15.1,0.00,0.00,0.04,2.7,10.7
2025-02-25T05:00,-15.2,0.00,0.00,0.04,2.7,12.3
2025-02-25T06:00,-13.3,0.00,0.00,0.04,1.5,10.3
2025-02-25T07:00,-10.9,0.00,0.00,0.04,3.1,11.5
2025-02-25T08:00,-8.8,0.00,0.00,0.04,0.4,9.3
2025-02-25T09:00,-6.9,0.00,0.00,0.04,1.4,2.4
2025-02-25T10:00,-5.2,0.00,0.00,0.04,2.3,3.6
2025-02-25T11:00,-4.0,0.00,0.00,0.04,3.1,4.7
2025-02-25T12:00,-3.2,0.00,0.00,0.04,3.1,5.6
2025-02-25T13:00,-2.0,0.00,0.00,0.04,1.7,4.0
2025-02-25T14:00,-3.2,0.00,0.00,0.04,0.4,3.1
2025-02-25T15:00,-5.5,0.00,0.00,0.04,0.8,3.5
2025-02-25T16:00,-6.5,0.00,0.00,0.04,1.5,6.0
2025-02-25T17:00,-7.7,0.00,0.00,0.04,2.2,8.0
2025-02-25T18:00,-8.8,0.00,0.00,0.04,2.8,10.2
2025-02-25T19:00,-9.6,0.00,0.00,0.04,2.7,10.4
2025-02-25T20:00,-10.0,0.00,0.00,0.04,2.8,11.7
2025-02-25T21:00,-10.4,0.00,0.00,0.04,3.2,13.6
2025-02-25T22:00,-10.5,0.00,0.00,0.04,5.1,16.1
2025-02-25T23:00,-9.1,0.00,0.00,0.04,4.6,14.6
2025-02-26T00:00,-9.2,0.00,0.00,0.04,4.6,14.3
2025-02-26T01:00,-10.0,0.00,0.00,0.04,4.4,14.5
2025-02-26T02:00,-9.6,0.00,0.00,0.04,5.1,15.2
2025-02-26T03:00,-8.7,0.00,0.00,0.04,4.7,15.0
2025-02-26T04:00,-9.4,0.00,0.00,0.04,4.2,13.0
2025-02-26T05:00,-10.5,0.00,0.00,0.04,5.1,13.6
2025-02-26T06:00,-7.7,0.00,0.00,0.04,5.5,14.6
2025-02-26T07:00,-6.6,0.00,0.00,0.04,4.1,13.9
2025-02-26T08:00,-5.1,0.00,0.00,0.04,3.3,6.0
2025-02-26T09:00,-3.7,0.00,0.00,0.04,3.6,5.5
2025-02-26T10:00,-2.6,0.00,0.00,0.04,4.6,6.9
2025-02-26T11:00,-2.0,0.00,0.00,0.04,5.2,7.9
2025-02-26T12:00,-1.6,0.00,0.00,0.04,5.2,8.0
2025-02-26T13:00,-1.2,0.00,0.00,0.04,4.5,8.6
2025-02-26T14:00,-2.7,0.00,0.00,0.04,3.6,9.3
2025-02-26T15:00,-4.8,0.00,0.00,0.04,3.9,12.0
2025-02-26T16:00,-5.8,0.00,0.00,0.04,5.2,14.2
2025-02-26T17:00,-6.1,0.00,0.00,0.04,6.1,17.3
2025-02-26T18:00,-6.5,0.00,0.00,0.04,6.0,18.4
2025-02-26T19:00,-7.6,0.00,0.00,0.04,5.7,16.3
2025-02-26T20:00,-8.2,0.00,0.00,0.04,5.7,16.8
2025-02-26T21:00,-8.9,0.00,0.00,0.04,5.2,15.5
2025-02-26T22:00,-9.4,0.00,0.00,0.04,5.5,15.5
2025-02-26T23:00,-9.7,0.00,0.00,0.04,5.8,16.7
2025-02-27T00:00,-9.8,0.00,0.00,0.04,5.8,17.8
2025-02-27T01:00,-10.5,0.00,0.00,0.04,5.3,16.0
2025-02-27T02:00,-10.9,0.00,0.00,0.04,5.4,16.2
2025-02-27T03:00,-11.2,0.00,0.00,0.04,5.3,16.0
2025-02-27T04:00,-11.7,0.00,0.00,0.04,5.1,15.8
2025-02-27T05:00,-11.4,0.00,0.00,0.04,5.1,16.0
2025-02-27T06:00,-9.4,0.00,0.00,0.04,5.1,16.5
2025-02-27T07:00,-7.7,0.00,0.00,0.04,3.8,16.7
2025-02-27T08:00,-5.5,0.00,0.00,0.04,2.4,13.4
2025-02-27T09:00,-3.3,0.00,0.00,0.03,3.0,6.1
2025-02-27T10:00,-1.2,0.00,0.00,0.03,3.4,5.6
2025-02-27T11:00,0.0,0.00,0.00,0.03,3.1,4.9
2025-02-27T12:00,0.6,0.00,0.00,0.03,3.3,5.9
2025-02-27T13:00,0.8,0.00,0.00,0.03,3.2,7.9
2025-02-27T14:00,-0.8,0.00,0.00,0.03,1.9,7.8
2025-02-27T15:00,-3.1,0.00,0.00,0.03,3.9,11.7
2025-02-27T16:00,-4.0,0.00,0.00,0.03,5.5,15.5
2025-02-27T17:00,-5.1,0.00,0.00,0.03,4.9,15.0
2025-02-27T18:00,-6.1,0.00,0.00,0.03,4.7,14.5
2025-02-27T19:00,-7.0,0.00,0.00,0.03,4.0,13.3
2025-02-27T20:00,-7.9,0.00,0.00,0.03,3.6,11.9
2025-02-27T21:00,-8.9,0.00,0.00,0.03,4.0,11.4
2025-02-27T22:00,-9.3,0.00,0.00,0.03,2.7,11.7
2025-02-27T23:00,-9.9,0.00,0.00,0.03,1.6,8.6
2025-02-28T00:00,-10.5,0.00,0.00,0.03,2.0,7.7
2025-02-28T01:00,-10.7,0.00,0.00,0.03,3.2,9.7
2025-02-28T02:00,-11.0,0.00,0.00,0.03,2.1,9.2
2025-02-28T03:00,-11.3,0.00,0.00,0.03,1.8,8.6
2025-02-28T04:00,-11.5,0.00,0.00,0.03,2.5,11.7
2025-02-28T05:00,-11.1,0.00,0.00,0.03,2.3,12.7
2025-02-28T06:00,-8.4,0.00,0.00,0.03,3.9,14.5
2025-02-28T07:00,-5.0,0.00,0.00,0.03,6.1,15.7
2025-02-28T08:00,-2.5,0.00,0.00,0.03,3.1,16.9
2025-02-28T09:00,-0.4,0.00,0.00,0.03,3.5,7.1
2025-02-28T10:00,1.2,0.00,0.00,0.03,4.2,7.3
2025-02-28T11:00,2.0,0.00,0.00,0.03,4.4,8.7
2025-02-28T12:00,2.5,0.00,0.00,0.03,4.3,9.1
2025-02-28T13:00,3.3,0.00,0.00,0.03,5.5,8.8
2025-02-28T14:00,2.5,0.00,0.00,0.03,4.7,11.0
2025-02-28T15:00,1.3,0.00,0.00,0.03,6.3,14.2
2025-02-28T16:00,0.5,0.00,0.00,0.03,8.1,17.5
2025-02-28T17:00,-0.1,0.00,0.00,0.03,8.2,18.4
2025-02-28T18:00,-0.5,0.00,0.00,0.03,8.7,19.3
2025-02-28T19:00,-1.2,0.00,0.00,0.03,8.5,18.6
2025-02-28T20:00,-1.8,0.00,0.00,0.03,8.4,18.3
2025-02-28T21:00,-2.5,0.00,0.00,0.03,8.2,18.3
2025-02-28T22:00,-3.1,0.00,0.00,0.03,8.3,18.5
2025-02-28T23:00,-3.7,0.00,0.00,0.03,8.8,19.2
2025-03-01T00:00,-4.2,0.00,0.00,0.03,8.7,19.3
2025-03-01T01:00,-3.3,0.00,0.00,0.03,8.5,18.5
2025-03-01T02:00,-3.2,0.00,0.00,0.03,8.0,17.7
2025-03-01T03:00,-3.0,0.00,0.00,0.03,8.0,17.3
2025-03-01T04:00,-2.9,0.00,0.00,0.03,8.1,17.7
2025-03-01T05:00,-2.5,0.00,0.00,0.03,7.9,16.9
2025-03-01T06:00,-2.2,0.00,0.00,0.03,7.2,19.8
2025-03-01T07:00,-1.4,0.00,0.00,0.03,6.5,13.6
2025-03-01T08:00,0.0,0.00,0.00,0.03,6.5,10.9
2025-03-01T09:00,1.2,0.00,0.00,0.03,8.4,13.5
2025-03-01T10:00,1.7,0.00,0.00,0.02,8.0,13.0
2025-03-01T11:00,2.5,0.00,0.00,0.02,7.5,12.0
2025-03-01T12:00,3.2,0.00,0.00,0.02,7.4,11.7
2025-03-01T13:00,3.3,0.00,0.00,0.02,6.2,12.7
2025-03-01T14:00,2.3,0.00,0.00,0.02,8.0,16.7
2025-03-01T15:00,1.1,0.00,0.00,0.02,9.1,19.4
2025-03-01T16:00,0.4,0.00,0.00,0.02,8.3,18.4
2025-03-01T17:00,0.1,0.00,0.00,0.02,9.0,19.4
2025-03-01T18:00,-0.2,0.00,0.00,0.02,9.6,19.3
2025-03-01T19:00,-0.6,0.00,0.00,0.02,8.9,17.6
2025-03-01T20:00,-1.1,0.00,0.00,0.02,8.0,16.7
2025-03-01T21:00,-1.4,0.00,0.00,0.02,8.2,16.5
2025-03-01T22:00,-1.9,0.00,0.00,0.02,8.0,16.3
2025-03-01T23:00,-2.3,0.00,0.00,0.02,7.5,15.2
2025-03-02T00:00,-2.6,0.00,0.00,0.02,7.0,14.2
2025-03-02T01:00,-2.4,0.00,0.00,0.02,6.3,13.8
2025-03-02T02:00,-2.6,0.00,0.00,0.02,5.3,12.4
2025-03-02T03:00,-2.3,0.00,0.07,0.02,5.1,11.0
2025-03-02T04:00,-2.2,0.00,0.07,0.02,5.6,11.8
2025-03-02T05:00,-2.0,0.00,0.07,0.02,6.2,12.8
2025-03-02T06:00,-1.4,0.00,0.07,0.02,6.9,11.6
2025-03-02T07:00,-0.6,0.00,0.00,0.02,7.2,10.7
2025-03-02T08:00,0.3,0.00,0.00,0.02,7.4,10.9
2025-03-02T09:00,0.7,0.00,0.00,0.02,7.0,10.4
2025-03-02T10:00,1.0,0.00,0.00,0.02,6.8,9.9
2025-03-02T11:00,1.2,0.00,0.00,0.02,6.4,9.6
2025-03-02T12:00,1.3,0.00,0.00,0.02,5.7,8.6
2025-03-02T13:00,0.3,0.00,0.00,0.02,6.0,9.2
2025-03-02T14:00,0.0,0.00,0.00,0.02,3.4,8.0
2025-03-02T15:00,-0.5,0.00,0.00,0.02,2.5,7.1
2025-03-02T16:00,-1.0,0.00,0.00,0.02,3.4,9.9
2025-03-02T17:00,-2.8,0.00,0.00,0.02,4.9,13.6
2025-03-02T18:00,-2.6,0.00,0.00,0.02,5.0,15.2
2025-03-02T19:00,-1.6,0.00,0.00,0.02,6.6,16.5
2025-03-02T20:00,-1.6,0.00,0.00,0.02,6.5,15.2
2025-03-02T21:00,-1.5,0.00,0.07,0.02,6.7,15.2
2025-03-02T22:00,-1.2,0.00,0.07,0.02,7.2,15.7
2025-03-02T23:00,-1.3,0.00,0.00,0.02,6.4,14.8
2025-03-03T00:00,-1.4,0.00,0.00,0.02,5.2,12.9
2025-03-03T01:00,-1.7,0.00,0.00,0.02,5.5,15.1
2025-03-03T02:00,-1.2,0.00,0.00,0.02,6.4,15.5
2025-03-03T03:00,-0.8,0.00,0.00,0.02,7.6,16.1
2025-03-03T04:00,-0.8,0.00,0.00,0.02,8.3,16.8
2025-03-03T05:00,-0.8,0.00,0.00,0.02,8.5,17.4
2025-03-03T06:00,-0.5,0.00,0.00,0.02,8.0,14.9
2025-03-03T07:00,-0.2,0.00,0.00,0.02,8.2,13.9
2025-03-03T08:00,0.4,0.00,0.07,0.02,12.3,19.6
2025-03-03T09:00,0.6,0.00,0.21,0.02,9.4,15.2
2025-03-03T10:00,1.0,0.00,0.07,0.02,7.8,12.7
2025-03-03T11:00,0.9,0.00,0.14,0.03,6.8,12.3
2025-03-03T12:00,0.9,0.00,0.14,0.03,7.0,12.0
2025-03-03T13:00,1.1,0.00,0.00,0.03,6.4,13.0
2025-03-03T14:00,1.0,0.00,0.00,0.02,3.8,10.3
2025-03-03T15:00,0.6,0.00,0.00,0.02,4.6,12.5
2025-03-03T16:00,0.5,0.00,0.07,0.02,7.4,17.5
2025-03-03T17:00,-0.3,0.00,0.00,0.02,7.1,17.4
2025-03-03T18:00,-1.4,0.00,0.00,0.02,7.1,19.0
2025-03-03T19:00,-1.5,0.00,0.00,0.02,8.1,20.4
2025-03-03T20:00,-1.1,0.00,0.00,0.02,8.3,19.2
2025-03-03T21:00,-1.1,0.00,0.07,0.03,8.5,18.8
2025-03-03T22:00,-0.9,0.00,0.21,0.03,8.9,19.0
2025-03-03T23:00,-0.5,0.00,0.28,0.03,8.9,18.5
2025-03-04T00:00,0.1,0.00,0.35,0.04,8.9,19.0
2025-03-04T01:00,0.6,0.10,0.14,0.04,10.3,20.3
2025-03-04T02:00,0.7,0.00,0.07,0.04,10.8,21.4
2025-03-04T03:00,0.8,0.00,0.00,0.04,10.9,21.8
2025-03-04T04:00,0.7,0.10,0.00,0.04,10.0,20.5
2025-03-04T05:00,0.8,0.10,0.14,0.04,11.4,22.8
2025-03-04T06:00,1.1,0.00,0.07,0.04,13.0,24.9
2025-03-04T07:00,1.5,0.00,0.00,0.04,12.1,23.4
2025-03-04T08:00,2.0,0.00,0.00,0.04,12.7,24.4
2025-03-04T09:00,2.4,0.00,0.00,0.04,10.0,20.2
2025-03-04T10:00,2.7,0.00,0.00,0.04,11.6,22.7
2025-03-04T11:00,2.8,0.00,0.00,0.03,11.1,21.7
2025-03-04T12:00,2.8,0.00,0.00,0.03,13.3,25.5
2025-03-04T13:00,3.1,0.00,0.00,0.03,11.6,20.8
2025-03-04T14:00,2.7,0.00,0.00,0.03,14.0,25.4
2025-03-04T15:00,1.7,0.30,0.14,0.03,13.0,24.5
2025-03-04T16:00,1.4,0.20,0.00,0.03,15.5,28.9
2025-03-04T17:00,1.7,0.10,0.00,0.03,16.1,29.6
2025-03-04T18:00,1.4,0.30,0.07,0.03,14.0,26.3
2025-03-04T19:00,0.8,0.30,0.42,0.03,14.2,27.1
2025-03-04T20:00,0.8,0.20,0.84,0.03,16.7,31.2
2025-03-04T21:00,0.9,0.20,0.07,0.03,16.7,30.6
2025-03-04T22:00,0.7,0.00,0.00,0.03,18.2,32.3
2025-03-04T23:00,0.5,0.00,0.07,0.03,18.4,32.8
2025-03-05T00:00,-0.1,0.00,0.35,0.03,17.4,31.5
2025-03-05T01:00,0.2,0.00,0.00,0.03,18.5,33.0
2025-03-05T02:00,0.2,0.00,0.00,0.03,20.5,36.3
2025-03-05T03:00,0.0,0.00,0.00,0.03,22.3,39.6
2025-03-05T04:00,0.1,0.00,0.00,0.03,21.0,37.4
2025-03-05T05:00,0.1,0.00,0.00,0.03,18.7,33.4
2025-03-05T06:00,0.4,0.00,0.00,0.03,18.1,32.1
2025-03-05T07:00,0.8,0.00,0.00,0.03,19.9,31.6
2025-03-05T08:00,1.5,0.00,0.00,0.03,17.4,28.0
2025-03-05T09:00,2.2,0.00,0.00,0.03,18.2,28.3
2025-03-05T10:00,2.4,0.00,0.00,0.03,15.1,23.9
2025-03-05T11:00,2.8,0.00,0.00,0.03,14.5,22.9
2025-03-05T12:00,3.4,0.00,0.00,0.03,10.8,17.8
2025-03-05T13:00,2.9,0.00,0.00,0.03,9.8,16.1
2025-03-05T14:00,2.5,0.00,0.00,0.03,10.6,19.7
2025-03-05T15:00,1.9,0.00,0.00,0.03,12.1,23.1
2025-03-05T16:00,1.6,0.00,0.07,0.03,13.0,24.9
2025-03-05T17:00,1.3,0.00,0.14,0.03,14.2,26.9
2025-03-05T18:00,1.2,0.00,0.21,0.03,14.3,27.4
2025-03-05T19:00,1.1,0.20,0.42,0.03,14.6,27.8
2025-03-05T20:00,1.1,0.30,0.42,0.03,15.4,29.7
2025-03-05T21:00,1.7,0.40,0.00,0.03,17.5,31.7
2025-03-05T22:00,2.4,0.10,0.00,0.03,19.0,34.6
2025-03-05T23:00,2.9,0.20,0.00,0.03,19.4,35.2
2025-03-06T00:00,3.2,0.00,0.00,0.03,18.3,33.4
2025-03-06T01:00,3.2,0.20,0.00,0.03,15.5,28.9
2025-03-06T02:00,3.1,0.00,0.00,0.03,15.4,28.7
2025-03-06T03:00,3.3,0.00,0.00,0.03,16.0,30.0
2025-03-06T04:00,3.4,0.10,0.00,0.03,17.8,32.5
2025-03-06T05:00,3.7,0.00,0.00,0.02,17.1,31.7
2025-03-06T06:00,4.2,0.00,0.00,0.02,17.2,31.4
2025-03-06T07:00,4.5,0.00,0.00,0.02,15.7,28.9
2025-03-06T08:00,5.1,0.10,0.00,0.02,13.0,23.6
2025-03-06T09:00,4.6,0.20,0.00,0.02,13.3,24.8
2025-03-06T10:00,4.4,0.20,0.00,0.02,12.8,23.9
2025-03-06T11:00,4.4,0.20,0.00,0.01,13.0,24.3
2025-03-06T12:00,4.3,0.10,0.00,0.01,12.7,24.0
2025-03-06T13:00,5.1,0.10,0.00,0.01,15.1,27.6
2025-03-06T14:00,5.1,0.10,0.00,0.01,16.5,30.5
2025-03-06T15:00,5.2,0.10,0.00,0.01,17.6,32.7
2025-03-06T16:00,5.6,0.00,0.00,0.01,18.6,34.4
2025-03-06T17:00,5.8,0.10,0.00,0.01,18.1,33.9
2025-03-06T18:00,6.3,0.00,0.00,0.01,18.9,35.3
2025-03-06T19:00,7.2,0.00,0.00,0.01,19.9,36.8
2025-03-06T20:00,7.4,0.10,0.00,0.01,19.1,35.6
2025-03-06T21:00,7.8,0.00,0.00,0.01,19.9,36.7
2025-03-06T22:00,8.2,0.00,0.00,0.01,19.8,36.3
2025-03-06T23:00,8.2,0.00,0.00,0.00,19.2,35.4
2025-03-07T00:00,8.1,0.00,0.00,0.00,18.3,33.8
2025-03-07T01:00,8.1,0.00,0.00,0.00,17.5,32.6
2025-03-07T02:00,7.9,0.00,0.00,0.00,16.9,31.5
2025-03-07T03:00,7.8,0.00,0.00,0.00,18.4,34.0
2025-03-07T04:00,7.2,0.00,0.00,0.00,18.6,34.8
2025-03-07T05:00,6.9,0.00,0.00,0.00,17.9,33.4
2025-03-07T06:00,7.2,0.00,0.00,0.00,17.9,32.6
2025-03-07T07:00,7.8,0.00,0.00,0.00,15.0,27.2
2025-03-07T08:00,8.5,0.00,0.00,0.00,22.2,36.2
2025-03-07T09:00,8.6,0.00,0.00,0.00,20.0,33.0
2025-03-07T10:00,8.8,0.00,0.00,0.00,19.4,32.5
2025-03-07T11:00,8.6,0.00,0.00,0.00,17.2,29.9
2025-03-07T12:00,8.1,0.00,0.00,0.00,17.3,30.3
2025-03-07T13:00,8.4,0.00,0.00,0.00,17.9,31.3
2025-03-07T14:00,7.8,0.00,0.00,0.00,15.3,27.7
2025-03-07T15:00,6.8,0.00,0.00,0.00,14.3,27.0
2025-03-07T16:00,5.8,0.00,0.00,0.00,12.8,25.0
2025-03-07T17:00,4.6,0.00,0.00,0.00,10.7,22.4
2025-03-07T18:00,3.5,0.00,0.00,0.00,9.7,21.3
2025-03-07T19:00,2.5,0.00,0.00,0.00,8.2,19.1
2025-03-07T20:00,1.6,0.00,0.00,0.00,6.8,16.5
2025-03-07T21:00,0.8,0.00,0.00,0.00,5.4,14.1
2025-03-07T22:00,0.3,0.00,0.00,0.00,4.5,10.8
2025-03-07T23:00,-0.4,0.00,0.00,0.00,3.4,8.8
2025-03-08T00:00,-0.8,0.00,0.00,0.00,4.8,7.5
2025-03-08T01:00,-0.8,0.00,0.00,0.00,4.5,6.5
2025-03-08T02:00,-1.0,0.00,0.00,0.00,5.2,11.0
2025-03-08T03:00,-1.2,0.00,0.00,0.00,5.1,12.6
2025-03-08T04:00,-1.3,0.00,0.00,0.00,4.7,12.2
2025-03-08T05:00,-1.0,0.00,0.00,0.00,5.5,13.0
2025-03-08T06:00,0.3,0.00,0.00,0.00,4.7,13.9
2025-03-08T07:00,2.3,0.00,0.00,0.00,2.7,12.3
2025-03-08T08:00,4.2,0.00,0.00,0.00,3.6,6.6
2025-03-08T09:00,5.9,0.00,0.00,0.00,5.0,8.2
2025-03-08T10:00,7.4,0.00,0.00,0.00,6.7,10.4
2025-03-08T11:00,8.5,0.00,0.00,0.00,7.8,12.1
2025-03-08T12:00,9.2,0.00,0.00,0.00,8.6,13.5
2025-03-08T13:00,9.6,0.00,0.00,0.00,8.1,14.3
2025-03-08T14:00,9.1,0.00,0.00,0.00,8.9,18.2
2025-03-08T15:00,7.9,0.00,0.00,0.00,10.6,23.0
2025-03-08T16:00,6.8,0.00,0.00,0.00,11.8,26.4
2025-03-08T17:00,6.1,0.00,0.00,0.00,12.7,28.3
2025-03-08T18:00,5.6,0.00,0.00,0.00,13.1,29.1
2025-03-08T19:00,5.1,0.00,0.00,0.00,12.6,28.0
2025-03-08T20:00,4.5,0.00,0.00,0.00,13.2,28.9
2025-03-08T21:00,4.1,0.00,0.00,0.00,13.2,28.9
2025-03-08T22:00,3.9,0.00,0.00,0.00,13.1,28.5
2025-03-08T23:00,3.5,0.00,0.00,0.00,12.8,27.8
2025-03-09T00:00,3.0,0.00,0.00,0.00,12.6,27.2
2025-03-09T01:00,4.0,0.00,0.00,0.00,11.2,25.1
2025-03-09T02:00,3.6,0.00,0.00,0.00,11.4,25.2
2025-03-09T03:00,3.1,0.00,0.00,0.00,10.8,24.3
2025-03-09T04:00,2.5,0.00,0.00,0.00,10.9,24.2
2025-03-09T05:00,2.3,0.00,0.00,0.00,10.4,23.3
2025-03-09T06:00,3.2,0.00,0.00,0.00,9.5,25.9
2025-03-09T07:00,4.6,0.00,0.00,0.00,8.9,17.8
2025-03-09T08:00,6.3,0.00,0.00,0.00,9.2,15.2
2025-03-09T09:00,7.8,0.00,0.00,0.00,9.6,15.2
2025-03-09T10:00,9.0,0.00,0.00,0.00,9.8,15.6
2025-03-09T11:00,9.7,0.00,0.00,0.00,10.4,16.5
2025-03-09T12:00,10.1,0.00,0.00,0.00,10.6,17.1
2025-03-09T13:00,10.9,0.00,0.00,0.00,9.9,18.3
2025-03-09T14:00,10.2,0.00,0.00,0.00,9.3,19.0
2025-03-09T15:00,8.6,0.00,0.00,0.00,9.1,20.6
2025-03-09T16:00,7.2,0.00,0.00,0.00,9.7,22.6
2025-03-09T17:00,6.0,0.00,0.00,0.00,9.5,22.6
2025-03-09T18:00,4.8,0.00,0.00,0.00,8.6,21.3
2025-03-09T19:00,4.0,0.00,0.00,0.00,7.9,20.0
2025-03-09T20:00,3.2,0.00,0.00,0.00,6.4,17.3
2025-03-09T21:00,2.4,0.00,0.00,0.00,4.9,14.8
2025-03-09T22:00,1.7,0.00,0.00,0.00,5.1,14.3
2025-03-09T23:00,1.3,0.00,0.00,0.00,5.9,14.1
2025-03-10T00:00,0.3,0.00,0.00,0.00,3.7,11.6
2025-03-10T01:00,0.8,0.00,0.00,0.00,3.8,10.8
2025-03-10T02:00,0.4,0.00,0.00,0.00,4.4,12.8
2025-03-10T03:00,0.2,0.00,0.00,0.00,5.2,14.6
2025-03-10T04:00,0.0,0.00,0.00,0.00,6.9,16.6
2025-03-10T05:00,0.3,0.00,0.00,0.00,7.8,18.1
2025-03-10T06:00,1.3,0.00,0.00,0.00,8.0,20.4
2025-03-10T07:00,2.4,0.00,0.00,0.00,5.8,17.7
2025-03-10T08:00,3.9,0.00,0.00,0.00,6.7,11.9
2025-03-10T09:00,5.3,0.00,0.00,0.00,7.6,12.3
2025-03-10T10:00,6.1,0.00,0.00,0.00,8.5,13.7
2025-03-10T11:00,6.5,0.00,0.00,0.00,8.8,15.4
2025-03-10T12:00,7.4,0.00,0.00,0.00,10.0,17.1
2025-03-10T13:00,9.0,0.00,0.00,0.00,9.5,17.9
2025-03-10T14:00,8.5,0.00,0.00,0.00,10.2,20.6
2025-03-10T15:00,7.7,0.00,0.00,0.00,11.6,24.1
2025-03-10T16:00,7.0,0.00,0.00,0.00,12.2,26.1
2025-03-10T17:00,6.4,0.00,0.00,0.00,12.0,26.4
2025-03-10T18:00,5.8,0.00,0.00,0.00,11.8,26.0
2025-03-10T19:00,5.4,0.00,0.00,0.00,11.5,25.8
2025-03-10T20:00,5.2,0.00,0.00,0.00,10.6,24.1
2025-03-10T21:00,5.0,0.00,0.00,0.00,9.7,22.6
2025-03-10T22:00,4.8,0.00,0.00,0.00,9.5,22.4
2025-03-10T23:00,4.7,0.00,0.00,0.00,10.3,23.6
2025-03-11T00:00,4.7,0.00,0.00,0.00,10.8,25.0
2025-03-11T01:00,5.3,0.00,0.00,0.00,11.0,24.7
2025-03-11T02:00,5.0,0.00,0.00,0.00,11.9,26.3
2025-03-11T03:00,4.6,0.00,0.00,0.00,12.1,26.7
2025-03-11T04:00,4.0,0.00,0.00,0.00,12.3,27.1
2025-03-11T05:00,3.9,0.00,0.00,0.00,12.6,26.9
2025-03-11T06:00,4.7,0.00,0.00,0.00,10.8,27.8
2025-03-11T07:00,5.9,0.00,0.00,0.00,10.3,20.2
2025-03-11T08:00,7.3,0.00,0.00,0.00,10.5,17.9
2025-03-11T09:00,8.2,0.00,0.00,0.00,10.5,17.4
2025-03-11T10:00,8.7,0.00,0.00,0.00,10.9,19.1
2025-03-11T11:00,9.8,0.00,0.00,0.00,11.5,19.4
2025-03-11T12:00,10.3,0.00,0.00,0.00,10.4,17.4
2025-03-11T13:00,11.3,0.00,0.00,0.00,11.2,21.0
2025-03-11T14:00,10.8,0.00,0.00,0.00,12.3,24.1
2025-03-11T15:00,9.9,0.00,0.00,0.00,14.1,27.2
2025-03-11T16:00,8.6,0.10,0.00,0.00,15.0,28.6
2025-03-11T17:00,7.6,0.10,0.00,0.00,14.1,26.6
2025-03-11T18:00,7.0,0.00,0.00,0.00,14.8,27.6
2025-03-11T19:00,6.3,0.00,0.00,0.00,14.1,26.5
2025-03-11T20:00,5.7,0.00,0.00,0.00,13.3,25.3
2025-03-11T21:00,5.5,0.00,0.00,0.00,11.8,22.9
2025-03-11T22:00,5.4,0.00,0.00,0.00,9.9,20.1
2025-03-11T23:00,5.3,0.00,0.00,0.00,9.9,20.0
2025-03-12T00:00,5.2,0.00,0.00,0.00,9.9,20.4
2025-03-12T01:00,5.4,0.00,0.00,0.00,10.3,21.7
2025-03-12T02:00,5.5,0.00,0.00,0.00,8.1,17.6
2025-03-12T03:00,5.2,0.00,0.00,0.00,5.4,13.6
2025-03-12T04:00,4.8,0.00,0.00,0.00,6.3,13.7
2025-03-12T05:00,5.1,0.00,0.00,0.00,6.0,13.6
2025-03-12T06:00,5.9,0.00,0.00,0.00,4.9,10.7
2025-03-12T07:00,6.9,0.00,0.00,0.00,6.2,9.9
2025-03-12T08:00,8.2,0.00,0.00,0.00,5.0,7.5
2025-03-12T09:00,8.8,0.00,0.00,0.00,3.3,4.8
2025-03-12T10:00,9.5,0.00,0.00,0.00,5.0,7.5
2025-03-12T11:00,11.1,0.00,0.00,0.00,6.6,9.8
2025-03-12T12:00,11.8,0.00,0.00,0.00,7.5,11.7
2025-03-12T13:00,11.0,0.00,0.00,0.00,4.7,8.0
2025-03-12T14:00,10.9,0.00,0.00,0.00,5.5,10.8
2025-03-12T15:00,10.0,0.00,0.00,0.00,7.4,15.4
2025-03-12T16:00,9.0,0.30,0.00,0.00,8.5,17.6
2025-03-12T17:00,8.1,1.30,0.00,0.00,7.7,16.3
2025-03-12T18:00,7.5,0.70,0.00,0.00,5.8,13.4
2025-03-12T19:00,7.2,1.10,0.00,0.00,7.7,17.3
2025-03-12T20:00,7.0,1.20,0.00,0.00,9.9,21.2
2025-03-12T21:00,6.4,0.20,0.00,0.00,10.1,21.0
2025-03-12T22:00,5.6,0.00,0.00,0.00,11.4,23.8
2025-03-12T23:00,4.9,0.00,0.00,0.00,12.1,25.1
2025-03-13T00:00,4.9,0.00,0.00,0.00,12.5,25.2
2025-03-13T01:00,5.5,0.00,0.00,0.00,12.5,26.5
2025-03-13T02:00,5.0,0.00,0.00,0.00,13.5,27.7
2025-03-13T03:00,4.6,0.00,0.00,0.00,13.8,27.5
2025-03-13T04:00,3.8,0.00,0.00,0.00,13.4,26.1
2025-03-13T05:00,3.8,0.00,0.00,0.00,16.0,27.2
2025-03-13T06:00,3.8,0.00,0.00,0.00,13.2,21.4
2025-03-13T07:00,4.2,0.00,0.00,0.00,11.8,18.1
2025-03-13T08:00,5.3,0.00,0.00,0.00,11.4,17.3
2025-03-13T09:00,6.8,0.00,0.00,0.00,12.6,19.2
2025-03-13T10:00,7.7,0.00,0.00,0.00,12.0,18.2
2025-03-13T11:00,8.9,0.00,0.00,0.00,11.2,17.1
2025-03-13T12:00,10.9,0.00,0.00,0.00,7.9,12.7
2025-03-13T13:00,9.7,0.00,0.00,0.00,1.7,3.8
2025-03-13T14:00,9.8,0.00,0.00,0.00,5.3,11.3
2025-03-13T15:00,9.8,0.00,0.00,0.00,8.6,18.7
2025-03-13T16:00,9.7,0.00,0.00,0.00,10.6,22.6
2025-03-13T17:00,9.2,0.00,0.00,0.00,12.3,25.9
2025-03-13T18:00,9.1,0.00,0.00,0.00,13.6,28.2
2025-03-13T19:00,9.2,0.00,0.00,0.00,15.0,30.3
2025-03-13T20:00,9.2,0.00,0.00,0.00,15.5,30.8
2025-03-13T21:00,9.1,0.00,0.00,0.00,16.9,32.5
2025-03-13T22:00,8.6,0.60,0.00,0.00,16.7,31.5
2025-03-13T23:00,7.9,1.40,0.00,0.00,19.1,34.7
2025-03-14T00:00,7.9,2.10,0.00,0.00,20.1,37.0
2025-03-14T01:00,8.8,0.60,0.00,0.00,20.0,36.4
2025-03-14T02:00,10.2,0.60,0.00,0.00,20.6,37.6
2025-03-14T03:00,10.6,0.00,0.00,0.00,21.7,39.1
2025-03-14T04:00,10.9,0.20,0.00,0.00,20.3,36.4
2025-03-14T05:00,11.1,0.10,0.00,0.00,22.2,39.5
2025-03-14T06:00,11.5,0.10,0.00,0.00,21.3,38.2
2025-03-14T07:00,12.5,0.00,0.00,0.00,23.0,40.8
2025-03-14T08:00,13.2,0.10,0.00,0.00,22.5,36.6
2025-03-14T09:00,13.3,0.10,0.00,0.00,22.2,37.3
2025-03-14T10:00,13.8,0.10,0.00,0.00,25.3,42.1
2025-03-14T11:00,13.7,0.10,0.00,0.00,25.3,42.6
2025-03-14T12:00,13.5,0.00,0.00,0.00,28.7,48.4
2025-03-14T13:00,9.7,0.90,0.00,0.00,28.0,48.3
2025-03-14T14:00,8.9,0.00,0.00,0.00,27.7,47.9
2025-03-14T15:00,6.9,0.00,0.00,0.00,24.8,43.1
2025-03-14T16:00,5.9,0.00,0.00,0.00,21.6,36.9
2025-03-14T17:00,5.3,0.00,0.00,0.00,20.2,35.5
2025-03-14T18:00,4.6,0.00,0.00,0.00,16.9,30.4
2025-03-14T19:00,4.0,0.00,0.00,0.00,16.1,31.4
2025-03-14T20:00,3.3,0.00,0.00,0.00,15.8,28.8
2025-03-14T21:00,2.4,0.00,0.00,0.00,14.1,24.6
2025-03-14T22:00,1.9,0.00,0.00,0.00,12.6,21.1
2025-03-14T23:00,1.3,0.00,0.00,0.00,12.3,21.3
2025-03-15T00:00,0.9,0.00,0.00,0.00,10.0,18.5
2025-03-15T01:00,0.7,0.00,0.00,0.00,9.5,18.8
2025-03-15T02:00,0.3,0.00,0.00,0.00,9.6,18.5
2025-03-15T03:00,-0.3,0.00,0.00,0.00,11.1,20.4
2025-03-15T04:00,-1.4,0.00,0.00,0.00,10.1,18.2
2025-03-15T05:00,-1.6,0.00,0.00,0.00,8.8,14.1
2025-03-15T06:00,-1.4,0.00,0.00,0.00,8.0,12.7
2025-03-15T07:00,-1.0,0.00,0.00,0.00,6.4,9.9
2025-03-15T08:00,-0.6,0.00,0.00,0.00,5.8,8.9
2025-03-15T09:00,-0.4,0.00,0.00,0.00,5.2,7.7
2025-03-15T10:00,0.1,0.00,0.00,0.00,5.2,7.8
2025-03-15T11:00,0.7,0.00,0.00,0.00,6.4,9.7
2025-03-15T12:00,2.0,0.00,0.00,0.00,8.2,12.5
2025-03-15T13:00,1.9,0.00,0.00,0.00,8.1,12.8
2025-03-15T14:00,2.6,0.00,0.00,0.00,4.9,8.1
2025-03-15T15:00,2.0,0.00,0.00,0.00,5.9,12.1
2025-03-15T16:00,0.9,0.00,0.00,0.00,8.0,16.5
2025-03-15T17:00,0.0,0.00,0.00,0.00,6.1,14.2
2025-03-15T18:00,-0.5,0.00,0.00,0.00,4.9,11.8
2025-03-15T19:00,-0.9,0.00,0.00,0.00,5.6,13.7
2025-03-15T20:00,-1.3,0.00,0.00,0.00,3.8,11.8
2025-03-15T21:00,-1.6,0.00,0.00,0.00,0.6,5.9
2025-03-15T22:00,-1.8,0.00,0.00,0.00,1.8,2.4
2025-03-15T23:00,-1.8,0.00,0.00,0.00,3.3,7.0
2025-03-16T00:00,-2.1,0.00,0.00,0.00,2.1,7.6
2025-03-16T01:00,-3.4,0.00,0.00,0.00,2.2,3.6
2025-03-16T02:00,-3.4,0.00,0.00,0.00,4.1,9.8
2025-03-16T03:00,-3.6,0.00,0.00,0.00,5.5,13.7
2025-03-16T04:00,-3.8,0.00,0.00,0.00,7.0,16.5
2025-03-16T05:00,-3.3,0.00,0.00,0.00,7.4,16.6
2025-03-16T06:00,-1.8,0.00,0.00,0.00,5.8,17.2
2025-03-16T07:00,0.2,0.00,0.00,0.00,7.8,12.6
2025-03-16T08:00,1.6,0.00,0.00,0.00,9.2,13.9
2025-03-16T09:00,2.6,0.00,0.00,0.00,9.1,13.9
2025-03-16T10:00,3.2,0.00,0.00,0.00,9.3,14.2
2025-03-16T11:00,3.9,0.00,0.00,0.00,9.9,15.4
2025-03-16T12:00,4.5,0.00,0.00,0.00,10.3,16.0
2025-03-16T13:00,3.6,0.00,0.00,0.00,10.6,16.8
2025-03-16T14:00,3.4,0.00,0.00,0.00,9.6,17.2
2025-03-16T15:00,2.3,0.00,0.00,0.00,10.0,19.5
2025-03-16T16:00,1.0,0.00,0.00,0.00,11.5,23.7
2025-03-16T17:00,0.1,0.00,0.00,0.00,12.0,25.2
2025-03-16T18:00,-0.4,0.00,0.00,0.00,11.8,24.8
2025-03-16T19:00,-0.6,0.00,0.00,0.00,11.5,24.5
2025-03-16T20:00,-0.7,0.00,0.00,0.00,11.2,23.8
2025-03-16T21:00,-0.9,0.00,0.00,0.00,10.7,22.3
2025-03-16T22:00,-1.2,0.00,0.00,0.00,8.8,18.3
2025-03-16T23:00,-1.3,0.00,0.00,0.00,7.4,15.7
2025-03-17T00:00,-1.3,0.00,0.00,0.00,6.7,14.2
2025-03-17T01:00,-1.1,0.00,0.00,0.00,5.4,11.8
2025-03-17T02:00,-1.1,0.00,0.00,0.00,4.4,10.3
2025-03-17T03:00,-1.1,0.00,0.07,0.00,5.1,11.0
2025-03-17T04:00,-1.0,0.00,0.21,0.00,7.2,14.6
2025-03-17T05:00,-1.3,0.00,0.42,0.00,13.0,21.9
2025-03-17T06:00,-2.3,0.00,0.28,0.01,14.8,24.4
2025-03-17T07:00,-2.7,0.00,0.21,0.01,14.1,24.1
2025-03-17T08:00,-2.0,0.00,0.07,0.01,15.4,25.2
2025-03-17T09:00,-1.2,0.00,0.00,0.01,16.1,25.2
2025-03-17T10:00,-1.2,0.00,0.00,0.01,15.3,24.5
2025-03-17T11:00,-1.2,0.00,0.00,0.01,14.5,23.1
2025-03-17T12:00,-1.1,0.00,0.00,0.01,13.8,22.5
2025-03-17T13:00,-1.7,0.00,0.00,0.01,12.3,21.6
2025-03-17T14:00,-1.8,0.00,0.00,0.01,11.9,21.5
2025-03-17T15:00,-2.3,0.00,0.00,0.01,10.4,20.9
2025-03-17T16:00,-2.2,0.00,0.00,0.01,10.6,19.2
2025-03-17T17:00,-2.6,0.00,0.00,0.01,9.7,18.2
2025-03-17T18:00,-2.9,0.00,0.00,0.01,9.4,18.0
2025-03-17T19:00,-3.3,0.00,0.00,0.01,8.4,17.1
2025-03-17T20:00,-3.4,0.00,0.00,0.01,6.6,13.3
2025-03-17T21:00,-4.0,0.00,0.00,0.01,7.4,15.1
2025-03-17T22:00,-4.5,0.00,0.00,0.01,7.5,15.9
2025-03-17T23:00,-4.8,0.00,0.00,0.01,7.3,15.7
2025-03-18T00:00,-5.1,0.00,0.00,0.01,6.9,14.9
2025-03-18T01:00,-5.7,0.00,0.00,0.01,6.0,13.9
2025-03-18T02:00,-5.9,0.00,0.00,0.01,5.3,12.9
2025-03-18T03:00,-6.2,0.00,0.00,0.01,4.6,11.1
2025-03-18T04:00,-6.4,0.00,0.00,0.01,5.0,9.9
2025-03-18T05:00,-5.9,0.00,0.00,0.01,5.1,10.9
2025-03-18T06:00,-4.3,0.00,0.00,0.01,3.4,8.4
2025-03-18T07:00,-2.4,0.00,0.00,0.01,3.9,6.5
2025-03-18T08:00,-0.9,0.00,0.00,0.01,6.0,8.9
2025-03-18T09:00,0.5,0.00,0.00,0.01,7.6,11.2
2025-03-18T10:00,0.8,0.00,0.00,0.01,7.7,11.5
2025-03-18T11:00,1.2,0.00,0.00,0.01,7.6,11.4
2025-03-18T12:00,1.5,0.00,0.00,0.01,8.4,12.8
2025-03-18T13:00,1.3,0.00,0.00,0.01,7.0,10.7
2025-03-18T14:00,1.2,0.00,0.00,0.01,6.6,10.9
2025-03-18T15:00,0.5,0.00,0.00,0.01,5.2,11.1
2025-03-18T16:00,-0.1,0.00,0.00,0.01,6.0,13.0
2025-03-18T17:00,-0.7,0.00,0.00,0.01,6.6,14.5
2025-03-18T18:00,-1.1,0.00,0.00,0.01,7.1,15.3
2025-03-18T19:00,-1.6,0.00,0.00,0.01,7.6,15.9
2025-03-18T20:00,-2.1,0.00,0.00,0.01,7.0,14.6
2025-03-18T21:00,-2.6,0.00,0.00,0.01,7.2,14.4
2025-03-18T22:00,-3.0,0.00,0.00,0.01,7.5,15.5
2025-03-18T23:00,-3.1,0.00,0.00,0.01,7.7,16.1
2025-03-19T00:00,-3.2,0.00,0.00,0.01,7.5,16.2
2025-03-19T01:00,-3.7,0.00,0.00,0.01,8.3,18.3
2025-03-19T02:00,-3.8,0.00,0.00,0.01,9.3,20.5
2025-03-19T03:00,-4.2,0.00,0.00,0.01,10.5,22.7
2025-03-19T04:00,-3.9,0.00,0.00,0.01,11.9,24.7
2025-03-19T05:00,-2.6,0.00,0.00,0.01,14.7,27.1
2025-03-19T06:00,-1.5,0.00,0.00,0.01,11.7,20.7
2025-03-19T07:00,0.2,0.00,0.00,0.01,17.2,27.7
2025-03-19T08:00,0.2,0.00,0.00,0.01,14.7,24.5
2025-03-19T09:00,0.0,0.00,0.07,0.01,17.6,29.2
2025-03-19T10:00,0.5,0.00,0.07,0.01,19.9,32.2
2025-03-19T11:00,1.5,0.00,0.00,0.01,20.2,32.6
2025-03-19T12:00,2.3,0.00,0.00,0.01,20.0,32.8
2025-03-19T13:00,3.1,0.00,0.00,0.01,14.3,26.6
2025-03-19T14:00,3.5,0.00,0.00,0.01,16.6,30.8
2025-03-19T15:00,3.6,0.00,0.00,0.01,16.1,30.7
2025-03-19T16:00,3.3,0.00,0.00,0.01,17.3,33.3
2025-03-19T17:00,2.7,0.20,0.28,0.01,13.5,27.0
2025-03-19T18:00,2.4,0.10,0.00,0.01,13.0,26.2
2025-03-19T19:00,1.8,0.00,0.00,0.01,13.0,26.6
2025-03-19T20:00,1.8,0.00,0.00,0.01,13.1,26.9
2025-03-19T21:00,1.5,0.00,0.00,0.01,13.0,26.4
2025-03-19T22:00,0.9,0.00,0.00,0.01,12.5,25.5
2025-03-19T23:00,0.2,0.00,0.00,0.01,12.1,25.4
2025-03-20T00:00,-0.2,0.00,0.00,0.01,12.2,25.4
2025-03-20T01:00,0.1,0.00,0.00,0.01,9.9,22.1
2025-03-20T02:00,-0.4,0.00,0.00,0.01,9.8,21.7
2025-03-20T03:00,-0.7,0.00,0.00,0.01,9.5,20.8
2025-03-20T04:00,-0.9,0.00,0.00,0.01,9.4,20.5
2025-03-20T05:00,-0.2,0.00,0.00,0.01,8.1,21.0
2025-03-20T06:00,1.2,0.00,0.00,0.01,6.5,12.9
2025-03-20T07:00,2.9,0.00,0.00,0.01,6.0,9.9
2025-03-20T08:00,4.5,0.00,0.00,0.01,6.1,9.8
2025-03-20T09:00,6.2,0.00,0.00,0.01,11.8,18.5
2025-03-20T10:00,6.5,0.00,0.00,0.01,14.8,23.4
2025-03-20T11:00,6.8,0.00,0.00,0.01,14.8,22.9
2025-03-20T12:00,7.6,0.00,0.00,0.00,14.7,23.6
2025-03-20T13:00,7.8,0.00,0.00,0.00,13.4,22.3
2025-03-20T14:00,7.4,0.00,0.00,0.00,9.0,17.2
2025-03-20T15:00,6.0,0.00,0.00,0.00,3.8,10.9
2025-03-20T16:00,5.1,0.00,0.00,0.00,6.2,11.2
2025-03-20T17:00,4.0,0.00,0.00,0.00,8.5,19.1
2025-03-20T18:00,3.1,0.00,0.00,0.00,9.6,22.7
2025-03-20T19:00,2.5,0.00,0.00,0.00,9.2,22.2
2025-03-20T20:00,2.2,0.00,0.00,0.00,8.9,21.3
2025-03-20T21:00,1.8,0.00,0.00,0.00,8.5,20.3
2025-03-20T22:00,1.6,0.00,0.00,0.00,8.4,20.2
2025-03-20T23:00,1.5,0.00,0.00,0.00,9.2,21.8
2025-03-21T00:00,1.6,0.00,0.00,0.00,10.1,23.6
2025-03-21T01:00,2.7,0.00,0.00,0.00,11.6,26.3
2025-03-21T02:00,2.5,0.00,0.00,0.00,11.9,26.3
2025-03-21T03:00,2.4,0.00,0.00,0.00,12.2,26.5
2025-03-21T04:00,2.0,0.00,0.00,0.00,11.9,25.5
2025-03-21T05:00,2.3,0.00,0.00,0.00,11.7,24.3
2025-03-21T06:00,3.1,0.00,0.00,0.00,9.3,19.9
2025-03-21T07:00,4.4,0.00,0.00,0.00,9.9,16.4
2025-03-21T08:00,5.8,0.00,0.00,0.00,9.5,15.2
2025-03-21T09:00,6.8,0.00,0.00,0.00,9.2,14.3
2025-03-21T10:00,7.8,0.00,0.00,0.00,14.4,22.5
2025-03-21T11:00,8.2,0.00,0.00,0.00,12.8,20.2
2025-03-21T12:00,8.5,0.00,0.00,0.00,10.7,17.0
2025-03-21T13:00,8.7,0.00,0.00,0.00,8.3,13.1
2025-03-21T14:00,8.3,0.00,0.00,0.00,7.7,13.9
2025-03-21T15:00,7.3,0.00,0.00,0.00,6.9,14.7
2025-03-21T16:00,5.9,0.00,0.00,0.00,4.7,11.3
2025-03-21T17:00,5.2,0.00,0.00,0.00,7.3,17.8
2025-03-21T18:00,4.7,0.00,0.00,0.00,8.3,19.3
2025-03-21T19:00,4.0,0.00,0.00,0.00,11.4,23.7
2025-03-21T20:00,2.9,0.00,0.00,0.00,11.6,23.9
2025-03-21T21:00,2.5,0.00,0.00,0.00,10.2,21.0
2025-03-21T22:00,2.3,0.00,0.00,0.00,9.9,19.6
2025-03-21T23:00,1.9,0.00,0.00,0.00,9.6,19.0
2025-03-22T00:00,1.4,0.00,0.00,0.00,10.5,20.7
2025-03-22T01:00,1.7,0.00,0.00,0.00,10.7,20.0
2025-03-22T02:00,1.1,0.00,0.00,0.00,11.6,21.6
2025-03-22T03:00,0.4,0.00,0.00,0.00,11.3,21.2
2025-03-22T04:00,-0.6,0.00,0.00,0.00,12.0,22.3
2025-03-22T05:00,-1.0,0.00,0.00,0.00,11.7,20.1
2025-03-22T06:00,-0.6,0.00,0.00,0.00,11.0,17.9
2025-03-22T07:00,0.6,0.00,0.00,0.00,11.6,18.5
2025-03-22T08:00,1.5,0.00,0.00,0.00,12.9,20.3
2025-03-22T09:00,2.3,0.00,0.00,0.00,13.3,20.6
2025-03-22T10:00,3.1,0.00,0.00,0.00,13.8,21.5
2025-03-22T11:00,3.6,0.00,0.00,0.00,13.9,21.8
2025-03-22T12:00,3.8,0.00,0.00,0.00,13.9,21.8
2025-03-22T13:00,4.0,0.00,0.00,0.00,12.9,20.3
2025-03-22T14:00,3.7,0.00,0.00,0.00,12.3,20.2
2025-03-22T15:00,2.9,0.00,0.00,0.00,10.3,19.2
2025-03-22T16:00,1.7,0.00,0.00,0.00,8.6,18.9
2025-03-22T17:00,0.7,0.00,0.00,0.00,9.4,20.8
2025-03-22T18:00,-0.1,0.00,0.00,0.00,8.5,19.5
2025-03-22T19:00,-0.8,0.00,0.00,0.00,8.5,19.5
2025-03-22T20:00,-1.1,0.00,0.00,0.00,8.7,19.4
2025-03-22T21:00,-1.5,0.00,0.00,0.00,8.4,18.7
2025-03-22T22:00,-1.8,0.00,0.00,0.00,7.9,17.4
2025-03-22T23:00,-2.0,0.00,0.00,0.00,7.3,16.2
2025-03-23T00:00,-2.3,0.00,0.00,0.00,6.9,15.3
2025-03-23T01:00,-2.7,0.00,0.00,0.00,6.6,15.5
2025-03-23T02:00,-3.2,0.00,0.00,0.00,6.6,15.7
2025-03-23T03:00,-3.6,0.00,0.00,0.00,6.6,15.7
2025-03-23T04:00,-3.9,0.00,0.00,0.00,7.0,15.9
2025-03-23T05:00,-3.0,0.00,0.00,0.00,7.6,17.0
2025-03-23T06:00,-1.2,0.00,0.00,0.00,4.8,11.9
2025-03-23T07:00,1.2,0.00,0.00,0.00,5.6,9.6
2025-03-23T08:00,2.7,0.00,0.00,0.00,8.6,13.4
2025-03-23T09:00,3.3,0.00,0.00,0.00,7.7,11.5
2025-03-23T10:00,3.8,0.00,0.00,0.00,6.9,10.4
2025-03-23T11:00,4.4,0.00,0.00,0.00,6.5,9.8
2025-03-23T12:00,4.9,0.00,0.00,0.00,6.3,9.7
2025-03-23T13:00,4.7,0.00,0.00,0.00,5.5,8.3
2025-03-23T14:00,4.6,0.00,0.00,0.00,5.4,8.4
2025-03-23T15:00,4.0,0.00,0.00,0.00,3.5,8.9
2025-03-23T16:00,2.9,0.00,0.00,0.00,4.1,11.0
2025-03-23T17:00,2.0,0.00,0.00,0.00,4.8,13.9
2025-03-23T18:00,1.6,0.00,0.00,0.00,5.5,14.9
2025-03-23T19:00,1.1,0.00,0.00,0.00,6.0,15.8
2025-03-23T20:00,0.8,0.00,0.00,0.00,6.8,16.9
2025-03-23T21:00,0.3,0.00,0.00,0.00,7.3,17.6
2025-03-23T22:00,0.0,0.00,0.00,0.00,7.3,17.5
2025-03-23T23:00,0.1,0.00,0.00,0.00,7.5,17.7
2025-03-24T00:00,0.2,0.00,0.00,0.00,8.1,18.5
2025-03-24T01:00,-1.2,0.00,0.00,0.00,8.4,19.9
2025-03-24T02:00,-1.4,0.00,0.00,0.00,9.0,20.9
2025-03-24T03:00,-1.6,0.00,0.00,0.00,8.7,20.3
2025-03-24T04:00,-1.3,0.00,0.00,0.00,8.7,19.6
2025-03-24T05:00,-0.4,0.00,0.00,0.00,9.1,23.9
2025-03-24T06:00,1.3,0.00,0.00,0.00,7.3,19.3
2025-03-24T07:00,3.5,0.00,0.00,0.00,7.0,12.4
2025-03-24T08:00,5.6,0.00,0.00,0.00,8.4,13.6
2025-03-24T09:00,7.2,0.00,0.00,0.00,10.9,17.4
2025-03-24T10:00,8.5,0.00,0.00,0.00,12.7,20.2
2025-03-24T11:00,9.4,0.00,0.00,0.00,14.2,22.5
2025-03-24T12:00,10.0,0.00,0.00,0.00,17.0,27.4
2025-03-24T13:00,10.1,0.00,0.00,0.00,15.9,26.4
2025-03-24T14:00,9.7,0.00,0.00,0.00,14.0,25.1
2025-03-24T15:00,9.0,0.00,0.00,0.00,13.4,25.5
2025-03-24T16:00,7.7,0.00,0.00,0.00,14.0,27.8
2025-03-24T17:00,6.7,0.00,0.00,0.00,14.0,28.3
2025-03-24T18:00,6.1,0.00,0.00,0.00,14.3,28.8
2025-03-24T19:00,5.3,0.00,0.00,0.00,14.5,29.5
2025-03-24T20:00,4.7,0.00,0.00,0.00,14.4,29.4
2025-03-24T21:00,4.3,0.00,0.00,0.00,13.7,28.7
2025-03-24T22:00,4.4,0.00,0.00,0.00,12.9,26.5
2025-03-24T23:00,4.5,0.00,0.00,0.00,13.3,27.0
2025-03-25T00:00,4.3,0.20,0.00,0.00,14.4,28.1
2025-03-25T01:00,5.0,0.20,0.00,0.00,14.2,27.0
2025-03-25T02:00,4.6,0.10,0.00,0.00,14.5,27.7
2025-03-25T03:00,4.3,1.00,0.00,0.00,15.5,28.7
2025-03-25T04:00,4.2,0.40,0.14,0.00,16.0,29.9
2025-03-25T05:00,4.5,0.10,0.00,0.00,15.8,29.0
2025-03-25T06:00,4.6,0.10,0.00,0.00,14.8,27.4
2025-03-25T07:00,4.7,0.30,0.00,0.00,15.1,27.4
2025-03-25T08:00,4.8,0.10,0.00,0.00,14.8,26.3
2025-03-25T09:00,4.9,0.20,0.00,0.00,14.4,23.8
2025-03-25T10:00,5.0,0.20,0.00,0.00,17.1,27.2
2025-03-25T11:00,4.7,0.30,0.00,0.00,12.3,20.1
2025-03-25T12:00,4.5,0.20,0.00,0.00,14.5,24.0
2025-03-25T13:00,4.4,0.20,0.00,0.00,12.9,21.4
2025-03-25T14:00,3.9,0.30,0.00,0.00,11.9,20.9
2025-03-25T15:00,3.3,0.30,0.00,0.00,13.7,23.8
2025-03-25T16:00,2.3,0.30,0.00,0.00,13.9,23.8
2025-03-25T17:00,1.7,0.20,0.00,0.00,12.2,24.5
2025-03-25T18:00,1.6,0.10,0.00,0.00,10.7,22.9
2025-03-25T19:00,1.6,0.10,0.00,0.00,11.5,22.2
2025-03-25T20:00,1.3,0.10,0.00,0.00,9.5,19.7
2025-03-25T21:00,1.3,0.10,0.00,0.00,8.6,19.3
2025-03-25T22:00,1.2,0.10,0.00,0.00,7.9,17.7
2025-03-25T23:00,1.1,0.00,0.00,0.00,7.3,16.1
2025-03-26T00:00,1.0,0.00,0.00,0.00,6.3,14.1
2025-03-26T01:00,1.4,0.00,0.00,0.00,5.2,11.1
2025-03-26T02:00,1.3,0.00,0.00,0.00,4.8,9.4
2025-03-26T03:00,1.3,0.00,0.00,0.00,3.1,6.3
2025-03-26T04:00,1.3,0.00,0.00,0.00,2.1,3.4
2025-03-26T05:00,1.4,0.00,0.00,0.00,2.6,3.4
2025-03-26T06:00,1.8,0.00,0.00,0.00,0.8,1.0
2025-03-26T07:00,2.6,0.00,0.00,0.00,1.9,2.4
2025-03-26T08:00,3.3,0.00,0.00,0.00,2.1,2.9
2025-03-26T09:00,4.0,0.00,0.00,0.00,3.5,4.8
2025-03-26T10:00,4.5,0.00,0.00,0.00,4.3,6.2
2025-03-26T11:00,4.8,0.00,0.00,0.00,4.5,6.5
2025-03-26T12:00,5.1,0.00,0.00,0.00,5.1,7.4
2025-03-26T13:00,4.8,0.00,0.00,0.00,5.2,7.7
2025-03-26T14:00,5.1,0.00,0.00,0.00,4.3,6.8
2025-03-26T15:00,5.3,0.00,0.00,0.00,2.6,5.0
2025-03-26T16:00,4.8,0.00,0.00,0.00,3.5,7.5
2025-03-26T17:00,4.3,0.00,0.00,0.00,5.1,11.2
2025-03-26T18:00,4.0,0.00,0.00,0.00,5.6,13.3
2025-03-26T19:00,4.0,0.00,0.00,0.00,6.6,15.6
2025-03-26T20:00,3.9,0.00,0.00,0.00,6.9,15.8
2025-03-26T21:00,3.5,0.00,0.00,0.00,7.2,16.5
2025-03-26T22:00,3.5,0.00,0.00,0.00,6.5,15.6
2025-03-26T23:00,3.2,0.00,0.00,0.00,5.9,14.5
2025-03-27T00:00,3.2,0.00,0.00,0.00,6.5,15.0
2025-03-27T01:00,2.7,0.00,0.00,0.00,6.5,14.8
2025-03-27T02:00,2.9,0.00,0.00,0.00,7.0,16.7
2025-03-27T03:00,3.2,0.00,0.00,0.00,7.2,17.1
2025-03-27T04:00,3.4,0.00,0.00,0.00,7.9,17.9
2025-03-27T05:00,3.7,0.00,0.00,0.00,8.3,18.1
2025-03-27T06:00,4.2,0.00,0.00,0.00,8.2,16.9
2025-03-27T07:00,4.5,0.00,0.00,0.00,6.3,20.9
2025-03-27T08:00,4.8,0.00,0.00,0.00,5.4,21.4
2025-03-27T09:00,5.7,0.00,0.00,0.00,5.3,10.6
2025-03-27T10:00,6.9,0.00,0.00,0.00,8.5,13.7
2025-03-27T11:00,7.5,0.00,0.00,0.00,9.1,14.8
2025-03-27T12:00,7.5,0.00,0.00,0.00,7.5,13.1
2025-03-27T13:00,7.6,0.10,0.00,0.00,5.8,12.0
2025-03-27T14:00,7.3,0.50,0.00,0.00,8.1,14.9
2025-03-27T15:00,6.7,0.60,0.00,0.00,7.2,14.6
2025-03-27T16:00,6.0,0.50,0.00,0.00,6.3,14.5
2025-03-27T17:00,5.5,0.10,0.00,0.00,5.6,12.4
2025-03-27T18:00,4.7,0.00,0.00,0.00,4.9,12.3
2025-03-27T19:00,4.3,0.00,0.00,0.00,4.3,11.3
2025-03-27T20:00,3.7,0.00,0.00,0.00,3.5,9.7
2025-03-27T21:00,2.9,0.00,0.00,0.00,3.5,8.9
2025-03-27T22:00,3.2,0.00,0.00,0.00,2.0,6.3
2025-03-27T23:00,3.3,0.00,0.00,0.00,0.6,1.2
2025-03-28T00:00,3.3,0.00,0.00,0.00,1.5,3.3
2025-03-28T01:00,3.7,0.00,0.00,0.00,3.8,4.5
2025-03-28T02:00,3.4,0.00,0.00,0.00,3.8,6.8
2025-03-28T03:00,3.4,0.00,0.00,0.00,4.0,8.6
2025-03-28T04:00,4.0,0.00,0.00,0.00,6.0,11.9
2025-03-28T05:00,4.6,0.00,0.00,0.00,5.8,12.4
2025-03-28T06:00,5.4,0.00,0.00,0.00,4.0,11.9
2025-03-28T07:00,6.2,0.00,0.00,0.00,3.7,8.5
2025-03-28T08:00,7.1,0.00,0.00,0.00,4.4,7.0
2025-03-28T09:00,8.1,0.00,0.00,0.00,4.0,6.1
2025-03-28T10:00,9.5,0.10,0.00,0.00,2.1,3.1
2025-03-28T11:00,10.2,0.00,0.00,0.00,1.8,2.9
2025-03-28T12:00,10.7,0.00,0.00,0.00,1.2,1.9
2025-03-28T13:00,9.5,0.00,0.00,0.00,1.0,1.1
2025-03-28T14:00,9.5,0.00,0.00,0.00,1.8,2.3
2025-03-28T15:00,9.0,0.00,0.00,0.00,2.9,3.9
2025-03-28T16:00,7.9,0.00,0.00,0.00,4.4,7.1
2025-03-28T17:00,6.7,0.00,0.00,0.00,2.5,3.6
2025-03-28T18:00,6.1,0.00,0.00,0.00,1.3,2.5
2025-03-28T19:00,5.3,0.00,0.00,0.00,0.7,1.8
2025-03-28T20:00,4.4,0.00,0.00,0.00,2.4,3.1
2025-03-28T21:00,3.8,0.00,0.00,0.00,3.6,6.9
2025-03-28T22:00,3.1,0.00,0.00,0.00,3.6,8.1
2025-03-28T23:00,2.5,0.00,0.00,0.00,2.4,6.0
2025-03-29T00:00,2.0,0.00,0.00,0.00,1.9,6.9
2025-03-29T01:00,1.9,0.00,0.00,0.00,0.9,4.7
2025-03-29T02:00,1.4,0.00,0.00,0.00,0.8,5.6
2025-03-29T03:00,1.1,0.00,0.00,0.00,1.4,6.8
2025-03-29T04:00,1.2,0.00,0.00,0.00,2.2,7.6
2025-03-29T05:00,2.6,0.00,0.00,0.00,2.0,6.1
2025-03-29T06:00,4.8,0.00,0.00,0.00,0.2,5.5
2025-03-29T07:00,7.2,0.00,0.00,0.00,1.4,4.1
2025-03-29T08:00,9.1,0.00,0.00,0.00,2.2,3.5
2025-03-29T09:00,10.4,0.00,0.00,0.00,2.1,3.2
2025-03-29T10:00,11.2,0.00,0.00,0.00,2.2,3.5
2025-03-29T11:00,11.9,0.00,0.00,0.00,2.1,3.1
2025-03-29T12:00,12.2,0.00,0.00,0.00,2.7,4.1
2025-03-29T13:00,12.6,0.00,0.00,0.00,4.6,6.9
2025-03-29T14:00,12.3,0.00,0.00,0.00,3.7,6.1
2025-03-29T15:00,11.9,0.00,0.00,0.00,1.9,5.6
2025-03-29T16:00,11.2,0.00,0.00,0.00,4.1,9.6
2025-03-29T17:00,9.8,0.00,0.00,0.00,7.6,16.8
2025-03-29T18:00,8.4,0.00,0.00,0.00,8.3,18.8
2025-03-29T19:00,7.3,0.00,0.00,0.00,7.2,17.4
2025-03-29T20:00,6.7,0.00,0.00,0.00,6.3,15.8
2025-03-29T21:00,5.9,0.00,0.00,0.00,4.5,13.9
2025-03-29T22:00,4.8,0.00,0.00,0.00,3.3,10.3
2025-03-29T23:00,3.8,0.00,0.00,0.00,1.9,5.9
2025-03-30T00:00,2.9,0.00,0.00,0.00,1.3,2.4
2025-03-30T01:00,3.5,0.00,0.00,0.00,0.7,5.2
2025-03-30T02:00,2.8,0.00,0.00,0.00,3.1,7.6
2025-03-30T03:00,2.3,0.00,0.00,0.00,4.0,10.5
2025-03-30T04:00,2.8,0.00,0.00,0.00,4.1,11.0
2025-03-30T05:00,3.9,0.00,0.00,0.00,5.6,14.4
2025-03-30T06:00,4.9,0.00,0.00,0.00,6.3,17.3
2025-03-30T07:00,6.9,0.00,0.00,0.00,3.2,14.9
2025-03-30T08:00,9.3,0.00,0.00,0.00,4.1,7.3
2025-03-30T09:00,11.3,0.00,0.00,0.00,8.3,12.6
2025-03-30T10:00,11.7,0.00,0.00,0.00,9.0,13.7
2025-03-30T11:00,11.8,0.00,0.00,0.00,8.9,13.6
2025-03-30T12:00,12.0,0.00,0.00,0.00,8.9,13.9
2025-03-30T13:00,12.0,0.00,0.00,0.00,10.1,16.3
2025-03-30T14:00,11.6,0.00,0.00,0.00,7.6,14.2
2025-03-30T15:00,11.0,0.00,0.00,0.00,7.7,15.7
2025-03-30T16:00,9.4,0.00,0.00,0.00,8.6,19.8
2025-03-30T17:00,8.5,0.00,0.00,0.00,8.1,19.7
2025-03-30T18:00,7.6,0.00,0.00,0.00,7.6,18.8
2025-03-30T19:00,7.0,0.00,0.00,0.00,6.4,17.1
2025-03-30T20:00,6.1,0.00,0.00,0.00,4.7,14.4
2025-03-30T21:00,5.6,0.00,0.00,0.00,4.9,14.0
2025-03-30T22:00,5.4,0.00,0.00,0.00,5.7,13.8
2025-03-30T23:00,5.0,0.00,0.00,0.00,4.4,13.3
2025-03-31T00:00,5.2,0.00,0.00,0.00,5.4,15.0
2025-03-31T01:00,5.0,0.00,0.00,0.00,6.2,15.4
2025-03-31T02:00,5.0,0.00,0.00,0.00,5.8,15.3
2025-03-31T03:00,4.6,0.00,0.00,0.00,6.1,15.3
2025-03-31T04:00,5.0,0.00,0.00,0.00,6.5,16.9
2025-03-31T05:00,6.3,0.00,0.00,0.00,7.0,17.8
2025-03-31T06:00,7.9,0.00,0.00,0.00,6.3,20.5
2025-03-31T07:00,9.6,0.00,0.00,0.00,6.1,11.3
2025-03-31T08:00,11.7,0.00,0.00,0.00,7.2,11.9
2025-03-31T09:00,13.3,0.00,0.00,0.00,12.6,19.8
2025-03-31T10:00,13.9,0.00,0.00,0.00,11.7,18.5
2025-03-31T11:00,13.9,0.00,0.00,0.00,11.8,18.3
2025-03-31T12:00,14.0,0.00,0.00,0.00,9.5,15.1
2025-03-31T13:00,14.2,0.00,0.00,0.00,8.7,13.9
2025-03-31T14:00,13.8,0.00,0.00,0.00,6.2,12.2
2025-03-31T15:00,12.9,0.00,0.00,0.00,6.3,14.6
2025-03-31T16:00,11.7,0.00,0.00,0.00,8.1,18.8
2025-03-31T17:00,10.7,0.00,0.00,0.00,8.7,20.5
2025-03-31T18:00,10.1,0.00,0.00,0.00,8.9,21.0
2025-03-31T19:00,9.5,0.00,0.00,0.00,8.9,20.8
2025-03-31T20:00,9.0,0.00,0.00,0.00,8.4,20.0
2025-03-31T21:00,8.4,0.00,0.00,0.00,8.1,19.2
2025-03-31T22:00,7.8,0.00,0.00,0.00,8.5,19.7
2025-03-31T23:00,7.5,0.00,0.00,0.00,8.1,19.1
2025-04-01T00:00,7.2,0.00,0.00,0.00,8.4,19.8
2025-04-01T01:00,7.2,0.00,0.00,0.00,8.8,20.4
2025-04-01T02:00,7.2,0.00,0.00,0.00,8.6,19.6
2025-04-01T03:00,7.0,0.00,0.00,0.00,9.9,21.8
2025-04-01T04:00,7.0,0.00,0.00,0.00,9.5,20.9
2025-04-01T05:00,7.4,0.00,0.00,0.00,9.6,20.7
2025-04-01T06:00,7.6,0.00,0.00,0.00,10.6,20.6
2025-04-01T07:00,8.3,0.00,0.00,0.00,9.0,27.2
2025-04-01T08:00,8.9,0.00,0.00,0.00,11.1,24.3
2025-04-01T09:00,9.7,0.00,0.00,0.00,10.7,23.7
2025-04-01T10:00,10.1,0.00,0.00,0.00,12.3,23.7
2025-04-01T11:00,10.7,0.00,0.00,0.00,11.4,22.2
2025-04-01T12:00,11.1,0.00,0.00,0.00,12.4,23.0
2025-04-01T13:00,13.0,0.00,0.00,0.00,11.0,21.3
2025-04-01T14:00,12.0,0.30,0.00,0.00,10.9,21.4
2025-04-01T15:00,10.1,1.30,0.00,0.00,13.8,26.0
2025-04-01T16:00,8.7,1.70,0.00,0.00,12.9,26.7
2025-04-01T17:00,8.3,1.10,0.00,0.00,14.0,28.2
2025-04-01T18:00,8.0,0.70,0.00,0.00,13.9,27.6
2025-04-01T19:00,7.7,0.80,0.00,0.00,12.5,25.1
2025-04-01T20:00,7.4,0.90,0.00,0.00,14.7,28.6
2025-04-01T21:00,7.2,0.50,0.00,0.00,15.7,29.6
2025-04-01T22:00,7.0,0.50,0.00,0.00,17.8,32.9
2025-04-01T23:00,6.9,0.20,0.00,0.00,17.1,31.8
2025-04-02T00:00,6.4,0.90,0.00,0.00,16.4,30.6
2025-04-02T01:00,6.5,1.00,0.00,0.00,14.5,28.7
2025-04-02T02:00,6.5,0.50,0.00,0.00,14.3,27.3
2025-04-02T03:00,6.1,0.00,0.00,0.00,11.4,22.7
2025-04-02T04:00,5.9,0.00,0.00,0.00,10.8,21.5
2025-04-02T05:00,6.2,0.00,0.00,0.00,8.3,20.4
2025-04-02T06:00,7.0,0.00,0.00,0.00,11.1,18.2
2025-04-02T07:00,8.2,0.00,0.00,0.00,10.9,17.5
2025-04-02T08:00,9.8,0.00,0.00,0.00,11.6,18.4
2025-04-02T09:00,11.1,0.00,0.00,0.00,13.0,20.5
2025-04-02T10:00,11.8,0.00,0.00,0.00,14.1,21.9
2025-04-02T11:00,12.0,0.00,0.00,0.00,13.9,21.6
2025-04-02T12:00,12.2,0.00,0.00,0.00,13.9,21.6
2025-04-02T13:00,12.5,0.00,0.00,0.00,12.8,20.5
2025-04-02T14:00,12.0,0.00,0.00,0.00,12.3,20.9
2025-04-02T15:00,11.2,0.00,0.00,0.00,10.2,19.7
2025-04-02T16:00,9.8,0.00,0.00,0.00,8.7,19.5
2025-04-02T17:00,8.6,0.00,0.00,0.00,7.5,18.1
2025-04-02T18:00,7.7,0.00,0.00,0.00,8.6,20.5
2025-04-02T19:00,7.1,0.00,0.00,0.00,7.2,18.4
2025-04-02T20:00,6.5,0.00,0.00,0.00,6.9,16.8
2025-04-02T21:00,5.9,0.00,0.00,0.00,7.8,18.1
2025-04-02T22:00,5.4,0.00,0.00,0.00,8.8,19.6
2025-04-02T23:00,5.1,0.00,0.00,0.00,9.0,20.7
2025-04-03T00:00,5.3,0.00,0.00,0.00,9.0,21.0
2025-04-03T01:00,5.1,0.00,0.00,0.00,8.3,19.8
2025-04-03T02:00,4.9,0.00,0.00,0.00,8.7,20.6
2025-04-03T03:00,4.6,0.00,0.00,0.00,8.6,20.4
2025-04-03T04:00,4.6,0.00,0.00,0.00,8.9,20.5
2025-04-03T05:00,5.5,0.00,0.00,0.00,7.1,22.8
2025-04-03T06:00,6.9,0.00,0.00,0.00,7.3,13.1
2025-04-03T07:00,8.4,0.00,0.00,0.00,7.2,11.4
2025-04-03T08:00,9.7,0.00,0.00,0.00,7.6,11.5
2025-04-03T09:00,10.9,0.00,0.00,0.00,9.7,14.7
2025-04-03T10:00,11.7,0.00,0.00,0.00,10.2,15.5
2025-04-03T11:00,12.2,0.00,0.00,0.00,9.9,15.2
2025-04-03T12:00,12.5,0.00,0.00,0.00,10.7,16.3
2025-04-03T13:00,13.2,0.00,0.00,0.00,12.2,19.3
2025-04-03T14:00,12.8,0.00,0.00,0.00,10.3,17.6
2025-04-03T15:00,12.1,0.00,0.00,0.00,7.7,15.5
2025-04-03T16:00,10.7,0.00,0.00,0.00,6.1,15.2
2025-04-03T17:00,9.6,0.00,0.00,0.00,4.5,13.3
2025-04-03T18:00,8.1,0.00,0.00,0.00,4.1,11.4
2025-04-03T19:00,7.3,0.00,0.00,0.00,4.3,10.3
2025-04-03T20:00,6.4,0.00,0.00,0.00,5.9,12.2
2025-04-03T21:00,5.5,0.00,0.00,0.00,6.6,14.5
2025-04-03T22:00,4.9,0.00,0.00,0.00,7.1,16.2
2025-04-03T23:00,4.6,0.00,0.00,0.00,8.4,19.9
2025-04-04T00:00,4.3,0.00,0.00,0.00,9.1,22.0
2025-04-04T01:00,3.9,0.00,0.00,0.00,9.8,22.9
2025-04-04T02:00,3.5,0.00,0.00,0.00,10.6,24.2
2025-04-04T03:00,3.6,0.00,0.00,0.00,11.9,26.9
2025-04-04T04:00,4.6,0.00,0.00,0.00,13.2,28.7
2025-04-04T05:00,6.6,0.00,0.00,0.00,14.2,29.5
2025-04-04T06:00,8.5,0.00,0.00,0.00,11.5,38.6
2025-04-04T07:00,10.7,0.00,0.00,0.00,15.9,26.9
2025-04-04T08:00,12.1,0.00,0.00,0.00,16.7,27.4
2025-04-04T09:00,13.3,0.00,0.00,0.00,16.4,26.3
2025-04-04T10:00,14.4,0.00,0.00,0.00,16.8,27.0
2025-04-04T11:00,15.1,0.00,0.00,0.00,18.5,30.3
2025-04-04T12:00,14.7,0.00,0.00,0.00,19.1,30.6
2025-04-04T13:00,15.5,0.00,0.00,0.00,17.5,31.0
2025-04-04T14:00,14.2,0.00,0.00,0.00,17.5,31.5
2025-04-04T15:00,12.5,0.00,0.00,0.00,18.5,32.9
2025-04-04T16:00,10.8,0.00,0.00,0.00,15.9,29.4
2025-04-04T17:00,9.1,0.00,0.00,0.00,15.3,28.5
2025-04-04T18:00,7.5,0.00,0.00,0.00,13.1,25.1
2025-04-04T19:00,6.3,0.00,0.00,0.00,10.4,21.6
2025-04-04T20:00,5.3,0.00,0.00,0.00,8.9,19.9
2025-04-04T21:00,4.5,0.00,0.00,0.00,7.7,17.4
2025-04-04T22:00,3.7,0.00,0.00,0.00,7.8,17.2
2025-04-04T23:00,2.9,0.00,0.00,0.00,7.7,17.5
2025-04-05T00:00,2.6,0.00,0.00,0.00,6.8,15.8
2025-04-05T01:00,2.9,0.00,0.00,0.00,5.1,12.6
2025-04-05T02:00,2.9,0.00,0.00,0.00,4.5,11.2
2025-04-05T03:00,2.9,0.00,0.00,0.00,5.0,12.0
2025-04-05T04:00,3.1,0.00,0.00,0.00,5.6,12.9
2025-04-05T05:00,3.5,0.00,0.00,0.00,6.1,12.1
2025-04-05T06:00,4.0,0.00,0.00,0.00,6.6,10.2
2025-04-05T07:00,4.4,0.00,0.00,0.00,4.7,7.0
2025-04-05T08:00,4.9,0.00,0.00,0.00,5.9,8.6
2025-04-05T09:00,5.2,0.00,0.00,0.00,7.7,11.5
2025-04-05T10:00,5.6,0.10,0.00,0.00,9.2,13.6
2025-04-05T11:00,6.0,0.00,0.00,0.00,8.7,13.1
2025-04-05T12:00,6.1,0.00,0.00,0.00,10.2,15.3
2025-04-05T13:00,6.1,0.00,0.00,0.00,10.0,15.2
2025-04-05T14:00,5.9,0.00,0.00,0.00,11.1,17.2
2025-04-05T15:00,5.6,0.00,0.00,0.00,11.7,19.5
2025-04-05T16:00,4.4,0.00,0.00,0.00,16.3,28.1
2025-04-05T17:00,3.2,0.00,0.00,0.00,15.9,28.1
2025-04-05T18:00,2.4,0.00,0.00,0.00,15.6,28.2
2025-04-05T19:00,1.9,0.00,0.00,0.00,15.9,28.4
2025-04-05T20:00,1.2,0.00,0.00,0.00,16.2,28.5
2025-04-05T21:00,0.5,0.00,0.07,0.00,16.4,29.0
2025-04-05T22:00,-0.2,0.00,0.07,0.00,17.4,30.5
2025-04-05T23:00,-1.0,0.00,0.21,0.00,17.9,31.2
2025-04-06T00:00,-1.7,0.00,0.28,0.00,18.0,31.5
2025-04-06T01:00,-1.8,0.00,0.42,0.00,17.0,29.9
2025-04-06T02:00,-2.2,0.00,0.63,0.01,17.7,31.4
2025-04-06T03:00,-2.7,0.00,0.63,0.01,17.6,31.9
2025-04-06T04:00,-2.9,0.00,0.63,0.01,18.8,34.3
2025-04-06T05:00,-2.9,0.00,0.63,0.01,19.2,33.4
2025-04-06T06:00,-2.8,0.00,0.56,0.01,20.5,34.8
2025-04-06T07:00,-2.5,0.00,0.42,0.02,22.2,36.7
2025-04-06T08:00,-2.2,0.00,0.21,0.02,20.3,33.1
2025-04-06T09:00,-2.0,0.00,0.21,0.02,21.3,33.9
2025-04-06T10:00,-1.9,0.00,0.21,0.03,19.3,30.0
2025-04-06T11:00,-1.8,0.00,0.28,0.03,21.1,33.8
2025-04-06T12:00,-1.7,0.00,0.35,0.03,19.9,31.5
2025-04-06T13:00,-1.7,0.00,0.07,0.03,18.1,31.6
2025-04-06T14:00,-1.8,0.00,0.07,0.04,16.8,29.9
2025-04-06T15:00,-1.9,0.00,0.14,0.04,17.0,30.3
2025-04-06T16:00,-2.1,0.00,0.35,0.04,17.5,31.3
2025-04-06T17:00,-2.2,0.00,0.49,0.05,16.4,29.7
2025-04-06T18:00,-2.3,0.00,0.56,0.05,16.9,30.2
2025-04-06T19:00,-2.4,0.00,0.35,0.06,17.6,31.0
2025-04-06T20:00,-2.4,0.00,0.28,0.06,17.7,31.3
2025-04-06T21:00,-2.4,0.00,0.28,0.06,17.8,31.6
2025-04-06T22:00,-2.5,0.00,0.35,0.06,18.1,32.1
2025-04-06T23:00,-2.6,0.00,0.63,0.07,18.2,32.6
2025-04-07T00:00,-2.6,0.00,0.91,0.07,19.2,34.3
2025-04-07T01:00,-2.8,0.00,0.35,0.08,18.5,33.2
2025-04-07T02:00,-2.7,0.00,0.77,0.08,17.5,31.2
2025-04-07T03:00,-2.7,0.00,1.26,0.09,18.0,32.2
2025-04-07T04:00,-2.5,0.00,0.70,0.10,15.7,28.4
2025-04-07T05:00,-2.3,0.00,0.28,0.11,14.0,25.1
2025-04-07T06:00,-2.0,0.00,0.21,0.11,10.6,18.4
2025-04-07T07:00,-1.7,0.00,0.14,0.12,11.9,19.1
2025-04-07T08:00,-1.3,0.00,0.07,0.12,11.7,18.8
2025-04-07T09:00,-0.7,0.00,0.00,0.12,10.1,15.4
2025-04-07T10:00,-0.2,0.00,0.00,0.12,7.4,10.7
2025-04-07T11:00,0.2,0.00,0.00,0.12,6.8,10.0
2025-04-07T12:00,0.6,0.00,0.00,0.11,3.8,6.2
2025-04-07T13:00,0.4,0.00,0.00,0.11,6.5,10.2
2025-04-07T14:00,0.5,0.00,0.00,0.11,3.9,9.2
2025-04-07T15:00,0.1,0.00,0.14,0.11,6.5,14.3
2025-04-07T16:00,-0.4,0.00,0.35,0.11,5.6,14.6
2025-04-07T17:00,-0.3,0.00,0.35,0.11,9.6,19.6
2025-04-07T18:00,-0.9,0.00,1.96,0.11,10.8,21.1
2025-04-07T19:00,-1.4,0.00,0.35,0.11,9.7,19.3
2025-04-07T20:00,-1.6,0.00,0.28,0.12,9.5,19.0
2025-04-07T21:00,-1.6,0.00,0.21,0.12,8.2,16.1
2025-04-07T22:00,-2.1,0.00,0.07,0.12,8.3,17.0
2025-04-07T23:00,-2.5,0.00,0.00,0.13,7.5,15.9
2025-04-08T00:00,-2.8,0.00,0.00,0.13,7.4,15.5
2025-04-08T01:00,-1.4,0.00,0.07,0.13,9.8,18.2
2025-04-08T02:00,-1.4,0.00,0.07,0.13,10.8,19.9
2025-04-08T03:00,-1.4,0.00,0.00,0.14,11.8,21.5
2025-04-08T04:00,-1.5,0.00,0.00,0.14,12.2,21.7
2025-04-08T05:00,-1.5,0.00,0.00,0.14,9.7,16.3
2025-04-08T06:00,-1.5,0.00,0.00,0.14,11.4,18.8
2025-04-08T07:00,-1.5,0.00,0.00,0.14,12.4,19.9
2025-04-08T08:00,-1.3,0.10,0.00,0.14,13.5,21.5
2025-04-08T09:00,-1.0,0.00,0.07,0.14,12.9,20.2
2025-04-08T10:00,-0.6,0.00,0.07,0.14,12.9,20.1
2025-04-08T11:00,-0.7,0.00,0.14,0.14,11.9,18.7
2025-04-08T12:00,-0.8,0.00,0.28,0.15,11.3,18.0
2025-04-08T13:00,-0.9,0.00,0.42,0.15,10.8,17.3
2025-04-08T14:00,-1.0,0.00,0.56,0.16,9.1,15.7
2025-04-08T15:00,-1.1,0.00,0.63,0.16,9.5,17.5
2025-04-08T16:00,-1.3,0.00,0.70,0.17,10.7,19.8
2025-04-08T17:00,-1.5,0.00,0.63,0.18,12.9,23.6
2025-04-08T18:00,-1.7,0.00,0.35,0.18,13.2,24.1
2025-04-08T19:00,-2.0,0.00,0.42,0.19,11.8,21.7
2025-04-08T20:00,-2.2,0.00,0.35,0.19,12.1,22.3
2025-04-08T21:00,-2.3,0.00,0.35,0.19,11.8,21.9
2025-04-08T22:00,-2.4,0.00,0.28,0.19,12.0,22.1
2025-04-08T23:00,-2.6,0.00,0.28,0.20,12.1,22.4
2025-04-09T00:00,-2.8,0.00,0.28,0.20,13.3,24.1
2025-04-09T01:00,-2.9,0.00,0.28,0.20,15.8,27.1
2025-04-09T02:00,-2.9,0.00,0.28,0.20,16.3,27.6
2025-04-09T03:00,-3.2,0.00,0.14,0.20,14.7,26.7
2025-04-09T04:00,-3.5,0.00,0.07,0.20,14.5,26.3
2025-04-09T05:00,-3.4,0.00,0.21,0.20,15.9,27.8
2025-04-09T06:00,-3.0,0.00,0.07,0.20,14.4,24.6
2025-04-09T07:00,-2.6,0.00,0.07,0.20,14.2,24.4
2025-04-09T08:00,-2.4,0.00,0.14,0.20,17.3,28.0
2025-04-09T09:00,-1.9,0.00,0.07,0.20,14.8,25.1
2025-04-09T10:00,-1.4,0.00,0.00,0.20,14.8,25.4
2025-04-09T11:00,-0.6,0.00,0.00,0.20,14.0,24.7
2025-04-09T12:00,-0.8,0.00,0.00,0.20,15.4,27.3
2025-04-09T13:00,-0.6,0.00,0.00,0.20,14.0,25.8
2025-04-09T14:00,-0.7,0.00,0.00,0.20,14.4,27.0
2025-04-09T15:00,-0.9,0.00,0.00,0.20,13.4,26.0
2025-04-09T16:00,-1.5,0.00,0.00,0.20,13.3,26.8
2025-04-09T17:00,-2.2,0.00,0.00,0.20,13.5,28.4
2025-04-09T18:00,-2.4,0.00,0.00,0.20,14.2,28.7
2025-04-09T19:00,-2.7,0.00,0.00,0.20,14.5,29.3
2025-04-09T20:00,-3.1,0.00,0.00,0.20,14.9,29.6
2025-04-09T21:00,-3.2,0.00,0.00,0.20,14.2,28.0
2025-04-09T22:00,-3.2,0.00,0.00,0.20,13.5,26.2
2025-04-09T23:00,-3.9,0.00,0.00,0.20,12.6,25.6
2025-04-10T00:00,-4.8,0.00,0.00,0.20,11.9,25.4
2025-04-10T01:00,-4.4,0.00,0.00,0.20,11.1,24.5
2025-04-10T02:00,-4.5,0.00,0.00,0.20,10.6,23.6
2025-04-10T03:00,-4.2,0.00,0.00,0.20,10.7,22.7
2025-04-10T04:00,-3.5,0.00,0.00,0.20,11.3,22.1
2025-04-10T05:00,-2.9,0.00,0.07,0.20,11.2,21.3
2025-04-10T06:00,-2.4,0.00,0.07,0.20,10.3,19.2
2025-04-10T07:00,-1.9,0.00,0.07,0.20,8.3,14.2
2025-04-10T08:00,-1.3,0.00,0.07,0.20,10.7,17.1
2025-04-10T09:00,-0.6,0.00,0.07,0.20,11.5,18.0
2025-04-10T10:00,0.1,0.00,0.00,0.20,10.3,16.1
2025-04-10T11:00,0.4,0.00,0.07,0.20,8.8,14.3
2025-04-10T12:00,0.6,0.00,0.07,0.20,6.1,11.4
2025-04-10T13:00,0.9,0.00,0.07,0.20,1.9,4.6
2025-04-10T14:00,1.0,0.00,0.00,0.20,0.9,2.2
2025-04-10T15:00,0.9,0.00,0.07,0.20,1.5,2.6
2025-04-10T16:00,0.1,0.00,0.07,0.20,1.7,2.7
2025-04-10T17:00,-0.3,0.00,0.00,0.20,2.3,2.9
2025-04-10T18:00,-1.6,0.00,0.00,0.20,3.1,5.4
2025-04-10T19:00,-3.4,0.00,0.00,0.20,1.5,5.8
2025-04-10T20:00,-3.1,0.00,0.00,0.20,2.0,7.6
2025-04-10T21:00,-3.1,0.00,0.00,0.20,4.5,10.8
2025-04-10T22:00,-3.8,0.00,0.00,0.20,4.0,11.7
2025-04-10T23:00,-4.1,0.00,0.00,0.20,3.1,9.3
2025-04-11T00:00,-3.9,0.00,0.00,0.20,5.4,12.1
2025-04-11T01:00,-2.7,0.00,0.00,0.20,3.6,5.2
2025-04-11T02:00,-4.8,0.00,0.00,0.20,4.1,8.4
2025-04-11T03:00,-5.2,0.00,0.00,0.20,4.0,10.3
2025-04-11T04:00,-5.2,0.00,0.00,0.20,3.4,10.8
2025-04-11T05:00,-4.1,0.00,0.00,0.20,4.0,12.2
2025-04-11T06:00,-2.6,0.00,0.00,0.20,5.4,12.5
2025-04-11T07:00,-0.7,0.00,0.00,0.20,6.6,10.7
2025-04-11T08:00,0.7,0.00,0.00,0.19,6.0,10.2
2025-04-11T09:00,1.7,0.00,0.00,0.19,6.5,12.6
2025-04-11T10:00,2.2,0.00,0.00,0.19,9.0,18.2
2025-04-11T11:00,2.3,0.00,0.00,0.18,11.6,22.1
2025-04-11T12:00,2.3,0.00,0.00,0.18,10.9,21.7
2025-04-11T13:00,2.4,0.00,0.00,0.18,11.4,22.2
2025-04-11T14:00,2.4,0.00,0.00,0.17,11.8,23.5
2025-04-11T15:00,1.9,0.00,0.00,0.17,14.1,26.7
2025-04-11T16:00,1.4,0.00,0.00,0.17,12.7,25.1
2025-04-11T17:00,0.8,0.00,0.00,0.17,12.4,25.3
2025-04-11T18:00,0.4,0.00,0.00,0.17,11.8,24.2
2025-04-11T19:00,-0.1,0.00,0.00,0.17,11.7,24.5
2025-04-11T20:00,-0.6,0.00,0.00,0.17,11.6,24.2
2025-04-11T21:00,-0.7,0.00,0.00,0.17,12.5,24.7
2025-04-11T22:00,-0.8,0.00,0.07,0.17,13.7,26.1
2025-04-11T23:00,-0.8,0.00,0.14,0.17,13.6,25.8
2025-04-12T00:00,-0.9,0.00,0.07,0.17,13.7,25.6
2025-04-12T01:00,-1.0,0.00,0.07,0.17,12.0,23.4
2025-04-12T02:00,-1.0,0.00,0.00,0.17,12.0,23.4
2025-04-12T03:00,-1.2,0.00,0.00,0.18,12.2,23.6
2025-04-12T04:00,-0.9,0.00,0.00,0.18,12.3,22.6
2025-04-12T05:00,-1.3,0.00,0.00,0.18,12.8,21.3
2025-04-12T06:00,-1.1,0.00,0.00,0.17,13.4,20.7
2025-04-12T07:00,-1.2,0.00,0.00,0.17,13.0,20.2
2025-04-12T08:00,-1.1,0.00,0.00,0.17,12.2,19.1
2025-04-12T09:00,-0.6,0.00,0.00,0.17,13.0,20.1
2025-04-12T10:00,0.1,0.00,0.00,0.17,12.2,18.8
2025-04-12T11:00,0.6,0.00,0.00,0.17,11.0,16.7
2025-04-12T12:00,1.1,0.00,0.00,0.17,9.2,15.5
2025-04-12T13:00,2.8,0.00,0.00,0.17,7.9,15.3
2025-04-12T14:00,2.6,0.00,0.00,0.16,7.6,17.1
2025-04-12T15:00,2.0,0.00,0.00,0.16,8.0,18.6
2025-04-12T16:00,1.4,0.00,0.00,0.16,12.3,25.2
2025-04-12T17:00,0.6,0.00,0.00,0.16,11.4,24.1
2025-04-12T18:00,0.4,0.00,0.00,0.16,9.8,21.5
2025-04-12T19:00,0.1,0.00,0.14,0.16,12.9,25.4
2025-04-12T20:00,-0.5,0.00,0.35,0.16,12.0,23.1
2025-04-12T21:00,-0.7,0.00,0.42,0.17,12.2,23.1
2025-04-12T22:00,-0.7,0.00,0.35,0.17,11.6,22.1
2025-04-12T23:00,-0.8,0.00,0.42,0.17,10.8,20.9
2025-04-13T00:00,-0.7,0.00,0.28,0.17,10.6,20.4
2025-04-13T01:00,-0.5,0.00,0.14,0.17,8.1,16.8
2025-04-13T02:00,-0.3,0.00,0.07,0.17,8.6,17.8
2025-04-13T03:00,-0.9,0.00,0.00,0.17,5.8,15.4
2025-04-13T04:00,-0.6,0.00,0.00,0.17,5.4,13.9
2025-04-13T05:00,0.4,0.00,0.00,0.17,5.1,9.6
2025-04-13T06:00,1.3,0.00,0.00,0.17,5.2,8.6
2025-04-13T07:00,2.1,0.00,0.00,0.17,4.1,7.5
2025-04-13T08:00,2.8,0.00,0.00,0.16,4.2,8.1
2025-04-13T09:00,3.4,0.00,0.00,0.16,2.8,6.4
2025-04-13T10:00,3.9,0.00,0.00,0.15,1.1,3.3
2025-04-13T11:00,4.3,0.00,0.00,0.14,1.7,3.8
2025-04-13T12:00,4.8,0.00,0.00,0.14,2.2,4.5
2025-04-13T13:00,8.5,0.00,0.00,0.13,2.8,4.4
2025-04-13T14:00,8.7,0.00,0.00,0.13,2.9,4.7
2025-04-13T15:00,8.6,0.00,0.00,0.13,2.5,4.1
2025-04-13T16:00,7.7,0.00,0.00,0.13,1.0,2.4
2025-04-13T17:00,6.6,0.00,0.00,0.13,5.0,6.7
2025-04-13T18:00,5.4,0.00,0.00,0.13,6.5,14.8
2025-04-13T19:00,4.3,0.00,0.00,0.13,8.0,18.3
2025-04-13T20:00,3.6,0.00,0.00,0.13,8.5,20.0
2025-04-13T21:00,2.6,0.00,0.00,0.13,7.7,18.2
2025-04-13T22:00,1.7,0.00,0.00,0.13,8.2,18.9
2025-04-13T23:00,1.1,0.00,0.00,0.13,7.7,18.2
2025-04-14T00:00,0.7,0.00,0.00,0.13,7.3,17.4
2025-04-14T01:00,1.1,0.00,0.00,0.13,6.2,15.5
2025-04-14T02:00,0.8,0.00,0.00,0.13,6.6,16.3
2025-04-14T03:00,0.7,0.00,0.00,0.13,6.6,16.2
2025-04-14T04:00,1.4,0.00,0.00,0.13,6.1,14.7
2025-04-14T05:00,2.8,0.00,0.00,0.13,4.3,17.6
2025-04-14T06:00,4.9,0.00,0.00,0.13,4.5,11.5
2025-04-14T07:00,6.9,0.00,0.00,0.12,9.1,14.4
2025-04-14T08:00,8.0,0.00,0.00,0.12,11.6,18.1
2025-04-14T09:00,9.0,0.00,0.00,0.11,12.2,19.0
2025-04-14T10:00,9.8,0.00,0.00,0.10,11.8,18.2
2025-04-14T11:00,10.7,0.00,0.00,0.09,12.0,18.4
2025-04-14T12:00,11.3,0.00,0.00,0.08,12.1,18.9
2025-04-14T13:00,11.7,0.00,0.00,0.07,12.4,19.6
2025-04-14T14:00,11.6,0.00,0.00,0.07,12.4,20.1
2025-04-14T15:00,11.1,0.00,0.00,0.06,10.7,19.8
2025-04-14T16:00,10.1,0.00,0.00,0.06,10.9,22.2
2025-04-14T17:00,9.0,0.00,0.00,0.06,10.4,23.4
2025-04-14T18:00,8.4,0.00,0.00,0.06,11.7,26.5
2025-04-14T19:00,7.9,0.00,0.00,0.06,11.9,27.0
2025-04-14T20:00,7.7,0.00,0.00,0.06,12.5,28.3
2025-04-14T21:00,7.4,0.00,0.00,0.06,12.4,28.1
2025-04-14T22:00,7.1,0.00,0.00,0.06,12.6,28.5
2025-04-14T23:00,6.6,0.00,0.00,0.06,11.9,26.9
2025-04-15T00:00,6.2,0.00,0.00,0.06,11.3,25.7
2025-04-15T01:00,7.7,0.00,0.00,0.06,11.4,25.8
2025-04-15T02:00,7.5,0.00,0.00,0.06,11.8,26.5
2025-04-15T03:00,7.3,0.00,0.00,0.06,11.9,26.8
2025-04-15T04:00,7.7,0.00,0.00,0.06,11.9,25.8
2025-04-15T05:00,8.6,0.00,0.00,0.06,10.7,25.3
2025-04-15T06:00,9.6,0.00,0.00,0.05,9.8,20.7
2025-04-15T07:00,11.2,0.00,0.00,0.05,10.0,17.4
2025-04-15T08:00,13.1,0.00,0.00,0.04,11.7,18.7
2025-04-15T09:00,14.9,0.00,0.00,0.04,13.0,20.9
2025-04-15T10:00,16.5,0.00,0.00,0.03,15.4,24.8
2025-04-15T11:00,16.6,0.00,0.00,0.02,16.2,26.2
2025-04-15T12:00,16.0,0.00,0.00,0.02,12.0,21.8
2025-04-15T13:00,17.1,0.00,0.00,0.02,15.4,25.6
2025-04-15T14:00,16.5,0.00,0.00,0.01,12.8,23.1
2025-04-15T15:00,15.5,0.00,0.00,0.01,11.3,22.3
2025-04-15T16:00,14.5,0.00,0.00,0.01,10.6,22.5
2025-04-15T17:00,13.3,0.00,0.00,0.01,9.4,21.7
2025-04-15T18:00,12.8,0.00,0.00,0.01,8.6,20.7
2025-04-15T19:00,12.0,0.00,0.00,0.01,8.0,19.6
2025-04-15T20:00,11.5,0.00,0.00,0.01,7.9,19.4
2025-04-15T21:00,10.6,0.00,0.00,0.01,7.6,18.2
2025-04-15T22:00,9.4,0.00,0.00,0.01,5.1,14.5
2025-04-15T23:00,8.6,0.00,0.00,0.01,5.5,13.2
2025-04-16T00:00,7.9,0.00,0.00,0.01,7.0,14.9
2025-04-16T01:00,8.8,0.00,0.00,0.01,5.9,13.5
2025-04-16T02:00,7.7,0.00,0.00,0.01,3.8,10.4
2025-04-16T03:00,7.2,0.00,0.00,0.01,3.1,6.0
2025-04-16T04:00,7.7,0.00,0.00,0.01,2.8,1.0
2025-04-16T05:00,9.1,0.00,0.00,0.01,3.4,5.6
2025-04-16T06:00,11.1,0.00,0.00,0.01,2.5,6.3
2025-04-16T07:00,13.2,0.00,0.00,0.01,2.8,4.8
2025-04-16T08:00,14.9,0.00,0.00,0.01,4.4,6.8
2025-04-16T09:00,16.3,0.00,0.00,0.00,5.2,7.9
2025-04-16T10:00,17.5,0.00,0.00,0.00,5.6,8.5
2025-04-16T11:00,18.5,0.00,0.00,0.00,6.0,9.0
2025-04-16T12:00,19.1,0.00,0.00,0.00,7.0,10.7
2025-04-16T13:00,19.9,0.00,0.00,0.00,7.4,11.4
2025-04-16T14:00,19.6,0.00,0.00,0.00,7.0,12.6
2025-04-16T15:00,18.6,0.00,0.00,0.00,5.0,12.0
2025-04-16T16:00,17.3,0.00,0.00,0.00,4.8,12.2
2025-04-16T17:00,15.4,0.00,0.00,0.00,5.7,15.3
2025-04-16T18:00,14.4,0.00,0.00,0.00,6.4,17.7
2025-04-16T19:00,13.5,0.00,0.00,0.00,6.8,18.0
2025-04-16T20:00,12.6,0.00,0.00,0.00,7.9,20.6
2025-04-16T21:00,11.7,0.00,0.00,0.00,8.4,21.0
2025-04-16T22:00,11.0,0.00,0.00,0.00,8.0,20.5
2025-04-16T23:00,10.3,0.00,0.00,0.00,7.7,20.1
2025-04-17T00:00,9.7,0.00,0.00,0.00,7.7,20.0
2025-04-17T01:00,9.5,0.00,0.00,0.00,6.8,17.8
2025-04-17T02:00,8.9,0.00,0.00,0.00,7.7,19.3
2025-04-17T03:00,8.4,0.00,0.00,0.00,7.3,18.3
2025-04-17T04:00,8.6,0.00,0.00,0.00,5.6,14.7
2025-04-17T05:00,9.7,0.00,0.00,0.00,4.8,14.8
2025-04-17T06:00,11.3,0.00,0.00,0.00,3.5,14.6
2025-04-17T07:00,13.8,0.00,0.00,0.00,4.1,9.0
2025-04-17T08:00,15.7,0.00,0.00,0.00,10.4,16.9
2025-04-17T09:00,14.5,0.00,0.00,0.00,11.4,19.8
2025-04-17T10:00,13.9,0.00,0.00,0.00,11.2,21.6
2025-04-17T11:00,15.0,0.00,0.00,0.00,11.0,18.7
2025-04-17T12:00,17.1,0.00,0.00,0.00,12.9,21.2
2025-04-17T13:00,17.7,0.00,0.00,0.00,13.2,23.0
2025-04-17T14:00,17.7,0.00,0.00,0.00,11.2,21.1
2025-04-17T15:00,16.6,0.00,0.00,0.00,13.5,25.4
2025-04-17T16:00,15.1,0.00,0.00,0.00,8.9,19.1
2025-04-17T17:00,14.4,0.00,0.00,0.00,9.2,20.0
2025-04-17T18:00,13.9,0.00,0.00,0.00,10.0,22.6
2025-04-17T19:00,13.4,0.00,0.00,0.00,11.0,24.7
2025-04-17T20:00,13.1,0.00,0.00,0.00,12.4,26.9
2025-04-17T21:00,12.9,0.00,0.00,0.00,10.2,23.5
2025-04-17T22:00,12.4,0.00,0.00,0.00,6.5,17.2
2025-04-17T23:00,11.8,0.00,0.00,0.00,5.8,15.3
2025-04-18T00:00,11.4,0.00,0.00,0.00,7.7,18.4
2025-04-18T01:00,12.1,0.00,0.00,0.00,10.3,22.9
2025-04-18T02:00,11.5,0.00,0.00,0.00,8.8,20.0
2025-04-18T03:00,11.1,0.00,0.00,0.00,8.1,18.4
2025-04-18T04:00,11.6,0.00,0.00,0.00,7.9,17.3
2025-04-18T05:00,12.4,0.20,0.00,0.00,6.2,18.4
2025-04-18T06:00,13.6,0.20,0.00,0.00,5.6,10.6
2025-04-18T07:00,15.5,0.00,0.00,0.00,5.5,9.1
2025-04-18T08:00,17.3,0.00,0.00,0.00,5.5,8.7
2025-04-18T09:00,19.1,0.00,0.00,0.00,6.5,10.0
2025-04-18T10:00,20.7,0.00,0.00,0.00,8.0,12.4
2025-04-18T11:00,21.6,0.00,0.00,0.00,8.8,13.7
2025-04-18T12:00,21.7,0.00,0.00,0.00,8.2,13.2
2025-04-18T13:00,22.4,0.00,0.00,0.00,5.6,8.9
2025-04-18T14:00,22.3,0.00,0.00,0.00,4.6,8.6
2025-04-18T15:00,21.5,0.00,0.00,0.00,4.0,9.6
2025-04-18T16:00,19.6,0.00,0.00,0.00,4.0,11.0
2025-04-18T17:00,18.9,0.00,0.00,0.00,6.7,14.1
2025-04-18T18:00,17.8,0.00,0.00,0.00,7.5,18.1
2025-04-18T19:00,16.9,0.00,0.00,0.00,8.9,21.6
2025-04-18T20:00,16.2,0.00,0.00,0.00,9.1,22.3
2025-04-18T21:00,15.3,0.00,0.00,0.00,8.9,21.2
2025-04-18T22:00,14.5,0.00,0.00,0.00,8.9,20.6
2025-04-18T23:00,13.8,0.00,0.00,0.00,8.6,20.5
2025-04-19T00:00,12.8,1.20,0.00,0.00,10.6,23.0
2025-04-19T01:00,14.3,0.00,0.00,0.00,8.7,19.6
2025-04-19T02:00,13.7,0.00,0.00,0.00,9.7,22.3
2025-04-19T03:00,13.3,0.00,0.00,0.00,9.5,21.4
2025-04-19T04:00,13.9,0.00,0.00,0.00,8.7,19.3
2025-04-19T05:00,15.0,0.00,0.00,0.00,8.1,20.8
2025-04-19T06:00,16.7,0.00,0.00,0.00,6.9,12.6
2025-04-19T07:00,18.0,0.00,0.00,0.00,7.0,11.4
2025-04-19T08:00,19.8,0.00,0.00,0.00,8.4,13.5
2025-04-19T09:00,21.5,0.00,0.00,0.00,10.4,16.6
2025-04-19T10:00,22.8,0.00,0.00,0.00,12.4,19.8
2025-04-19T11:00,23.7,0.00,0.00,0.00,13.6,21.7
2025-04-19T12:00,23.8,0.00,0.00,0.00,14.4,23.4
2025-04-19T13:00,24.1,0.00,0.00,0.00,12.0,20.5
2025-04-19T14:00,23.7,0.00,0.00,0.00,9.6,18.0
2025-04-19T15:00,22.7,0.00,0.00,0.00,7.6,16.8
2025-04-19T16:00,21.1,0.00,0.00,0.00,7.0,17.3
2025-04-19T17:00,19.4,0.00,0.00,0.00,8.1,19.4
2025-04-19T18:00,18.0,0.00,0.00,0.00,9.9,22.9
2025-04-19T19:00,17.0,0.00,0.00,0.00,11.1,25.9
2025-04-19T20:00,16.1,0.00,0.00,0.00,11.2,25.9
2025-04-19T21:00,15.4,0.00,0.00,0.00,10.9,25.5
2025-04-19T22:00,14.6,0.00,0.00,0.00,10.6,24.7
2025-04-19T23:00,14.0,0.00,0.00,0.00,10.6,24.5
2025-04-20T00:00,13.5,0.00,0.00,0.00,10.2,24.0
2025-04-20T01:00,14.4,0.00,0.00,0.00,10.0,23.6
2025-04-20T02:00,13.7,0.00,0.00,0.00,10.1,23.6
2025-04-20T03:00,13.3,0.00,0.00,0.00,10.5,23.7
2025-04-20T04:00,13.8,0.00,0.00,0.00,10.1,22.7
2025-04-20T05:00,15.1,0.00,0.00,0.00,8.7,27.1
2025-04-20T06:00,17.0,0.00,0.00,0.00,7.0,16.1
2025-04-20T07:00,19.2,0.00,0.00,0.00,7.6,13.5
2025-04-20T08:00,21.3,0.00,0.00,0.00,9.9,15.6
2025-04-20T09:00,22.4,0.00,0.00,0.00,14.7,23.3
2025-04-20T10:00,22.8,0.00,0.00,0.00,14.3,22.5
2025-04-20T11:00,23.2,0.00,0.00,0.00,13.3,20.9
2025-04-20T12:00,23.3,0.00,0.00,0.00,12.7,20.0
2025-04-20T13:00,24.2,0.00,0.00,0.00,11.7,18.2
2025-04-20T14:00,23.9,0.00,0.00,0.00,11.3,18.7
2025-04-20T15:00,22.9,0.00,0.00,0.00,10.2,18.7
2025-04-20T16:00,21.2,0.00,0.00,0.00,9.9,20.6
2025-04-20T17:00,19.4,0.00,0.00,0.00,10.6,23.1
2025-04-20T18:00,18.0,0.00,0.00,0.00,10.6,23.8
2025-04-20T19:00,16.8,0.00,0.00,0.00,10.1,23.1
2025-04-20T20:00,15.8,0.00,0.00,0.00,9.5,22.2
2025-04-20T21:00,14.8,0.00,0.00,0.00,8.9,21.0
2025-04-20T22:00,13.9,0.00,0.00,0.00,8.3,19.8
2025-04-20T23:00,13.1,0.00,0.00,0.00,7.8,18.8
2025-04-21T00:00,12.3,0.00,0.00,0.00,7.8,18.8
2025-04-21T01:00,12.5,0.00,0.00,0.00,7.9,19.1
2025-04-21T02:00,11.8,0.00,0.00,0.00,8.1,20.0
2025-04-21T03:00,11.7,0.00,0.00,0.00,8.6,20.4
2025-04-21T04:00,12.6,0.00,0.00,0.00,8.7,19.7
2025-04-21T05:00,14.0,0.00,0.00,0.00,8.3,24.5
2025-04-21T06:00,16.1,0.00,0.00,0.00,6.8,16.6
2025-04-21T07:00,18.7,0.00,0.00,0.00,7.6,13.1
2025-04-21T08:00,21.0,0.00,0.00,0.00,9.6,14.9
2025-04-21T09:00,22.7,0.00,0.00,0.00,10.9,16.9
2025-04-21T10:00,23.8,0.00,0.00,0.00,15.0,23.3
2025-04-21T11:00,24.2,0.00,0.00,0.00,16.7,25.8
2025-04-21T12:00,24.4,0.00,0.00,0.00,17.1,26.6
2025-04-21T13:00,25.5,0.00,0.00,0.00,16.0,24.6
2025-04-21T14:00,25.2,0.00,0.00,0.00,15.2,23.7
2025-04-21T15:00,24.7,0.00,0.00,0.00,15.5,25.1
2025-04-21T16:00,23.5,0.00,0.00,0.00,13.9,24.0
2025-04-21T17:00,21.9,0.00,0.00,0.00,13.6,25.8
2025-04-21T18:00,20.3,0.00,0.00,0.00,13.6,26.6
2025-04-21T19:00,19.1,0.00,0.00,0.00,13.7,27.1
2025-04-21T20:00,17.9,0.00,0.00,0.00,13.4,27.0
2025-04-21T21:00,16.8,0.00,0.00,0.00,12.7,26.0
2025-04-21T22:00,15.4,0.00,0.00,0.00,9.4,18.2
2025-04-21T23:00,14.7,0.00,0.00,0.00,11.1,22.7
2025-04-22T00:00,14.1,0.00,0.00,0.00,10.1,21.0
2025-04-22T01:00,15.0,0.00,0.00,0.00,7.3,14.5
2025-04-22T02:00,14.1,0.00,0.00,0.00,6.1,12.0
2025-04-22T03:00,13.6,0.00,0.00,0.00,7.8,16.7
2025-04-22T04:00,14.4,0.00,0.00,0.00,0.4,10.6
2025-04-22T05:00,16.0,0.00,0.00,0.00,1.3,5.4
2025-04-22T06:00,17.7,0.00,0.00,0.00,4.6,7.1
2025-04-22T07:00,19.1,0.00,0.00,0.00,5.1,7.6
2025-04-22T08:00,20.5,0.00,0.00,0.00,5.0,7.1
2025-04-22T09:00,21.6,0.00,0.00,0.00,5.5,7.9
2025-04-22T10:00,22.4,0.00,0.00,0.00,8.0,11.6
2025-04-22T11:00,22.6,0.10,0.00,0.00,9.7,14.1
2025-04-22T12:00,22.7,0.00,0.00,0.00,10.3,15.0
2025-04-22T13:00,23.7,0.00,0.00,0.00,8.6,12.5
2025-04-22T14:00,23.1,0.00,0.00,0.00,9.8,13.9
2025-04-22T15:00,22.1,0.00,0.00,0.00,11.4,16.8
2025-04-22T16:00,20.8,0.00,0.00,0.00,11.7,17.7
2025-04-22T17:00,18.6,0.00,0.00,0.00,12.4,20.6
2025-04-22T18:00,16.9,0.00,0.00,0.00,10.5,18.6
2025-04-22T19:00,15.6,0.00,0.00,0.00,10.7,18.2
2025-04-22T20:00,14.0,0.00,0.00,0.00,10.2,18.1
2025-04-22T21:00,12.8,0.00,0.00,0.00,9.3,16.2
2025-04-22T22:00,11.9,0.00,0.00,0.00,8.1,15.3
2025-04-22T23:00,11.4,0.00,0.00,0.00,7.7,15.2
2025-04-23T00:00,11.1,0.00,0.00,0.00,8.4,16.5
2025-04-23T01:00,11.9,0.00,0.00,0.00,8.1,16.0
2025-04-23T02:00,11.5,0.00,0.00,0.00,8.3,16.0
2025-04-23T03:00,11.4,0.00,0.00,0.00,7.3,17.7
2025-04-23T04:00,12.0,0.10,0.00,0.00,5.8,10.7
2025-04-23T05:00,13.4,0.20,0.00,0.00,8.1,14.9
2025-04-23T06:00,15.5,0.00,0.00,0.00,9.9,18.1
2025-04-23T07:00,18.2,0.00,0.00,0.00,8.7,14.5
2025-04-23T08:00,21.1,0.00,0.00,0.00,8.1,12.6
2025-04-23T09:00,23.2,0.00,0.00,0.00,8.9,13.4
2025-04-23T10:00,23.8,0.00,0.00,0.00,14.2,21.4
2025-04-23T11:00,24.9,0.00,0.00,0.00,12.9,19.9
2025-04-23T12:00,25.7,0.00,0.00,0.00,15.2,23.1
2025-04-23T13:00,25.9,0.00,0.00,0.00,13.7,20.9
2025-04-23T14:00,25.6,0.00,0.00,0.00,14.2,21.8
2025-04-23T15:00,25.0,0.00,0.00,0.00,14.6,22.7
2025-04-23T16:00,22.6,0.00,0.00,0.00,13.6,22.9
2025-04-23T17:00,21.3,0.00,0.00,0.00,8.5,15.5
2025-04-23T18:00,20.2,0.00,0.00,0.00,7.2,13.5
2025-04-23T19:00,18.9,0.00,0.00,0.00,7.5,13.8
2025-04-23T20:00,17.0,0.00,0.00,0.00,11.6,20.8
2025-04-23T21:00,15.4,0.00,0.00,0.00,11.7,20.9
2025-04-23T22:00,14.1,0.00,0.00,0.00,11.2,20.2
2025-04-23T23:00,13.0,0.00,0.00,0.00,11.7,21.0
2025-04-24T00:00,11.9,0.00,0.00,0.00,10.9,19.8
2025-04-24T01:00,11.5,0.00,0.00,0.00,8.8,15.6
2025-04-24T02:00,10.7,0.00,0.00,0.00,9.6,17.7
2025-04-24T03:00,10.2,0.00,0.00,0.00,7.9,13.9
2025-04-24T04:00,10.3,0.00,0.00,0.00,8.3,13.4
2025-04-24T05:00,11.3,0.00,0.00,0.00,7.9,12.3
2025-04-24T06:00,12.7,0.00,0.00,0.00,7.4,11.4
2025-04-24T07:00,14.1,0.00,0.00,0.00,8.3,12.4
2025-04-24T08:00,15.4,0.00,0.00,0.00,8.0,11.8
2025-04-24T09:00,16.6,0.00,0.00,0.00,7.1,10.2
2025-04-24T10:00,17.6,0.00,0.00,0.00,6.8,9.9
2025-04-24T11:00,18.3,0.00,0.00,0.00,7.8,11.2
2025-04-24T12:00,18.8,0.00,0.00,0.00,8.8,12.7
2025-04-24T13:00,19.4,0.00,0.00,0.00,7.8,11.3
2025-04-24T14:00,19.3,0.00,0.00,0.00,9.1,13.1
2025-04-24T15:00,18.8,0.00,0.00,0.00,10.5,15.8
2025-04-24T16:00,17.8,0.00,0.00,0.00,12.1,18.4
2025-04-24T17:00,16.7,0.00,0.00,0.00,12.4,19.8
2025-04-24T18:00,15.7,0.00,0.00,0.00,11.1,19.1
2025-04-24T19:00,15.0,0.00,0.00,0.00,10.6,18.5
2025-04-24T20:00,14.1,0.00,0.00,0.00,10.3,17.7
2025-04-24T21:00,13.3,0.00,0.00,0.00,9.9,18.1
2025-04-24T22:00,12.4,0.00,0.00,0.00,9.9,18.2
2025-04-24T23:00,11.6,0.00,0.00,0.00,8.6,16.3
2025-04-25T00:00,11.1,0.00,0.00,0.00,7.7,14.9
2025-04-25T01:00,11.3,0.00,0.00,0.00,8.5,16.8
2025-04-25T02:00,10.7,0.00,0.00,0.00,8.7,17.1
2025-04-25T03:00,10.3,0.00,0.00,0.00,7.5,15.7
2025-04-25T04:00,10.7,0.00,0.00,0.00,6.9,11.0
2025-04-25T05:00,11.8,0.00,0.00,0.00,6.2,10.0
2025-04-25T06:00,13.2,0.00,0.00,0.00,6.3,9.5
2025-04-25T07:00,14.9,0.00,0.00,0.00,4.8,7.0
2025-04-25T08:00,16.5,0.00,0.00,0.00,6.5,9.4
2025-04-25T09:00,17.1,0.10,0.00,0.00,9.2,13.7
2025-04-25T10:00,16.6,1.30,0.00,0.00,13.3,19.8
2025-04-25T11:00,16.9,1.70,0.00,0.00,9.9,14.7
2025-04-25T12:00,16.9,0.00,0.00,0.00,14.9,22.6
2025-04-25T13:00,14.4,0.20,0.00,0.00,14.1,22.3
2025-04-25T14:00,14.8,0.00,0.00,0.00,17.8,27.5
2025-04-25T15:00,13.3,0.00,0.00,0.00,16.3,25.4
2025-04-25T16:00,12.2,0.00,0.00,0.00,15.9,25.1
2025-04-25T17:00,11.0,0.00,0.00,0.00,13.6,21.6
2025-04-25T18:00,10.3,0.00,0.00,0.00,12.4,19.5
2025-04-25T19:00,9.4,0.00,0.00,0.00,16.0,25.3
2025-04-25T20:00,8.0,0.00,0.00,0.00,16.5,26.4
2025-04-25T21:00,6.9,0.00,0.00,0.00,14.7,23.8
2025-04-25T22:00,5.7,0.00,0.00,0.00,13.6,23.0
2025-04-25T23:00,4.8,0.00,0.00,0.00,12.8,22.0
2025-04-26T00:00,3.8,0.00,0.00,0.00,15.2,25.7
2025-04-26T01:00,2.2,0.00,0.00,0.00,14.9,23.9
2025-04-26T02:00,1.8,0.00,0.00,0.00,14.6,23.5
2025-04-26T03:00,1.6,0.00,0.00,0.00,15.4,24.6
2025-04-26T04:00,2.0,0.00,0.00,0.00,16.1,25.6
2025-04-26T05:00,2.1,0.00,0.00,0.00,17.1,27.5
2025-04-26T06:00,2.7,0.00,0.00,0.00,19.3,30.3
2025-04-26T07:00,3.7,0.00,0.00,0.00,20.5,31.8
2025-04-26T08:00,4.3,0.00,0.00,0.00,20.0,30.7
2025-04-26T09:00,4.8,0.00,0.00,0.00,19.7,30.3
2025-04-26T10:00,5.7,0.00,0.00,0.00,19.9,31.2
2025-04-26T11:00,6.9,0.00,0.00,0.00,20.1,31.4
2025-04-26T12:00,7.9,0.00,0.00,0.00,20.3,31.5
2025-04-26T13:00,6.9,0.00,0.00,0.00,19.6,30.4
2025-04-26T14:00,6.6,0.00,0.00,0.00,19.2,30.1
2025-04-26T15:00,6.2,0.00,0.00,0.00,17.5,27.5
2025-04-26T16:00,5.7,0.00,0.00,0.00,15.7,24.9
2025-04-26T17:00,5.0,0.00,0.00,0.00,11.8,19.8
2025-04-26T18:00,4.5,0.00,0.00,0.00,7.2,13.2
2025-04-26T19:00,4.0,0.00,0.00,0.00,8.3,15.2
2025-04-26T20:00,3.3,0.00,0.00,0.00,8.4,16.1
2025-04-26T21:00,2.6,0.00,0.00,0.00,9.6,18.1
2025-04-26T22:00,1.9,0.00,0.00,0.00,9.4,18.0
2025-04-26T23:00,1.2,0.00,0.00,0.00,9.9,18.8
2025-04-27T00:00,0.7,0.00,0.00,0.00,9.9,18.5
2025-04-27T01:00,0.0,0.00,0.00,0.00,10.2,19.9
2025-04-27T02:00,-0.5,0.00,0.00,0.00,9.6,19.0
2025-04-27T03:00,-0.6,0.00,0.00,0.00,8.6,16.8
2025-04-27T04:00,0.1,0.00,0.00,0.00,10.1,16.7
2025-04-27T05:00,1.4,0.00,0.00,0.00,13.3,20.6
2025-04-27T06:00,2.4,0.00,0.07,0.00,12.8,19.9
2025-04-27T07:00,3.5,0.00,0.00,0.00,12.4,19.1
2025-04-27T08:00,4.7,0.00,0.00,0.00,15.1,22.9
2025-04-27T09:00,4.6,0.00,0.00,0.00,16.8,26.1
2025-04-27T10:00,4.9,0.00,0.00,0.00,16.9,26.4
2025-04-27T11:00,5.4,0.00,0.00,0.00,17.9,28.1
2025-04-27T12:00,5.2,0.00,0.00,0.00,18.0,28.6
2025-04-27T13:00,4.8,0.00,0.00,0.00,17.5,27.9
2025-04-27T14:00,4.4,0.00,0.07,0.00,18.4,29.2
2025-04-27T15:00,4.0,0.00,0.07,0.00,18.3,29.1
2025-04-27T16:00,3.5,0.00,0.00,0.00,17.0,27.9
2025-04-27T17:00,3.0,0.00,0.00,0.00,11.4,19.9
2025-04-27T18:00,2.8,0.00,0.00,0.00,10.6,19.2
2025-04-27T19:00,2.5,0.00,0.00,0.00,16.0,26.8
2025-04-27T20:00,1.6,0.00,0.00,0.00,13.5,23.6
2025-04-27T21:00,1.0,0.00,0.00,0.00,10.9,20.1
2025-04-27T22:00,0.8,0.00,0.00,0.00,9.7,18.2
2025-04-27T23:00,0.5,0.00,0.00,0.00,9.5,18.2
2025-04-28T00:00,0.2,0.00,0.00,0.00,9.2,18.1
2025-04-28T01:00,-0.9,0.00,0.00,0.00,8.6,18.0
2025-04-28T02:00,-1.3,0.00,0.00,0.00,8.9,18.6
2025-04-28T03:00,-1.1,0.00,0.00,0.00,8.1,19.1
2025-04-28T04:00,-0.3,0.00,0.00,0.00,7.1,13.2
2025-04-28T05:00,1.3,0.00,0.00,0.00,7.1,11.6
2025-04-28T06:00,2.9,0.00,0.00,0.00,10.2,15.7
2025-04-28T07:00,4.3,0.00,0.00,0.00,14.6,22.3
2025-04-28T08:00,5.6,0.00,0.00,0.00,15.7,23.8
2025-04-28T09:00,6.9,0.00,0.00,0.00,16.0,24.4
2025-04-28T10:00,7.9,0.00,0.00,0.00,15.0,23.0
2025-04-28T11:00,9.4,0.00,0.00,0.00,16.2,24.6
2025-04-28T12:00,10.5,0.00,0.00,0.00,16.6,25.3
2025-04-28T13:00,11.2,0.00,0.00,0.00,18.8,29.2
2025-04-28T14:00,10.3,0.00,0.00,0.00,15.4,24.4
2025-04-28T15:00,10.5,0.00,0.00,0.00,14.5,23.0
2025-04-28T16:00,10.2,0.00,0.00,0.00,13.4,22.3
2025-04-28T17:00,9.6,0.00,0.00,0.00,9.5,17.5
2025-04-28T18:00,8.5,0.00,0.00,0.00,9.9,20.6
2025-04-28T19:00,8.1,0.00,0.00,0.00,14.1,27.3
2025-04-28T20:00,7.5,0.00,0.00,0.00,13.3,25.3
2025-04-28T21:00,7.5,0.00,0.00,0.00,10.9,20.8
2025-04-28T22:00,6.8,0.00,0.00,0.00,10.7,21.6
2025-04-28T23:00,6.7,0.00,0.00,0.00,11.1,22.2
2025-04-29T00:00,5.7,0.00,0.00,0.00,11.0,23.4
2025-04-29T01:00,6.1,0.00,0.00,0.00,10.3,22.0
2025-04-29T02:00,5.6,0.00,0.00,0.00,11.5,23.8
2025-04-29T03:00,5.7,0.00,0.00,0.00,12.7,25.6
2025-04-29T04:00,6.1,0.00,0.00,0.00,11.2,24.9
2025-04-29T05:00,6.9,0.00,0.00,0.00,13.1,23.3
2025-04-29T06:00,7.2,0.00,0.00,0.00,14.3,24.2
2025-04-29T07:00,7.8,0.00,0.00,0.00,15.0,25.2
2025-04-29T08:00,7.7,0.10,0.00,0.00,17.2,29.2
2025-04-29T09:00,8.5,0.10,0.00,0.00,19.5,32.1
2025-04-29T10:00,8.0,0.20,0.00,0.00,17.2,29.1
2025-04-29T11:00,7.9,0.70,0.00,0.00,13.6,24.0
2025-04-29T12:00,8.2,0.50,0.00,0.00,15.1,26.8
2025-04-29T13:00,11.7,0.00,0.00,0.00,23.2,37.2
2025-04-29T14:00,11.0,0.00,0.00,0.00,18.8,31.0
2025-04-29T15:00,11.0,0.00,0.00,0.00,14.4,24.5
2025-04-29T16:00,11.0,0.00,0.00,0.00,16.3,28.0
2025-04-29T17:00,8.7,1.10,0.00,0.00,14.7,26.0
2025-04-29T18:00,8.3,0.00,0.00,0.00,13.1,24.5
2025-04-29T19:00,7.8,0.00,0.00,0.00,13.1,24.5
2025-04-29T20:00,7.3,0.30,0.00,0.00,13.2,24.3
2025-04-29T21:00,7.2,0.10,0.00,0.00,13.7,25.6
2025-04-29T22:00,7.3,0.00,0.00,0.00,13.7,25.2
2025-04-29T23:00,7.3,0.10,0.00,0.00,14.1,25.5
2025-04-30T00:00,7.0,0.20,0.00,0.00,14.6,26.3
2025-04-30T01:00,7.4,0.00,0.00,0.00,13.6,24.6
2025-04-30T02:00,7.3,0.10,0.00,0.00,17.0,29.2
2025-04-30T03:00,7.1,0.10,0.00,0.00,13.5,22.9
2025-04-30T04:00,7.0,0.30,0.00,0.00,13.0,21.7
2025-04-30T05:00,7.2,0.60,0.00,0.00,12.1,20.2
2025-04-30T06:00,8.3,0.10,0.00,0.00,14.9,23.3
2025-04-30T07:00,9.0,0.00,0.00,0.00,14.6,22.6
2025-04-30T08:00,8.9,0.10,0.00,0.00,15.1,23.7
2025-04-30T09:00,8.5,0.10,0.00,0.00,14.8,23.1
2025-04-30T10:00,7.9,0.00,0.00,0.00,13.4,20.8
2025-04-30T11:00,8.0,0.00,0.00,0.00,14.7,22.9
2025-04-30T12:00,8.3,0.00,0.00,0.00,14.3,22.5
2025-04-30T13:00,10.1,0.00,0.00,0.00,12.9,20.0
2025-04-30T14:00,10.3,0.00,0.00,0.00,11.2,17.4
2025-04-30T15:00,10.0,0.00,0.00,0.00,10.5,16.2
2025-04-30T16:00,9.5,0.00,0.00,0.00,8.3,13.0
2025-04-30T17:00,8.7,0.00,0.00,0.00,7.2,12.6
2025-04-30T18:00,8.1,0.00,0.00,0.00,8.1,13.5
2025-04-30T19:00,7.3,0.00,0.00,0.00,7.1,12.4
2025-04-30T20:00,6.9,0.00,0.00,0.00,6.1,11.7
2025-04-30T21:00,6.6,0.00,0.00,0.00,7.8,15.0
2025-04-30T22:00,6.0,0.00,0.00,0.00,9.4,18.8
2025-04-30T23:00,5.8,0.00,0.00,0.00,10.2,20.0
2025-05-01T00:00,5.7,0.10,0.00,0.00,11.3,22.7
2025-05-01T01:00,5.4,0.60,0.00,0.00,12.2,23.3
2025-05-01T02:00,5.1,0.10,0.00,0.00,12.0,23.2
2025-05-01T03:00,5.1,0.40,0.00,0.00,13.0,25.1
2025-05-01T04:00,5.4,0.10,0.00,0.00,10.1,23.2
2025-05-01T05:00,5.7,0.50,0.00,0.00,10.5,24.4
2025-05-01T06:00,6.2,0.40,0.00,0.00,10.5,24.8
2025-05-01T07:00,7.6,0.40,0.00,0.00,6.2,13.0
2025-05-01T08:00,8.6,0.10,0.00,0.00,4.6,7.3
2025-05-01T09:00,8.7,1.20,0.00,0.00,8.0,12.3
2025-05-01T10:00,7.5,3.00,0.00,0.00,12.8,22.0
2025-05-01T11:00,7.0,2.90,0.00,0.00,5.7,10.3
2025-05-01T12:00,7.5,1.80,0.00,0.00,1.1,4.1
2025-05-01T13:00,8.0,2.30,0.00,0.00,9.0,17.0
2025-05-01T14:00,7.2,1.60,0.00,0.00,12.7,22.8
2025-05-01T15:00,7.0,0.60,0.00,0.00,12.6,21.7
2025-05-01T16:00,6.7,1.20,0.00,0.00,8.7,15.0
2025-05-01T17:00,6.5,1.00,0.00,0.00,8.7,16.3
2025-05-01T18:00,6.4,1.30,0.00,0.00,12.1,22.3
2025-05-01T19:00,5.5,0.90,0.00,0.00,16.2,29.7
2025-05-01T20:00,3.4,0.60,0.00,0.00,15.7,26.7
2025-05-01T21:00,2.4,0.40,0.00,0.00,18.2,34.3
2025-05-01T22:00,1.6,0.60,0.07,0.00,22.3,39.8
2025-05-01T23:00,1.3,0.30,0.35,0.00,22.4,45.2
2025-05-02T00:00,1.3,0.30,0.35,0.00,20.3,44.5
2025-05-02T01:00,1.0,0.10,0.84,0.01,17.1,30.5
2025-05-02T02:00,0.9,0.10,1.47,0.01,19.4,37.0
2025-05-02T03:00,1.0,0.10,0.98,0.02,20.1,35.8
2025-05-02T04:00,1.1,0.10,0.63,0.02,19.0,34.2
2025-05-02T05:00,1.3,0.10,0.14,0.02,17.9,32.8
2025-05-02T06:00,1.5,0.10,0.07,0.02,18.0,33.4
2025-05-02T07:00,2.0,0.10,0.00,0.02,13.8,26.5
2025-05-02T08:00,3.1,0.00,0.00,0.02,22.4,36.4
2025-05-02T09:00,4.4,0.00,0.00,0.02,23.3,36.9
2025-05-02T10:00,5.3,0.00,0.00,0.01,21.5,34.2
2025-05-02T11:00,6.0,0.00,0.00,0.01,20.4,32.4
2025-05-02T12:00,6.5,0.00,0.00,0.01,18.6,29.6
2025-05-02T13:00,7.2,0.00,0.00,0.01,13.6,21.5
2025-05-02T14:00,7.7,0.00,0.00,0.01,11.0,17.4
2025-05-02T15:00,7.7,0.00,0.00,0.01,10.0,16.1
2025-05-02T16:00,7.2,0.00,0.00,0.01,5.4,10.1
2025-05-02T17:00,6.2,0.00,0.00,0.01,1.0,4.4
2025-05-02T18:00,5.4,0.00,0.00,0.01,2.7,4.1
2025-05-02T19:00,4.8,0.00,0.00,0.01,5.0,10.8
2025-05-02T20:00,4.3,0.00,0.00,0.01,6.3,15.1
2025-05-02T21:00,3.6,0.00,0.00,0.01,5.9,15.7
2025-05-02T22:00,3.1,0.00,0.00,0.01,7.3,18.4
2025-05-02T23:00,2.8,0.00,0.00,0.01,8.3,20.2
2025-05-03T00:00,2.5,0.00,0.00,0.01,8.3,20.4
2025-05-03T01:00,2.4,0.00,0.00,0.01,9.5,22.5
2025-05-03T02:00,2.0,0.00,0.00,0.01,9.6,22.2
2025-05-03T03:00,2.3,0.00,0.00,0.01,9.3,21.1
2025-05-03T04:00,3.6,0.00,0.00,0.01,10.1,28.3
2025-05-03T05:00,5.5,0.00,0.00,0.01,8.6,25.8
2025-05-03T06:00,8.0,0.00,0.00,0.01,9.7,17.9
2025-05-03T07:00,9.9,0.00,0.00,0.01,11.0,18.5
2025-05-03T08:00,11.1,0.00,0.00,0.01,13.3,21.9
2025-05-03T09:00,11.5,0.00,0.00,0.01,14.9,25.9
2025-05-03T10:00,11.4,0.10,0.00,0.01,15.1,25.4
2025-05-03T11:00,10.9,0.10,0.00,0.00,16.8,27.9
2025-05-03T12:00,10.5,0.00,0.00,0.00,16.6,27.6
2025-05-03T13:00,12.8,0.00,0.00,0.00,16.0,26.3
2025-05-03T14:00,13.6,0.00,0.00,0.00,17.5,28.0
2025-05-03T15:00,13.1,0.00,0.00,0.00,11.6,21.4
2025-05-03T16:00,12.6,0.00,0.00,0.00,8.7,17.4
2025-05-03T17:00,11.5,0.10,0.00,0.00,5.7,14.3
2025-05-03T18:00,10.9,0.00,0.00,0.00,6.6,16.8
2025-05-03T19:00,10.4,0.00,0.00,0.00,7.6,18.2
2025-05-03T20:00,9.8,0.10,0.00,0.00,8.5,20.1
2025-05-03T21:00,9.1,0.00,0.00,0.00,8.6,20.4
2025-05-03T22:00,8.5,0.00,0.00,0.00,8.5,20.1
2025-05-03T23:00,7.9,0.00,0.00,0.00,7.7,18.4
2025-05-04T00:00,7.2,0.00,0.00,0.00,7.4,17.2
2025-05-04T01:00,6.9,0.00,0.00,0.00,4.8,14.6
2025-05-04T02:00,6.8,0.00,0.00,0.00,6.1,15.9
2025-05-04T03:00,7.2,0.00,0.00,0.00,6.9,17.6
2025-05-04T04:00,8.5,0.00,0.00,0.00,7.8,18.9
2025-05-04T05:00,10.1,0.00,0.00,0.00,4.6,15.3
2025-05-04T06:00,12.1,0.00,0.00,0.00,3.1,5.6
2025-05-04T07:00,14.1,0.00,0.00,0.00,1.9,2.9
2025-05-04T08:00,15.6,0.00,0.00,0.00,1.9,3.0
2025-05-04T09:00,16.6,0.00,0.00,0.00,5.7,8.4
2025-05-04T10:00,17.2,0.00,0.00,0.00,8.7,13.5
2025-05-04T11:00,17.5,0.00,0.00,0.00,12.7,18.9
2025-05-04T12:00,17.3,0.00,0.00,0.00,9.8,16.6
2025-05-04T13:00,14.8,0.10,0.00,0.00,9.0,16.0
2025-05-04T14:00,14.3,0.30,0.00,0.00,11.4,19.6
2025-05-04T15:00,12.6,0.90,0.00,0.00,2.4,4.9
2025-05-04T16:00,12.0,0.30,0.00,0.00,7.1,13.2
2025-05-04T17:00,12.2,0.00,0.00,0.00,9.2,19.2
2025-05-04T18:00,12.0,0.40,0.00,0.00,11.3,24.2
2025-05-04T19:00,12.4,5.40,0.00,0.00,12.2,26.1
2025-05-04T20:00,13.8,0.30,0.00,0.00,18.8,35.3
2025-05-04T21:00,13.6,2.50,0.00,0.00,17.8,33.5
2025-05-04T22:00,13.6,0.00,0.00,0.00,17.5,32.8
2025-05-04T23:00,13.7,0.00,0.00,0.00,18.1,33.0
2025-05-05T00:00,13.5,0.00,0.00,0.00,19.6,35.3
2025-05-05T01:00,12.9,0.10,0.00,0.00,21.5,37.5
2025-05-05T02:00,11.8,0.10,0.00,0.00,19.7,34.8
2025-05-05T03:00,11.0,0.00,0.00,0.00,17.5,30.4
2025-05-05T04:00,10.5,0.10,0.00,0.00,15.8,25.4
2025-05-05T05:00,10.4,0.00,0.00,0.00,19.0,31.3
2025-05-05T06:00,10.7,0.00,0.00,0.00,18.5,30.0
2025-05-05T07:00,10.8,0.00,0.00,0.00,18.9,30.3
2025-05-05T08:00,11.0,0.00,0.00,0.00,21.7,34.7
2025-05-05T09:00,12.1,0.00,0.00,0.00,24.7,39.2
2025-05-05T10:00,12.0,0.00,0.00,0.00,23.3,37.2
2025-05-05T11:00,12.2,0.00,0.00,0.00,19.7,31.8
2025-05-05T12:00,12.2,0.00,0.00,0.00,18.6,29.8
2025-05-05T13:00,12.3,0.00,0.00,0.00,16.5,26.4
2025-05-05T14:00,12.0,0.00,0.00,0.00,12.3,20.6
2025-05-05T15:00,11.9,0.00,0.00,0.00,12.0,19.8
2025-05-05T16:00,11.2,0.00,0.00,0.00,7.9,14.2
2025-05-05T17:00,9.9,0.50,0.00,0.00,6.0,12.2
2025-05-05T18:00,9.0,0.00,0.00,0.00,10.9,20.5
2025-05-05T19:00,7.6,0.00,0.00,0.00,12.7,21.6
2025-05-05T20:00,6.7,0.20,0.00,0.00,13.6,23.7
2025-05-05T21:00,6.2,0.10,0.00,0.00,14.8,25.0
2025-05-05T22:00,4.4,0.10,0.00,0.00,19.4,32.2
2025-05-05T23:00,3.3,0.00,0.00,0.00,17.9,29.9
2025-05-06T00:00,2.6,0.10,0.00,0.00,16.7,27.6
2025-05-06T01:00,2.6,0.10,0.00,0.00,17.3,28.7
2025-05-06T02:00,2.3,0.00,0.00,0.00,13.1,22.4
2025-05-06T03:00,2.1,0.00,0.00,0.00,12.1,20.6
2025-05-06T04:00,2.5,0.00,0.00,0.00,12.7,20.0
2025-05-06T05:00,3.5,0.00,0.00,0.00,11.8,18.2
2025-05-06T06:00,4.7,0.00,0.00,0.00,10.3,15.5
2025-05-06T07:00,6.6,0.00,0.00,0.00,12.4,18.5
2025-05-06T08:00,7.7,0.00,0.00,0.00,12.9,19.2
2025-05-06T09:00,8.3,0.00,0.00,0.00,13.2,19.9
2025-05-06T10:00,8.9,0.00,0.00,0.00,13.8,20.8
2025-05-06T11:00,9.2,0.00,0.00,0.00,13.9,21.3
2025-05-06T12:00,9.7,0.00,0.00,0.00,14.6,22.3
2025-05-06T13:00,10.7,0.00,0.00,0.00,12.0,18.6
2025-05-06T14:00,11.0,0.00,0.00,0.00,10.8,16.8
2025-05-06T15:00,10.8,0.00,0.00,0.00,9.1,14.8
2025-05-06T16:00,10.5,0.00,0.00,0.00,5.7,11.0
2025-05-06T17:00,9.9,0.00,0.00,0.00,4.7,11.0
2025-05-06T18:00,9.1,0.00,0.00,0.00,6.0,13.1
2025-05-06T19:00,8.2,0.00,0.00,0.00,5.6,12.0
2025-05-06T20:00,7.7,0.00,0.00,0.00,1.5,5.2
2025-05-06T21:00,7.4,0.00,0.00,0.00,1.0,3.4
2025-05-06T22:00,7.0,0.00,0.00,0.00,2.8,6.1
2025-05-06T23:00,6.5,0.00,0.00,0.00,3.4,7.3
2025-05-07T00:00,5.7,0.00,0.00,0.00,3.7,8.5
2025-05-07T01:00,4.9,0.00,0.00,0.00,5.2,12.9
2025-05-07T02:00,4.4,0.00,0.00,0.00,6.2,14.6
2025-05-07T03:00,4.6,0.00,0.00,0.00,6.2,14.3
2025-05-07T04:00,5.6,0.00,0.00,0.00,4.2,15.0
2025-05-07T05:00,7.5,0.00,0.00,0.00,2.9,9.1
2025-05-07T06:00,9.7,0.00,0.00,0.00,3.6,6.0
2025-05-07T07:00,11.0,0.10,0.00,0.00,8.0,12.1
2025-05-07T08:00,12.2,0.00,0.00,0.00,7.7,11.6
2025-05-07T09:00,12.9,0.00,0.00,0.00,8.4,12.6
2025-05-07T10:00,13.2,0.00,0.00,0.00,8.9,13.4
2025-05-07T11:00,13.2,0.00,0.00,0.00,9.3,13.8
2025-05-07T12:00,13.3,0.00,0.00,0.00,9.5,14.2
2025-05-07T13:00,13.5,0.00,0.00,0.00,8.7,13.0
2025-05-07T14:00,13.3,0.00,0.00,0.00,7.6,11.2
2025-05-07T15:00,12.9,0.00,0.00,0.00,7.7,12.2
2025-05-07T16:00,11.8,0.00,0.00,0.00,9.3,16.2
2025-05-07T17:00,10.2,0.00,0.00,0.00,9.4,18.2
2025-05-07T18:00,8.9,0.00,0.00,0.00,6.5,14.1
2025-05-07T19:00,8.0,0.00,0.00,0.00,7.1,14.3
2025-05-07T20:00,7.5,0.00,0.00,0.00,4.9,9.4
2025-05-07T21:00,6.9,0.00,0.00,0.00,4.2,7.0
2025-05-07T22:00,6.0,0.00,0.00,0.00,4.9,8.7
2025-05-07T23:00,5.3,0.00,0.00,0.00,4.9,9.0
2025-05-08T00:00,4.7,0.00,0.00,0.00,6.5,13.4
2025-05-08T01:00,5.2,0.00,0.00,0.00,5.8,10.8
2025-05-08T02:00,4.4,0.00,0.00,0.00,8.5,16.9
2025-05-08T03:00,4.1,0.10,0.00,0.00,8.5,17.2
2025-05-08T04:00,4.5,0.10,0.00,0.00,9.7,15.7
2025-05-08T05:00,5.4,0.00,0.00,0.00,12.2,18.2
2025-05-08T06:00,5.9,0.00,0.00,0.00,12.6,19.0
2025-05-08T07:00,6.4,0.00,0.00,0.00,12.2,18.5
2025-05-08T08:00,6.7,0.00,0.00,0.00,12.3,18.8
2025-05-08T09:00,7.6,0.00,0.00,0.00,13.0,19.6
2025-05-08T10:00,8.1,0.00,0.00,0.00,12.6,19.0
2025-05-08T11:00,8.6,0.00,0.00,0.00,13.0,19.6
2025-05-08T12:00,9.1,0.00,0.00,0.00,13.1,19.7
2025-05-08T13:00,8.9,0.00,0.00,0.00,12.2,18.6
2025-05-08T14:00,8.8,0.00,0.00,0.00,11.5,17.6
2025-05-08T15:00,8.6,0.00,0.00,0.00,11.5,17.7
2025-05-08T16:00,7.9,0.00,0.00,0.00,10.5,15.9
2025-05-08T17:00,7.3,0.00,0.00,0.00,9.0,15.5
2025-05-08T18:00,6.8,0.00,0.00,0.00,7.3,13.2
2025-05-08T19:00,6.4,0.00,0.00,0.00,5.8,10.7
2025-05-08T20:00,6.0,0.00,0.00,0.00,3.9,7.3
2025-05-08T21:00,5.9,0.00,0.00,0.00,1.8,3.0
2025-05-08T22:00,5.4,0.00,0.00,0.00,3.7,6.8
2025-05-08T23:00,4.7,0.00,0.00,0.00,7.7,14.2
2025-05-09T00:00,3.9,0.00,0.00,0.00,8.0,15.8
2025-05-09T01:00,3.2,0.00,0.00,0.00,5.5,10.5
2025-05-09T02:00,2.6,0.00,0.00,0.00,6.6,13.6
2025-05-09T03:00,2.7,0.00,0.00,0.00,5.7,16.1
2025-05-09T04:00,3.6,0.00,0.00,0.00,6.0,11.5
2025-05-09T05:00,5.0,0.00,0.00,0.00,8.1,12.7
2025-05-09T06:00,6.3,0.00,0.00,0.00,10.7,16.2
2025-05-09T07:00,7.2,0.00,0.00,0.00,13.6,20.8
2025-05-09T08:00,8.0,0.00,0.00,0.00,15.0,22.9
2025-05-09T09:00,8.3,0.00,0.00,0.00,15.3,23.3
2025-05-09T10:00,8.9,0.00,0.00,0.00,15.0,23.0
2025-05-09T11:00,8.9,0.00,0.00,0.00,15.4,24.1
2025-05-09T12:00,9.1,0.00,0.00,0.00,15.2,23.7
2025-05-09T13:00,8.3,0.00,0.00,0.00,15.2,24.2
2025-05-09T14:00,7.3,0.00,0.00,0.00,11.4,17.8
2025-05-09T15:00,7.3,0.00,0.00,0.00,8.5,13.3
2025-05-09T16:00,7.0,0.00,0.00,0.00,8.0,12.5
2025-05-09T17:00,6.2,0.00,0.00,0.00,6.1,11.5
2025-05-09T18:00,5.8,0.00,0.00,0.00,6.8,13.5
2025-05-09T19:00,5.2,0.00,0.00,0.00,7.5,15.6
2025-05-09T20:00,4.5,0.00,0.00,0.00,7.4,15.8
2025-05-09T21:00,3.8,0.00,0.00,0.00,5.6,12.7
2025-05-09T22:00,3.3,0.00,0.00,0.00,2.8,9.6
2025-05-09T23:00,2.9,0.00,0.00,0.00,3.3,9.1
2025-05-10T00:00,2.6,0.00,0.00,0.00,5.5,12.0
2025-05-10T01:00,2.1,0.00,0.00,0.00,5.6,13.8
2025-05-10T02:00,1.9,0.00,0.00,0.00,4.3,11.5
2025-05-10T03:00,2.2,0.00,0.00,0.00,4.9,11.7
2025-05-10T04:00,3.3,0.00,0.00,0.00,3.4,9.1
2025-05-10T05:00,5.0,0.00,0.00,0.00,5.7,9.3
2025-05-10T06:00,6.5,0.00,0.00,0.00,9.1,14.1
2025-05-10T07:00,8.1,0.00,0.00,0.00,12.9,19.5
2025-05-10T08:00,8.7,0.00,0.00,0.00,13.2,19.8
2025-05-10T09:00,9.0,0.00,0.00,0.00,13.0,19.5
2025-05-10T10:00,9.4,0.00,0.00,0.00,13.8,20.9
2025-05-10T11:00,9.5,0.10,0.00,0.00,14.1,21.3
2025-05-10T12:00,9.1,0.00,0.00,0.00,15.1,22.7
2025-05-10T13:00,10.0,0.00,0.00,0.00,15.5,23.4
2025-05-10T14:00,9.7,0.00,0.00,0.00,15.5,23.7
2025-05-10T15:00,8.4,0.10,0.00,0.00,13.9,21.9
2025-05-10T16:00,6.2,1.40,0.00,0.00,11.6,20.0
2025-05-10T17:00,6.1,0.20,0.00,0.00,11.9,19.9
2025-05-10T18:00,5.3,0.00,0.00,0.00,11.5,20.1
2025-05-10T19:00,4.6,0.00,0.00,0.00,11.9,21.8
2025-05-10T20:00,4.1,0.00,0.00,0.00,11.1,20.3
2025-05-10T21:00,3.9,0.00,0.00,0.00,10.8,19.4
2025-05-10T22:00,3.8,0.00,0.00,0.00,11.1,19.8
2025-05-10T23:00,3.6,0.00,0.00,0.00,11.6,20.3
2025-05-11T00:00,3.1,0.00,0.00,0.00,12.3,22.1
2025-05-11T01:00,2.7,0.00,0.00,0.00,11.9,22.0
2025-05-11T02:00,2.4,0.00,0.00,0.00,12.4,23.1
2025-05-11T03:00,3.1,0.00,0.00,0.00,16.2,25.6
2025-05-11T04:00,3.6,0.00,0.00,0.00,14.3,22.4
2025-05-11T05:00,3.8,0.00,0.00,0.00,14.2,22.7
2025-05-11T06:00,4.0,0.10,0.00,0.00,16.2,25.4
2025-05-11T07:00,5.6,0.10,0.00,0.00,15.8,24.6
2025-05-11T08:00,7.0,0.10,0.00,0.00,15.1,23.3
2025-05-11T09:00,8.2,0.00,0.00,0.00,15.5,24.0
2025-05-11T10:00,8.4,0.00,0.00,0.00,16.1,25.4
2025-05-11T11:00,8.3,0.00,0.00,0.00,16.7,26.8
2025-05-11T12:00,8.0,0.10,0.00,0.00,16.0,25.4
2025-05-11T13:00,8.2,0.00,0.00,0.00,16.4,25.6
2025-05-11T14:00,7.6,0.10,0.00,0.00,16.3,25.7
2025-05-11T15:00,6.2,0.10,0.00,0.00,14.6,22.6
2025-05-11T16:00,5.1,0.30,0.00,0.00,10.5,16.7
2025-05-11T17:00,4.7,0.20,0.00,0.00,9.9,16.2
2025-05-11T18:00,4.4,0.10,0.00,0.00,10.4,17.7
2025-05-11T19:00,4.1,0.00,0.00,0.00,10.4,18.8
2025-05-11T20:00,3.8,0.00,0.00,0.00,11.1,20.1
2025-05-11T21:00,3.5,0.00,0.00,0.00,11.6,21.2
2025-05-11T22:00,3.4,0.20,0.00,0.00,11.4,20.6
2025-05-11T23:00,3.1,0.30,0.00,0.00,11.1,20.5
2025-05-12T00:00,3.0,0.10,0.00,0.00,12.1,21.7
2025-05-12T01:00,1.4,0.40,0.07,0.00,10.6,23.9
2025-05-12T02:00,1.6,0.20,0.00,0.00,10.5,21.0
2025-05-12T03:00,1.7,0.20,0.00,0.00,11.6,22.7
2025-05-12T04:00,2.0,0.30,0.00,0.00,14.0,25.6
2025-05-12T05:00,2.4,0.20,0.00,0.00,13.8,22.1
2025-05-12T06:00,2.8,0.40,0.00,0.00,14.0,21.4
2025-05-12T07:00,3.4,0.40,0.00,0.00,13.5,20.4
2025-05-12T08:00,4.6,0.30,0.00,0.00,13.6,20.6
2025-05-12T09:00,5.4,0.30,0.00,0.00,13.0,19.6
2025-05-12T10:00,6.6,0.30,0.00,0.00,12.2,18.6
2025-05-12T11:00,7.0,0.10,0.00,0.00,10.3,15.6
2025-05-12T12:00,7.3,0.00,0.00,0.00,8.9,13.5
2025-05-12T13:00,9.1,0.00,0.00,0.00,12.3,19.0
2025-05-12T14:00,8.9,0.00,0.00,0.00,10.2,15.6
2025-05-12T15:00,8.2,0.20,0.00,0.00,8.3,13.1
2025-05-12T16:00,8.1,0.00,0.00,0.00,5.6,9.1
2025-05-12T17:00,7.7,0.00,0.00,0.00,4.4,9.2
2025-05-12T18:00,7.2,0.00,0.00,0.00,4.3,9.5
2025-05-12T19:00,6.4,0.00,0.00,0.00,5.0,11.7
2025-05-12T20:00,5.8,0.00,0.00,0.00,3.6,10.4
2025-05-12T21:00,5.2,0.00,0.00,0.00,5.4,11.8
2025-05-12T22:00,4.7,0.00,0.00,0.00,4.4,13.7
2025-05-12T23:00,3.9,0.00,0.00,0.00,3.1,10.0
2025-05-13T00:00,3.4,0.00,0.00,0.00,2.9,10.3
2025-05-13T01:00,3.6,0.00,0.00,0.00,1.3,2.2
2025-05-13T02:00,3.2,0.00,0.00,0.00,4.5,7.0
2025-05-13T03:00,3.8,0.00,0.00,0.00,4.5,8.8
2025-05-13T04:00,5.2,0.00,0.00,0.00,2.8,9.6
2025-05-13T05:00,7.0,0.00,0.00,0.00,3.4,8.9
2025-05-13T06:00,7.7,0.00,0.00,0.00,5.0,8.3
2025-05-13T07:00,7.4,0.20,0.00,0.00,5.8,9.8
2025-05-13T08:00,7.5,0.30,0.00,0.00,7.0,11.4
2025-05-13T09:00,7.5,0.60,0.00,0.00,9.2,14.4
2025-05-13T10:00,7.3,0.80,0.00,0.00,8.4,12.8
2025-05-13T11:00,7.1,1.10,0.00,0.00,7.9,12.2
2025-05-13T12:00,6.9,1.40,0.00,0.00,7.6,12.6
2025-05-13T13:00,8.4,0.20,0.00,0.00,6.3,9.7
2025-05-13T14:00,8.8,0.10,0.00,0.00,5.5,8.1
2025-05-13T15:00,8.7,0.10,0.00,0.00,5.2,8.0
2025-05-13T16:00,8.3,0.20,0.00,0.00,5.2,9.4
2025-05-13T17:00,7.7,0.20,0.00,0.00,5.2,10.4
2025-05-13T18:00,6.9,0.60,0.00,0.00,4.5,10.9
2025-05-13T19:00,6.7,0.90,0.00,0.00,5.7,12.3
2025-05-13T20:00,6.1,0.40,0.00,0.00,5.1,12.9
2025-05-13T21:00,5.5,0.10,0.00,0.00,6.7,15.7
2025-05-13T22:00,4.9,0.00,0.00,0.00,6.8,17.3
2025-05-13T23:00,4.7,0.00,0.00,0.00,6.9,17.5
2025-05-14T00:00,4.5,0.10,0.00,0.00,7.6,17.8
2025-05-14T01:00,4.6,0.00,0.00,0.00,9.8,21.7
2025-05-14T02:00,4.8,0.00,0.00,0.00,11.2,23.3
2025-05-14T03:00,5.3,0.00,0.00,0.00,9.8,20.1
2025-05-14T04:00,6.6,0.00,0.00,0.00,8.1,20.9
2025-05-14T05:00,7.9,0.00,0.00,0.00,8.4,14.4
2025-05-14T06:00,9.4,0.00,0.00,0.00,8.8,13.7
2025-05-14T07:00,10.6,0.10,0.00,0.00,8.8,13.2
2025-05-14T08:00,11.6,0.10,0.00,0.00,8.1,12.1
2025-05-14T09:00,12.1,0.10,0.00,0.00,7.9,11.9
2025-05-14T10:00,12.0,0.10,0.00,0.00,8.2,12.2
2025-05-14T11:00,12.1,0.10,0.00,0.00,7.6,11.6
2025-05-14T12:00,12.7,0.00,0.00,0.00,5.0,7.5
2025-05-14T13:00,11.4,0.00,0.00,0.00,10.4,15.5
2025-05-14T14:00,11.6,0.20,0.00,0.00,8.3,12.5
2025-05-14T15:00,11.5,0.00,0.00,0.00,7.7,11.8
2025-05-14T16:00,11.2,0.00,0.00,0.00,6.9,11.1
2025-05-14T17:00,10.4,0.00,0.00,0.00,6.7,12.6
2025-05-14T18:00,9.3,0.00,0.00,0.00,6.9,14.3
2025-05-14T19:00,8.4,0.00,0.00,0.00,6.8,14.8
2025-05-14T20:00,7.7,0.00,0.00,0.00,6.2,13.8
2025-05-14T21:00,6.9,0.00,0.00,0.00,6.9,14.8
2025-05-14T22:00,6.2,0.00,0.00,0.00,6.7,14.5
2025-05-14T23:00,5.6,0.00,0.00,0.00,6.8,14.9
2025-05-15T00:00,5.2,0.00,0.00,0.00,7.0,15.9
2025-05-15T01:00,5.6,0.00,0.00,0.00,5.7,14.5
2025-05-15T02:00,5.2,0.00,0.00,0.00,5.9,14.1
2025-05-15T03:00,5.5,0.00,0.00,0.00,6.8,15.5
2025-05-15T04:00,6.8,0.00,0.00,0.00,4.2,16.7
2025-05-15T05:00,8.6,0.00,0.00,0.00,4.3,8.9
2025-05-15T06:00,10.6,0.00,0.00,0.00,5.8,9.5
2025-05-15T07:00,12.3,0.00,0.00,0.00,6.9,10.9
2025-05-15T08:00,14.3,0.00,0.00,0.00,9.6,14.8
2025-05-15T09:00,15.1,0.00,0.00,0.00,10.6,16.0
2025-05-15T10:00,15.6,0.00,0.00,0.00,11.1,16.7
2025-05-15T11:00,16.1,0.00,0.00,0.00,10.9,16.7
2025-05-15T12:00,16.4,0.10,0.00,0.00,13.4,20.6
2025-05-15T13:00,16.9,0.00,0.00,0.00,11.8,18.7
2025-05-15T14:00,16.9,0.00,0.00,0.00,11.3,18.6
2025-05-15T15:00,15.8,0.00,0.00,0.00,13.2,22.3
2025-05-15T16:00,15.4,0.00,0.00,0.00,6.5,12.7
2025-05-15T17:00,14.5,0.00,0.00,0.00,6.8,14.7
2025-05-15T18:00,13.4,0.00,0.00,0.00,8.3,18.6
2025-05-15T19:00,12.7,0.00,0.00,0.00,9.8,21.8
2025-05-15T20:00,12.6,0.00,0.00,0.00,10.7,21.9
2025-05-15T21:00,11.3,0.00,0.00,0.00,9.1,19.7
2025-05-15T22:00,10.6,0.00,0.00,0.00,8.7,18.9
2025-05-15T23:00,10.1,0.00,0.00,0.00,8.1,18.0
2025-05-16T00:00,9.7,0.00,0.00,0.00,7.9,17.8
2025-05-16T01:00,10.4,0.00,0.00,0.00,8.8,19.6
2025-05-16T02:00,10.3,0.00,0.00,0.00,8.9,19.8
2025-05-16T03:00,10.8,0.00,0.00,0.00,9.6,20.1
2025-05-16T04:00,11.8,0.00,0.00,0.00,7.7,19.4
2025-05-16T05:00,12.8,0.00,0.00,0.00,8.1,13.9
2025-05-16T06:00,14.1,0.00,0.00,0.00,8.1,12.9
2025-05-16T07:00,15.8,0.00,0.00,0.00,8.1,12.6
2025-05-16T08:00,17.4,0.00,0.00,0.00,8.9,13.7
2025-05-16T09:00,18.6,0.00,0.00,0.00,11.7,18.2
2025-05-16T10:00,19.3,0.00,0.00,0.00,13.2,20.2
2025-05-16T11:00,19.9,0.00,0.00,0.00,14.2,22.0
2025-05-16T12:00,19.9,0.00,0.00,0.00,14.2,22.0
2025-05-16T13:00,21.4,0.00,0.00,0.00,14.2,22.4
2025-05-16T14:00,20.6,0.00,0.00,0.00,15.0,23.7
2025-05-16T15:00,20.0,0.00,0.00,0.00,13.1,21.0
2025-05-16T16:00,19.4,0.00,0.00,0.00,10.4,18.7
2025-05-16T17:00,18.4,0.00,0.00,0.00,8.3,16.5
2025-05-16T18:00,17.2,0.00,0.00,0.00,7.2,16.3
2025-05-16T19:00,16.3,0.00,0.00,0.00,7.4,16.7
2025-05-16T20:00,15.5,0.00,0.00,0.00,8.0,18.4
2025-05-16T21:00,14.9,0.00,0.00,0.00,7.3,17.0
2025-05-16T22:00,13.9,0.00,0.00,0.00,4.2,12.8
2025-05-16T23:00,13.0,0.00,0.00,0.00,2.3,8.1
2025-05-17T00:00,12.6,0.00,0.00,0.00,5.3,11.6
2025-05-17T01:00,12.0,0.00,0.00,0.00,5.0,13.2
2025-05-17T02:00,11.5,0.00,0.00,0.00,4.8,13.7
2025-05-17T03:00,11.8,0.00,0.00,0.00,5.9,14.2
2025-05-17T04:00,12.8,0.00,0.00,0.00,5.2,15.4
2025-05-17T05:00,14.0,0.00,0.00,0.00,4.7,9.3
2025-05-17T06:00,15.6,0.00,0.00,0.00,5.7,9.4
2025-05-17T07:00,17.2,0.00,0.00,0.00,7.8,12.1
2025-05-17T08:00,18.8,0.00,0.00,0.00,9.4,14.5
2025-05-17T09:00,19.8,0.00,0.00,0.00,13.1,20.5
2025-05-17T10:00,19.9,0.00,0.00,0.00,15.6,24.3
2025-05-17T11:00,19.4,0.00,0.00,0.00,15.8,25.2
2025-05-17T12:00,19.5,0.00,0.00,0.00,12.7,20.2
2025-05-17T13:00,20.4,0.00,0.00,0.00,12.4,19.2
2025-05-17T14:00,20.7,0.00,0.00,0.00,19.8,30.3
2025-05-17T15:00,18.7,0.00,0.00,0.00,12.1,19.8
2025-05-17T16:00,18.6,0.00,0.00,0.00,11.4,19.3
2025-05-17T17:00,17.7,0.00,0.00,0.00,14.5,25.2
2025-05-17T18:00,16.9,0.00,0.00,0.00,9.8,17.8
2025-05-17T19:00,16.2,0.00,0.00,0.00,8.9,17.3
2025-05-17T20:00,15.7,0.00,0.00,0.00,9.4,18.9
2025-05-17T21:00,15.4,0.00,0.00,0.00,9.4,19.8
2025-05-17T22:00,15.2,0.00,0.00,0.00,9.8,21.0
2025-05-17T23:00,14.8,0.00,0.00,0.00,9.9,21.7
2025-05-18T00:00,14.8,0.00,0.00,0.00,8.9,19.8
2025-05-18T01:00,14.6,0.00,0.00,0.00,11.2,23.6
2025-05-18T02:00,14.5,0.00,0.00,0.00,12.5,25.6
2025-05-18T03:00,15.1,0.00,0.00,0.00,13.3,26.7
2025-05-18T04:00,15.4,0.00,0.00,0.00,14.0,26.9
2025-05-18T05:00,15.6,0.00,0.00,0.00,13.0,23.3
2025-05-18T06:00,16.8,0.00,0.00,0.00,11.6,19.3
2025-05-18T07:00,17.8,0.00,0.00,0.00,12.9,21.0
2025-05-18T08:00,20.0,0.00,0.00,0.00,14.2,22.4
2025-05-18T09:00,20.5,0.00,0.00,0.00,15.6,24.9
2025-05-18T10:00,20.6,0.00,0.00,0.00,16.8,28.0
2025-05-18T11:00,21.8,0.00,0.00,0.00,20.7,32.5
2025-05-18T12:00,21.2,0.00,0.00,0.00,19.7,31.6
2025-05-18T13:00,17.6,0.00,0.00,0.00,20.8,33.1
2025-05-18T14:00,15.4,0.50,0.00,0.00,14.8,24.1
2025-05-18T15:00,14.7,0.50,0.00,0.00,13.1,21.8
2025-05-18T16:00,14.0,0.00,0.00,0.00,15.0,24.6
2025-05-18T17:00,13.6,0.00,0.00,0.00,14.2,22.9
2025-05-18T18:00,13.1,0.10,0.00,0.00,11.6,19.5
2025-05-18T19:00,12.8,0.30,0.00,0.00,10.3,17.4
2025-05-18T20:00,12.7,0.00,0.00,0.00,8.8,15.0
2025-05-18T21:00,12.6,0.00,0.00,0.00,9.3,15.5
2025-05-18T22:00,12.5,0.00,0.00,0.00,9.6,16.0
2025-05-18T23:00,12.2,0.00,0.00,0.00,7.8,13.4
2025-05-19T00:00,11.8,0.00,0.00,0.00,7.1,12.2
2025-05-19T01:00,12.6,0.00,0.00,0.00,4.5,7.8
2025-05-19T02:00,12.3,0.20,0.00,0.00,3.4,6.2
2025-05-19T03:00,12.4,0.10,0.00,0.00,5.0,7.6
2025-05-19T04:00,12.4,0.10,0.00,0.00,7.8,12.2
2025-05-19T05:00,12.8,0.00,0.00,0.00,9.2,14.0
2025-05-19T06:00,13.9,0.10,0.00,0.00,10.1,15.3
2025-05-19T07:00,14.6,0.10,0.00,0.00,12.1,18.3
2025-05-19T08:00,15.2,0.30,0.00,0.00,13.5,20.4
2025-05-19T09:00,15.6,0.30,0.00,0.00,14.5,21.9
2025-05-19T10:00,16.5,0.10,0.00,0.00,13.6,20.8
2025-05-19T11:00,15.8,0.20,0.00,0.00,13.5,20.9
2025-05-19T12:00,16.7,0.20,0.00,0.00,13.6,20.5
2025-05-19T13:00,15.5,0.10,0.00,0.00,15.7,24.4
2025-05-19T14:00,15.4,0.00,0.00,0.00,14.7,23.4
2025-05-19T15:00,15.2,0.00,0.00,0.00,13.9,22.2
2025-05-19T16:00,14.8,0.00,0.00,0.00,13.5,21.4
2025-05-19T17:00,14.3,0.00,0.00,0.00,10.6,18.0
2025-05-19T18:00,13.3,0.10,0.00,0.00,9.2,16.8
2025-05-19T19:00,13.1,0.00,0.00,0.00,11.0,19.8
2025-05-19T20:00,12.4,0.00,0.00,0.00,12.2,21.9
2025-05-19T21:00,12.1,0.00,0.00,0.00,11.6,20.9
2025-05-19T22:00,11.7,0.00,0.00,0.00,11.4,21.0
2025-05-19T23:00,11.1,0.00,0.00,0.00,11.9,21.5
2025-05-20T00:00,10.0,1.90,0.00,0.00,12.2,23.3
2025-05-20T01:00,9.6,1.80,0.00,0.00,9.0,16.0
2025-05-20T02:00,9.9,0.50,0.00,0.00,6.7,14.2
2025-05-20T03:00,10.2,0.20,0.00,0.00,9.8,19.9
2025-05-20T04:00,10.3,0.10,0.00,0.00,9.1,16.6
2025-05-20T05:00,10.6,0.10,0.00,0.00,9.4,16.4
2025-05-20T06:00,10.6,0.20,0.00,0.00,9.4,14.4
2025-05-20T07:00,10.7,0.60,0.00,0.00,10.2,15.3
2025-05-20T08:00,10.8,0.60,0.00,0.00,10.7,16.4
2025-05-20T09:00,10.9,0.20,0.00,0.00,12.8,20.0
2025-05-20T10:00,12.0,0.10,0.00,0.00,13.6,20.8
2025-05-20T11:00,12.8,0.00,0.00,0.00,11.5,18.2
2025-05-20T12:00,15.0,0.00,0.00,0.00,6.1,9.9
2025-05-20T13:00,17.2,0.00,0.00,0.00,8.7,13.4
2025-05-20T14:00,17.4,0.00,0.00,0.00,11.0,17.8
2025-05-20T15:00,17.4,0.00,0.00,0.00,7.7,13.3
2025-05-20T16:00,17.0,0.00,0.00,0.00,2.6,6.6
2025-05-20T17:00,15.9,0.00,0.00,0.00,4.6,9.3
2025-05-20T18:00,14.4,0.00,0.00,0.00,9.8,20.5
2025-05-20T19:00,13.2,0.00,0.00,0.00,8.2,18.0
2025-05-20T20:00,12.3,0.00,0.00,0.00,9.0,20.7
2025-05-20T21:00,11.9,0.00,0.00,0.00,9.6,22.2
2025-05-20T22:00,11.4,0.00,0.00,0.00,10.7,23.4
2025-05-20T23:00,10.8,0.00,0.00,0.00,10.7,23.5
2025-05-21T00:00,10.3,0.00,0.00,0.00,10.7,23.5
2025-05-21T01:00,10.5,0.00,0.00,0.00,9.8,22.2
2025-05-21T02:00,10.2,0.00,0.00,0.00,10.1,22.3
2025-05-21T03:00,10.8,0.00,0.00,0.00,10.1,20.9
2025-05-21T04:00,11.9,0.00,0.00,0.00,8.3,18.9
2025-05-21T05:00,13.5,0.00,0.00,0.00,8.2,13.7
2025-05-21T06:00,15.2,0.00,0.00,0.00,8.5,13.4
2025-05-21T07:00,16.6,0.00,0.00,0.00,9.0,13.7
2025-05-21T08:00,17.3,0.00,0.00,0.00,10.5,16.1
2025-05-21T09:00,17.8,0.00,0.00,0.00,11.4,17.4
2025-05-21T10:00,17.7,0.10,0.00,0.00,12.4,18.8
2025-05-21T11:00,17.7,0.10,0.00,0.00,13.4,20.3
2025-05-21T12:00,16.0,0.60,0.00,0.00,7.8,12.6
2025-05-21T13:00,18.3,0.00,0.00,0.00,11.1,17.4
2025-05-21T14:00,18.7,0.00,0.00,0.00,10.3,16.0
2025-05-21T15:00,18.2,0.00,0.00,0.00,11.2,17.9
2025-05-21T16:00,17.4,0.00,0.00,0.00,9.8,17.1
2025-05-21T17:00,16.2,0.00,0.00,0.00,9.9,18.5
2025-05-21T18:00,14.9,0.00,0.00,0.00,5.8,13.1
2025-05-21T19:00,14.0,0.00,0.00,0.00,4.9,11.8
2025-05-21T20:00,13.0,0.00,0.00,0.00,6.7,15.8
2025-05-21T21:00,12.1,0.00,0.00,0.00,5.0,13.5
2025-05-21T22:00,11.2,0.00,0.00,0.00,3.1,9.7
2025-05-21T23:00,10.7,0.00,0.00,0.00,3.2,8.0
2025-05-22T00:00,10.2,0.00,0.00,0.00,1.9,5.0
2025-05-22T01:00,9.7,0.00,0.00,0.00,0.6,2.1
2025-05-22T02:00,9.4,0.00,0.00,0.00,1.9,1.1
2025-05-22T03:00,9.9,0.00,0.00,0.00,3.2,3.1
2025-05-22T04:00,11.4,0.00,0.00,0.00,2.2,5.3
2025-05-22T05:00,13.2,0.00,0.00,0.00,1.5,2.9
2025-05-22T06:00,15.1,0.00,0.00,0.00,0.8,1.3
2025-05-22T07:00,16.7,0.00,0.00,0.00,1.8,2.8
2025-05-22T08:00,17.8,0.00,0.00,0.00,3.0,4.7
2025-05-22T09:00,18.7,0.00,0.00,0.00,2.8,4.6
2025-05-22T10:00,19.7,0.00,0.00,0.00,2.5,3.9
2025-05-22T11:00,20.4,0.00,0.00,0.00,2.4,3.9
2025-05-22T12:00,20.9,0.00,0.00,0.00,3.6,5.3
2025-05-22T13:00,22.5,0.00,0.00,0.00,4.6,6.3
2025-05-22T14:00,22.6,0.00,0.00,0.00,3.8,5.3
2025-05-22T15:00,22.8,0.00,0.00,0.00,5.0,6.8
2025-05-22T16:00,22.7,0.00,0.00,0.00,8.4,12.7
2025-05-22T17:00,20.8,0.00,0.00,0.00,9.0,16.2
2025-05-22T18:00,19.7,0.00,0.00,0.00,5.8,13.2
2025-05-22T19:00,18.8,0.00,0.00,0.00,4.9,12.2
2025-05-22T20:00,17.8,0.00,0.00,0.00,6.3,14.0
2025-05-22T21:00,16.8,0.00,0.00,0.00,6.9,15.6
2025-05-22T22:00,16.0,0.00,0.00,0.00,7.4,16.4
2025-05-22T23:00,15.2,0.00,0.00,0.00,7.3,16.9
2025-05-23T00:00,14.4,0.00,0.00,0.00,7.3,16.1
2025-05-23T01:00,13.9,0.00,0.00,0.00,6.9,15.4
2025-05-23T02:00,13.4,0.00,0.00,0.00,7.0,15.8
2025-05-23T03:00,13.9,0.00,0.00,0.00,6.8,15.0
2025-05-23T04:00,15.3,0.00,0.00,0.00,4.4,14.2
2025-05-23T05:00,17.6,0.00,0.00,0.00,4.5,8.1
2025-05-23T06:00,20.1,0.00,0.00,0.00,5.6,9.1
2025-05-23T07:00,22.4,0.00,0.00,0.00,7.9,12.3
2025-05-23T08:00,23.5,0.00,0.00,0.00,13.2,19.8
2025-05-23T09:00,23.8,0.00,0.00,0.00,12.8,19.7
2025-05-23T10:00,23.5,0.00,0.00,0.00,16.1,24.8
2025-05-23T11:00,24.3,0.00,0.00,0.00,14.2,21.8
2025-05-23T12:00,24.6,0.00,0.00,0.00,14.8,22.5
2025-05-23T13:00,25.4,0.00,0.00,0.00,15.1,22.9
2025-05-23T14:00,25.2,0.00,0.00,0.00,14.0,21.4
2025-05-23T15:00,24.8,0.00,0.00,0.00,14.8,22.7
2025-05-23T16:00,24.1,0.00,0.00,0.00,13.3,20.7
2025-05-23T17:00,23.4,0.00,0.00,0.00,10.2,16.8
2025-05-23T18:00,22.5,0.00,0.00,0.00,7.7,13.9
2025-05-23T19:00,21.7,0.00,0.00,0.00,8.3,15.7
2025-05-23T20:00,20.7,0.00,0.00,0.00,8.5,16.6
2025-05-23T21:00,19.8,0.00,0.00,0.00,7.6,15.3
2025-05-23T22:00,19.0,0.00,0.00,0.00,7.0,14.8
2025-05-23T23:00,18.3,0.00,0.00,0.00,6.2,13.5
2025-05-24T00:00,17.3,0.00,0.00,0.00,6.5,13.6
2025-05-24T01:00,16.2,0.00,0.00,0.00,7.2,16.4
2025-05-24T02:00,15.9,0.00,0.00,0.00,6.9,15.7
2025-05-24T03:00,16.6,0.00,0.00,0.00,6.9,16.5
2025-05-24T04:00,18.0,0.00,0.00,0.00,4.6,13.3
2025-05-24T05:00,20.0,0.00,0.00,0.00,4.5,7.9
2025-05-24T06:00,22.3,0.00,0.00,0.00,5.7,9.1
2025-05-24T07:00,24.3,0.00,0.00,0.00,7.2,10.8
2025-05-24T08:00,25.5,0.00,0.00,0.00,9.6,14.2
2025-05-24T09:00,26.0,0.00,0.00,0.00,11.4,16.8
2025-05-24T10:00,26.2,0.00,0.00,0.00,12.9,19.2
2025-05-24T11:00,25.8,0.00,0.00,0.00,13.7,20.4
2025-05-24T12:00,26.3,0.00,0.00,0.00,11.1,16.8
2025-05-24T13:00,27.1,0.00,0.00,0.00,11.5,17.2
2025-05-24T14:00,27.1,0.00,0.00,0.00,12.0,18.2
2025-05-24T15:00,26.9,0.00,0.00,0.00,12.1,18.2
2025-05-24T16:00,26.5,0.00,0.00,0.00,14.8,22.8
2025-05-24T17:00,25.4,0.00,0.00,0.00,12.5,20.8
2025-05-24T18:00,24.4,0.00,0.00,0.00,9.4,16.8
2025-05-24T19:00,23.5,0.00,0.00,0.00,8.6,16.5
2025-05-24T20:00,22.4,0.00,0.00,0.00,10.1,19.1
2025-05-24T21:00,21.0,0.00,0.00,0.00,9.1,17.6
2025-05-24T22:00,20.0,0.00,0.00,0.00,7.4,14.5
2025-05-24T23:00,19.1,0.00,0.00,0.00,8.4,15.8
2025-05-25T00:00,18.1,0.00,0.00,0.00,8.8,17.9
2025-05-25T01:00,17.0,0.00,0.00,0.00,8.3,17.3
2025-05-25T02:00,16.6,0.00,0.00,0.00,8.3,17.2
2025-05-25T03:00,17.1,0.00,0.00,0.00,8.1,19.5
2025-05-25T04:00,18.4,0.00,0.00,0.00,6.8,15.7
2025-05-25T05:00,20.3,0.00,0.00,0.00,7.1,12.1
2025-05-25T06:00,22.7,0.00,0.00,0.00,8.1,12.8
2025-05-25T07:00,24.7,0.00,0.00,0.00,10.8,16.5
2025-05-25T08:00,26.0,0.00,0.00,0.00,14.7,22.4
2025-05-25T09:00,26.6,0.00,0.00,0.00,16.7,25.6
2025-05-25T10:00,27.0,0.00,0.00,0.00,16.7,25.5
2025-05-25T11:00,27.2,0.00,0.00,0.00,16.1,24.6
2025-05-25T12:00,27.5,0.00,0.00,0.00,15.7,24.0
2025-05-25T13:00,27.8,0.00,0.00,0.00,14.3,21.3
2025-05-25T14:00,27.9,0.00,0.00,0.00,12.1,18.3
2025-05-25T15:00,28.2,0.00,0.00,0.00,12.5,18.9
2025-05-25T16:00,26.7,0.00,0.00,0.00,17.4,27.0
2025-05-25T17:00,26.2,0.00,0.00,0.00,14.7,23.8
2025-05-25T18:00,25.3,0.00,0.00,0.00,10.6,18.9
2025-05-25T19:00,23.9,0.00,0.00,0.00,10.7,18.3
2025-05-25T20:00,21.8,0.00,0.00,0.00,11.0,19.6
2025-05-25T21:00,20.7,0.00,0.00,0.00,11.0,20.9
2025-05-25T22:00,20.0,0.00,0.00,0.00,12.4,24.2
2025-05-25T23:00,19.6,0.00,0.00,0.00,12.7,24.8
2025-05-26T00:00,18.8,0.00,0.00,0.00,12.1,23.7
2025-05-26T01:00,17.3,0.00,0.00,0.00,10.9,22.6
2025-05-26T02:00,16.9,0.00,0.00,0.00,11.1,22.5
2025-05-26T03:00,17.2,0.00,0.00,0.00,8.7,27.0
2025-05-26T04:00,18.3,0.00,0.00,0.00,10.3,18.1
2025-05-26T05:00,19.9,0.00,0.00,0.00,11.8,18.9
2025-05-26T06:00,21.9,0.00,0.00,0.00,12.2,19.3
2025-05-26T07:00,24.0,0.00,0.00,0.00,13.0,20.2
2025-05-26T08:00,25.9,0.00,0.00,0.00,15.4,23.9
2025-05-26T09:00,27.3,0.00,0.00,0.00,20.6,32.2
2025-05-26T10:00,27.5,0.00,0.00,0.00,22.1,34.7
2025-05-26T11:00,28.0,0.00,0.00,0.00,20.5,32.4
2025-05-26T12:00,28.2,0.00,0.00,0.00,20.9,32.7
2025-05-26T13:00,27.8,0.00,0.00,0.00,20.5,32.0
2025-05-26T14:00,27.4,0.00,0.00,0.00,22.0,35.0
2025-05-26T15:00,27.1,0.00,0.00,0.00,20.9,33.5
2025-05-26T16:00,26.5,0.00,0.00,0.00,21.9,35.7
2025-05-26T17:00,25.6,0.00,0.00,0.00,17.3,29.4
2025-05-26T18:00,24.7,0.00,0.00,0.00,14.5,25.6
2025-05-26T19:00,24.2,0.00,0.00,0.00,14.7,26.3
2025-05-26T20:00,23.4,0.00,0.00,0.00,14.8,26.4
2025-05-26T21:00,22.3,0.00,0.00,0.00,13.7,25.2
2025-05-26T22:00,21.9,0.00,0.00,0.00,14.4,26.5
2025-05-26T23:00,21.2,0.00,0.00,0.00,13.4,24.7
2025-05-27T00:00,20.2,0.00,0.00,0.00,13.5,25.1
2025-05-27T01:00,19.3,0.00,0.00,0.00,14.2,26.3
2025-05-27T02:00,18.8,0.00,0.00,0.00,13.9,26.1
2025-05-27T03:00,19.0,0.00,0.00,0.00,11.0,20.7
2025-05-27T04:00,19.6,0.00,0.00,0.00,12.9,21.5
2025-05-27T05:00,20.5,0.00,0.00,0.00,14.2,22.7
2025-05-27T06:00,21.6,0.00,0.00,0.00,14.6,23.1
2025-05-27T07:00,23.3,0.00,0.00,0.00,14.7,22.8
2025-05-27T08:00,24.4,0.00,0.00,0.00,17.5,26.9
2025-05-27T09:00,24.3,0.00,0.00,0.00,16.9,26.2
2025-05-27T10:00,25.0,0.00,0.00,0.00,17.6,27.0
2025-05-27T11:00,25.5,0.00,0.00,0.00,16.1,24.6
2025-05-27T12:00,25.9,0.00,0.00,0.00,16.3,25.2
2025-05-27T13:00,26.0,0.00,0.00,0.00,15.3,23.4
2025-05-27T14:00,26.1,0.00,0.00,0.00,14.3,21.9
2025-05-27T15:00,25.8,0.00,0.00,0.00,14.9,23.0
2025-05-27T16:00,25.4,0.00,0.00,0.00,14.2,22.4
2025-05-27T17:00,24.8,0.00,0.00,0.00,13.0,21.5
2025-05-27T18:00,23.7,0.00,0.00,0.00,11.4,19.6
2025-05-27T19:00,22.7,0.00,0.00,0.00,11.3,20.3
2025-05-27T20:00,21.9,0.00,0.00,0.00,10.5,19.7
2025-05-27T21:00,21.0,0.00,0.00,0.00,10.2,20.1
2025-05-27T22:00,20.4,0.00,0.00,0.00,10.0,20.5
2025-05-27T23:00,19.6,0.00,0.00,0.00,10.7,21.0
2025-05-28T00:00,18.3,0.00,0.00,0.00,11.1,21.6
2025-05-28T01:00,16.0,0.00,0.00,0.00,10.6,21.7
2025-05-28T02:00,15.6,0.00,0.00,0.00,11.0,22.3
2025-05-28T03:00,16.0,0.00,0.00,0.00,8.4,26.5
2025-05-28T04:00,17.0,0.00,0.00,0.00,8.7,16.3
2025-05-28T05:00,18.9,0.00,0.00,0.00,9.7,15.9
2025-05-28T06:00,20.8,0.00,0.00,0.00,10.5,16.4
2025-05-28T07:00,22.7,0.00,0.00,0.00,11.5,17.9
2025-05-28T08:00,24.5,0.00,0.00,0.00,14.3,21.9
2025-05-28T09:00,25.6,0.00,0.00,0.00,17.3,26.6
2025-05-28T10:00,26.1,0.00,0.00,0.00,18.0,27.6
2025-05-28T11:00,26.3,0.00,0.00,0.00,17.6,26.8
2025-05-28T12:00,26.9,0.00,0.00,0.00,17.4,26.8
2025-05-28T13:00,27.2,0.00,0.00,0.00,17.6,27.1
2025-05-28T14:00,27.1,0.00,0.00,0.00,17.8,27.6
2025-05-28T15:00,26.9,0.00,0.00,0.00,18.2,28.7
2025-05-28T16:00,26.5,0.00,0.00,0.00,18.6,29.7
2025-05-28T17:00,25.7,0.00,0.00,0.00,15.3,25.7
2025-05-28T18:00,24.6,0.00,0.00,0.00,12.6,22.1
2025-05-28T19:00,23.3,0.00,0.00,0.00,10.8,19.6
2025-05-28T20:00,22.2,0.00,0.00,0.00,9.3,17.8
2025-05-28T21:00,21.2,0.00,0.00,0.00,8.5,16.9
2025-05-28T22:00,20.1,0.00,0.00,0.00,9.2,18.2
2025-05-28T23:00,19.1,0.00,0.00,0.00,10.1,20.4
2025-05-29T00:00,18.4,0.00,0.00,0.00,10.2,21.2
2025-05-29T01:00,17.3,0.00,0.00,0.00,10.3,22.0
2025-05-29T02:00,16.9,0.00,0.00,0.00,10.8,22.6
2025-05-29T03:00,17.4,0.00,0.00,0.00,8.5,27.6
2025-05-29T04:00,18.6,0.00,0.00,0.00,9.4,18.7
2025-05-29T05:00,20.5,0.00,0.00,0.00,9.9,16.4
2025-05-29T06:00,22.2,0.00,0.00,0.00,11.0,17.7
2025-05-29T07:00,24.3,0.00,0.00,0.00,10.7,16.8
2025-05-29T08:00,26.5,0.00,0.00,0.00,12.5,19.4
2025-05-29T09:00,26.9,0.00,0.00,0.00,16.1,25.2
2025-05-29T10:00,27.6,0.10,0.00,0.00,17.6,27.4
2025-05-29T11:00,28.0,0.00,0.00,0.00,19.0,30.1
2025-05-29T12:00,28.7,0.00,0.00,0.00,20.5,32.1
2025-05-29T13:00,29.0,0.00,0.00,0.00,19.9,31.3
2025-05-29T14:00,29.1,0.00,0.00,0.00,19.5,30.7
2025-05-29T15:00,28.7,0.00,0.00,0.00,18.2,28.7
2025-05-29T16:00,27.8,0.00,0.00,0.00,16.2,26.5
2025-05-29T17:00,27.2,0.00,0.00,0.00,11.5,19.3
2025-05-29T18:00,26.4,0.00,0.00,0.00,11.5,19.4
2025-05-29T19:00,25.0,0.00,0.00,0.00,15.0,26.1
2025-05-29T20:00,24.5,0.00,0.00,0.00,13.4,25.0
2025-05-29T21:00,23.7,0.00,0.00,0.00,12.7,23.8
2025-05-29T22:00,23.0,0.00,0.00,0.00,12.9,24.1
2025-05-29T23:00,22.4,0.00,0.00,0.00,11.8,21.7
2025-05-30T00:00,21.6,0.00,0.00,0.00,10.9,20.6
2025-05-30T01:00,19.5,0.10,0.00,0.00,7.3,14.7
2025-05-30T02:00,19.4,0.00,0.00,0.00,8.2,16.8
2025-05-30T03:00,19.8,0.00,0.00,0.00,5.9,20.5
2025-05-30T04:00,21.0,0.00,0.00,0.00,7.4,13.9
2025-05-30T05:00,22.3,0.00,0.00,0.00,9.9,16.0
2025-05-30T06:00,23.5,0.00,0.00,0.00,12.8,19.8
2025-05-30T07:00,24.7,0.00,0.00,0.00,11.9,18.3
2025-05-30T08:00,25.7,0.00,0.00,0.00,11.5,17.3
2025-05-30T09:00,25.7,0.00,0.00,0.00,15.2,23.1
2025-05-30T10:00,25.0,0.00,0.00,0.00,20.9,32.6
2025-05-30T11:00,24.0,0.00,0.00,0.00,11.2,17.2
2025-05-30T12:00,23.7,0.00,0.00,0.00,8.7,13.3
2025-05-30T13:00,24.1,0.00,0.00,0.00,10.2,15.2
2025-05-30T14:00,24.9,0.00,0.00,0.00,9.7,14.7
2025-05-30T15:00,24.5,0.00,0.00,0.00,13.1,20.2
2025-05-30T16:00,23.9,0.00,0.00,0.00,9.4,14.5
2025-05-30T17:00,23.7,0.00,0.00,0.00,7.4,11.7
2025-05-30T18:00,23.3,0.00,0.00,0.00,6.6,11.4
2025-05-30T19:00,22.8,0.10,0.00,0.00,6.3,10.8
2025-05-30T20:00,20.5,0.30,0.00,0.00,10.3,17.3
2025-05-30T21:00,18.5,1.60,0.00,0.00,5.9,17.2
2025-05-30T22:00,18.1,0.00,0.00,0.00,3.5,11.2
2025-05-30T23:00,19.1,0.00,0.00,0.00,4.0,8.8
2025-05-31T00:00,19.2,0.00,0.00,0.00,6.7,13.6
2025-05-31T01:00,18.5,0.00,0.00,0.00,3.6,6.3
2025-05-31T02:00,18.0,0.00,0.00,0.00,2.7,6.0
2025-05-31T03:00,18.7,0.00,0.00,0.00,2.9,8.4
2025-05-31T04:00,19.3,0.00,0.00,0.00,3.4,6.0
2025-05-31T05:00,20.5,0.00,0.00,0.00,3.3,5.0
2025-05-31T06:00,21.2,0.00,0.00,0.00,4.2,6.2
2025-05-31T07:00,21.9,0.00,0.00,0.00,5.5,8.1
2025-05-31T08:00,22.2,0.00,0.00,0.00,7.3,10.6
2025-05-31T09:00,22.4,0.00,0.00,0.00,8.3,12.1
2025-05-31T10:00,23.0,0.00,0.00,0.00,7.6,11.2
2025-05-31T11:00,24.3,0.00,0.00,0.00,6.5,9.2
2025-05-31T12:00,24.5,0.00,0.00,0.00,8.2,12.0
2025-05-31T13:00,25.5,0.00,0.00,0.00,10.3,15.5
2025-05-31T14:00,24.3,0.10,0.00,0.00,12.6,19.0
2025-05-31T15:00,23.7,0.20,0.00,0.00,7.6,11.4
2025-05-31T16:00,23.0,0.20,0.00,0.00,8.7,12.2
2025-05-31T17:00,19.4,1.40,0.00,0.00,4.1,8.4
2025-05-31T18:00,19.8,0.00,0.00,0.00,3.1,3.6
2025-05-31T19:00,19.5,0.00,0.00,0.00,5.8,9.7
2025-05-31T20:00,19.1,0.00,0.00,0.00,5.2,9.6
2025-05-31T21:00,18.7,0.00,0.00,0.00,5.6,11.9
2025-05-31T22:00,18.2,0.00,0.00,0.00,6.1,12.9
2025-05-31T23:00,17.8,0.00,0.00,0.00,6.8,13.8
2025-06-01T00:00,17.0,0.00,0.00,0.00,7.8,14.8
2025-06-01T01:00,15.4,0.00,0.00,0.00,6.3,12.0
2025-06-01T02:00,15.1,0.00,0.00,0.00,6.0,12.8
2025-06-01T03:00,15.5,0.00,0.00,0.00,6.2,10.7
2025-06-01T04:00,16.3,0.00,0.00,0.00,8.8,14.0
2025-06-01T05:00,17.5,0.00,0.00,0.00,9.3,14.2
2025-06-01T06:00,19.1,0.00,0.00,0.00,10.2,15.6
2025-06-01T07:00,20.1,0.00,0.00,0.00,12.6,18.8
2025-06-01T08:00,20.3,0.00,0.00,0.00,14.3,21.6
2025-06-01T09:00,20.1,0.00,0.00,0.00,14.9,23.0
2025-06-01T10:00,20.0,0.10,0.00,0.00,16.8,25.7
2025-06-01T11:00,21.0,0.00,0.00,0.00,19.8,30.4
2025-06-01T12:00,20.6,0.00,0.00,0.00,18.7,29.0
2025-06-01T13:00,19.9,0.00,0.00,0.00,17.3,26.6
2025-06-01T14:00,19.7,0.00,0.00,0.00,16.1,25.0
2025-06-01T15:00,19.6,0.00,0.00,0.00,16.2,25.2
2025-06-01T16:00,19.2,0.00,0.00,0.00,16.8,26.3
2025-06-01T17:00,18.3,0.00,0.00,0.00,17.1,27.2
2025-06-01T18:00,17.3,0.00,0.00,0.00,14.9,25.1
2025-06-01T19:00,16.4,0.00,0.00,0.00,11.4,19.5
2025-06-01T20:00,15.6,0.00,0.00,0.00,11.7,20.5
2025-06-01T21:00,14.6,0.00,0.00,0.00,12.6,22.4
2025-06-01T22:00,13.9,0.00,0.00,0.00,9.4,17.5
2025-06-01T23:00,13.2,0.00,0.00,0.00,9.1,17.7
2025-06-02T00:00,12.6,0.00,0.00,0.00,9.4,18.4
2025-06-02T01:00,10.9,0.00,0.00,0.00,8.7,17.5
2025-06-02T02:00,10.6,0.00,0.00,0.00,9.4,18.6
2025-06-02T03:00,11.2,0.00,0.00,0.00,8.1,19.8
2025-06-02T04:00,12.8,0.00,0.00,0.00,8.0,13.7
2025-06-02T05:00,14.9,0.00,0.00,0.00,7.9,12.6
2025-06-02T06:00,17.0,0.00,0.00,0.00,11.1,17.1
2025-06-02T07:00,18.3,0.00,0.00,0.00,12.7,19.3
2025-06-02T08:00,19.3,0.00,0.00,0.00,12.4,18.5
2025-06-02T09:00,20.3,0.00,0.00,0.00,12.0,17.9
2025-06-02T10:00,21.3,0.00,0.00,0.00,11.5,17.2
2025-06-02T11:00,22.0,0.00,0.00,0.00,10.3,15.2
2025-06-02T12:00,22.6,0.00,0.00,0.00,9.4,13.7
2025-06-02T13:00,23.0,0.00,0.00,0.00,9.3,13.7
2025-06-02T14:00,22.9,0.00,0.00,0.00,10.2,14.7
2025-06-02T15:00,22.6,0.00,0.00,0.00,11.6,16.8
2025-06-02T16:00,22.0,0.00,0.00,0.00,13.3,20.3
2025-06-02T17:00,21.7,0.00,0.00,0.00,11.2,17.6
2025-06-02T18:00,21.2,0.00,0.00,0.00,7.7,12.1
2025-06-02T19:00,20.2,0.00,0.00,0.00,8.2,13.6
2025-06-02T20:00,19.0,0.00,0.00,0.00,8.4,16.1
2025-06-02T21:00,18.0,0.00,0.00,0.00,8.5,16.5
2025-06-02T22:00,17.1,0.00,0.00,0.00,3.3,7.6
2025-06-02T23:00,17.3,0.00,0.00,0.00,2.9,4.7
2025-06-03T00:00,16.8,0.00,0.00,0.00,7.0,14.3
2025-06-03T01:00,14.9,0.00,0.00,0.00,7.8,16.2
2025-06-03T02:00,14.7,0.00,0.00,0.00,8.1,16.6
2025-06-03T03:00,15.3,0.00,0.00,0.00,6.6,16.7
2025-06-03T04:00,16.4,0.00,0.00,0.00,8.4,14.0
2025-06-03T05:00,17.7,0.00,0.00,0.00,12.7,19.1
2025-06-03T06:00,18.7,0.00,0.00,0.00,11.0,16.9
2025-06-03T07:00,20.4,0.00,0.00,0.00,12.4,18.7
2025-06-03T08:00,22.3,0.00,0.00,0.00,13.2,19.8
2025-06-03T09:00,22.7,0.10,0.00,0.00,14.9,22.6
2025-06-03T10:00,23.0,0.00,0.00,0.00,14.9,22.7
2025-06-03T11:00,23.3,0.00,0.00,0.00,15.5,23.6
2025-06-03T12:00,23.4,0.00,0.00,0.00,15.2,23.3
2025-06-03T13:00,22.7,0.00,0.00,0.00,14.5,22.3
2025-06-03T14:00,22.7,0.00,0.00,0.00,14.1,21.7
2025-06-03T15:00,22.1,0.00,0.00,0.00,12.2,19.4
2025-06-03T16:00,21.9,0.00,0.00,0.00,11.5,18.6
2025-06-03T17:00,20.4,0.00,0.00,0.00,10.6,17.3
2025-06-03T18:00,19.4,0.00,0.00,0.00,7.6,13.8
2025-06-03T19:00,19.0,0.00,0.00,0.00,5.2,10.5
2025-06-03T20:00,18.7,0.00,0.00,0.00,4.8,9.8
2025-06-03T21:00,18.0,0.00,0.00,0.00,6.8,13.3
2025-06-03T22:00,17.5,0.00,0.00,0.00,5.2,10.7
2025-06-03T23:00,17.0,0.00,0.00,0.00,5.4,11.2
2025-06-04T00:00,16.4,0.00,0.00,0.00,6.1,12.7
2025-06-04T01:00,15.3,0.00,0.00,0.00,7.7,15.7
2025-06-04T02:00,14.8,0.00,0.00,0.00,7.6,15.5
2025-06-04T03:00,14.8,0.00,0.00,0.00,5.6,14.4
2025-06-04T04:00,15.3,0.00,0.00,0.00,5.1,11.2
2025-06-04T05:00,16.2,0.00,0.00,0.00,5.2,9.0
2025-06-04T06:00,18.0,0.00,0.00,0.00,7.7,12.1
2025-06-04T07:00,19.0,0.10,0.00,0.00,10.1,14.9
2025-06-04T08:00,19.5,0.00,0.00,0.00,10.7,16.0
2025-06-04T09:00,19.9,0.10,0.00,0.00,11.8,17.7
2025-06-04T10:00,20.4,0.10,0.00,0.00,13.3,20.3
2025-06-04T11:00,20.9,0.10,0.00,0.00,13.0,19.8
2025-06-04T12:00,21.3,0.00,0.00,0.00,13.4,20.3
2025-06-04T13:00,22.0,0.00,0.00,0.00,14.8,22.4
2025-06-04T14:00,22.3,0.00,0.00,0.00,16.6,25.7
2025-06-04T15:00,21.2,0.00,0.00,0.00,17.5,27.6
2025-06-04T16:00,21.3,0.00,0.00,0.00,14.3,22.6
2025-06-04T17:00,20.9,0.00,0.00,0.00,11.2,18.8
2025-06-04T18:00,19.9,0.00,0.00,0.00,7.4,14.0
2025-06-04T19:00,19.1,0.00,0.00,0.00,7.9,16.0
2025-06-04T20:00,18.1,0.00,0.00,0.00,7.4,15.5
2025-06-04T21:00,17.2,0.00,0.00,0.00,7.0,14.5
2025-06-04T22:00,16.4,0.00,0.00,0.00,7.0,15.2
2025-06-04T23:00,15.7,0.00,0.00,0.00,7.4,16.2
2025-06-05T00:00,14.9,0.00,0.00,0.00,8.1,17.4
2025-06-05T01:00,13.6,0.00,0.00,0.00,7.0,16.3
2025-06-05T02:00,13.2,0.00,0.00,0.00,6.9,15.2
2025-06-05T03:00,13.7,0.00,0.00,0.00,5.4,14.1
2025-06-05T04:00,15.1,0.00,0.00,0.00,3.1,9.2
2025-06-05T05:00,17.2,0.00,0.00,0.00,2.9,5.2
2025-06-05T06:00,19.3,0.00,0.00,0.00,5.1,7.9
2025-06-05T07:00,20.6,0.00,0.00,0.00,6.9,10.4
2025-06-05T08:00,21.8,0.00,0.00,0.00,6.5,9.7
2025-06-05T09:00,22.8,0.00,0.00,0.00,5.5,8.3
2025-06-05T10:00,23.7,0.00,0.00,0.00,5.7,8.3
2025-06-05T11:00,24.4,0.00,0.00,0.00,8.0,11.3
2025-06-05T12:00,24.7,0.00,0.00,0.00,9.8,14.3
2025-06-05T13:00,25.0,0.00,0.00,0.00,9.2,13.6
2025-06-05T14:00,25.2,0.00,0.00,0.00,7.7,11.3
2025-06-05T15:00,25.1,0.00,0.00,0.00,8.4,12.4
2025-06-05T16:00,24.5,0.00,0.00,0.00,10.5,15.8
2025-06-05T17:00,23.5,0.00,0.00,0.00,12.5,19.7
2025-06-05T18:00,22.1,0.00,0.00,0.00,12.1,20.6
2025-06-05T19:00,21.3,0.00,0.00,0.00,12.3,22.1
2025-06-05T20:00,20.6,0.00,0.00,0.00,12.4,22.5
2025-06-05T21:00,19.6,0.00,0.00,0.00,11.2,21.1
2025-06-05T22:00,18.9,0.00,0.00,0.00,10.8,21.1
2025-06-05T23:00,18.2,0.00,0.00,0.00,10.6,20.8
2025-06-06T00:00,17.6,0.00,0.00,0.00,11.0,22.5
2025-06-06T01:00,16.4,0.00,0.00,0.00,10.4,22.0
2025-06-06T02:00,16.4,0.00,0.00,0.00,10.7,22.1
2025-06-06T03:00,17.0,0.00,0.00,0.00,10.6,26.8
2025-06-06T04:00,18.2,0.00,0.00,0.00,10.6,18.8
2025-06-06T05:00,18.3,0.20,0.00,0.00,13.1,21.4
2025-06-06T06:00,18.2,1.60,0.00,0.00,10.4,16.6
2025-06-06T07:00,19.3,0.60,0.00,0.00,12.0,18.8
2025-06-06T08:00,21.3,0.00,0.00,0.00,12.1,18.6
2025-06-06T09:00,23.6,0.00,0.00,0.00,14.3,22.3
2025-06-06T10:00,23.5,0.20,0.00,0.00,14.6,22.9
2025-06-06T11:00,25.4,0.10,0.00,0.00,15.9,24.6
2025-06-06T12:00,26.1,0.00,0.00,0.00,13.9,21.5
2025-06-06T13:00,26.1,0.00,0.00,0.00,14.5,22.4
2025-06-06T14:00,26.5,0.00,0.00,0.00,13.3,20.7
2025-06-06T15:00,26.5,0.00,0.00,0.00,13.4,20.7
2025-06-06T16:00,25.7,0.00,0.00,0.00,10.6,16.4
2025-06-06T17:00,24.8,0.00,0.00,0.00,8.2,13.4
2025-06-06T18:00,24.2,0.00,0.00,0.00,6.0,11.5
2025-06-06T19:00,23.7,0.00,0.00,0.00,6.7,13.2
2025-06-06T20:00,22.7,0.00,0.00,0.00,7.6,15.7
2025-06-06T21:00,21.6,0.00,0.00,0.00,7.5,15.0
2025-06-06T22:00,20.6,0.00,0.00,0.00,6.6,13.6
2025-06-06T23:00,19.8,0.00,0.00,0.00,7.1,14.5
2025-06-07T00:00,19.2,0.00,0.00,0.00,6.9,14.6
2025-06-07T01:00,18.5,0.00,0.00,0.00,5.8,12.0
2025-06-07T02:00,18.5,0.00,0.00,0.00,6.0,12.7
2025-06-07T03:00,19.0,0.00,0.00,0.00,5.4,14.3
2025-06-07T04:00,20.0,0.00,0.00,0.00,5.4,9.7
2025-06-07T05:00,21.8,0.00,0.00,0.00,5.7,9.2
2025-06-07T06:00,23.8,0.00,0.00,0.00,7.1,10.9
2025-06-07T07:00,25.3,0.00,0.00,0.00,10.4,15.7
2025-06-07T08:00,26.5,0.00,0.00,0.00,11.3,17.0
2025-06-07T09:00,27.3,0.00,0.00,0.00,13.8,20.9
2025-06-07T10:00,23.3,3.20,0.00,0.00,17.7,27.0
2025-06-07T11:00,24.0,0.00,0.00,0.00,7.8,12.1
2025-06-07T12:00,25.6,0.10,0.00,0.00,10.1,14.9
2025-06-07T13:00,26.4,0.00,0.00,0.00,16.3,25.0
2025-06-07T14:00,23.4,0.00,0.00,0.00,13.1,21.0
2025-06-07T15:00,24.4,0.00,0.00,0.00,9.8,15.5
2025-06-07T16:00,24.5,0.00,0.00,0.00,9.6,14.9
2025-06-07T17:00,24.4,0.00,0.00,0.00,8.3,13.4
2025-06-07T18:00,23.9,0.00,0.00,0.00,6.3,11.7
2025-06-07T19:00,23.3,0.00,0.00,0.00,7.4,14.1
2025-06-07T20:00,22.3,0.00,0.00,0.00,7.9,15.6
2025-06-07T21:00,21.2,0.00,0.00,0.00,7.5,15.0
2025-06-07T22:00,20.3,0.00,0.00,0.00,6.4,13.0
2025-06-07T23:00,19.5,0.00,0.00,0.00,6.4,11.4
2025-06-08T00:00,18.8,0.00,0.00,0.00,6.6,13.0
2025-06-08T01:00,17.2,0.00,0.00,0.00,4.8,9.2
2025-06-08T02:00,17.1,0.00,0.00,0.00,5.4,11.7
2025-06-08T03:00,17.7,0.00,0.00,0.00,5.4,12.5
2025-06-08T04:00,18.9,0.00,0.00,0.00,4.5,19.3
2025-06-08T05:00,20.7,0.00,0.00,0.00,6.2,11.9
2025-06-08T06:00,22.6,0.00,0.00,0.00,8.4,13.6
2025-06-08T07:00,24.0,0.00,0.00,0.00,12.0,19.0
2025-06-08T08:00,25.1,0.00,0.00,0.00,15.0,23.8
2025-06-08T09:00,25.3,0.00,0.00,0.00,14.4,23.2
2025-06-08T10:00,26.4,0.00,0.00,0.00,17.1,27.5
2025-06-08T11:00,26.9,0.00,0.00,0.00,17.2,28.0
2025-06-08T12:00,27.3,0.00,0.00,0.00,16.6,27.0
2025-06-08T13:00,26.6,0.00,0.00,0.00,11.6,19.1
2025-06-08T14:00,27.0,0.00,0.00,0.00,13.0,21.3
2025-06-08T15:00,22.2,1.80,0.00,0.00,8.3,15.7
2025-06-08T16:00,22.1,0.10,0.00,0.00,6.1,10.2
2025-06-08T17:00,21.7,0.00,0.00,0.00,8.7,16.1
2025-06-08T18:00,21.2,0.00,0.00,0.00,6.6,13.5
2025-06-08T19:00,20.6,0.00,0.00,0.00,6.2,12.8
2025-06-08T20:00,20.1,0.00,0.00,0.00,5.1,11.0
2025-06-08T21:00,19.7,0.00,0.00,0.00,4.9,10.5
2025-06-08T22:00,19.3,0.00,0.00,0.00,3.5,7.4
2025-06-08T23:00,18.7,0.00,0.00,0.00,2.2,4.8
2025-06-09T00:00,18.5,0.00,0.00,0.00,2.3,3.1
2025-06-09T01:00,18.0,0.00,0.00,0.00,5.5,9.8
2025-06-09T02:00,18.2,0.00,0.00,0.00,7.9,16.6
2025-06-09T03:00,18.8,0.00,0.00,0.00,7.6,26.0
2025-06-09T04:00,19.9,0.00,0.00,0.00,8.8,19.3
2025-06-09T05:00,21.4,0.00,0.00,0.00,11.4,19.6
2025-06-09T06:00,22.5,0.00,0.00,0.00,12.6,21.2
2025-06-09T07:00,23.9,0.00,0.00,0.00,14.0,22.9
2025-06-09T08:00,25.4,0.00,0.00,0.00,15.0,24.1
2025-06-09T09:00,26.9,0.00,0.00,0.00,18.3,28.8
2025-06-09T10:00,26.3,0.00,0.00,0.00,19.3,30.8
2025-06-09T11:00,23.7,1.20,0.00,0.00,15.6,26.6
2025-06-09T12:00,24.1,0.30,0.00,0.00,17.7,29.1
2025-06-09T13:00,26.3,0.20,0.00,0.00,17.8,28.4
2025-06-09T14:00,25.8,0.00,0.00,0.00,17.2,27.9
2025-06-09T15:00,25.7,0.00,0.00,0.00,15.8,25.4
2025-06-09T16:00,24.6,0.00,0.00,0.00,15.6,26.7
2025-06-09T17:00,23.1,0.00,0.00,0.00,14.9,26.3
2025-06-09T18:00,21.6,0.00,0.00,0.00,15.5,27.9
2025-06-09T19:00,20.0,0.00,0.00,0.00,15.2,26.8
2025-06-09T20:00,18.8,0.00,0.00,0.00,13.9,25.4
2025-06-09T21:00,17.9,0.00,0.00,0.00,13.7,24.9
2025-06-09T22:00,16.9,0.00,0.00,0.00,13.1,24.0
2025-06-09T23:00,16.1,0.00,0.00,0.00,13.1,24.2
2025-06-10T00:00,15.3,0.00,0.00,0.00,13.2,24.2
2025-06-10T01:00,14.0,0.00,0.00,0.00,13.0,23.9
2025-06-10T02:00,13.7,0.00,0.00,0.00,12.6,22.8
2025-06-10T03:00,13.7,0.00,0.00,0.00,13.8,22.8
2025-06-10T04:00,14.2,0.00,0.00,0.00,15.1,24.0
2025-06-10T05:00,15.0,0.00,0.00,0.00,14.8,22.9
2025-06-10T06:00,16.2,0.00,0.00,0.00,14.7,22.6
2025-06-10T07:00,17.5,0.00,0.00,0.00,15.3,23.3
2025-06-10T08:00,18.7,0.00,0.00,0.00,15.3,23.4
2025-06-10T09:00,19.5,0.00,0.00,0.00,14.6,22.1
2025-06-10T10:00,20.2,0.00,0.00,0.00,14.1,21.2
2025-06-10T11:00,20.2,0.00,0.00,0.00,13.7,20.7
2025-06-10T12:00,20.4,0.00,0.00,0.00,13.7,20.7
2025-06-10T13:00,20.0,0.00,0.00,0.00,14.8,22.3
2025-06-10T14:00,19.8,0.00,0.00,0.00,13.9,21.1
2025-06-10T15:00,19.5,0.00,0.00,0.00,12.4,18.8
2025-06-10T16:00,19.3,0.00,0.00,0.00,13.3,20.6
2025-06-10T17:00,18.7,0.00,0.00,0.00,12.6,20.3
2025-06-10T18:00,17.8,0.00,0.00,0.00,9.5,16.6
2025-06-10T19:00,16.6,0.00,0.00,0.00,9.3,16.4
2025-06-10T20:00,15.6,0.00,0.00,0.00,7.3,13.7
2025-06-10T21:00,14.9,0.00,0.00,0.00,7.2,13.9
2025-06-10T22:00,14.1,0.00,0.00,0.00,8.3,16.0
2025-06-10T23:00,13.2,0.00,0.00,0.00,8.3,16.0
2025-06-11T00:00,12.4,0.00,0.00,0.00,7.0,13.8
2025-06-11T01:00,11.0,0.00,0.00,0.00,7.1,14.4
2025-06-11T02:00,10.8,0.00,0.00,0.00,6.4,15.3
2025-06-11T03:00,11.3,0.00,0.00,0.00,5.4,10.6
2025-06-11T04:00,12.5,0.00,0.00,0.00,4.3,7.0
2025-06-11T05:00,14.1,0.00,0.00,0.00,2.9,4.4
2025-06-11T06:00,15.5,0.00,0.00,0.00,2.4,3.4
2025-06-11T07:00,17.1,0.00,0.00,0.00,5.1,7.2
2025-06-11T08:00,17.4,0.00,0.00,0.00,5.6,8.1
2025-06-11T09:00,18.0,0.00,0.00,0.00,4.8,6.9
2025-06-11T10:00,18.7,0.00,0.00,0.00,4.3,6.5
2025-06-11T11:00,19.3,0.00,0.00,0.00,4.5,6.5
2025-06-11T12:00,19.8,0.00,0.00,0.00,4.9,7.2
2025-06-11T13:00,20.2,0.00,0.00,0.00,3.4,4.8
2025-06-11T14:00,20.0,0.00,0.00,0.00,5.5,7.7
2025-06-11T15:00,19.7,0.00,0.00,0.00,7.8,11.1
2025-06-11T16:00,19.1,0.00,0.00,0.00,9.5,14.1
2025-06-11T17:00,18.8,0.00,0.00,0.00,8.1,12.7
2025-06-11T18:00,18.2,0.00,0.00,0.00,4.4,7.7
2025-06-11T19:00,17.7,0.00,0.00,0.00,2.9,5.3
2025-06-11T20:00,17.2,0.00,0.00,0.00,3.6,6.8
2025-06-11T21:00,16.8,0.00,0.00,0.00,2.6,4.7
2025-06-11T22:00,16.5,0.00,0.00,0.00,3.5,5.8
2025-06-11T23:00,16.1,0.00,0.00,0.00,4.3,8.0
2025-06-12T00:00,15.2,0.40,0.00,0.00,6.0,10.5
2025-06-12T01:00,14.7,0.00,0.00,0.00,5.2,10.9
2025-06-12T02:00,14.5,0.30,0.00,0.00,1.5,3.8
2025-06-12T03:00,14.4,0.00,0.00,0.00,4.9,9.2
2025-06-12T04:00,14.6,0.00,0.00,0.00,6.2,13.8
2025-06-12T05:00,15.9,0.00,0.00,0.00,5.8,9.2
2025-06-12T06:00,16.8,0.00,0.00,0.00,6.3,9.5
2025-06-12T07:00,17.4,0.00,0.00,0.00,6.3,9.4
2025-06-12T08:00,18.6,0.00,0.00,0.00,7.8,11.4
2025-06-12T09:00,19.4,0.00,0.00,0.00,7.2,10.8
2025-06-12T10:00,20.3,0.00,0.00,0.00,6.0,8.8
2025-06-12T11:00,20.6,0.00,0.00,0.00,7.2,10.4
2025-06-12T12:00,21.0,0.00,0.00,0.00,6.2,9.0
2025-06-12T13:00,21.5,0.00,0.00,0.00,9.2,13.5
2025-06-12T14:00,21.4,0.00,0.00,0.00,10.8,16.1
2025-06-12T15:00,20.5,0.00,0.00,0.00,10.5,16.3
2025-06-12T16:00,19.9,0.00,0.00,0.00,10.3,15.7
2025-06-12T17:00,19.5,0.00,0.00,0.00,7.3,11.9
2025-06-12T18:00,18.9,0.20,0.00,0.00,7.0,12.0
2025-06-12T19:00,17.6,0.20,0.00,0.00,6.1,11.6
2025-06-12T20:00,15.4,2.60,0.00,0.00,9.8,17.8
2025-06-12T21:00,14.6,0.50,0.00,0.00,9.4,18.6
2025-06-12T22:00,15.1,0.00,0.00,0.00,8.7,19.1
2025-06-12T23:00,15.3,0.00,0.00,0.00,8.9,17.9
2025-06-13T00:00,14.6,0.00,0.00,0.00,8.5,17.7
2025-06-13T01:00,14.9,0.00,0.00,0.00,9.4,19.9
2025-06-13T02:00,14.8,0.00,0.00,0.00,9.8,19.9
2025-06-13T03:00,15.1,0.00,0.00,0.00,8.7,19.3
2025-06-13T04:00,16.3,0.00,0.00,0.00,8.3,14.5
2025-06-13T05:00,17.6,0.00,0.00,0.00,9.0,14.7
2025-06-13T06:00,18.9,0.00,0.00,0.00,10.6,16.4
2025-06-13T07:00,19.3,0.20,0.00,0.00,12.9,19.8
2025-06-13T08:00,18.3,0.50,0.00,0.00,15.0,23.0
2025-06-13T09:00,16.6,2.50,0.00,0.00,13.2,20.1
2025-06-13T10:00,16.7,0.50,0.00,0.00,9.4,15.3
2025-06-13T11:00,19.2,0.10,0.00,0.00,13.8,21.6
2025-06-13T12:00,18.2,1.70,0.00,0.00,11.6,18.7
2025-06-13T13:00,20.4,0.00,0.00,0.00,12.8,19.5
2025-06-13T14:00,18.3,0.00,0.00,0.00,16.2,26.2
2025-06-13T15:00,15.9,0.30,0.00,0.00,12.0,19.4
2025-06-13T16:00,15.0,2.00,0.00,0.00,7.1,13.0
2025-06-13T17:00,15.3,0.70,0.00,0.00,11.2,20.5
2025-06-13T18:00,15.0,1.00,0.00,0.00,13.8,25.1
2025-06-13T19:00,14.5,0.30,0.00,0.00,17.0,29.7
2025-06-13T20:00,14.1,0.10,0.00,0.00,16.2,29.2
2025-06-13T21:00,13.8,0.00,0.00,0.00,14.6,26.5
2025-06-13T22:00,13.4,0.00,0.00,0.00,14.5,26.0
2025-06-13T23:00,12.7,2.20,0.00,0.00,14.5,25.7
2025-06-14T00:00,12.5,0.30,0.00,0.00,13.4,24.1
2025-06-14T01:00,12.2,0.00,0.00,0.00,10.4,19.4
2025-06-14T02:00,12.6,0.00,0.00,0.00,13.1,22.0
2025-06-14T03:00,13.2,0.10,0.00,0.00,14.8,22.5
2025-06-14T04:00,13.6,0.10,0.00,0.00,13.6,23.1
2025-06-14T05:00,13.8,0.10,0.00,0.00,14.0,22.3
2025-06-14T06:00,13.3,0.30,0.00,0.00,13.5,20.9
2025-06-14T07:00,14.1,0.30,0.00,0.00,12.1,19.1
2025-06-14T08:00,15.0,0.20,0.00,0.00,13.2,20.7
2025-06-14T09:00,15.9,0.20,0.00,0.00,11.9,18.8
2025-06-14T10:00,13.9,4.90,0.00,0.00,13.9,23.7
2025-06-14T11:00,16.2,0.30,0.00,0.00,14.6,22.8
2025-06-14T12:00,17.4,0.20,0.00,0.00,15.0,22.9
2025-06-14T13:00,17.4,0.10,0.00,0.00,14.7,23.5
2025-06-14T14:00,17.7,0.00,0.00,0.00,16.1,24.1
2025-06-14T15:00,15.6,0.70,0.00,0.00,16.2,27.3
2025-06-14T16:00,15.6,0.00,0.00,0.00,10.7,18.6
2025-06-14T17:00,15.5,0.00,0.00,0.00,12.7,22.6
2025-06-14T18:00,14.7,0.00,0.00,0.00,12.6,23.4
2025-06-14T19:00,14.1,0.00,0.00,0.00,11.4,21.9
2025-06-14T20:00,13.7,0.00,0.00,0.00,10.8,20.5
2025-06-14T21:00,13.9,0.00,0.00,0.00,12.2,22.0
2025-06-14T22:00,13.8,0.20,0.00,0.00,11.2,20.7
2025-06-14T23:00,13.3,0.90,0.00,0.00,10.2,19.4
2025-06-15T00:00,13.1,1.80,0.00,0.00,9.2,18.4
2025-06-15T01:00,12.9,0.20,0.00,0.00,10.2,20.0
2025-06-15T02:00,13.1,0.10,0.00,0.00,10.0,18.9
2025-06-15T03:00,13.3,0.10,0.00,0.00,9.5,18.0
2025-06-15T04:00,13.6,0.20,0.00,0.00,13.0,23.1
2025-06-15T05:00,13.7,0.10,0.00,0.00,12.4,21.8
2025-06-15T06:00,14.3,0.20,0.00,0.00,14.8,23.6
2025-06-15T07:00,14.4,0.30,0.00,0.00,17.0,27.3
2025-06-15T08:00,14.7,0.40,0.00,0.00,15.1,24.5
2025-06-15T09:00,15.6,0.50,0.00,0.00,16.1,25.4
2025-06-15T10:00,16.7,0.20,0.00,0.00,15.7,24.6
2025-06-15T11:00,17.3,0.20,0.00,0.00,15.8,25.0
2025-06-15T12:00,17.7,0.30,0.00,0.00,17.9,28.7
2025-06-15T13:00,16.7,0.00,0.00,0.00,17.8,28.4
2025-06-15T14:00,17.4,0.00,0.00,0.00,19.0,30.0
2025-06-15T15:00,17.1,0.00,0.00,0.00,17.3,28.3
2025-06-15T16:00,17.0,0.00,0.00,0.00,12.9,22.0
2025-06-15T17:00,16.2,0.00,0.00,0.00,11.0,20.3
2025-06-15T18:00,15.7,0.00,0.00,0.00,9.0,17.8
2025-06-15T19:00,15.1,0.00,0.00,0.00,8.3,17.1
2025-06-15T20:00,14.7,0.00,0.00,0.00,7.3,16.1
2025-06-15T21:00,14.3,0.00,0.00,0.00,7.0,15.5
2025-06-15T22:00,14.0,0.00,0.00,0.00,6.9,16.0
2025-06-15T23:00,13.8,0.00,0.00,0.00,5.9,14.6
2025-06-16T00:00,13.5,0.00,0.00,0.00,4.9,13.0
2025-06-16T01:00,13.0,0.00,0.00,0.00,5.0,11.5
2025-06-16T02:00,13.2,0.00,0.00,0.00,5.8,13.6
2025-06-16T03:00,14.0,0.00,0.00,0.00,5.8,14.8
2025-06-16T04:00,15.4,0.00,0.00,0.00,3.6,9.4
2025-06-16T05:00,17.0,0.00,0.00,0.00,3.6,6.0
2025-06-16T06:00,18.7,0.00,0.00,0.00,4.4,7.0
2025-06-16T07:00,20.0,0.00,0.00,0.00,6.6,10.0
2025-06-16T08:00,20.9,0.00,0.00,0.00,7.6,11.5
2025-06-16T09:00,21.7,0.00,0.00,0.00,8.8,13.3
2025-06-16T10:00,22.5,0.00,0.00,0.00,9.8,14.7
2025-06-16T11:00,22.7,0.00,0.00,0.00,10.7,16.3
2025-06-16T12:00,23.1,0.00,0.00,0.00,11.1,16.8
2025-06-16T13:00,23.1,0.00,0.00,0.00,12.0,19.0
2025-06-16T14:00,22.5,0.00,0.00,0.00,9.9,16.5
2025-06-16T15:00,22.7,0.00,0.00,0.00,9.8,16.1
2025-06-16T16:00,22.1,0.00,0.00,0.00,9.3,17.2
2025-06-16T17:00,20.6,0.00,0.00,0.00,9.6,18.6
2025-06-16T18:00,19.2,0.00,0.00,0.00,7.2,15.0
2025-06-16T19:00,18.1,0.00,0.00,0.00,7.6,16.3
2025-06-16T20:00,17.1,0.00,0.00,0.00,7.9,16.8
2025-06-16T21:00,16.2,0.00,0.00,0.00,7.8,16.7
2025-06-16T22:00,15.7,0.00,0.00,0.00,5.6,13.0
2025-06-16T23:00,15.3,0.00,0.00,0.00,5.6,12.4
2025-06-17T00:00,14.8,0.00,0.00,0.00,5.1,11.6
2025-06-17T01:00,14.6,0.00,0.00,0.00,5.1,12.4
2025-06-17T02:00,14.5,0.00,0.00,0.00,4.2,10.7
2025-06-17T03:00,15.0,0.00,0.00,0.00,4.2,11.9
2025-06-17T04:00,15.9,0.00,0.00,0.00,4.9,8.4
2025-06-17T05:00,17.0,0.00,0.00,0.00,4.9,7.7
2025-06-17T06:00,18.2,0.00,0.00,0.00,5.3,7.9
2025-06-17T07:00,19.2,0.00,0.00,0.00,5.8,8.7
2025-06-17T08:00,20.2,0.00,0.00,0.00,5.4,8.0
2025-06-17T09:00,20.7,0.20,0.00,0.00,4.2,6.2
2025-06-17T10:00,20.6,0.10,0.00,0.00,4.2,6.3
2025-06-17T11:00,22.0,0.10,0.00,0.00,5.9,8.6
2025-06-17T12:00,20.1,2.50,0.00,0.00,9.7,13.8
2025-06-17T13:00,19.1,0.90,0.00,0.00,0.5,0.8
2025-06-17T14:00,20.2,0.10,0.00,0.00,4.4,6.6
2025-06-17T15:00,20.4,0.10,0.00,0.00,6.8,9.9
2025-06-17T16:00,19.3,1.20,0.00,0.00,7.7,11.0
2025-06-17T17:00,17.8,0.00,0.00,0.00,5.6,8.6
2025-06-17T18:00,17.3,0.00,0.00,0.00,0.6,1.5
2025-06-17T19:00,17.0,0.00,0.00,0.00,2.7,2.2
2025-06-17T20:00,17.0,0.00,0.00,0.00,1.5,1.9
2025-06-17T21:00,16.9,0.00,0.00,0.00,1.4,4.2
2025-06-17T22:00,16.4,0.10,0.00,0.00,1.9,4.7
2025-06-17T23:00,16.0,0.10,0.00,0.00,4.6,8.9
2025-06-18T00:00,15.7,0.00,0.00,0.00,6.4,12.5
2025-06-18T01:00,14.7,0.00,0.00,0.00,3.6,5.8
2025-06-18T02:00,14.7,0.00,0.00,0.00,3.0,5.9
2025-06-18T03:00,15.0,0.00,0.00,0.00,4.6,7.2
2025-06-18T04:00,15.3,0.00,0.00,0.00,5.8,9.0
2025-06-18T05:00,15.5,0.10,0.00,0.00,4.7,7.5
2025-06-18T06:00,15.5,0.30,0.00,0.00,4.1,6.2
2025-06-18T07:00,15.7,0.90,0.00,0.00,5.2,7.6
2025-06-18T08:00,15.6,0.90,0.00,0.00,4.9,7.3
2025-06-18T09:00,16.2,0.80,0.00,0.00,5.3,7.6
2025-06-18T10:00,16.5,0.40,0.00,0.00,5.2,7.6
2025-06-18T11:00,17.2,0.10,0.00,0.00,5.4,8.0
2025-06-18T12:00,17.5,0.10,0.00,0.00,5.6,8.2
2025-06-18T13:00,19.4,0.10,0.00,0.00,7.6,11.4
2025-06-18T14:00,19.7,0.10,0.00,0.00,6.6,10.0
2025-06-18T15:00,19.4,0.00,0.00,0.00,7.8,11.9
2025-06-18T16:00,18.0,0.00,0.00,0.00,9.5,15.7
2025-06-18T17:00,17.1,0.00,0.00,0.00,7.6,12.9
2025-06-18T18:00,16.6,0.00,0.00,0.00,7.8,14.7
2025-06-18T19:00,16.0,0.00,0.00,0.00,7.2,14.2
2025-06-18T20:00,15.8,0.10,0.00,0.00,5.4,10.6
2025-06-18T21:00,15.6,0.20,0.00,0.00,4.9,9.7
2025-06-18T22:00,15.4,0.10,0.00,0.00,6.2,12.2
2025-06-18T23:00,15.0,0.00,0.00,0.00,6.8,13.8
2025-06-19T00:00,14.5,0.00,0.00,0.00,7.4,14.3
2025-06-19T01:00,13.1,0.00,0.00,0.00,9.5,20.7
2025-06-19T02:00,13.2,0.00,0.00,0.00,10.3,19.6
2025-06-19T03:00,13.7,0.00,0.00,0.00,10.4,16.4
2025-06-19T04:00,14.5,0.00,0.00,0.00,9.7,14.8
2025-06-19T05:00,15.1,0.10,0.00,0.00,7.6,11.5
2025-06-19T06:00,15.2,0.20,0.00,0.00,7.0,10.6
2025-06-19T07:00,16.6,0.10,0.00,0.00,5.5,8.2
2025-06-19T08:00,15.6,2.70,0.00,0.00,10.4,15.6
2025-06-19T09:00,16.1,0.60,0.00,0.00,10.5,16.1
2025-06-19T10:00,17.8,0.10,0.00,0.00,11.1,17.0
2025-06-19T11:00,16.2,0.40,0.00,0.00,15.0,22.8
2025-06-19T12:00,16.7,0.10,0.00,0.00,18.6,28.8
2025-06-19T13:00,16.6,0.00,0.00,0.00,19.8,31.4
2025-06-19T14:00,16.1,0.00,0.00,0.00,17.8,29.0
2025-06-19T15:00,15.8,0.00,0.00,0.00,16.7,27.1
2025-06-19T16:00,15.4,0.10,0.00,0.00,16.6,27.4
2025-06-19T17:00,14.7,0.00,0.00,0.00,12.5,22.2
2025-06-19T18:00,14.1,0.00,0.00,0.00,10.7,19.7
2025-06-19T19:00,13.6,0.00,0.00,0.00,10.6,19.7
2025-06-19T20:00,13.3,0.00,0.00,0.00,9.9,19.1
2025-06-19T21:00,13.2,0.00,0.00,0.00,10.6,20.7
2025-06-19T22:00,12.9,0.00,0.00,0.00,10.2,20.3
2025-06-19T23:00,12.6,0.00,0.00,0.00,9.7,19.4
2025-06-20T00:00,12.1,0.00,0.00,0.00,10.0,19.7
2025-06-20T01:00,11.4,0.00,0.00,0.00,9.7,19.7
2025-06-20T02:00,11.3,0.00,0.00,0.00,10.0,20.2
2025-06-20T03:00,11.6,0.00,0.00,0.00,9.1,16.4
2025-06-20T04:00,12.3,0.00,0.00,0.00,13.0,20.6
2025-06-20T05:00,13.4,0.10,0.00,0.00,12.5,19.2
2025-06-20T06:00,13.4,0.90,0.00,0.00,10.7,17.2
2025-06-20T07:00,13.2,1.80,0.00,0.00,10.9,17.3
2025-06-20T08:00,12.5,2.30,0.00,0.00,11.2,20.5
2025-06-20T09:00,13.3,1.20,0.00,0.00,11.5,20.4
2025-06-20T10:00,13.4,0.40,0.00,0.00,10.8,18.7
2025-06-20T11:00,13.8,0.20,0.00,0.00,13.5,22.4
2025-06-20T12:00,14.0,0.50,0.00,0.00,13.1,21.7
2025-06-20T13:00,15.6,0.10,0.00,0.00,14.5,23.4
2025-06-20T14:00,16.6,0.00,0.00,0.00,14.3,23.3
2025-06-20T15:00,17.0,0.00,0.00,0.00,13.1,21.8
2025-06-20T16:00,16.6,0.30,0.00,0.00,13.9,24.0
2025-06-20T17:00,15.1,0.00,0.00,0.00,12.4,22.7
2025-06-20T18:00,14.4,0.00,0.00,0.00,12.0,22.8
2025-06-20T19:00,14.2,0.00,0.00,0.00,13.4,25.3
2025-06-20T20:00,14.1,0.00,0.00,0.00,13.7,25.9
2025-06-20T21:00,14.0,0.00,0.00,0.00,14.2,26.6
2025-06-20T22:00,13.9,0.00,0.00,0.00,15.3,28.1
2025-06-20T23:00,13.5,0.00,0.00,0.00,15.4,27.9
2025-06-21T00:00,13.1,0.10,0.00,0.00,15.6,28.0
2025-06-21T01:00,12.0,0.00,0.00,0.00,15.0,26.7
2025-06-21T02:00,11.8,0.00,0.00,0.00,13.8,23.0
2025-06-21T03:00,11.8,0.00,0.00,0.00,13.4,22.5
2025-06-21T04:00,11.9,0.00,0.00,0.00,13.8,23.0
2025-06-21T05:00,12.2,0.00,0.00,0.00,14.9,24.2
2025-06-21T06:00,12.5,0.00,0.00,0.00,14.6,24.0
2025-06-21T07:00,12.7,0.00,0.00,0.00,14.8,23.8
2025-06-21T08:00,13.8,0.00,0.00,0.00,17.5,27.7
2025-06-21T09:00,14.3,0.00,0.00,0.00,15.2,24.4
2025-06-21T10:00,15.0,0.00,0.00,0.00,14.3,22.7
2025-06-21T11:00,16.1,0.00,0.00,0.00,15.8,24.7
2025-06-21T12:00,16.5,0.00,0.00,0.00,16.3,25.6
2025-06-21T13:00,15.9,0.00,0.00,0.00,15.6,24.7
2025-06-21T14:00,15.8,0.00,0.00,0.00,15.0,23.7
2025-06-21T15:00,15.6,0.00,0.00,0.00,15.5,24.9
2025-06-21T16:00,15.0,0.00,0.00,0.00,13.1,21.9
2025-06-21T17:00,14.6,0.00,0.00,0.00,5.9,11.8
2025-06-21T18:00,14.0,0.00,0.00,0.00,5.4,12.4
2025-06-21T19:00,13.4,0.00,0.00,0.00,6.9,15.3
2025-06-21T20:00,12.5,0.00,0.00,0.00,4.3,12.2
2025-06-21T21:00,11.7,0.00,0.00,0.00,2.1,7.7
2025-06-21T22:00,11.3,0.00,0.00,0.00,2.6,3.8
2025-06-21T23:00,11.3,0.00,0.00,0.00,4.0,5.9
2025-06-22T00:00,11.0,0.00,0.00,0.00,5.4,11.4
2025-06-22T01:00,9.9,0.00,0.00,0.00,3.9,12.2
2025-06-22T02:00,10.2,0.00,0.00,0.00,3.9,10.5
2025-06-22T03:00,10.8,0.00,0.00,0.00,5.2,12.3
2025-06-22T04:00,12.1,0.00,0.00,0.00,5.0,17.1
2025-06-22T05:00,13.5,0.00,0.00,0.00,6.1,11.9
2025-06-22T06:00,14.7,0.00,0.00,0.00,7.6,12.6
2025-06-22T07:00,15.9,0.00,0.00,0.00,10.6,16.8
2025-06-22T08:00,16.0,0.00,0.00,0.00,13.4,21.2
2025-06-22T09:00,16.3,0.00,0.00,0.00,13.9,22.0
2025-06-22T10:00,15.7,0.30,0.00,0.00,14.3,22.8
2025-06-22T11:00,14.3,0.70,0.00,0.00,10.0,16.8
2025-06-22T12:00,13.8,1.00,0.00,0.00,7.4,12.9
2025-06-22T13:00,14.4,0.10,0.00,0.00,6.6,10.0
2025-06-22T14:00,14.1,0.30,0.00,0.00,4.9,7.5
2025-06-22T15:00,14.0,0.10,0.00,0.00,6.1,9.3
2025-06-22T16:00,13.9,0.00,0.00,0.00,7.3,11.5
2025-06-22T17:00,13.7,0.10,0.00,0.00,6.4,11.5
2025-06-22T18:00,13.3,0.00,0.00,0.00,7.0,13.3
2025-06-22T19:00,12.9,0.00,0.00,0.00,7.8,15.4
2025-06-22T20:00,12.6,0.00,0.00,0.00,8.9,17.8
2025-06-22T21:00,12.2,0.00,0.00,0.00,9.0,18.1
2025-06-22T22:00,11.9,0.00,0.00,0.00,8.8,18.0
2025-06-22T23:00,11.3,0.00,0.00,0.00,8.6,18.5
2025-06-23T00:00,11.0,0.00,0.00,0.00,8.2,17.9
2025-06-23T01:00,11.3,0.00,0.00,0.00,9.3,19.9
2025-06-23T02:00,11.3,0.00,0.00,0.00,9.2,19.3
2025-06-23T03:00,11.9,0.00,0.00,0.00,6.7,21.6
2025-06-23T04:00,12.8,0.00,0.00,0.00,6.2,13.5
2025-06-23T05:00,14.0,0.00,0.00,0.00,6.6,11.5
2025-06-23T06:00,14.9,0.00,0.00,0.00,7.9,12.9
2025-06-23T07:00,15.7,0.00,0.00,0.00,9.7,15.4
2025-06-23T08:00,16.8,0.00,0.00,0.00,9.9,15.2
2025-06-23T09:00,17.8,0.00,0.00,0.00,8.8,13.2
2025-06-23T10:00,18.4,0.00,0.00,0.00,8.4,12.6
2025-06-23T11:00,18.3,0.00,0.00,0.00,8.1,12.1
2025-06-23T12:00,18.5,0.00,0.00,0.00,6.4,9.6
2025-06-23T13:00,19.4,0.00,0.00,0.00,6.3,9.5
2025-06-23T14:00,19.2,0.00,0.00,0.00,5.3,7.8
2025-06-23T15:00,19.0,0.00,0.00,0.00,5.0,7.5
2025-06-23T16:00,18.8,0.00,0.00,0.00,4.7,7.5
2025-06-23T17:00,17.7,0.00,0.00,0.00,5.4,10.7
2025-06-23T18:00,16.4,0.00,0.00,0.00,5.4,12.0
2025-06-23T19:00,15.6,0.00,0.00,0.00,4.1,10.3
2025-06-23T20:00,14.8,0.00,0.00,0.00,4.9,11.0
2025-06-23T21:00,14.0,0.00,0.00,0.00,3.0,7.4
2025-06-23T22:00,13.4,0.00,0.00,0.00,1.3,4.6
2025-06-23T23:00,12.8,0.00,0.00,0.00,1.8,4.1
2025-06-24T00:00,12.1,0.00,0.00,0.00,3.2,6.7
2025-06-24T01:00,11.3,0.00,0.00,0.00,1.2,5.6
2025-06-24T02:00,11.6,0.00,0.00,0.00,4.1,5.4
2025-06-24T03:00,12.4,0.00,0.00,0.00,6.7,13.9
2025-06-24T04:00,14.0,0.00,0.00,0.00,4.9,16.6
2025-06-24T05:00,15.7,0.00,0.00,0.00,6.5,11.1
2025-06-24T06:00,17.1,0.00,0.00,0.00,9.6,15.2
2025-06-24T07:00,18.4,0.00,0.00,0.00,14.8,22.9
2025-06-24T08:00,19.3,0.00,0.00,0.00,18.1,27.9
2025-06-24T09:00,19.8,0.00,0.00,0.00,20.0,31.8
2025-06-24T10:00,19.6,0.00,0.00,0.00,18.4,29.5
2025-06-24T11:00,20.1,0.00,0.00,0.00,19.1,30.8
2025-06-24T12:00,19.9,0.00,0.00,0.00,17.8,28.9
2025-06-24T13:00,20.4,0.00,0.00,0.00,18.7,30.3
2025-06-24T14:00,20.1,0.00,0.00,0.00,17.1,28.2
2025-06-24T15:00,19.5,0.00,0.00,0.00,13.5,23.3
2025-06-24T16:00,18.3,0.20,0.00,0.00,13.0,23.3
2025-06-24T17:00,16.5,0.90,0.00,0.00,11.8,21.7
2025-06-24T18:00,15.5,0.70,0.00,0.00,10.7,20.7
2025-06-24T19:00,15.1,0.10,0.00,0.00,11.7,21.9
2025-06-24T20:00,14.7,0.00,0.00,0.00,11.7,21.8
2025-06-24T21:00,14.3,0.00,0.00,0.00,10.2,19.5
2025-06-24T22:00,13.7,0.00,0.00,0.00,9.7,19.1
2025-06-24T23:00,13.3,0.00,0.00,0.00,9.8,19.6
2025-06-25T00:00,12.9,0.00,0.00,0.00,9.6,20.0
2025-06-25T01:00,13.1,0.00,0.00,0.00,10.1,19.8
2025-06-25T02:00,13.0,0.00,0.00,0.00,9.7,18.9
2025-06-25T03:00,13.4,0.00,0.00,0.00,8.4,16.7
2025-06-25T04:00,14.3,0.00,0.00,0.00,14.4,23.2
2025-06-25T05:00,15.2,0.00,0.00,0.00,12.5,20.1
2025-06-25T06:00,16.0,0.00,0.00,0.00,14.5,22.5
2025-06-25T07:00,16.8,0.00,0.00,0.00,16.6,26.2
2025-06-25T08:00,17.4,0.10,0.00,0.00,16.9,26.7
2025-06-25T09:00,17.5,0.10,0.00,0.00,17.7,28.1
2025-06-25T10:00,17.6,0.00,0.00,0.00,16.9,25.9
2025-06-25T11:00,18.9,0.00,0.00,0.00,19.1,29.7
2025-06-25T12:00,16.1,1.60,0.00,0.00,12.2,19.7
2025-06-25T13:00,18.9,0.00,0.00,0.00,17.5,28.1
2025-06-25T14:00,18.9,0.00,0.00,0.00,17.9,28.2
2025-06-25T15:00,18.6,0.00,0.00,0.00,14.8,24.9
2025-06-25T16:00,18.2,0.00,0.00,0.00,12.2,21.4
2025-06-25T17:00,17.3,0.00,0.00,0.00,11.1,20.4
2025-06-25T18:00,16.3,0.00,0.00,0.00,10.2,20.5
2025-06-25T19:00,15.5,0.00,0.00,0.00,12.2,24.2
2025-06-25T20:00,14.7,0.00,0.00,0.00,12.2,24.4
2025-06-25T21:00,14.2,0.00,0.00,0.00,11.2,22.9
2025-06-25T22:00,13.7,0.00,0.00,0.00,11.2,22.6
2025-06-25T23:00,13.3,0.00,0.00,0.00,10.2,21.1
2025-06-26T00:00,12.8,0.00,0.00,0.00,9.6,20.1
2025-06-26T01:00,13.0,0.00,0.00,0.00,9.1,18.9
2025-06-26T02:00,13.0,0.00,0.00,0.00,8.6,17.3
2025-06-26T03:00,13.6,0.00,0.00,0.00,9.4,16.0
2025-06-26T04:00,14.5,0.00,0.00,0.00,10.6,16.2
2025-06-26T05:00,15.4,0.10,0.00,0.00,8.4,13.0
2025-06-26T06:00,16.2,0.10,0.00,0.00,8.0,12.3
2025-06-26T07:00,16.7,0.10,0.00,0.00,8.2,12.7
2025-06-26T08:00,16.7,0.00,0.00,0.00,7.8,12.3
2025-06-26T09:00,17.9,0.00,0.00,0.00,9.7,14.9
2025-06-26T10:00,18.8,0.00,0.00,0.00,11.5,17.5
2025-06-26T11:00,19.0,0.00,0.00,0.00,13.0,20.0
2025-06-26T12:00,18.7,0.00,0.00,0.00,15.0,23.3
2025-06-26T13:00,19.4,0.10,0.00,0.00,16.4,25.9
2025-06-26T14:00,18.8,0.10,0.00,0.00,17.3,27.8
2025-06-26T15:00,17.4,0.00,0.00,0.00,15.3,25.3
2025-06-26T16:00,16.6,0.10,0.00,0.00,18.0,29.4
2025-06-26T17:00,15.8,0.00,0.00,0.00,14.7,25.7
2025-06-26T18:00,14.8,0.50,0.00,0.00,13.5,24.7
2025-06-26T19:00,14.1,0.00,0.00,0.00,14.0,25.3
2025-06-26T20:00,13.5,0.00,0.00,0.00,13.9,25.2
2025-06-26T21:00,13.0,0.00,0.00,0.00,13.8,25.0
2025-06-26T22:00,12.3,0.00,0.00,0.00,12.5,23.1
2025-06-26T23:00,11.7,0.00,0.00,0.00,13.9,25.4
2025-06-27T00:00,11.6,0.00,0.00,0.00,12.9,23.5
2025-06-27T01:00,11.2,0.00,0.00,0.00,12.6,23.7
2025-06-27T02:00,11.1,0.00,0.00,0.00,14.3,25.8
2025-06-27T03:00,11.5,0.00,0.00,0.00,13.4,21.9
2025-06-27T04:00,12.1,0.00,0.00,0.00,15.6,25.8
2025-06-27T05:00,12.9,0.00,0.00,0.00,17.3,27.6
2025-06-27T06:00,13.8,0.00,0.00,0.00,17.2,27.3
2025-06-27T07:00,14.7,0.00,0.00,0.00,17.0,26.5
2025-06-27T08:00,15.3,0.00,0.00,0.00,17.9,28.3
2025-06-27T09:00,15.9,0.00,0.00,0.00,18.3,29.0
2025-06-27T10:00,16.4,0.00,0.00,0.00,18.6,29.6
2025-06-27T11:00,16.5,0.00,0.00,0.00,17.7,28.3
2025-06-27T12:00,17.0,0.00,0.00,0.00,16.4,26.5
2025-06-27T13:00,18.5,0.00,0.00,0.00,15.3,23.8
2025-06-27T14:00,18.2,0.00,0.00,0.00,16.5,26.3
2025-06-27T15:00,17.8,0.00,0.00,0.00,15.0,23.8
2025-06-27T16:00,17.2,0.00,0.00,0.00,10.1,18.2
2025-06-27T17:00,16.8,0.00,0.00,0.00,7.8,15.0
2025-06-27T18:00,15.7,0.00,0.00,0.00,5.4,13.3
2025-06-27T19:00,14.8,0.00,0.00,0.00,5.2,12.7
2025-06-27T20:00,14.1,0.00,0.00,0.00,4.2,11.6
2025-06-27T21:00,13.1,0.00,0.00,0.00,2.5,10.3
2025-06-27T22:00,12.7,0.00,0.00,0.00,3.4,8.1
2025-06-27T23:00,11.9,0.00,0.00,0.00,3.4,9.7
2025-06-28T00:00,11.2,0.00,0.00,0.00,1.9,7.1
2025-06-28T01:00,10.2,0.00,0.00,0.00,1.8,7.2
2025-06-28T02:00,10.4,0.00,0.00,0.00,0.7,4.4
2025-06-28T03:00,11.3,0.00,0.00,0.00,1.5,1.8
2025-06-28T04:00,12.8,0.00,0.00,0.00,1.4,2.3
2025-06-28T05:00,14.9,0.00,0.00,0.00,1.3,2.5
2025-06-28T06:00,16.5,0.00,0.00,0.00,1.5,2.3
2025-06-28T07:00,17.7,0.00,0.00,0.00,2.0,2.8
2025-06-28T08:00,18.8,0.00,0.00,0.00,2.2,3.1
2025-06-28T09:00,19.8,0.00,0.00,0.00,0.7,1.3
2025-06-28T10:00,20.3,0.00,0.00,0.00,1.7,2.2
2025-06-28T11:00,20.6,0.00,0.00,0.00,2.0,2.5
2025-06-28T12:00,20.6,0.00,0.00,0.00,1.9,2.3
2025-06-28T13:00,22.2,0.00,0.00,0.00,3.0,3.5
2025-06-28T14:00,22.4,0.00,0.00,0.00,3.8,5.1
2025-06-28T15:00,21.4,0.00,0.00,0.00,8.9,13.5
2025-06-28T16:00,19.9,0.00,0.00,0.00,11.9,20.2
2025-06-28T17:00,19.2,0.00,0.00,0.00,5.6,11.8
2025-06-28T18:00,18.3,0.00,0.00,0.00,5.3,11.6
2025-06-28T19:00,17.1,0.00,0.00,0.00,3.4,9.9
2025-06-28T20:00,16.7,0.00,0.00,0.00,1.1,5.1
2025-06-28T21:00,15.9,0.00,0.00,0.00,4.9,8.9
2025-06-28T22:00,15.2,0.00,0.00,0.00,4.5,10.8
2025-06-28T23:00,14.3,0.00,0.00,0.00,3.7,10.7
2025-06-29T00:00,13.5,0.00,0.00,0.00,2.3,8.1
2025-06-29T01:00,13.4,0.00,0.00,0.00,1.0,3.6
2025-06-29T02:00,13.3,0.00,0.00,0.00,0.8,3.2
2025-06-29T03:00,14.3,0.00,0.00,0.00,3.1,6.5
2025-06-29T04:00,15.5,0.00,0.00,0.00,3.3,10.6
2025-06-29T05:00,17.7,0.00,0.00,0.00,4.0,7.3
2025-06-29T06:00,19.2,0.00,0.00,0.00,6.8,10.5
2025-06-29T07:00,20.1,0.00,0.00,0.00,8.7,13.1
2025-06-29T08:00,21.0,0.00,0.00,0.00,10.6,16.2
2025-06-29T09:00,21.6,0.00,0.00,0.00,12.6,19.4
2025-06-29T10:00,21.0,0.30,0.00,0.00,16.0,24.7
2025-06-29T11:00,20.5,0.00,0.00,0.00,15.8,25.2
2025-06-29T12:00,20.8,0.10,0.00,0.00,18.2,28.8
2025-06-29T13:00,20.1,0.00,0.00,0.00,18.6,29.3
2025-06-29T14:00,17.6,1.20,0.00,0.00,14.8,25.2
2025-06-29T15:00,16.2,1.70,0.00,0.00,13.0,23.4
2025-06-29T16:00,16.0,0.20,0.00,0.00,16.4,28.9
2025-06-29T17:00,15.5,0.40,0.00,0.00,18.5,32.3
2025-06-29T18:00,14.6,2.20,0.00,0.00,15.3,26.5
2025-06-29T19:00,14.2,0.90,0.00,0.00,13.8,25.7
2025-06-29T20:00,14.1,0.70,0.00,0.00,17.0,29.7
2025-06-29T21:00,13.2,0.10,0.00,0.00,17.8,32.5
2025-06-29T22:00,12.0,0.10,0.00,0.00,19.1,34.3
2025-06-29T23:00,11.9,0.00,0.00,0.00,17.9,32.1
2025-06-30T00:00,11.5,0.10,0.00,0.00,18.2,32.6
2025-06-30T01:00,11.3,0.10,0.00,0.00,19.4,33.9
2025-06-30T02:00,11.0,0.10,0.00,0.00,19.6,33.9
2025-06-30T03:00,11.1,0.10,0.00,0.00,17.3,30.1
2025-06-30T04:00,11.4,0.50,0.00,0.00,15.4,27.3
2025-06-30T05:00,11.7,0.10,0.00,0.00,18.4,31.5
2025-06-30T06:00,11.4,0.70,0.00,0.00,20.9,35.8
2025-06-30T07:00,11.9,0.10,0.00,0.00,20.9,34.0
2025-06-30T08:00,12.1,0.20,0.00,0.00,17.8,29.7
2025-06-30T09:00,12.7,0.30,0.00,0.00,21.4,34.6
2025-06-30T10:00,13.0,0.60,0.00,0.00,15.2,24.9
2025-06-30T11:00,13.0,0.60,0.00,0.00,12.6,22.0
2025-06-30T12:00,13.3,0.10,0.00,0.00,13.8,23.6
2025-06-30T13:00,14.4,0.10,0.00,0.00,17.1,27.8
2025-06-30T14:00,14.7,0.00,0.00,0.00,12.6,20.7
2025-06-30T15:00,14.7,0.80,0.00,0.00,8.3,15.2
2025-06-30T16:00,13.8,1.00,0.00,0.00,11.5,21.2
2025-06-30T17:00,13.1,1.00,0.00,0.00,15.0,27.4
2025-06-30T18:00,13.0,1.60,0.00,0.00,19.1,34.2
2025-06-30T19:00,12.5,0.00,0.00,0.00,19.1,34.2
2025-06-30T20:00,12.5,0.00,0.00,0.00,17.9,31.6
2025-06-30T21:00,12.5,0.10,0.00,0.00,20.7,36.8
2025-06-30T22:00,12.5,0.00,0.00,0.00,18.9,33.7
2025-06-30T23:00,12.6,0.10,0.00,0.00,17.5,30.5
2025-07-01T00:00,12.4,0.20,0.00,0.00,17.3,28.7
2025-07-01T01:00,12.4,0.80,0.00,0.00,22.1,38.4
2025-07-01T02:00,11.6,1.40,0.00,0.00,21.7,36.5
2025-07-01T03:00,11.4,0.80,0.00,0.00,23.1,39.0
2025-07-01T04:00,11.3,0.50,0.00,0.00,20.9,36.7
2025-07-01T05:00,11.3,0.70,0.00,0.00,19.9,34.6
2025-07-01T06:00,11.2,1.20,0.00,0.00,20.1,34.9
2025-07-01T07:00,11.5,0.90,0.00,0.00,21.4,37.2
2025-07-01T08:00,13.4,0.20,0.00,0.00,23.0,37.2
2025-07-01T09:00,13.8,0.10,0.00,0.00,22.7,35.9
2025-07-01T10:00,14.2,0.10,0.00,0.00,22.1,35.4
2025-07-01T11:00,14.4,0.30,0.00,0.00,21.0,34.1
2025-07-01T12:00,15.3,0.20,0.00,0.00,20.1,32.6
2025-07-01T13:00,14.2,0.00,0.00,0.00,22.4,35.4
2025-07-01T14:00,14.5,0.00,0.00,0.00,20.6,32.8
2025-07-01T15:00,14.2,0.00,0.00,0.00,18.2,30.3
2025-07-01T16:00,14.1,0.00,0.00,0.00,16.0,26.6
2025-07-01T17:00,13.6,0.00,0.00,0.00,13.8,24.4
2025-07-01T18:00,13.1,0.00,0.00,0.00,14.1,25.9
2025-07-01T19:00,12.7,0.00,0.00,0.00,13.6,25.5
2025-07-01T20:00,12.6,0.00,0.00,0.00,13.2,24.6
2025-07-01T21:00,12.7,0.00,0.00,0.00,13.4,24.5
2025-07-01T22:00,12.6,0.00,0.00,0.00,12.5,23.0
2025-07-01T23:00,12.5,0.00,0.00,0.00,12.5,23.0
2025-07-02T00:00,12.5,0.00,0.00,0.00,12.1,22.5
2025-07-02T01:00,12.0,0.00,0.00,0.00,12.5,22.8
2025-07-02T02:00,12.1,0.00,0.00,0.00,12.1,22.3
2025-07-02T03:00,12.4,0.00,0.00,0.00,14.8,24.7
2025-07-02T04:00,12.7,0.10,0.00,0.00,12.9,20.0
2025-07-02T05:00,13.7,0.10,0.00,0.00,13.9,22.9
2025-07-02T06:00,14.6,0.10,0.00,0.00,16.9,26.7
2025-07-02T07:00,15.4,0.20,0.00,0.00,15.3,24.1
2025-07-02T08:00,17.0,0.10,0.00,0.00,14.6,22.9
2025-07-02T09:00,18.0,0.10,0.00,0.00,14.7,22.9
2025-07-02T10:00,19.0,0.20,0.00,0.00,16.0,25.2
2025-07-02T11:00,19.3,0.10,0.00,0.00,16.5,26.4
2025-07-02T12:00,19.6,0.10,0.00,0.00,18.2,28.8
2025-07-02T13:00,18.8,0.00,0.00,0.00,18.1,29.0
2025-07-02T14:00,18.7,0.00,0.00,0.00,16.3,26.7
2025-07-02T15:00,18.2,0.10,0.00,0.00,16.1,27.0
2025-07-02T16:00,17.7,0.00,0.00,0.00,16.1,28.5
2025-07-02T17:00,16.2,0.00,0.00,0.00,13.1,23.8
2025-07-02T18:00,15.6,0.10,0.00,0.00,11.1,21.1
2025-07-02T19:00,15.5,0.20,0.00,0.00,11.9,22.9
2025-07-02T20:00,15.7,0.00,0.00,0.00,14.9,28.4
2025-07-02T21:00,15.9,0.00,0.00,0.00,12.6,24.7
2025-07-02T22:00,15.9,0.00,0.00,0.00,12.4,24.3
2025-07-02T23:00,15.7,0.00,0.00,0.00,12.2,24.4
2025-07-03T00:00,15.2,0.00,0.00,0.00,12.5,25.1
2025-07-03T01:00,15.1,0.00,0.00,0.00,11.6,23.4
2025-07-03T02:00,14.8,0.00,0.00,0.00,11.0,22.2
2025-07-03T03:00,15.1,0.00,0.00,0.00,7.4,19.6
2025-07-03T04:00,16.0,0.00,0.00,0.00,7.6,13.4
2025-07-03T05:00,17.5,0.00,0.00,0.00,12.2,18.9
2025-07-03T06:00,18.9,0.00,0.00,0.00,12.1,18.8
2025-07-03T07:00,20.1,0.00,0.00,0.00,13.6,20.6
2025-07-03T08:00,21.2,0.00,0.00,0.00,14.5,22.1
2025-07-03T09:00,22.1,0.00,0.00,0.00,15.7,24.6
2025-07-03T10:00,22.9,0.00,0.00,0.00,15.6,24.4
2025-07-03T11:00,24.0,0.00,0.00,0.00,15.5,24.5
2025-07-03T12:00,23.8,0.00,0.00,0.00,14.7,23.7
2025-07-03T13:00,25.0,0.00,0.00,0.00,14.2,23.0
2025-07-03T14:00,24.5,0.00,0.00,0.00,7.8,14.2
2025-07-03T15:00,24.8,0.00,0.00,0.00,6.7,11.6
2025-07-03T16:00,24.5,0.00,0.00,0.00,6.0,12.2
2025-07-03T17:00,23.4,0.00,0.00,0.00,6.7,15.4
2025-07-03T18:00,22.2,0.00,0.00,0.00,7.5,17.6
2025-07-03T19:00,21.3,0.00,0.00,0.00,8.0,18.7
2025-07-03T20:00,20.6,0.00,0.00,0.00,7.5,18.0
2025-07-03T21:00,19.9,0.00,0.00,0.00,6.8,17.4
2025-07-03T22:00,19.4,0.00,0.00,0.00,6.8,16.7
2025-07-03T23:00,18.8,0.00,0.00,0.00,7.4,17.6
2025-07-04T00:00,18.4,0.00,0.00,0.00,7.8,18.4
2025-07-04T01:00,18.2,0.00,0.00,0.00,6.8,16.3
2025-07-04T02:00,18.1,0.00,0.00,0.00,7.1,15.9
2025-07-04T03:00,18.8,0.00,0.00,0.00,8.7,18.6
2025-07-04T04:00,19.9,0.00,0.00,0.00,6.9,23.3
2025-07-04T05:00,21.7,0.00,0.00,0.00,6.9,15.4
2025-07-04T06:00,23.4,0.00,0.00,0.00,8.9,14.7
2025-07-04T07:00,24.7,0.00,0.00,0.00,11.2,17.6
2025-07-04T08:00,24.7,0.00,0.00,0.00,13.3,20.7
2025-07-04T09:00,23.4,0.60,0.00,0.00,15.8,24.5
2025-07-04T10:00,22.2,0.90,0.00,0.00,15.9,24.9
2025-07-04T11:00,22.9,0.00,0.00,0.00,14.1,21.8
2025-07-04T12:00,22.8,0.00,0.00,0.00,15.0,23.3
2025-07-04T13:00,23.8,0.00,0.00,0.00,15.5,24.8
2025-07-04T14:00,23.3,0.00,0.00,0.00,16.4,26.4
2025-07-04T15:00,22.7,0.00,0.00,0.00,15.5,25.4
2025-07-04T16:00,22.1,0.00,0.00,0.00,12.9,22.9
2025-07-04T17:00,20.6,0.00,0.00,0.00,13.6,24.4
2025-07-04T18:00,18.9,0.00,0.00,0.00,11.6,22.1
2025-07-04T19:00,17.6,0.00,0.00,0.00,9.7,19.7
2025-07-04T20:00,16.8,0.00,0.00,0.00,8.9,18.6
2025-07-04T21:00,16.3,0.00,0.00,0.00,7.7,16.9
2025-07-04T22:00,15.8,0.00,0.00,0.00,6.2,14.6
2025-07-04T23:00,15.4,0.00,0.00,0.00,6.3,14.3
2025-07-05T00:00,14.8,0.00,0.00,0.00,6.9,14.6
2025-07-05T01:00,14.0,0.00,0.00,0.00,7.0,15.0
2025-07-05T02:00,13.7,0.00,0.00,0.00,7.6,16.3
2025-07-05T03:00,14.0,0.00,0.00,0.00,6.2,17.5
2025-07-05T04:00,14.5,0.00,0.00,0.00,6.8,13.1
2025-07-05T05:00,15.4,0.00,0.00,0.00,7.2,11.5
2025-07-05T06:00,15.6,0.00,0.00,0.00,7.2,11.3
2025-07-05T07:00,16.1,0.00,0.00,0.00,8.0,12.4
2025-07-05T08:00,17.2,0.00,0.00,0.00,11.6,18.2
2025-07-05T09:00,18.3,0.00,0.00,0.00,12.9,19.7
2025-07-05T10:00,18.7,0.00,0.00,0.00,13.2,20.4
2025-07-05T11:00,19.0,0.00,0.00,0.00,13.4,20.8
2025-07-05T12:00,19.4,0.00,0.00,0.00,14.3,22.1
2025-07-05T13:00,20.1,0.00,0.00,0.00,16.3,25.4
2025-07-05T14:00,19.7,0.00,0.00,0.00,17.5,27.6
2025-07-05T15:00,19.4,0.00,0.00,0.00,15.1,24.0
2025-07-05T16:00,18.9,0.00,0.00,0.00,12.0,21.1
2025-07-05T17:00,18.0,0.00,0.00,0.00,9.7,18.2
2025-07-05T18:00,16.8,0.00,0.00,0.00,6.2,14.4
2025-07-05T19:00,16.0,0.00,0.00,0.00,6.3,14.8
2025-07-05T20:00,15.1,0.00,0.00,0.00,3.7,9.8
2025-07-05T21:00,14.2,0.00,0.00,0.00,3.0,5.9
2025-07-05T22:00,14.0,0.00,0.00,0.00,6.5,13.8
2025-07-05T23:00,13.7,0.00,0.00,0.00,6.0,14.8
2025-07-06T00:00,13.3,0.00,0.00,0.00,8.6,20.5
2025-07-06T01:00,12.3,0.00,0.00,0.00,8.1,19.7
2025-07-06T02:00,12.2,0.00,0.00,0.00,9.0,21.0
2025-07-06T03:00,12.7,0.00,0.00,0.00,9.6,21.7
2025-07-06T04:00,13.3,0.00,0.00,0.00,8.4,21.3
2025-07-06T05:00,13.6,0.00,0.00,0.00,6.9,21.6
2025-07-06T06:00,13.8,0.00,0.00,0.00,7.0,18.6
2025-07-06T07:00,13.9,0.10,0.00,0.00,6.3,15.5
2025-07-06T08:00,15.1,0.00,0.00,0.00,8.2,13.7
2025-07-06T09:00,16.0,0.00,0.00,0.00,8.9,14.1
2025-07-06T10:00,17.9,0.00,0.00,0.00,8.7,13.4
2025-07-06T11:00,19.2,0.00,0.00,0.00,9.7,15.0
2025-07-06T12:00,20.0,0.00,0.00,0.00,9.3,14.3
2025-07-06T13:00,21.4,0.00,0.00,0.00,10.0,15.7
2025-07-06T14:00,21.9,0.00,0.00,0.00,13.0,21.1
2025-07-06T15:00,21.0,0.00,0.00,0.00,11.7,20.5
2025-07-06T16:00,21.1,0.00,0.00,0.00,10.5,18.6
2025-07-06T17:00,20.0,0.00,0.00,0.00,9.8,19.6
2025-07-06T18:00,19.0,0.00,0.00,0.00,12.1,25.1
2025-07-06T19:00,18.3,0.00,0.00,0.00,12.2,26.1
2025-07-06T20:00,17.9,0.00,0.00,0.00,11.7,25.6
2025-07-06T21:00,17.8,0.00,0.00,0.00,12.5,26.8
2025-07-06T22:00,17.4,0.00,0.00,0.00,11.7,25.8
2025-07-06T23:00,17.0,0.00,0.00,0.00,11.3,25.3
2025-07-07T00:00,16.8,0.00,0.00,0.00,11.1,25.0
2025-07-07T01:00,16.2,0.00,0.00,0.00,10.0,22.9
2025-07-07T02:00,16.0,0.00,0.00,0.00,9.8,22.3
2025-07-07T03:00,16.5,0.00,0.00,0.00,9.3,20.4
2025-07-07T04:00,17.5,0.00,0.00,0.00,6.6,19.9
2025-07-07T05:00,18.8,0.00,0.00,0.00,8.0,13.9
2025-07-07T06:00,20.4,0.00,0.00,0.00,7.9,12.6
2025-07-07T07:00,22.3,0.00,0.00,0.00,7.9,12.4
2025-07-07T08:00,23.8,0.00,0.00,0.00,8.8,13.5
2025-07-07T09:00,25.2,0.00,0.00,0.00,11.2,17.2
2025-07-07T10:00,25.3,0.10,0.00,0.00,14.8,22.9
2025-07-07T11:00,25.8,0.00,0.00,0.00,14.2,22.4
2025-07-07T12:00,26.4,0.00,0.00,0.00,13.5,20.8
2025-07-07T13:00,27.7,0.00,0.00,0.00,11.9,18.0
2025-07-07T14:00,27.3,0.00,0.00,0.00,12.9,19.5
2025-07-07T15:00,26.7,0.00,0.00,0.00,12.3,18.8
2025-07-07T16:00,26.2,0.00,0.00,0.00,11.9,19.2
2025-07-07T17:00,25.3,0.00,0.00,0.00,12.0,21.1
2025-07-07T18:00,24.1,0.00,0.00,0.00,11.1,21.1
2025-07-07T19:00,23.2,0.00,0.00,0.00,10.6,21.3
2025-07-07T20:00,22.2,0.00,0.00,0.00,9.5,20.3
2025-07-07T21:00,21.6,0.00,0.00,0.00,9.8,21.2
2025-07-07T22:00,21.0,0.00,0.00,0.00,9.6,20.7
2025-07-07T23:00,20.4,0.00,0.00,0.00,8.6,18.7
2025-07-08T00:00,19.7,0.00,0.00,0.00,8.1,18.1
2025-07-08T01:00,18.8,0.00,0.00,0.00,9.1,19.9
2025-07-08T02:00,18.6,0.00,0.00,0.00,9.8,20.8
2025-07-08T03:00,19.1,0.00,0.00,0.00,7.8,23.4
2025-07-08T04:00,20.3,0.00,0.00,0.00,8.3,16.3
2025-07-08T05:00,21.9,0.00,0.00,0.00,9.5,15.5
2025-07-08T06:00,23.6,0.00,0.00,0.00,9.0,14.0
2025-07-08T07:00,25.4,0.00,0.00,0.00,9.6,14.7
2025-07-08T08:00,27.4,0.00,0.00,0.00,11.0,16.9
2025-07-08T09:00,29.0,0.00,0.00,0.00,12.9,19.7
2025-07-08T10:00,30.5,0.00,0.00,0.00,14.1,21.5
2025-07-08T11:00,31.1,0.00,0.00,0.00,13.3,20.3
2025-07-08T12:00,31.7,0.00,0.00,0.00,17.2,26.5
2025-07-08T13:00,29.0,0.00,0.00,0.00,11.4,17.9
2025-07-08T14:00,29.6,0.00,0.00,0.00,13.6,21.5
2025-07-08T15:00,28.2,1.60,0.00,0.00,11.8,18.5
2025-07-08T16:00,28.2,0.00,0.00,0.00,13.2,21.2
2025-07-08T17:00,27.5,0.00,0.00,0.00,13.9,23.5
2025-07-08T18:00,26.4,0.00,0.00,0.00,17.8,30.6
2025-07-08T19:00,24.9,0.00,0.00,0.00,16.3,28.0
2025-07-08T20:00,23.7,0.00,0.00,0.00,13.1,22.5
2025-07-08T21:00,22.8,0.00,0.00,0.00,9.4,16.3
2025-07-08T22:00,22.1,0.00,0.00,0.00,8.5,15.1
2025-07-08T23:00,21.5,0.00,0.00,0.00,8.2,15.1
2025-07-09T00:00,20.8,0.00,0.00,0.00,7.0,13.2
2025-07-09T01:00,21.4,0.00,0.00,0.00,3.1,6.4
2025-07-09T02:00,21.3,0.00,0.00,0.00,3.8,5.4
2025-07-09T03:00,21.8,0.00,0.00,0.00,3.3,8.1
2025-07-09T04:00,22.8,0.00,0.00,0.00,1.5,2.6
2025-07-09T05:00,24.0,0.00,0.00,0.00,1.0,1.7
2025-07-09T06:00,25.6,0.00,0.00,0.00,6.7,9.7
2025-07-09T07:00,26.6,0.00,0.00,0.00,4.8,6.9
2025-07-09T08:00,28.2,0.00,0.00,0.00,6.3,9.2
2025-07-09T09:00,29.6,0.00,0.00,0.00,6.9,10.4
2025-07-09T10:00,30.5,0.00,0.00,0.00,7.6,11.2
2025-07-09T11:00,31.3,0.00,0.00,0.00,8.9,13.3
2025-07-09T12:00,31.1,0.00,0.00,0.00,9.1,13.8
2025-07-09T13:00,29.6,1.30,0.00,0.00,9.5,13.9
2025-07-09T14:00,27.9,0.20,0.00,0.00,10.9,15.5
2025-07-09T15:00,27.3,0.00,0.00,0.00,7.1,11.1
2025-07-09T16:00,27.2,0.00,0.00,0.00,7.9,12.3
2025-07-09T17:00,27.0,0.00,0.00,0.00,7.1,13.9
2025-07-09T18:00,26.3,0.00,0.00,0.00,8.5,17.4
2025-07-09T19:00,25.7,0.00,0.00,0.00,9.0,18.2
2025-07-09T20:00,25.2,0.00,0.00,0.00,9.4,19.3
2025-07-09T21:00,24.7,0.00,0.00,0.00,9.4,19.7
2025-07-09T22:00,24.4,0.00,0.00,0.00,9.6,20.8
2025-07-09T23:00,24.0,0.00,0.00,0.00,10.7,22.7
2025-07-10T00:00,23.7,0.00,0.00,0.00,10.7,22.9
2025-07-10T01:00,22.6,0.00,0.00,0.00,10.2,23.6
2025-07-10T02:00,22.4,0.00,0.00,0.00,10.6,24.5
2025-07-10T03:00,22.8,0.00,0.00,0.00,10.3,23.1
2025-07-10T04:00,23.6,0.00,0.00,0.00,8.2,23.9
2025-07-10T05:00,24.6,0.00,0.00,0.00,8.8,16.3
2025-07-10T06:00,25.9,0.00,0.00,0.00,8.9,14.8
2025-07-10T07:00,27.2,0.00,0.00,0.00,8.9,14.1
2025-07-10T08:00,28.9,0.00,0.00,0.00,9.3,14.6
2025-07-10T09:00,30.6,0.00,0.00,0.00,10.8,16.7
2025-07-10T10:00,32.0,0.00,0.00,0.00,15.5,24.3
2025-07-10T11:00,32.5,0.00,0.00,0.00,17.7,28.1
2025-07-10T12:00,32.5,0.00,0.00,0.00,17.8,28.0
2025-07-10T13:00,33.5,0.00,0.00,0.00,15.0,23.2
2025-07-10T14:00,33.4,0.00,0.00,0.00,15.3,24.0
2025-07-10T15:00,32.9,0.00,0.00,0.00,15.4,24.4
2025-07-10T16:00,32.4,0.00,0.00,0.00,13.2,21.8
2025-07-10T17:00,31.3,0.00,0.00,0.00,8.9,16.1
2025-07-10T18:00,29.7,0.00,0.00,0.00,8.7,17.4
2025-07-10T19:00,28.3,0.00,0.00,0.00,9.0,18.8
2025-07-10T20:00,27.2,0.00,0.00,0.00,10.3,21.5
2025-07-10T21:00,26.1,0.00,0.00,0.00,10.1,21.1
2025-07-10T22:00,25.2,0.00,0.00,0.00,10.0,21.6
2025-07-10T23:00,24.3,0.00,0.00,0.00,10.7,22.5
2025-07-11T00:00,23.6,0.00,0.00,0.00,10.4,22.5
2025-07-11T01:00,22.0,0.00,0.00,0.00,9.8,21.7
2025-07-11T02:00,21.8,0.00,0.00,0.00,10.7,23.3
2025-07-11T03:00,22.4,0.00,0.00,0.00,10.9,22.3
2025-07-11T04:00,23.3,0.00,0.00,0.00,9.5,22.0
2025-07-11T05:00,24.7,0.00,0.00,0.00,10.8,18.3
2025-07-11T06:00,26.5,0.00,0.00,0.00,12.0,19.1
2025-07-11T07:00,28.1,0.00,0.00,0.00,12.2,19.1
2025-07-11T08:00,29.7,0.00,0.00,0.00,12.4,19.0
2025-07-11T09:00,31.2,0.00,0.00,0.00,12.7,19.5
2025-07-11T10:00,32.3,0.00,0.00,0.00,13.2,20.3
2025-07-11T11:00,33.1,0.00,0.00,0.00,14.0,21.2
2025-07-11T12:00,33.7,0.00,0.00,0.00,13.7,20.9
2025-07-11T13:00,35.1,0.00,0.00,0.00,14.4,21.9
2025-07-11T14:00,35.0,0.00,0.00,0.00,17.3,27.0
2025-07-11T15:00,34.9,0.00,0.00,0.00,17.2,27.0
2025-07-11T16:00,34.7,0.00,0.00,0.00,14.5,22.8
2025-07-11T17:00,34.0,0.00,0.00,0.00,9.6,16.1
2025-07-11T18:00,32.7,0.00,0.00,0.00,9.3,16.7
2025-07-11T19:00,31.2,0.00,0.00,0.00,9.7,18.6
2025-07-11T20:00,30.1,0.00,0.00,0.00,10.6,20.9
2025-07-11T21:00,29.3,0.00,0.00,0.00,10.0,19.8
2025-07-11T22:00,28.0,0.00,0.00,0.00,9.0,18.1
2025-07-11T23:00,27.1,0.00,0.00,0.00,9.2,18.5
2025-07-12T00:00,26.4,0.00,0.00,0.00,9.6,19.4
2025-07-12T01:00,24.5,0.00,0.00,0.00,7.5,16.7
2025-07-12T02:00,23.7,0.00,0.00,0.00,7.5,16.4
2025-07-12T03:00,23.8,0.00,0.00,0.00,7.5,15.9
2025-07-12T04:00,24.4,0.00,0.00,0.00,5.8,18.4
2025-07-12T05:00,25.8,0.00,0.00,0.00,6.2,11.3
2025-07-12T06:00,27.2,0.00,0.00,0.00,7.1,11.6
2025-07-12T07:00,29.0,0.00,0.00,0.00,7.7,12.3
2025-07-12T08:00,31.2,0.00,0.00,0.00,9.1,14.0
2025-07-12T09:00,32.2,0.00,0.00,0.00,11.6,18.1
2025-07-12T10:00,30.8,0.40,0.00,0.00,5.5,8.7
2025-07-12T11:00,30.9,0.00,0.00,0.00,13.5,21.3
2025-07-12T12:00,32.1,0.00,0.00,0.00,12.6,19.7
2025-07-12T13:00,33.2,0.00,0.00,0.00,11.7,17.9
2025-07-12T14:00,32.0,0.20,0.00,0.00,14.0,21.2
2025-07-12T15:00,32.1,0.00,0.00,0.00,6.0,9.3
2025-07-12T16:00,32.2,0.00,0.00,0.00,8.6,13.1
2025-07-12T17:00,31.6,0.00,0.00,0.00,9.9,15.7
2025-07-12T18:00,30.7,0.00,0.00,0.00,9.1,15.5
2025-07-12T19:00,29.7,0.00,0.00,0.00,8.3,14.8
2025-07-12T20:00,28.7,0.00,0.00,0.00,6.3,10.8
2025-07-12T21:00,27.8,0.00,0.00,0.00,5.1,8.9
2025-07-12T22:00,26.7,0.00,0.00,0.00,6.9,12.1
2025-07-12T23:00,25.9,0.00,0.00,0.00,6.4,12.6
2025-07-13T00:00,25.2,0.00,0.00,0.00,6.6,12.9
2025-07-13T01:00,21.8,0.00,0.00,0.00,5.4,10.9
2025-07-13T02:00,21.4,0.00,0.00,0.00,6.5,13.9
2025-07-13T03:00,21.8,0.00,0.00,0.00,4.6,13.4
2025-07-13T04:00,22.6,0.00,0.00,0.00,5.4,8.8
2025-07-13T05:00,23.7,0.00,0.00,0.00,9.9,16.0
2025-07-13T06:00,25.6,0.00,0.00,0.00,8.1,12.1
2025-07-13T07:00,28.0,0.00,0.00,0.00,8.3,12.6
2025-07-13T08:00,29.1,0.00,0.00,0.00,10.2,15.5
2025-07-13T09:00,30.5,0.00,0.00,0.00,11.2,16.9
2025-07-13T10:00,30.9,0.00,0.00,0.00,9.6,14.4
2025-07-13T11:00,30.5,0.00,0.00,0.00,8.0,11.7
2025-07-13T12:00,29.4,0.00,0.00,0.00,11.5,16.8
2025-07-13T13:00,29.8,0.00,0.00,0.00,12.4,19.1
2025-07-13T14:00,28.8,2.10,0.00,0.00,8.0,12.8
2025-07-13T15:00,27.3,1.00,0.00,0.00,6.1,9.1
2025-07-13T16:00,27.8,0.00,0.00,0.00,8.1,13.5
2025-07-13T17:00,26.9,0.00,0.00,0.00,9.7,16.2
2025-07-13T18:00,25.3,0.00,0.00,0.00,10.2,17.6
2025-07-13T19:00,24.2,0.00,0.00,0.00,9.1,16.2
2025-07-13T20:00,23.2,0.00,0.00,0.00,8.1,14.6
2025-07-13T21:00,22.3,0.00,0.00,0.00,7.1,13.1
2025-07-13T22:00,21.5,0.20,0.00,0.00,5.9,10.8
2025-07-13T23:00,21.2,0.00,0.00,0.00,5.1,9.4
2025-07-14T00:00,21.0,0.00,0.00,0.00,2.4,4.1
2025-07-14T01:00,19.9,0.00,0.00,0.00,7.0,15.0
2025-07-14T02:00,19.9,0.10,0.00,0.00,8.9,16.5
2025-07-14T03:00,20.6,0.00,0.00,0.00,4.4,10.9
2025-07-14T04:00,21.8,0.00,0.00,0.00,5.2,8.2
2025-07-14T05:00,23.3,0.00,0.00,0.00,6.3,9.4
2025-07-14T06:00,24.4,0.00,0.00,0.00,4.6,6.7
2025-07-14T07:00,25.6,0.10,0.00,0.00,4.5,6.5
2025-07-14T08:00,26.1,0.10,0.00,0.00,3.8,5.6
2025-07-14T09:00,26.6,0.10,0.00,0.00,2.6,4.0
2025-07-14T10:00,27.4,0.10,0.00,0.00,2.3,2.9
2025-07-14T11:00,28.0,0.10,0.00,0.00,2.5,2.9
2025-07-14T12:00,27.5,0.10,0.00,0.00,3.7,4.7
2025-07-14T13:00,27.6,0.90,0.00,0.00,11.0,16.2
2025-07-14T14:00,25.1,0.00,0.00,0.00,7.0,10.8
2025-07-14T15:00,24.7,0.00,0.00,0.00,6.0,8.9
2025-07-14T16:00,24.6,0.00,0.00,0.00,6.0,8.9
2025-07-14T17:00,24.0,0.00,0.00,0.00,5.8,8.6
2025-07-14T18:00,22.9,0.00,0.00,0.00,7.6,12.2
2025-07-14T19:00,22.6,0.00,0.00,0.00,4.2,8.5
2025-07-14T20:00,22.4,0.00,0.00,0.00,4.7,9.4
2025-07-14T21:00,22.3,0.00,0.00,0.00,4.5,8.8
2025-07-14T22:00,21.7,0.00,0.00,0.00,2.8,4.8
2025-07-14T23:00,21.0,0.00,0.00,0.00,3.3,3.4
2025-07-15T00:00,20.3,0.00,0.00,0.00,3.4,4.4
2025-07-15T01:00,19.0,0.00,0.00,0.00,5.0,10.4
2025-07-15T02:00,18.7,0.00,0.00,0.00,5.1,9.6
2025-07-15T03:00,19.2,0.00,0.00,0.00,4.8,7.7
2025-07-15T04:00,20.3,0.00,0.00,0.00,2.9,5.0
2025-07-15T05:00,21.8,0.00,0.00,0.00,2.5,4.1
2025-07-15T06:00,23.6,0.00,0.00,0.00,2.3,3.5
2025-07-15T07:00,25.2,0.00,0.00,0.00,1.8,2.7
2025-07-15T08:00,26.1,0.00,0.00,0.00,1.4,2.1
2025-07-15T09:00,26.7,0.10,0.00,0.00,0.8,1.1
2025-07-15T10:00,21.8,8.20,0.00,0.00,9.1,15.7
2025-07-15T11:00,22.7,0.30,0.00,0.00,2.5,3.6
2025-07-15T12:00,23.5,0.40,0.00,0.00,3.6,5.1
2025-07-15T13:00,23.8,0.00,0.00,0.00,5.8,8.4
2025-07-15T14:00,23.8,0.00,0.00,0.00,5.2,7.9
2025-07-15T15:00,23.6,0.00,0.00,0.00,3.3,4.7
2025-07-15T16:00,23.4,0.00,0.00,0.00,3.9,5.7
2025-07-15T17:00,23.0,0.00,0.00,0.00,4.0,6.0
2025-07-15T18:00,22.4,0.00,0.00,0.00,4.2,7.4
2025-07-15T19:00,21.6,0.00,0.00,0.00,6.0,10.7
2025-07-15T20:00,20.8,0.00,0.00,0.00,4.8,8.3
2025-07-15T21:00,20.4,0.00,0.00,0.00,3.6,6.5
2025-07-15T22:00,19.9,0.00,0.00,0.00,3.1,5.9
2025-07-15T23:00,19.6,0.00,0.00,0.00,2.5,5.1
2025-07-16T00:00,19.3,0.00,0.00,0.00,3.1,6.2
2025-07-16T01:00,17.9,0.00,0.00,0.00,3.5,9.7
2025-07-16T02:00,17.8,0.00,0.00,0.00,4.0,9.6
2025-07-16T03:00,18.5,0.00,0.00,0.00,4.7,8.7
2025-07-16T04:00,19.5,0.00,0.00,0.00,4.0,6.7
2025-07-16T05:00,20.8,0.00,0.00,0.00,5.6,8.3
2025-07-16T06:00,21.9,0.00,0.00,0.00,6.3,9.2
2025-07-16T07:00,22.8,0.20,0.00,0.00,6.5,9.7
2025-07-16T08:00,23.6,0.20,0.00,0.00,7.5,11.1
2025-07-16T09:00,24.6,0.20,0.00,0.00,8.9,13.2
2025-07-16T10:00,24.3,0.10,0.00,0.00,7.8,12.0
2025-07-16T11:00,23.8,0.10,0.00,0.00,8.7,12.7
2025-07-16T12:00,21.5,4.20,0.00,0.00,2.3,3.5
2025-07-16T13:00,22.0,1.50,0.00,0.00,7.0,9.2
2025-07-16T14:00,20.8,0.30,0.00,0.00,5.0,7.9
2025-07-16T15:00,21.3,0.50,0.00,0.00,2.8,4.4
2025-07-16T16:00,21.3,0.10,0.00,0.00,2.3,3.6
2025-07-16T17:00,21.0,0.00,0.00,0.00,0.9,1.6
2025-07-16T18:00,20.6,0.00,0.00,0.00,1.3,3.7
2025-07-16T19:00,20.4,0.00,0.00,0.00,0.7,4.5
2025-07-16T20:00,20.1,0.00,0.00,0.00,2.1,4.3
2025-07-16T21:00,19.8,0.00,0.00,0.00,2.2,6.5
2025-07-16T22:00,19.7,0.00,0.00,0.00,3.2,7.8
2025-07-16T23:00,19.3,0.00,0.00,0.00,5.0,11.3
2025-07-17T00:00,18.8,0.00,0.00,0.00,6.1,13.0
2025-07-17T01:00,17.3,0.00,0.00,0.00,9.0,17.8
2025-07-17T02:00,17.3,0.10,0.00,0.00,7.2,15.0
2025-07-17T03:00,17.5,1.40,0.00,0.00,2.9,9.0
2025-07-17T04:00,17.8,3.20,0.00,0.00,2.8,5.4
2025-07-17T05:00,17.8,0.40,0.00,0.00,6.3,9.6
2025-07-17T06:00,18.9,0.20,0.00,0.00,7.0,10.1
2025-07-17T07:00,20.0,0.10,0.00,0.00,6.5,9.2
2025-07-17T08:00,21.3,0.00,0.00,0.00,5.2,7.8
2025-07-17T09:00,22.5,0.00,0.00,0.00,5.8,8.5
2025-07-17T10:00,23.5,0.00,0.00,0.00,5.2,7.8
2025-07-17T11:00,24.3,0.00,0.00,0.00,4.3,6.5
2025-07-17T12:00,24.7,0.00,0.00,0.00,4.3,6.5
2025-07-17T13:00,25.1,0.00,0.00,0.00,6.2,9.1
2025-07-17T14:00,25.3,0.00,0.00,0.00,3.9,5.8
2025-07-17T15:00,25.1,0.00,0.00,0.00,7.9,11.3
2025-07-17T16:00,24.1,0.20,0.00,0.00,7.0,10.8
2025-07-17T17:00,23.3,0.00,0.00,0.00,5.1,9.1
2025-07-17T18:00,22.5,0.00,0.00,0.00,4.3,8.1
2025-07-17T19:00,21.9,0.00,0.00,0.00,3.9,6.4
2025-07-17T20:00,21.1,0.00,0.00,0.00,2.2,7.0
2025-07-17T21:00,20.5,0.00,0.00,0.00,2.7,7.2
2025-07-17T22:00,19.6,0.00,0.00,0.00,6.2,11.6
2025-07-17T23:00,18.7,0.00,0.00,0.00,8.1,17.2
2025-07-18T00:00,18.1,0.00,0.00,0.00,8.8,20.0
2025-07-18T01:00,17.1,0.00,0.00,0.00,8.8,20.5
2025-07-18T02:00,16.8,0.00,0.00,0.00,10.2,22.4
2025-07-18T03:00,17.0,0.00,0.00,0.00,9.5,21.4
2025-07-18T04:00,17.7,0.00,0.00,0.00,8.0,15.1
2025-07-18T05:00,18.9,0.00,0.00,0.00,7.5,12.3
2025-07-18T06:00,20.5,0.00,0.00,0.00,8.1,12.8
2025-07-18T07:00,22.1,0.00,0.00,0.00,8.9,13.6
2025-07-18T08:00,23.6,0.00,0.00,0.00,9.6,14.6
2025-07-18T09:00,24.9,0.00,0.00,0.00,10.6,16.0
2025-07-18T10:00,25.5,0.00,0.00,0.00,10.7,16.1
2025-07-18T11:00,25.8,0.00,0.00,0.00,11.2,16.8
2025-07-18T12:00,26.1,0.00,0.00,0.00,11.9,18.0
2025-07-18T13:00,26.0,0.00,0.00,0.00,12.4,19.1
2025-07-18T14:00,25.5,0.00,0.00,0.00,12.6,19.7
2025-07-18T15:00,24.9,0.00,0.00,0.00,13.6,21.5
2025-07-18T16:00,24.4,0.00,0.00,0.00,12.1,20.2
2025-07-18T17:00,23.4,0.00,0.00,0.00,11.8,20.9
2025-07-18T18:00,22.0,0.00,0.00,0.00,12.8,23.3
2025-07-18T19:00,20.7,0.00,0.00,0.00,13.3,24.6
2025-07-18T20:00,19.7,0.00,0.00,0.00,12.5,23.8
2025-07-18T21:00,18.9,0.00,0.00,0.00,12.3,23.6
2025-07-18T22:00,18.2,0.00,0.00,0.00,12.1,23.4
2025-07-18T23:00,17.6,0.00,0.00,0.00,11.3,22.0
2025-07-19T00:00,17.1,0.00,0.00,0.00,11.4,22.2
2025-07-19T01:00,16.6,0.00,0.00,0.00,11.7,23.2
2025-07-19T02:00,16.3,0.00,0.00,0.00,12.1,23.5
2025-07-19T03:00,16.5,0.00,0.00,0.00,10.5,24.5
2025-07-19T04:00,17.1,0.00,0.00,0.00,9.6,18.5
2025-07-19T05:00,18.3,0.00,0.00,0.00,10.8,17.9
2025-07-19T06:00,20.1,0.00,0.00,0.00,11.6,18.5
2025-07-19T07:00,21.8,0.00,0.00,0.00,11.7,18.3
2025-07-19T08:00,23.4,0.00,0.00,0.00,12.4,19.2
2025-07-19T09:00,24.6,0.00,0.00,0.00,12.7,19.7
2025-07-19T10:00,25.4,0.00,0.00,0.00,13.8,21.3
2025-07-19T11:00,26.0,0.00,0.00,0.00,15.3,23.6
2025-07-19T12:00,26.5,0.00,0.00,0.00,17.9,27.8
2025-07-19T13:00,26.4,0.10,0.00,0.00,18.6,29.2
2025-07-19T14:00,25.9,0.00,0.00,0.00,19.0,30.0
2025-07-19T15:00,23.8,0.30,0.00,0.00,14.7,23.7
2025-07-19T16:00,23.4,0.30,0.00,0.00,8.6,15.5
2025-07-19T17:00,22.6,0.60,0.00,0.00,9.3,17.1
2025-07-19T18:00,22.6,0.00,0.00,0.00,12.3,22.4
2025-07-19T19:00,22.1,0.10,0.00,0.00,12.3,22.4
2025-07-19T20:00,21.5,0.00,0.00,0.00,10.3,19.8
2025-07-19T21:00,20.7,0.10,0.00,0.00,10.4,19.6
2025-07-19T22:00,20.4,0.00,0.00,0.00,11.9,23.1
2025-07-19T23:00,20.1,0.00,0.00,0.00,11.9,23.0
2025-07-20T00:00,19.6,0.00,0.00,0.00,10.7,21.0
2025-07-20T01:00,19.1,0.00,0.00,0.00,11.5,22.8
2025-07-20T02:00,18.9,0.00,0.00,0.00,12.0,23.3
2025-07-20T03:00,19.3,0.00,0.00,0.00,13.1,23.5
2025-07-20T04:00,19.7,0.00,0.00,0.00,11.9,21.3
2025-07-20T05:00,20.5,0.00,0.00,0.00,13.9,22.4
2025-07-20T06:00,21.1,0.00,0.00,0.00,16.6,26.1
2025-07-20T07:00,22.1,0.10,0.00,0.00,15.0,23.3
2025-07-20T08:00,23.0,0.10,0.00,0.00,14.9,23.2
2025-07-20T09:00,23.4,0.00,0.00,0.00,15.0,23.9
2025-07-20T10:00,24.7,0.10,0.00,0.00,13.5,20.9
2025-07-20T11:00,25.7,0.00,0.00,0.00,13.9,21.3
2025-07-20T12:00,25.7,0.00,0.00,0.00,13.2,20.6
2025-07-20T13:00,23.5,0.10,0.00,0.00,13.7,22.1
2025-07-20T14:00,24.7,0.00,0.00,0.00,14.8,23.7
2025-07-20T15:00,24.0,0.00,0.00,0.00,14.3,23.5
2025-07-20T16:00,23.4,0.00,0.00,0.00,12.7,21.3
2025-07-20T17:00,23.0,0.00,0.00,0.00,13.9,24.3
2025-07-20T18:00,21.8,0.10,0.00,0.00,13.8,25.4
2025-07-20T19:00,20.9,0.00,0.00,0.00,10.1,18.1
2025-07-20T20:00,20.1,0.00,0.00,0.00,10.3,19.2
2025-07-20T21:00,19.8,0.10,0.00,0.00,10.4,19.3
2025-07-20T22:00,19.3,0.20,0.00,0.00,9.6,17.9
2025-07-20T23:00,18.9,0.10,0.00,0.00,8.7,16.6
2025-07-21T00:00,18.6,0.10,0.00,0.00,8.7,16.6
2025-07-21T01:00,18.2,1.70,0.00,0.00,10.0,18.4
2025-07-21T02:00,18.2,4.50,0.00,0.00,9.1,15.7
2025-07-21T03:00,17.9,6.60,0.00,0.00,8.8,15.9
2025-07-21T04:00,17.9,7.30,0.00,0.00,10.3,19.7
2025-07-21T05:00,18.0,3.40,0.00,0.00,11.4,20.8
2025-07-21T06:00,18.1,1.60,0.00,0.00,10.3,20.0
2025-07-21T07:00,18.2,1.90,0.00,0.00,13.9,24.2
2025-07-21T08:00,17.8,1.70,0.00,0.00,12.2,20.9
2025-07-21T09:00,18.6,1.10,0.00,0.00,10.9,17.8
2025-07-21T10:00,19.3,0.40,0.00,0.00,6.8,10.2
2025-07-21T11:00,19.9,0.10,0.00,0.00,6.6,9.7
2025-07-21T12:00,20.3,0.10,0.00,0.00,7.0,10.6
2025-07-21T13:00,20.5,0.10,0.00,0.00,8.1,12.0
2025-07-21T14:00,20.1,0.20,0.00,0.00,8.1,12.2
2025-07-21T15:00,20.1,0.00,0.00,0.00,7.9,11.9
2025-07-21T16:00,19.8,0.00,0.00,0.00,8.8,13.9
2025-07-21T17:00,19.3,0.00,0.00,0.00,7.9,14.5
2025-07-21T18:00,18.5,0.00,0.00,0.00,8.0,16.2
2025-07-21T19:00,18.1,0.00,0.00,0.00,8.3,17.5
2025-07-21T20:00,17.7,0.00,0.00,0.00,8.3,17.9
2025-07-21T21:00,17.5,0.00,0.00,0.00,8.1,17.2
2025-07-21T22:00,17.3,0.00,0.00,0.00,8.3,17.3
2025-07-21T23:00,17.3,0.10,0.00,0.00,6.8,14.1
2025-07-22T00:00,17.1,0.00,0.00,0.00,6.7,13.7
2025-07-22T01:00,17.0,0.10,0.00,0.00,8.3,16.7
2025-07-22T02:00,16.9,0.60,0.00,0.00,8.0,16.3
2025-07-22T03:00,17.5,0.20,0.00,0.00,6.7,13.6
2025-07-22T04:00,17.8,0.20,0.00,0.00,7.8,12.4
2025-07-22T05:00,18.2,0.30,0.00,0.00,9.6,14.9
2025-07-22T06:00,18.9,0.20,0.00,0.00,10.1,16.2
2025-07-22T07:00,19.7,0.10,0.00,0.00,8.1,12.5
2025-07-22T08:00,21.1,0.10,0.00,0.00,8.7,13.1
2025-07-22T09:00,21.6,0.10,0.00,0.00,7.5,11.1
2025-07-22T10:00,21.4,0.20,0.00,0.00,6.0,8.8
2025-07-22T11:00,21.1,0.40,0.00,0.00,7.8,11.6
2025-07-22T12:00,21.4,0.10,0.00,0.00,4.5,6.9
2025-07-22T13:00,22.0,0.10,0.00,0.00,2.0,3.2
2025-07-22T14:00,22.4,0.10,0.00,0.00,5.1,7.7
2025-07-22T15:00,22.4,0.00,0.00,0.00,5.6,8.0
2025-07-22T16:00,21.4,0.30,0.00,0.00,5.1,8.0
2025-07-22T17:00,21.0,0.00,0.00,0.00,5.3,10.1
2025-07-22T18:00,20.2,0.00,0.00,0.00,4.9,9.3
2025-07-22T19:00,19.6,0.00,0.00,0.00,6.2,12.4
2025-07-22T20:00,18.9,0.00,0.00,0.00,6.1,13.1
2025-07-22T21:00,18.4,0.00,0.00,0.00,5.2,11.2
2025-07-22T22:00,17.7,0.00,0.00,0.00,5.8,11.4
2025-07-22T23:00,17.2,0.00,0.00,0.00,5.8,12.2
2025-07-23T00:00,16.9,0.00,0.00,0.00,5.2,11.2
2025-07-23T01:00,16.8,0.00,0.00,0.00,6.3,11.6
2025-07-23T02:00,16.9,0.00,0.00,0.00,5.5,9.6
2025-07-23T03:00,17.1,0.00,0.00,0.00,5.9,9.4
2025-07-23T04:00,17.6,0.00,0.00,0.00,4.9,7.4
2025-07-23T05:00,18.3,0.10,0.00,0.00,5.4,8.1
2025-07-23T06:00,19.4,0.20,0.00,0.00,4.3,6.7
2025-07-23T07:00,20.0,0.10,0.00,0.00,5.2,7.8
2025-07-23T08:00,21.4,0.20,0.00,0.00,5.1,7.7
2025-07-23T09:00,22.4,0.10,0.00,0.00,5.1,7.8
2025-07-23T10:00,23.4,0.00,0.00,0.00,5.6,8.3
2025-07-23T11:00,23.1,0.00,0.00,0.00,7.7,11.3
2025-07-23T12:00,23.1,0.70,0.00,0.00,8.1,12.4
2025-07-23T13:00,23.6,0.00,0.00,0.00,7.5,11.5
2025-07-23T14:00,24.1,0.00,0.00,0.00,6.8,10.4
2025-07-23T15:00,24.3,0.00,0.00,0.00,6.9,10.9
2025-07-23T16:00,23.8,0.00,0.00,0.00,7.0,12.6
2025-07-23T17:00,22.8,0.00,0.00,0.00,7.0,14.6
2025-07-23T18:00,21.6,0.00,0.00,0.00,7.0,15.6
2025-07-23T19:00,20.7,0.00,0.00,0.00,7.4,16.1
2025-07-23T20:00,20.0,0.00,0.00,0.00,7.5,16.6
2025-07-23T21:00,19.4,0.00,0.00,0.00,6.5,14.6
2025-07-23T22:00,18.9,0.00,0.00,0.00,5.9,13.5
2025-07-23T23:00,18.4,0.00,0.00,0.00,6.3,14.2
2025-07-24T00:00,18.1,0.00,0.00,0.00,6.1,14.0
2025-07-24T01:00,17.7,0.00,0.00,0.00,5.7,13.5
2025-07-24T02:00,17.5,0.00,0.00,0.00,6.0,14.0
2025-07-24T03:00,17.9,0.00,0.00,0.00,5.4,13.4
2025-07-24T04:00,18.7,0.00,0.00,0.00,3.6,8.1
2025-07-24T05:00,20.0,0.00,0.00,0.00,4.3,7.0
2025-07-24T06:00,21.6,0.00,0.00,0.00,5.5,8.5
2025-07-24T07:00,22.8,0.10,0.00,0.00,6.9,10.4
2025-07-24T08:00,23.3,0.10,0.00,0.00,7.6,11.5
2025-07-24T09:00,24.1,0.10,0.00,0.00,5.2,7.9
2025-07-24T10:00,24.2,0.70,0.00,0.00,8.8,12.5
2025-07-24T11:00,23.4,1.90,0.00,0.00,7.3,11.5
2025-07-24T12:00,24.7,0.00,0.00,0.00,5.8,8.4
2025-07-24T13:00,22.4,0.10,0.00,0.00,1.3,2.0
2025-07-24T14:00,23.4,0.00,0.00,0.00,3.5,5.1
2025-07-24T15:00,23.7,0.00,0.00,0.00,4.7,7.2
2025-07-24T16:00,23.7,0.00,0.00,0.00,4.8,7.2
2025-07-24T17:00,23.1,0.00,0.00,0.00,5.1,10.0
2025-07-24T18:00,22.2,0.00,0.00,0.00,5.5,12.6
2025-07-24T19:00,21.6,0.00,0.00,0.00,5.3,12.6
2025-07-24T20:00,21.0,0.00,0.00,0.00,4.7,11.7
2025-07-24T21:00,20.4,0.00,0.00,0.00,5.1,11.8
2025-07-24T22:00,19.8,0.00,0.00,0.00,5.2,12.2
2025-07-24T23:00,19.3,0.00,0.00,0.00,4.2,10.8
2025-07-25T00:00,18.9,0.00,0.00,0.00,4.2,10.7
2025-07-25T01:00,17.8,0.00,0.00,0.00,5.2,13.3
2025-07-25T02:00,17.7,0.00,0.00,0.00,5.0,12.0
2025-07-25T03:00,18.1,0.00,0.00,0.00,4.9,10.5
2025-07-25T04:00,19.1,0.00,0.00,0.00,3.5,10.9
2025-07-25T05:00,20.7,0.00,0.00,0.00,2.3,4.6
2025-07-25T06:00,22.5,0.00,0.00,0.00,1.5,2.7
2025-07-25T07:00,24.2,0.00,0.00,0.00,2.2,3.4
2025-07-25T08:00,25.4,0.00,0.00,0.00,3.5,5.3
2025-07-25T09:00,26.2,0.00,0.00,0.00,5.2,7.6
2025-07-25T10:00,26.1,0.00,0.00,0.00,7.3,10.5
2025-07-25T11:00,26.2,0.00,0.00,0.00,6.4,9.5
2025-07-25T12:00,26.4,0.00,0.00,0.00,5.8,8.5
2025-07-25T13:00,27.2,0.00,0.00,0.00,5.8,8.7
2025-07-25T14:00,27.1,0.00,0.00,0.00,6.1,9.0
2025-07-25T15:00,26.7,0.00,0.00,0.00,6.7,10.1
2025-07-25T16:00,26.0,0.00,0.00,0.00,6.8,12.8
2025-07-25T17:00,24.1,0.00,0.00,0.00,8.1,16.5
2025-07-25T18:00,22.5,0.00,0.00,0.00,8.5,18.0
2025-07-25T19:00,21.0,0.00,0.00,0.00,10.2,21.0
2025-07-25T20:00,19.8,0.00,0.00,0.00,9.1,19.6
2025-07-25T21:00,18.9,0.00,0.00,0.00,8.7,18.6
2025-07-25T22:00,18.1,0.00,0.00,0.00,7.8,17.2
2025-07-25T23:00,17.4,0.00,0.00,0.00,7.7,16.9
2025-07-26T00:00,16.8,0.00,0.00,0.00,7.0,15.8
2025-07-26T01:00,15.7,0.00,0.00,0.00,7.4,17.0
2025-07-26T02:00,15.3,0.00,0.00,0.00,7.8,17.7
2025-07-26T03:00,15.6,0.00,0.00,0.00,7.4,16.3
2025-07-26T04:00,16.5,0.00,0.00,0.00,5.2,15.7
2025-07-26T05:00,17.8,0.00,0.00,0.00,4.9,8.9
2025-07-26T06:00,19.4,0.00,0.00,0.00,5.8,9.4
2025-07-26T07:00,21.0,0.00,0.00,0.00,7.1,10.8
2025-07-26T08:00,22.1,0.00,0.00,0.00,7.5,11.0
2025-07-26T09:00,23.1,0.00,0.00,0.00,7.0,10.3
2025-07-26T10:00,23.9,0.00,0.00,0.00,7.0,10.4
2025-07-26T11:00,24.6,0.00,0.00,0.00,6.6,9.9
2025-07-26T12:00,25.0,0.00,0.00,0.00,6.7,9.9
2025-07-26T13:00,25.8,0.00,0.00,0.00,8.6,12.7
2025-07-26T14:00,25.6,0.00,0.00,0.00,8.7,13.0
2025-07-26T15:00,25.2,0.00,0.00,0.00,8.6,12.9
2025-07-26T16:00,24.5,0.00,0.00,0.00,8.1,12.8
2025-07-26T17:00,23.5,0.00,0.00,0.00,6.9,12.5
2025-07-26T18:00,22.7,0.00,0.00,0.00,5.4,11.4
2025-07-26T19:00,21.8,0.00,0.00,0.00,5.8,13.0
2025-07-26T20:00,20.9,0.00,0.00,0.00,6.4,13.9
2025-07-26T21:00,19.9,0.00,0.00,0.00,6.8,15.3
2025-07-26T22:00,19.2,0.00,0.00,0.00,7.3,16.4
2025-07-26T23:00,18.5,0.00,0.00,0.00,6.1,14.3
2025-07-27T00:00,17.8,0.00,0.00,0.00,4.9,12.2
2025-07-27T01:00,16.2,0.00,0.00,0.00,4.1,9.6
2025-07-27T02:00,15.7,0.00,0.00,0.00,4.3,9.6
2025-07-27T03:00,16.0,0.00,0.00,0.00,5.0,10.2
2025-07-27T04:00,17.2,0.00,0.00,0.00,3.8,11.8
2025-07-27T05:00,19.1,0.00,0.00,0.00,2.8,7.3
2025-07-27T06:00,21.2,0.00,0.00,0.00,2.9,5.0
2025-07-27T07:00,23.0,0.00,0.00,0.00,4.5,6.8
2025-07-27T08:00,24.2,0.00,0.00,0.00,6.2,9.2
2025-07-27T09:00,25.1,0.00,0.00,0.00,6.2,9.1
2025-07-27T10:00,25.8,0.00,0.00,0.00,6.8,9.9
2025-07-27T11:00,26.3,0.00,0.00,0.00,7.5,10.8
2025-07-27T12:00,26.7,0.00,0.00,0.00,7.3,10.5
2025-07-27T13:00,27.6,0.00,0.00,0.00,7.5,10.5
2025-07-27T14:00,27.4,0.00,0.00,0.00,7.6,10.8
2025-07-27T15:00,27.1,0.00,0.00,0.00,7.1,10.0
2025-07-27T16:00,26.6,0.00,0.00,0.00,6.9,9.9
2025-07-27T17:00,26.1,0.00,0.00,0.00,7.0,11.3
2025-07-27T18:00,25.3,0.00,0.00,0.00,6.0,11.2
2025-07-27T19:00,24.7,0.00,0.00,0.00,3.6,7.8
2025-07-27T20:00,24.0,0.00,0.00,0.00,2.0,4.8
2025-07-27T21:00,23.2,0.00,0.00,0.00,1.5,1.1
2025-07-27T22:00,22.6,0.00,0.00,0.00,3.0,3.9
2025-07-27T23:00,21.9,0.00,0.00,0.00,2.3,4.1
2025-07-28T00:00,21.0,0.00,0.00,0.00,2.1,4.5
2025-07-28T01:00,19.2,0.00,0.00,0.00,2.5,4.6
2025-07-28T02:00,19.0,0.00,0.00,0.00,3.3,6.5
2025-07-28T03:00,19.1,0.00,0.00,0.00,2.7,6.2
2025-07-28T04:00,20.2,0.00,0.00,0.00,1.1,4.6
2025-07-28T05:00,22.1,0.00,0.00,0.00,1.2,2.4
2025-07-28T06:00,24.1,0.00,0.00,0.00,1.9,2.9
2025-07-28T07:00,25.7,0.00,0.00,0.00,2.6,3.9
2025-07-28T08:00,26.7,0.00,0.00,0.00,3.6,5.1
2025-07-28T09:00,27.3,0.00,0.00,0.00,5.0,7.0
2025-07-28T10:00,28.0,0.00,0.00,0.00,6.5,9.2
2025-07-28T11:00,28.4,0.00,0.00,0.00,6.9,9.6
2025-07-28T12:00,28.7,0.00,0.00,0.00,6.3,8.9
2025-07-28T13:00,29.6,0.00,0.00,0.00,5.7,8.1
2025-07-28T14:00,29.7,0.00,0.00,0.00,7.1,9.8
2025-07-28T15:00,29.2,0.00,0.00,0.00,9.0,12.6
2025-07-28T16:00,28.4,0.00,0.00,0.00,8.4,12.0
2025-07-28T17:00,27.8,0.00,0.00,0.00,7.2,10.5
2025-07-28T18:00,26.9,0.00,0.00,0.00,5.9,10.5
2025-07-28T19:00,26.3,0.00,0.00,0.00,4.0,8.1
2025-07-28T20:00,25.7,0.00,0.00,0.00,2.7,5.6
2025-07-28T21:00,24.9,0.00,0.00,0.00,2.8,5.2
2025-07-28T22:00,24.2,0.00,0.00,0.00,3.6,6.6
2025-07-28T23:00,23.3,0.00,0.00,0.00,4.0,7.3
2025-07-29T00:00,22.5,0.00,0.00,0.00,4.9,8.9
2025-07-29T01:00,20.6,0.00,0.00,0.00,5.2,11.7
2025-07-29T02:00,20.0,0.00,0.00,0.00,4.2,10.3
2025-07-29T03:00,20.0,0.00,0.00,0.00,5.1,10.9
2025-07-29T04:00,21.0,0.00,0.00,0.00,4.0,12.1
2025-07-29T05:00,22.6,0.00,0.00,0.00,4.0,6.8
2025-07-29T06:00,24.5,0.00,0.00,0.00,4.6,7.1
2025-07-29T07:00,26.3,0.00,0.00,0.00,5.6,8.3
2025-07-29T08:00,27.5,0.00,0.00,0.00,6.5,9.6
2025-07-29T09:00,28.1,0.00,0.00,0.00,6.6,9.5
2025-07-29T10:00,28.8,0.00,0.00,0.00,6.3,9.0
2025-07-29T11:00,29.4,0.00,0.00,0.00,6.2,8.9
2025-07-29T12:00,29.8,0.00,0.00,0.00,7.1,10.3
2025-07-29T13:00,30.3,0.00,0.00,0.00,7.9,11.3
2025-07-29T14:00,30.0,0.00,0.00,0.00,7.8,11.4
2025-07-29T15:00,28.9,0.10,0.00,0.00,10.7,15.6
2025-07-29T16:00,27.8,0.10,0.00,0.00,9.4,14.0
2025-07-29T17:00,27.4,0.00,0.00,0.00,8.0,12.0
2025-07-29T18:00,26.6,0.00,0.00,0.00,7.1,11.8
2025-07-29T19:00,26.0,0.00,0.00,0.00,6.6,12.1
2025-07-29T20:00,25.3,0.00,0.00,0.00,6.8,13.2
2025-07-29T21:00,24.5,0.00,0.00,0.00,7.3,14.0
2025-07-29T22:00,23.6,0.00,0.00,0.00,7.7,14.8
2025-07-29T23:00,22.9,0.00,0.00,0.00,7.2,14.2
2025-07-30T00:00,22.3,0.00,0.00,0.00,6.9,13.8
2025-07-30T01:00,20.6,0.00,0.00,0.00,5.7,12.8
2025-07-30T02:00,19.9,0.00,0.00,0.00,6.5,13.9
2025-07-30T03:00,19.9,0.00,0.00,0.00,6.5,14.0
2025-07-30T04:00,20.6,0.00,0.00,0.00,4.2,14.2
2025-07-30T05:00,22.2,0.00,0.00,0.00,4.0,7.3
2025-07-30T06:00,24.1,0.00,0.00,0.00,4.8,7.6
2025-07-30T07:00,26.0,0.00,0.00,0.00,7.9,12.2
2025-07-30T08:00,26.7,0.00,0.00,0.00,10.0,15.0
2025-07-30T09:00,27.3,0.00,0.00,0.00,9.5,14.2
2025-07-30T10:00,27.9,0.00,0.00,0.00,8.5,12.5
2025-07-30T11:00,28.5,0.00,0.00,0.00,7.8,11.4
2025-07-30T12:00,29.0,0.00,0.00,0.00,7.5,11.0
2025-07-30T13:00,30.2,0.00,0.00,0.00,8.5,12.4
2025-07-30T14:00,29.8,0.10,0.00,0.00,9.5,14.1
2025-07-30T15:00,29.3,0.00,0.00,0.00,10.4,15.4
2025-07-30T16:00,28.6,0.00,0.00,0.00,9.9,14.6
2025-07-30T17:00,27.9,0.00,0.00,0.00,9.1,14.3
2025-07-30T18:00,27.2,0.00,0.00,0.00,7.7,13.1
2025-07-30T19:00,26.4,0.00,0.00,0.00,6.5,11.9
2025-07-30T20:00,25.7,0.00,0.00,0.00,6.3,11.7
2025-07-30T21:00,25.0,0.00,0.00,0.00,6.3,12.3
2025-07-30T22:00,24.2,0.00,0.00,0.00,7.0,14.0
2025-07-30T23:00,23.4,0.00,0.00,0.00,8.0,15.9
2025-07-31T00:00,22.6,0.00,0.00,0.00,8.4,16.7
2025-07-31T01:00,20.9,0.00,0.00,0.00,7.2,15.2
2025-07-31T02:00,20.6,0.00,0.00,0.00,6.8,15.2
2025-07-31T03:00,20.8,0.00,0.00,0.00,5.9,14.5
2025-07-31T04:00,21.4,0.00,0.00,0.00,5.1,11.9
2025-07-31T05:00,22.5,0.00,0.00,0.00,7.0,11.6
2025-07-31T06:00,23.8,0.00,0.00,0.00,6.2,9.9
2025-07-31T07:00,25.2,0.00,0.00,0.00,6.5,10.1
2025-07-31T08:00,27.1,0.00,0.00,0.00,8.0,12.3
2025-07-31T09:00,28.5,0.00,0.00,0.00,11.5,17.3
2025-07-31T10:00,29.0,0.00,0.00,0.00,10.6,16.0
2025-07-31T11:00,29.4,0.00,0.00,0.00,11.6,17.3
2025-07-31T12:00,29.4,0.00,0.00,0.00,12.1,18.1
2025-07-31T13:00,29.1,0.00,0.00,0.00,12.4,18.4
2025-07-31T14:00,28.8,0.10,0.00,0.00,11.0,16.9
2025-07-31T15:00,28.9,0.00,0.00,0.00,11.4,17.4
2025-07-31T16:00,28.7,0.00,0.00,0.00,12.8,20.1
2025-07-31T17:00,27.7,0.00,0.00,0.00,10.9,18.5
2025-07-31T18:00,26.6,0.00,0.00,0.00,11.2,20.0
2025-07-31T19:00,25.6,0.00,0.00,0.00,10.7,20.2
2025-07-31T20:00,24.8,0.00,0.00,0.00,9.9,19.4
2025-07-31T21:00,23.9,0.00,0.00,0.00,10.4,20.4
2025-07-31T22:00,23.2,0.00,0.00,0.00,10.4,20.2
2025-07-31T23:00,22.4,0.00,0.00,0.00,9.7,19.0
2025-08-01T00:00,21.7,0.00,0.00,0.00,9.4,18.5
2025-08-01T01:00,20.4,0.00,0.00,0.00,7.4,14.4
2025-08-01T02:00,19.9,0.00,0.00,0.00,8.7,16.6
2025-08-01T03:00,19.8,0.00,0.00,0.00,7.5,16.1
2025-08-01T04:00,20.4,0.00,0.00,0.00,7.8,14.1
2025-08-01T05:00,21.5,0.00,0.00,0.00,9.3,14.7
2025-08-01T06:00,21.8,0.40,0.00,0.00,10.9,17.1
2025-08-01T07:00,22.0,0.00,0.00,0.00,10.4,16.6
2025-08-01T08:00,22.7,0.40,0.00,0.00,14.2,22.4
2025-08-01T09:00,23.2,0.60,0.00,0.00,15.3,23.4
2025-08-01T10:00,22.1,4.50,0.00,0.00,11.9,19.2
2025-08-01T11:00,23.2,0.20,0.00,0.00,10.9,17.0
2025-08-01T12:00,25.6,0.10,0.00,0.00,14.2,22.2
2025-08-01T13:00,25.6,0.00,0.00,0.00,14.6,22.6
2025-08-01T14:00,24.7,1.00,0.00,0.00,12.8,20.0
2025-08-01T15:00,24.7,0.00,0.00,0.00,13.1,21.7
2025-08-01T16:00,23.0,0.50,0.00,0.00,5.7,11.2
2025-08-01T17:00,20.3,8.70,0.00,0.00,7.3,11.7
2025-08-01T18:00,20.1,0.10,0.00,0.00,11.6,20.1
2025-08-01T19:00,19.6,1.00,0.00,0.00,4.4,8.3
2025-08-01T20:00,19.3,0.80,0.00,0.00,9.7,15.9
2025-08-01T21:00,19.0,0.10,0.00,0.00,7.2,14.0
2025-08-01T22:00,19.0,0.10,0.00,0.00,7.5,14.3
2025-08-01T23:00,18.9,0.10,0.00,0.00,5.2,9.7
2025-08-02T00:00,18.9,0.10,0.00,0.00,4.6,9.6
2025-08-02T01:00,18.6,0.00,0.00,0.00,1.5,5.3
2025-08-02T02:00,18.6,0.00,0.00,0.00,6.1,12.1
2025-08-02T03:00,19.0,0.00,0.00,0.00,7.8,15.1
2025-08-02T04:00,19.3,0.00,0.00,0.00,7.8,13.4
2025-08-02T05:00,19.9,0.00,0.00,0.00,9.8,15.0
2025-08-02T06:00,20.4,0.10,0.00,0.00,7.0,10.6
2025-08-02T07:00,20.6,0.10,0.00,0.00,8.6,13.0
2025-08-02T08:00,21.5,0.10,0.00,0.00,10.9,16.6
2025-08-02T09:00,22.6,0.10,0.00,0.00,8.6,13.0
2025-08-02T10:00,23.1,0.00,0.00,0.00,7.9,11.8
2025-08-02T11:00,23.4,0.00,0.00,0.00,10.3,15.4
2025-08-02T12:00,22.2,0.30,0.00,0.00,8.9,14.6
2025-08-02T13:00,23.6,0.00,0.00,0.00,10.0,15.2
2025-08-02T14:00,23.7,0.00,0.00,0.00,10.5,16.3
2025-08-02T15:00,23.6,0.00,0.00,0.00,9.8,15.8
2025-08-02T16:00,23.0,0.00,0.00,0.00,8.0,14.3
2025-08-02T17:00,22.0,0.00,0.00,0.00,6.6,13.8
2025-08-02T18:00,21.1,0.00,0.00,0.00,6.6,14.7
2025-08-02T19:00,20.4,0.00,0.00,0.00,6.6,14.8
2025-08-02T20:00,19.8,0.00,0.00,0.00,6.0,14.4
2025-08-02T21:00,19.2,0.00,0.00,0.00,6.6,15.2
2025-08-02T22:00,18.6,0.00,0.00,0.00,6.5,14.6
2025-08-02T23:00,18.1,0.00,0.00,0.00,6.4,14.1
2025-08-03T00:00,17.5,0.00,0.00,0.00,6.9,14.9
2025-08-03T01:00,16.2,0.00,0.00,0.00,6.4,14.1
2025-08-03T02:00,15.9,0.00,0.00,0.00,5.6,13.1
2025-08-03T03:00,16.1,0.00,0.00,0.00,5.8,12.7
2025-08-03T04:00,16.9,0.00,0.00,0.00,4.7,14.8
2025-08-03T05:00,18.4,0.00,0.00,0.00,5.2,8.9
2025-08-03T06:00,20.0,0.00,0.00,0.00,5.0,8.0
2025-08-03T07:00,21.7,0.00,0.00,0.00,8.7,12.9
2025-08-03T08:00,22.5,0.00,0.00,0.00,6.3,9.6
2025-08-03T09:00,22.9,0.00,0.00,0.00,5.5,8.1
2025-08-03T10:00,23.6,0.20,0.00,0.00,5.8,8.4
2025-08-03T11:00,24.1,0.00,0.00,0.00,7.2,10.7
2025-08-03T12:00,24.5,0.00,0.00,0.00,6.9,10.3
2025-08-03T13:00,25.9,0.00,0.00,0.00,2.8,4.5
2025-08-03T14:00,25.8,0.00,0.00,0.00,3.2,4.9
2025-08-03T15:00,25.6,0.00,0.00,0.00,5.2,8.0
2025-08-03T16:00,25.1,0.00,0.00,0.00,5.0,9.9
2025-08-03T17:00,23.8,0.00,0.00,0.00,7.5,16.3
2025-08-03T18:00,22.5,0.00,0.00,0.00,8.5,18.6
2025-08-03T19:00,21.6,0.00,0.00,0.00,7.7,17.4
2025-08-03T20:00,21.1,0.00,0.00,0.00,6.2,14.8
2025-08-03T21:00,20.6,0.00,0.00,0.00,6.7,15.2
2025-08-03T22:00,20.1,0.00,0.00,0.00,6.4,15.0
2025-08-03T23:00,19.6,0.00,0.00,0.00,6.3,14.9
2025-08-04T00:00,19.2,0.00,0.00,0.00,5.9,14.0
2025-08-04T01:00,18.7,0.00,0.00,0.00,6.9,15.8
2025-08-04T02:00,18.5,0.00,0.00,0.00,6.0,14.1
2025-08-04T03:00,18.7,0.00,0.00,0.00,7.1,15.7
2025-08-04T04:00,19.0,0.00,0.00,0.00,5.8,19.1
2025-08-04T05:00,19.5,0.00,0.00,0.00,5.4,20.9
2025-08-04T06:00,20.5,0.00,0.00,0.00,6.4,15.8
2025-08-04T07:00,21.6,0.00,0.00,0.00,6.7,11.7
2025-08-04T08:00,22.6,0.10,0.00,0.00,9.2,14.7
2025-08-04T09:00,21.9,1.90,0.00,0.00,11.8,20.2
2025-08-04T10:00,20.2,3.20,0.00,0.00,8.0,16.4
2025-08-04T11:00,20.2,2.60,0.00,0.00,7.3,15.7
2025-08-04T12:00,20.2,2.30,0.00,0.00,8.9,17.5
2025-08-04T13:00,19.5,2.60,0.00,0.00,11.6,22.8
2025-08-04T14:00,18.9,2.60,0.00,0.00,10.8,19.8
2025-08-04T15:00,19.0,0.60,0.00,0.00,8.3,15.4
2025-08-04T16:00,18.8,0.50,0.00,0.00,8.1,15.5
2025-08-04T17:00,18.8,1.20,0.00,0.00,8.1,16.5
2025-08-04T18:00,18.8,2.40,0.00,0.00,12.0,22.9
2025-08-04T19:00,18.7,1.10,0.00,0.00,10.3,20.8
2025-08-04T20:00,18.6,0.60,0.00,0.00,10.1,19.8
2025-08-04T21:00,18.6,0.50,0.00,0.00,8.1,17.2
2025-08-04T22:00,18.6,1.30,0.00,0.00,6.9,14.8
2025-08-04T23:00,18.5,2.10,0.00,0.00,7.2,15.1
2025-08-05T00:00,18.4,0.20,0.00,0.00,7.2,14.8
2025-08-05T01:00,18.7,0.10,0.00,0.00,7.6,15.2
2025-08-05T02:00,18.8,0.10,0.00,0.00,6.7,13.6
2025-08-05T03:00,19.1,0.10,0.00,0.00,7.0,13.5
2025-08-05T04:00,19.6,0.10,0.00,0.00,5.5,6.4
2025-08-05T05:00,19.9,0.30,0.00,0.00,4.0,6.2
2025-08-05T06:00,20.0,0.20,0.00,0.00,0.5,0.8
2025-08-05T07:00,20.7,0.10,0.00,0.00,4.4,6.1
2025-08-05T08:00,20.7,0.20,0.00,0.00,5.3,7.9
2025-08-05T09:00,20.5,1.00,0.00,0.00,9.8,16.1
2025-08-05T10:00,19.9,0.80,0.00,0.00,9.6,17.6
2025-08-05T11:00,21.7,0.10,0.00,0.00,12.1,19.2
2025-08-05T12:00,23.1,0.10,0.00,0.00,14.5,23.2
2025-08-05T13:00,22.7,0.10,0.00,0.00,17.1,28.1
2025-08-05T14:00,23.1,0.00,0.00,0.00,15.3,25.8
2025-08-05T15:00,23.3,0.00,0.00,0.00,12.2,21.6
2025-08-05T16:00,23.0,0.00,0.00,0.00,9.6,18.5
2025-08-05T17:00,22.3,0.00,0.00,0.00,8.7,18.3
2025-08-05T18:00,21.4,0.00,0.00,0.00,10.9,22.6
2025-08-05T19:00,20.8,0.00,0.00,0.00,10.9,22.5
2025-08-05T20:00,20.1,0.00,0.00,0.00,11.0,22.6
2025-08-05T21:00,19.5,0.00,0.00,0.00,11.4,23.4
2025-08-05T22:00,19.0,0.00,0.00,0.00,10.8,22.6
2025-08-05T23:00,18.6,0.00,0.00,0.00,10.3,21.4
2025-08-06T00:00,18.2,0.00,0.00,0.00,9.8,20.3
2025-08-06T01:00,17.6,0.00,0.00,0.00,9.1,19.0
2025-08-06T02:00,17.2,0.00,0.00,0.00,9.6,19.8
2025-08-06T03:00,17.2,0.00,0.00,0.00,9.5,18.8
2025-08-06T04:00,17.8,0.00,0.00,0.00,9.5,16.1
2025-08-06T05:00,19.1,0.00,0.00,0.00,9.8,15.1
2025-08-06T06:00,20.1,0.00,0.00,0.00,6.7,10.2
2025-08-06T07:00,21.5,0.00,0.00,0.00,8.8,13.2
2025-08-06T08:00,22.6,0.00,0.00,0.00,10.4,16.0
2025-08-06T09:00,23.5,0.00,0.00,0.00,11.1,17.0
2025-08-06T10:00,23.9,0.00,0.00,0.00,10.4,15.9
2025-08-06T11:00,24.2,0.00,0.00,0.00,9.8,14.4
2025-08-06T12:00,24.2,0.00,0.00,0.00,9.9,14.3
2025-08-06T13:00,24.7,0.00,0.00,0.00,8.8,13.0
2025-08-06T14:00,24.7,0.00,0.00,0.00,9.1,14.8
2025-08-06T15:00,23.7,0.00,0.00,0.00,7.2,13.5
2025-08-06T16:00,23.1,0.00,0.00,0.00,4.5,10.1
2025-08-06T17:00,22.2,0.00,0.00,0.00,4.7,11.1
2025-08-06T18:00,21.3,0.00,0.00,0.00,4.5,11.9
2025-08-06T19:00,20.6,0.00,0.00,0.00,4.5,11.4
2025-08-06T20:00,19.9,0.00,0.00,0.00,4.2,10.3
2025-08-06T21:00,19.4,0.00,0.00,0.00,2.5,5.7
2025-08-06T22:00,18.8,0.00,0.00,0.00,2.4,4.4
2025-08-06T23:00,18.3,0.00,0.00,0.00,2.5,4.4
2025-08-07T00:00,17.9,0.00,0.00,0.00,1.3,5.0
2025-08-07T01:00,17.5,0.00,0.00,0.00,1.3,4.5
2025-08-07T02:00,17.5,0.00,0.00,0.00,3.3,9.7
2025-08-07T03:00,17.7,0.00,0.00,0.00,3.7,9.8
2025-08-07T04:00,18.0,0.00,0.00,0.00,5.6,12.1
2025-08-07T05:00,18.0,0.80,0.00,0.00,6.1,10.6
2025-08-07T06:00,18.0,0.90,0.00,0.00,9.1,15.0
2025-08-07T07:00,16.8,1.90,0.00,0.00,13.7,22.9
2025-08-07T08:00,16.9,1.20,0.00,0.00,11.5,19.9
2025-08-07T09:00,17.1,0.10,0.00,0.00,11.2,18.2
2025-08-07T10:00,17.3,0.20,0.00,0.00,11.9,19.1
2025-08-07T11:00,18.7,0.00,0.00,0.00,9.8,15.5
2025-08-07T12:00,18.6,0.00,0.00,0.00,8.2,12.9
2025-08-07T13:00,19.0,0.00,0.00,0.00,6.1,9.4
2025-08-07T14:00,19.7,0.10,0.00,0.00,6.2,9.7
2025-08-07T15:00,19.8,0.00,0.00,0.00,6.0,9.6
2025-08-07T16:00,19.5,0.00,0.00,0.00,5.1,10.4
2025-08-07T17:00,18.8,0.00,0.00,0.00,5.5,13.0
2025-08-07T18:00,17.9,0.00,0.00,0.00,7.6,17.2
2025-08-07T19:00,17.0,0.00,0.00,0.00,8.7,19.0
2025-08-07T20:00,16.1,0.00,0.00,0.00,9.0,19.7
2025-08-07T21:00,15.4,0.00,0.00,0.00,9.5,20.7
2025-08-07T22:00,14.9,0.00,0.00,0.00,9.6,20.4
2025-08-07T23:00,14.3,0.00,0.00,0.00,9.6,20.7
2025-08-08T00:00,13.9,0.00,0.00,0.00,9.4,20.1
2025-08-08T01:00,13.1,0.00,0.00,0.00,9.3,20.0
2025-08-08T02:00,12.7,0.00,0.00,0.00,9.6,20.1
2025-08-08T03:00,12.7,0.00,0.00,0.00,9.4,19.4
2025-08-08T04:00,13.3,0.00,0.00,0.00,7.7,16.6
2025-08-08T05:00,14.5,0.00,0.00,0.00,7.0,11.7
2025-08-08T06:00,16.0,0.00,0.00,0.00,6.8,10.9
2025-08-08T07:00,17.6,0.00,0.00,0.00,8.7,13.1
2025-08-08T08:00,18.6,0.00,0.00,0.00,9.1,13.9
2025-08-08T09:00,19.6,0.10,0.00,0.00,9.3,14.2
2025-08-08T10:00,20.3,0.00,0.00,0.00,9.7,14.7
2025-08-08T11:00,20.6,0.00,0.00,0.00,10.0,15.3
2025-08-08T12:00,20.8,0.00,0.00,0.00,10.3,15.8
2025-08-08T13:00,21.1,0.00,0.00,0.00,11.2,17.7
2025-08-08T14:00,21.1,0.00,0.00,0.00,10.5,16.7
2025-08-08T15:00,20.7,0.00,0.00,0.00,8.9,15.4
2025-08-08T16:00,19.9,0.00,0.00,0.00,7.5,14.6
2025-08-08T17:00,18.8,0.00,0.00,0.00,6.8,15.2
2025-08-08T18:00,17.8,0.00,0.00,0.00,6.5,14.5
2025-08-08T19:00,17.0,0.00,0.00,0.00,6.9,15.5
2025-08-08T20:00,16.3,0.00,0.00,0.00,7.9,17.3
2025-08-08T21:00,15.8,0.00,0.00,0.00,8.0,17.6
2025-08-08T22:00,15.4,0.00,0.00,0.00,7.3,16.6
2025-08-08T23:00,14.9,0.00,0.00,0.00,7.8,17.6
2025-08-09T00:00,14.6,0.00,0.00,0.00,7.6,17.0
2025-08-09T01:00,13.5,0.00,0.00,0.00,6.9,15.5
2025-08-09T02:00,13.4,0.00,0.00,0.00,6.3,14.0
2025-08-09T03:00,13.5,0.00,0.00,0.00,6.7,14.2
2025-08-09T04:00,14.1,0.00,0.00,0.00,6.1,17.8
2025-08-09T05:00,14.4,0.10,0.00,0.00,10.2,18.6
2025-08-09T06:00,15.3,0.20,0.00,0.00,7.5,12.6
2025-08-09T07:00,17.0,0.10,0.00,0.00,7.7,11.8
2025-08-09T08:00,17.1,0.10,0.00,0.00,8.0,12.0
2025-08-09T09:00,18.2,0.10,0.00,0.00,8.3,12.4
2025-08-09T10:00,18.7,0.10,0.00,0.00,8.4,12.6
2025-08-09T11:00,19.5,0.10,0.00,0.00,8.6,13.1
2025-08-09T12:00,18.0,1.00,0.00,0.00,7.0,11.2
2025-08-09T13:00,16.9,7.90,0.00,0.00,3.1,3.8
2025-08-09T14:00,17.2,0.50,0.00,0.00,7.4,11.4
2025-08-09T15:00,16.8,0.00,0.00,0.00,9.3,15.3
2025-08-09T16:00,16.7,0.10,0.00,0.00,5.7,9.8
2025-08-09T17:00,16.2,0.00,0.00,0.00,6.7,13.5
2025-08-09T18:00,15.7,0.00,0.00,0.00,7.7,15.7
2025-08-09T19:00,15.4,0.00,0.00,0.00,8.3,17.4
2025-08-09T20:00,14.9,0.00,0.00,0.00,8.2,17.3
2025-08-09T21:00,14.5,0.00,0.00,0.00,8.0,17.1
2025-08-09T22:00,14.2,0.00,0.00,0.00,7.4,16.1
2025-08-09T23:00,13.9,0.00,0.00,0.00,7.8,16.6
2025-08-10T00:00,13.7,0.00,0.00,0.00,8.0,17.3
2025-08-10T01:00,13.1,0.00,0.00,0.00,8.0,16.9
2025-08-10T02:00,12.9,0.00,0.00,0.00,8.4,17.7
2025-08-10T03:00,13.0,0.00,0.00,0.00,8.3,16.6
2025-08-10T04:00,13.7,0.00,0.00,0.00,7.2,16.1
2025-08-10T05:00,14.7,0.00,0.00,0.00,7.5,12.2
2025-08-10T06:00,16.1,0.00,0.00,0.00,6.8,10.7
2025-08-10T07:00,17.8,0.00,0.00,0.00,10.0,15.0
2025-08-10T08:00,18.8,0.10,0.00,0.00,10.6,16.1
2025-08-10T09:00,19.6,0.00,0.00,0.00,8.8,13.4
2025-08-10T10:00,20.3,0.00,0.00,0.00,7.3,11.1
2025-08-10T11:00,20.8,0.00,0.00,0.00,7.4,11.1
2025-08-10T12:00,21.2,0.00,0.00,0.00,8.2,12.7
2025-08-10T13:00,21.4,0.00,0.00,0.00,8.5,13.1
2025-08-10T14:00,21.5,0.00,0.00,0.00,9.3,14.6
2025-08-10T15:00,21.3,0.00,0.00,0.00,8.2,14.6
2025-08-10T16:00,20.5,0.00,0.00,0.00,7.0,14.1
2025-08-10T17:00,19.5,0.00,0.00,0.00,6.2,14.1
2025-08-10T18:00,18.7,0.00,0.00,0.00,5.8,13.4
2025-08-10T19:00,17.9,0.00,0.00,0.00,6.3,14.7
2025-08-10T20:00,17.2,0.00,0.00,0.00,7.0,16.1
2025-08-10T21:00,16.9,0.00,0.00,0.00,6.3,15.3
2025-08-10T22:00,16.4,0.00,0.00,0.00,6.2,14.9
2025-08-10T23:00,16.0,0.00,0.00,0.00,6.2,15.3
2025-08-11T00:00,15.5,0.00,0.00,0.00,6.5,15.8
2025-08-11T01:00,14.7,0.00,0.00,0.00,4.8,12.2
2025-08-11T02:00,14.3,0.00,0.00,0.00,5.0,12.4
2025-08-11T03:00,14.3,0.00,0.00,0.00,5.2,11.9
2025-08-11T04:00,15.0,0.00,0.00,0.00,4.2,13.8
2025-08-11T05:00,15.7,0.50,0.00,0.00,8.7,16.4
2025-08-11T06:00,15.7,0.60,0.00,0.00,2.9,6.4
2025-08-11T07:00,16.4,0.20,0.00,0.00,2.4,4.1
2025-08-11T08:00,17.2,0.10,0.00,0.00,3.6,5.7
2025-08-11T09:00,18.1,0.00,0.00,0.00,3.1,4.6
2025-08-11T10:00,17.8,0.00,0.00,0.00,4.0,6.0
2025-08-11T11:00,18.6,0.00,0.00,0.00,2.4,3.3
2025-08-11T12:00,19.5,0.00,0.00,0.00,2.8,3.7
2025-08-11T13:00,18.8,0.00,0.00,0.00,4.3,6.1
2025-08-11T14:00,18.5,0.00,0.00,0.00,6.4,9.9
2025-08-11T15:00,19.0,0.00,0.00,0.00,4.8,7.9
2025-08-11T16:00,16.9,0.40,0.00,0.00,5.2,8.9
2025-08-11T17:00,16.4,0.10,0.00,0.00,4.7,8.1
2025-08-11T18:00,16.0,0.00,0.00,0.00,5.4,9.7
2025-08-11T19:00,15.9,0.00,0.00,0.00,5.9,11.6
2025-08-11T20:00,15.8,0.00,0.00,0.00,6.8,14.2
2025-08-11T21:00,15.5,0.00,0.00,0.00,7.1,14.9
2025-08-11T22:00,15.1,0.00,0.00,0.00,8.1,16.8
2025-08-11T23:00,14.7,0.00,0.00,0.00,7.9,16.6
2025-08-12T00:00,14.3,0.00,0.00,0.00,8.6,17.5
2025-08-12T01:00,14.3,0.00,0.00,0.00,8.5,17.5
2025-08-12T02:00,14.1,0.00,0.00,0.00,7.7,16.0
2025-08-12T03:00,14.1,0.00,0.00,0.00,7.5,16.3
2025-08-12T04:00,14.4,0.00,0.00,0.00,8.9,14.4
2025-08-12T05:00,15.4,0.00,0.00,0.00,9.1,13.2
2025-08-12T06:00,16.7,0.00,0.00,0.00,8.7,13.2
2025-08-12T07:00,17.7,0.00,0.00,0.00,8.2,12.3
2025-08-12T08:00,18.5,0.10,0.00,0.00,7.7,11.8
2025-08-12T09:00,19.1,0.10,0.00,0.00,8.9,13.6
2025-08-12T10:00,19.7,0.10,0.00,0.00,9.6,14.5
2025-08-12T11:00,19.6,0.10,0.00,0.00,12.3,18.3
2025-08-12T12:00,18.4,1.60,0.00,0.00,11.4,18.0
2025-08-12T13:00,20.4,0.00,0.00,0.00,10.8,17.0
2025-08-12T14:00,17.3,2.90,0.00,0.00,11.9,21.4
2025-08-12T15:00,17.5,0.10,0.00,0.00,8.7,14.9
2025-08-12T16:00,17.4,0.00,0.00,0.00,9.6,17.7
2025-08-12T17:00,16.8,0.00,0.00,0.00,9.6,18.7
2025-08-12T18:00,16.3,0.00,0.00,0.00,9.5,19.4
2025-08-12T19:00,15.9,0.00,0.00,0.00,8.7,17.8
2025-08-12T20:00,15.3,0.00,0.00,0.00,8.6,17.8
2025-08-12T21:00,14.8,0.00,0.00,0.00,8.4,18.2
2025-08-12T22:00,14.5,0.00,0.00,0.00,8.4,18.4
2025-08-12T23:00,14.3,0.00,0.00,0.00,9.3,20.1
2025-08-13T00:00,13.9,0.00,0.00,0.00,10.0,21.2
2025-08-13T01:00,13.5,0.00,0.00,0.00,9.8,20.8
2025-08-13T02:00,13.1,0.00,0.00,0.00,9.7,20.4
2025-08-13T03:00,13.0,0.00,0.00,0.00,9.6,19.8
2025-08-13T04:00,13.4,0.00,0.00,0.00,8.2,20.2
2025-08-13T05:00,14.5,0.00,0.00,0.00,9.0,15.5
2025-08-13T06:00,15.9,0.00,0.00,0.00,9.0,14.3
2025-08-13T07:00,17.5,0.00,0.00,0.00,9.8,15.3
2025-08-13T08:00,18.9,0.00,0.00,0.00,12.2,18.9
2025-08-13T09:00,19.7,0.00,0.00,0.00,12.4,19.2
2025-08-13T10:00,20.2,0.00,0.00,0.00,13.0,20.2
2025-08-13T11:00,20.6,0.10,0.00,0.00,13.1,20.5
2025-08-13T12:00,20.7,0.10,0.00,0.00,14.4,22.0
2025-08-13T13:00,20.6,0.30,0.00,0.00,14.9,23.6
2025-08-13T14:00,19.7,0.50,0.00,0.00,14.7,23.9
2025-08-13T15:00,19.1,0.00,0.00,0.00,11.5,20.1
2025-08-13T16:00,18.5,0.00,0.00,0.00,11.1,20.3
2025-08-13T17:00,17.4,0.00,0.00,0.00,9.3,18.5
2025-08-13T18:00,16.3,0.00,0.00,0.00,7.9,17.0
2025-08-13T19:00,15.5,0.00,0.00,0.00,8.4,18.1
2025-08-13T20:00,14.9,0.00,0.00,0.00,9.0,19.6
2025-08-13T21:00,14.5,0.00,0.00,0.00,9.3,20.3
2025-08-13T22:00,14.0,0.00,0.00,0.00,9.8,20.7
2025-08-13T23:00,13.5,0.00,0.00,0.00,10.0,20.7
2025-08-14T00:00,13.1,0.00,0.00,0.00,9.5,19.7
2025-08-14T01:00,12.0,0.00,0.00,0.00,9.7,20.0
2025-08-14T02:00,11.7,0.00,0.00,0.00,10.0,20.6
2025-08-14T03:00,11.6,0.00,0.00,0.00,10.3,20.3
2025-08-14T04:00,12.4,0.00,0.00,0.00,12.3,20.0
2025-08-14T05:00,13.2,0.00,0.00,0.00,13.8,21.6
2025-08-14T06:00,14.3,0.00,0.00,0.00,13.0,20.1
2025-08-14T07:00,15.5,0.00,0.00,0.00,12.5,19.8
2025-08-14T08:00,16.5,0.00,0.00,0.00,10.8,16.8
2025-08-14T09:00,16.9,0.00,0.00,0.00,11.4,17.6
2025-08-14T10:00,16.4,0.10,0.00,0.00,11.1,17.6
2025-08-14T11:00,17.4,0.10,0.00,0.00,12.8,19.9
2025-08-14T12:00,18.1,0.10,0.00,0.00,11.8,18.7
2025-08-14T13:00,17.7,0.10,0.00,0.00,12.4,19.2
2025-08-14T14:00,17.5,0.10,0.00,0.00,13.7,21.4
2025-08-14T15:00,17.1,0.00,0.00,0.00,13.2,21.6
2025-08-14T16:00,16.8,0.00,0.00,0.00,10.3,18.4
2025-08-14T17:00,16.2,0.00,0.00,0.00,8.6,17.4
2025-08-14T18:00,15.6,0.00,0.00,0.00,8.2,18.0
2025-08-14T19:00,15.3,0.00,0.00,0.00,9.2,19.7
2025-08-14T20:00,15.2,0.00,0.00,0.00,10.4,21.9
2025-08-14T21:00,15.1,0.00,0.00,0.00,10.8,22.4
2025-08-14T22:00,15.0,0.00,0.00,0.00,10.3,21.9
2025-08-14T23:00,14.8,0.00,0.00,0.00,10.0,21.4
2025-08-15T00:00,14.7,0.00,0.00,0.00,10.1,21.4
2025-08-15T01:00,14.6,0.00,0.00,0.00,10.5,21.7
2025-08-15T02:00,14.6,0.00,0.00,0.00,10.9,22.5
2025-08-15T03:00,14.6,0.00,0.00,0.00,11.4,22.8
2025-08-15T04:00,15.1,0.00,0.00,0.00,8.9,19.7
2025-08-15T05:00,15.9,0.00,0.00,0.00,9.7,16.7
2025-08-15T06:00,17.2,0.00,0.00,0.00,9.8,16.0
2025-08-15T07:00,18.6,0.00,0.00,0.00,9.8,15.5
2025-08-15T08:00,20.0,0.00,0.00,0.00,10.2,16.0
2025-08-15T09:00,21.2,0.00,0.00,0.00,13.0,20.4
2025-08-15T10:00,21.8,0.00,0.00,0.00,14.1,22.1
2025-08-15T11:00,22.1,0.00,0.00,0.00,14.0,22.1
2025-08-15T12:00,22.3,0.00,0.00,0.00,14.0,22.4
2025-08-15T13:00,22.9,0.00,0.00,0.00,13.0,20.8
2025-08-15T14:00,22.6,0.00,0.00,0.00,12.5,21.4
2025-08-15T15:00,21.9,0.00,0.00,0.00,11.9,21.6
2025-08-15T16:00,20.7,0.00,0.00,0.00,10.4,20.7
2025-08-15T17:00,19.5,0.00,0.00,0.00,7.6,17.6
2025-08-15T18:00,18.5,0.00,0.00,0.00,6.7,16.1
2025-08-15T19:00,17.7,0.00,0.00,0.00,6.1,14.7
2025-08-15T20:00,16.9,0.00,0.00,0.00,6.2,14.4
2025-08-15T21:00,16.2,0.00,0.00,0.00,6.3,14.6
2025-08-15T22:00,15.6,0.00,0.00,0.00,6.4,14.6
2025-08-15T23:00,14.9,0.00,0.00,0.00,6.8,14.7
2025-08-16T00:00,14.3,0.00,0.00,0.00,6.8,15.3
2025-08-16T01:00,12.9,0.00,0.00,0.00,6.7,14.6
2025-08-16T02:00,12.4,0.00,0.00,0.00,6.7,15.1
2025-08-16T03:00,12.3,0.00,0.00,0.00,6.5,14.5
2025-08-16T04:00,13.0,0.00,0.00,0.00,6.7,15.2
2025-08-16T05:00,14.5,0.00,0.00,0.00,3.5,15.4
2025-08-16T06:00,16.7,0.00,0.00,0.00,3.6,9.2
2025-08-16T07:00,19.0,0.00,0.00,0.00,4.9,8.3
2025-08-16T08:00,20.5,0.00,0.00,0.00,8.1,12.8
2025-08-16T09:00,21.5,0.00,0.00,0.00,10.6,16.5
2025-08-16T10:00,22.0,0.00,0.00,0.00,10.8,16.6
2025-08-16T11:00,22.7,0.00,0.00,0.00,12.4,19.2
2025-08-16T12:00,23.1,0.00,0.00,0.00,12.1,19.5
2025-08-16T13:00,22.9,0.00,0.00,0.00,11.3,18.5
2025-08-16T14:00,22.7,0.00,0.00,0.00,12.3,20.1
2025-08-16T15:00,22.1,0.00,0.00,0.00,10.3,18.6
2025-08-16T16:00,21.3,0.00,0.00,0.00,10.8,21.1
2025-08-16T17:00,20.1,0.00,0.00,0.00,9.5,19.9
2025-08-16T18:00,19.3,0.00,0.00,0.00,11.8,23.8
2025-08-16T19:00,18.8,0.00,0.00,0.00,12.3,24.7
2025-08-16T20:00,18.3,0.00,0.00,0.00,13.4,26.8
2025-08-16T21:00,18.2,0.00,0.00,0.00,11.9,24.1
2025-08-16T22:00,17.7,0.00,0.00,0.00,11.3,23.0
2025-08-16T23:00,17.0,0.00,0.00,0.00,10.2,21.6
2025-08-17T00:00,16.8,0.00,0.00,0.00,9.1,18.9
2025-08-17T01:00,16.6,0.10,0.00,0.00,9.3,19.0
2025-08-17T02:00,15.6,1.00,0.00,0.00,9.6,18.8
2025-08-17T03:00,15.3,0.00,0.00,0.00,6.6,13.7
2025-08-17T04:00,16.0,0.10,0.00,0.00,10.0,17.1
2025-08-17T05:00,16.3,0.00,0.00,0.00,10.1,16.0
2025-08-17T06:00,16.5,0.10,0.00,0.00,10.3,16.1
2025-08-17T07:00,17.6,0.10,0.00,0.00,8.7,13.3
2025-08-17T08:00,18.7,0.00,0.00,0.00,9.7,14.8
2025-08-17T09:00,19.6,0.00,0.00,0.00,9.5,14.6
2025-08-17T10:00,20.0,0.00,0.00,0.00,10.0,15.2
2025-08-17T11:00,20.0,0.00,0.00,0.00,10.8,16.4
2025-08-17T12:00,19.8,0.00,0.00,0.00,12.4,18.8
2025-08-17T13:00,19.4,0.00,0.00,0.00,11.8,18.1
2025-08-17T14:00,18.9,0.00,0.00,0.00,9.4,14.5
2025-08-17T15:00,18.7,0.00,0.00,0.00,8.5,13.8
2025-08-17T16:00,18.1,0.00,0.00,0.00,8.7,15.6
2025-08-17T17:00,16.8,0.00,0.00,0.00,8.9,17.7
2025-08-17T18:00,15.7,0.00,0.00,0.00,7.7,16.6
2025-08-17T19:00,14.8,0.00,0.00,0.00,8.1,17.3
2025-08-17T20:00,14.1,0.00,0.00,0.00,7.7,16.8
2025-08-17T21:00,13.4,0.00,0.00,0.00,7.7,16.5
2025-08-17T22:00,12.7,0.00,0.00,0.00,7.0,15.2
2025-08-17T23:00,12.2,0.00,0.00,0.00,6.0,13.1
2025-08-18T00:00,11.7,0.00,0.00,0.00,5.8,12.4
2025-08-18T01:00,11.5,0.00,0.00,0.00,5.5,11.5
2025-08-18T02:00,11.2,0.00,0.00,0.00,4.7,10.6
2025-08-18T03:00,11.1,0.00,0.00,0.00,4.2,8.8
2025-08-18T04:00,11.5,0.00,0.00,0.00,5.6,11.2
2025-08-18T05:00,12.0,1.40,0.00,0.00,2.9,5.2
2025-08-18T06:00,12.7,0.40,0.00,0.00,3.8,5.6
2025-08-18T07:00,13.2,0.10,0.00,0.00,6.3,9.5
2025-08-18T08:00,14.8,0.10,0.00,0.00,5.6,8.4
2025-08-18T09:00,15.9,0.20,0.00,0.00,6.8,10.0
2025-08-18T10:00,16.7,0.10,0.00,0.00,6.7,10.1
2025-08-18T11:00,17.3,0.10,0.00,0.00,7.9,12.0
2025-08-18T12:00,17.4,0.00,0.00,0.00,9.3,13.8
2025-08-18T13:00,16.2,0.90,0.00,0.00,9.7,15.4
2025-08-18T14:00,16.7,0.20,0.00,0.00,12.3,19.3
2025-08-18T15:00,16.0,0.10,0.00,0.00,11.2,19.0
2025-08-18T16:00,15.3,0.00,0.00,0.00,10.2,17.5
2025-08-18T17:00,14.2,0.30,0.00,0.00,9.7,17.5
2025-08-18T18:00,13.6,0.20,0.00,0.00,10.0,18.5
2025-08-18T19:00,13.3,0.10,0.00,0.00,9.1,17.6
2025-08-18T20:00,13.6,0.00,0.00,0.00,10.4,19.9
2025-08-18T21:00,14.0,0.00,0.00,0.00,11.2,21.5
2025-08-18T22:00,14.4,0.00,0.00,0.00,12.7,23.8
2025-08-18T23:00,14.4,0.00,0.00,0.00,12.3,23.0
2025-08-19T00:00,14.4,0.00,0.00,0.00,12.1,22.3
2025-08-19T01:00,14.6,0.00,0.00,0.00,13.0,24.3
2025-08-19T02:00,14.5,0.00,0.00,0.00,13.0,23.6
2025-08-19T03:00,14.5,0.00,0.00,0.00,12.1,22.2
2025-08-19T04:00,14.7,0.00,0.00,0.00,11.8,20.6
2025-08-19T05:00,15.4,0.10,0.00,0.00,13.5,22.7
2025-08-19T06:00,16.2,0.10,0.00,0.00,12.7,20.4
2025-08-19T07:00,16.7,0.00,0.00,0.00,14.0,22.0
2025-08-19T08:00,17.2,0.20,0.00,0.00,13.9,21.6
2025-08-19T09:00,18.4,0.10,0.00,0.00,14.9,23.0
2025-08-19T10:00,19.3,0.00,0.00,0.00,16.7,26.2
2025-08-19T11:00,19.6,0.00,0.00,0.00,17.9,28.0
2025-08-19T12:00,19.5,0.00,0.00,0.00,17.3,27.5
2025-08-19T13:00,19.2,0.00,0.00,0.00,15.2,24.0
2025-08-19T14:00,19.0,0.00,0.00,0.00,14.0,22.4
2025-08-19T15:00,18.7,0.00,0.00,0.00,11.6,19.7
2025-08-19T16:00,18.2,0.00,0.00,0.00,9.2,17.3
2025-08-19T17:00,17.6,0.00,0.00,0.00,8.8,17.3
2025-08-19T18:00,16.6,0.00,0.00,0.00,8.3,17.6
2025-08-19T19:00,16.0,0.00,0.00,0.00,8.5,18.4
2025-08-19T20:00,15.3,0.00,0.00,0.00,8.5,18.6
2025-08-19T21:00,14.7,0.00,0.00,0.00,8.7,19.0
2025-08-19T22:00,14.2,0.00,0.00,0.00,9.4,20.2
2025-08-19T23:00,13.7,0.00,0.00,0.00,9.4,20.4
2025-08-20T00:00,13.4,0.00,0.00,0.00,9.3,20.3
2025-08-20T01:00,13.0,0.00,0.00,0.00,9.6,20.4
2025-08-20T02:00,12.8,0.00,0.00,0.00,9.6,20.5
2025-08-20T03:00,12.8,0.00,0.00,0.00,9.5,20.0
2025-08-20T04:00,13.5,0.00,0.00,0.00,7.6,24.5
2025-08-20T05:00,14.9,0.00,0.00,0.00,8.4,17.2
2025-08-20T06:00,16.7,0.00,0.00,0.00,10.1,16.4
2025-08-20T07:00,18.4,0.00,0.00,0.00,12.0,19.1
2025-08-20T08:00,19.8,0.00,0.00,0.00,17.3,27.2
2025-08-20T09:00,20.4,0.00,0.00,0.00,19.8,31.7
2025-08-20T10:00,20.8,0.00,0.00,0.00,18.5,29.7
2025-08-20T11:00,21.5,0.00,0.00,0.00,16.0,25.9
2025-08-20T12:00,21.6,0.00,0.00,0.00,15.5,24.9
2025-08-20T13:00,21.9,0.00,0.00,0.00,13.3,20.4
2025-08-20T14:00,18.2,1.30,0.00,0.00,15.4,27.6
2025-08-20T15:00,17.6,0.20,0.00,0.00,12.9,23.7
2025-08-20T16:00,16.8,0.60,0.00,0.00,12.8,23.0
2025-08-20T17:00,16.1,1.20,0.00,0.00,10.2,19.7
2025-08-20T18:00,15.8,1.10,0.00,0.00,7.7,16.3
2025-08-20T19:00,15.4,1.90,0.00,0.00,7.7,16.3
2025-08-20T20:00,15.2,0.50,0.00,0.00,6.7,13.9
2025-08-20T21:00,15.2,0.60,0.00,0.00,8.5,16.4
2025-08-20T22:00,15.2,0.50,0.00,0.00,6.9,13.3
2025-08-20T23:00,14.7,1.00,0.00,0.00,8.0,15.1
2025-08-21T00:00,14.4,0.40,0.00,0.00,9.2,16.8
2025-08-21T01:00,13.6,0.00,0.00,0.00,7.3,13.2
2025-08-21T02:00,13.0,0.30,0.00,0.00,8.9,13.7
2025-08-21T03:00,12.2,1.50,0.00,0.00,7.9,13.0
2025-08-21T04:00,12.1,2.00,0.00,0.00,5.8,10.1
2025-08-21T05:00,12.1,1.70,0.00,0.00,6.5,10.2
2025-08-21T06:00,12.7,0.20,0.00,0.00,8.7,13.3
2025-08-21T07:00,13.3,0.00,0.00,0.00,7.8,11.7
2025-08-21T08:00,14.5,0.10,0.00,0.00,6.9,10.1
2025-08-21T09:00,15.1,0.00,0.00,0.00,6.8,9.9
2025-08-21T10:00,14.9,0.70,0.00,0.00,6.4,9.6
2025-08-21T11:00,15.0,0.00,0.00,0.00,6.3,9.5
2025-08-21T12:00,15.6,0.00,0.00,0.00,5.7,8.7
2025-08-21T13:00,15.7,0.00,0.00,0.00,5.9,9.3
2025-08-21T14:00,15.8,0.00,0.00,0.00,7.0,10.9
2025-08-21T15:00,15.7,0.00,0.00,0.00,5.5,8.9
2025-08-21T16:00,15.6,0.00,0.00,0.00,2.8,6.1
2025-08-21T17:00,14.9,0.00,0.00,0.00,3.1,6.4
2025-08-21T18:00,14.4,0.00,0.00,0.00,4.0,8.9
2025-08-21T19:00,13.8,0.00,0.00,0.00,5.2,12.0
2025-08-21T20:00,13.1,0.00,0.00,0.00,4.4,11.4
2025-08-21T21:00,12.6,0.00,0.00,0.00,4.0,10.7
2025-08-21T22:00,11.8,0.00,0.00,0.00,4.3,11.2
2025-08-21T23:00,10.9,0.00,0.00,0.00,2.6,7.6
2025-08-22T00:00,10.4,0.00,0.00,0.00,1.7,5.2
2025-08-22T01:00,9.1,0.00,0.00,0.00,2.4,4.2
2025-08-22T02:00,8.7,0.00,0.00,0.00,2.5,3.2
2025-08-22T03:00,8.8,0.00,0.00,0.00,1.3,0.6
2025-08-22T04:00,9.3,0.00,0.00,0.00,0.2,1.8
2025-08-22T05:00,10.7,0.00,0.00,0.00,1.3,5.9
2025-08-22T06:00,12.3,0.00,0.00,0.00,2.1,4.5
2025-08-22T07:00,13.6,0.00,0.00,0.00,2.7,4.5
2025-08-22T08:00,15.0,0.00,0.00,0.00,3.6,5.6
2025-08-22T09:00,16.3,0.00,0.00,0.00,6.0,8.9
2025-08-22T10:00,17.0,0.00,0.00,0.00,8.3,12.4
2025-08-22T11:00,17.3,0.00,0.00,0.00,7.6,11.6
2025-08-22T12:00,17.6,0.00,0.00,0.00,8.8,13.5
2025-08-22T13:00,16.7,0.00,0.00,0.00,11.9,19.3
2025-08-22T14:00,16.2,0.00,0.00,0.00,11.7,19.4
2025-08-22T15:00,15.8,0.00,0.00,0.00,8.6,14.8
2025-08-22T16:00,15.0,0.00,0.00,0.00,7.1,13.4
2025-08-22T17:00,14.3,0.00,0.00,0.00,6.6,13.2
2025-08-22T18:00,13.8,0.00,0.00,0.00,6.4,13.1
2025-08-22T19:00,13.3,0.00,0.00,0.00,6.5,13.7
2025-08-22T20:00,12.9,0.00,0.00,0.00,6.2,13.4
2025-08-22T21:00,12.5,0.00,0.00,0.00,6.7,14.6
2025-08-22T22:00,12.2,0.00,0.00,0.00,7.7,16.4
2025-08-22T23:00,11.9,0.00,0.00,0.00,8.6,18.2
2025-08-23T00:00,11.7,0.00,0.00,0.00,9.9,20.3
2025-08-23T01:00,10.7,0.00,0.00,0.00,10.4,21.4
2025-08-23T02:00,10.6,0.00,0.00,0.00,10.2,20.9
2025-08-23T03:00,10.6,0.00,0.00,0.00,9.6,19.2
2025-08-23T04:00,11.1,0.00,0.00,0.00,9.2,16.7
2025-08-23T05:00,11.7,0.00,0.00,0.00,7.5,12.8
2025-08-23T06:00,12.8,0.00,0.00,0.00,7.3,11.7
2025-08-23T07:00,14.2,0.00,0.00,0.00,8.6,13.1
2025-08-23T08:00,15.3,0.00,0.00,0.00,8.0,11.7
2025-08-23T09:00,16.0,0.00,0.00,0.00,8.3,12.5
2025-08-23T10:00,16.8,0.00,0.00,0.00,8.3,12.7
2025-08-23T11:00,17.2,0.00,0.00,0.00,6.1,9.4
2025-08-23T12:00,17.4,0.00,0.00,0.00,5.5,8.3
2025-08-23T13:00,16.2,0.00,0.00,0.00,5.8,8.8
2025-08-23T14:00,16.2,0.00,0.00,0.00,5.3,8.0
2025-08-23T15:00,16.1,0.00,0.00,0.00,4.2,7.2
2025-08-23T16:00,15.8,0.00,0.00,0.00,3.5,6.6
2025-08-23T17:00,15.4,0.00,0.00,0.00,2.0,5.0
2025-08-23T18:00,15.2,0.00,0.00,0.00,1.7,3.1
2025-08-23T19:00,15.0,0.00,0.00,0.00,1.7,2.8
2025-08-23T20:00,14.5,0.00,0.00,0.00,1.7,3.9
2025-08-23T21:00,13.8,0.00,0.00,0.00,1.5,4.0
2025-08-23T22:00,13.3,0.00,0.00,0.00,1.6,3.6
2025-08-23T23:00,12.7,0.00,0.00,0.00,2.7,5.9
2025-08-24T00:00,12.0,0.00,0.00,0.00,3.0,7.3
2025-08-24T01:00,11.1,0.00,0.00,0.00,1.1,4.4
2025-08-24T02:00,10.4,0.00,0.00,0.00,0.6,2.1
2025-08-24T03:00,9.7,0.00,0.00,0.00,1.5,1.1
2025-08-24T04:00,10.1,0.00,0.00,0.00,2.4,1.7
2025-08-24T05:00,11.3,0.00,0.00,0.00,3.1,5.1
2025-08-24T06:00,13.2,0.00,0.00,0.00,1.7,3.1
2025-08-24T07:00,15.2,0.00,0.00,0.00,2.4,3.9
2025-08-24T08:00,16.5,0.00,0.00,0.00,3.7,5.4
2025-08-24T09:00,17.3,0.00,0.00,0.00,5.7,8.5
2025-08-24T10:00,17.3,0.00,0.00,0.00,6.5,9.7
2025-08-24T11:00,17.5,0.00,0.00,0.00,6.7,9.7
2025-08-24T12:00,17.4,0.00,0.00,0.00,5.2,7.8
2025-08-24T13:00,18.4,0.00,0.00,0.00,5.2,7.6
2025-08-24T14:00,18.3,0.00,0.00,0.00,8.0,12.6
2025-08-24T15:00,16.9,0.00,0.00,0.00,8.4,13.9
2025-08-24T16:00,15.9,0.00,0.00,0.00,6.0,11.7
2025-08-24T17:00,15.1,0.00,0.00,0.00,7.7,16.0
2025-08-24T18:00,14.4,0.00,0.00,0.00,9.2,18.4
2025-08-24T19:00,13.8,0.00,0.00,0.00,9.3,18.2
2025-08-24T20:00,13.0,0.00,0.00,0.00,9.5,18.5
2025-08-24T21:00,12.5,0.00,0.00,0.00,9.3,18.2
2025-08-24T22:00,11.6,0.00,0.00,0.00,9.5,18.9
2025-08-24T23:00,10.9,0.00,0.00,0.00,9.1,18.5
2025-08-25T00:00,10.5,0.00,0.00,0.00,9.1,18.9
2025-08-25T01:00,10.0,0.00,0.00,0.00,8.0,16.8
2025-08-25T02:00,9.6,0.00,0.00,0.00,8.0,17.1
2025-08-25T03:00,9.3,0.00,0.00,0.00,9.2,19.0
2025-08-25T04:00,9.6,0.00,0.00,0.00,8.6,16.9
2025-08-25T05:00,10.5,0.00,0.00,0.00,9.4,15.7
2025-08-25T06:00,12.1,0.00,0.00,0.00,7.7,12.3
2025-08-25T07:00,13.8,0.10,0.00,0.00,13.4,20.5
2025-08-25T08:00,14.5,0.10,0.00,0.00,16.5,25.7
2025-08-25T09:00,15.2,0.20,0.00,0.00,13.9,21.8
2025-08-25T10:00,15.7,0.10,0.00,0.00,15.6,24.7
2025-08-25T11:00,13.5,0.80,0.00,0.00,14.5,23.9
2025-08-25T12:00,14.9,0.20,0.00,0.00,15.8,24.9
2025-08-25T13:00,15.1,0.00,0.00,0.00,13.8,21.9
2025-08-25T14:00,15.4,0.00,0.00,0.00,13.2,21.6
2025-08-25T15:00,15.1,0.00,0.00,0.00,13.0,22.7
2025-08-25T16:00,13.8,0.00,0.00,0.00,13.5,24.0
2025-08-25T17:00,12.5,0.00,0.00,0.00,11.6,21.9
2025-08-25T18:00,11.8,0.00,0.00,0.00,11.7,22.8
2025-08-25T19:00,11.4,0.00,0.00,0.00,10.9,21.5
2025-08-25T20:00,11.1,0.00,0.00,0.00,11.2,22.1
2025-08-25T21:00,10.8,0.00,0.00,0.00,10.8,21.3
2025-08-25T22:00,10.4,0.00,0.00,0.00,10.4,20.7
2025-08-25T23:00,10.1,0.00,0.00,0.00,10.5,20.9
2025-08-26T00:00,9.8,0.00,0.00,0.00,10.8,21.4
2025-08-26T01:00,9.7,0.00,0.00,0.00,10.6,21.8
2025-08-26T02:00,9.7,0.00,0.00,0.00,10.7,21.1
2025-08-26T03:00,9.5,0.60,0.00,0.00,10.0,20.1
2025-08-26T04:00,10.1,0.20,0.00,0.00,9.8,17.8
2025-08-26T05:00,10.4,0.30,0.00,0.00,12.2,20.5
2025-08-26T06:00,10.9,0.20,0.00,0.00,11.3,19.6
2025-08-26T07:00,12.2,0.10,0.00,0.00,13.8,21.9
2025-08-26T08:00,12.7,0.10,0.00,0.00,14.0,22.2
2025-08-26T09:00,13.1,0.00,0.00,0.00,13.5,21.8
2025-08-26T10:00,13.4,0.00,0.00,0.00,12.8,20.9
2025-08-26T11:00,14.3,0.00,0.00,0.00,11.7,18.6
2025-08-26T12:00,14.9,0.00,0.00,0.00,12.5,19.2
2025-08-26T13:00,15.5,0.10,0.00,0.00,14.5,23.0
2025-08-26T14:00,15.0,0.20,0.00,0.00,11.9,19.8
2025-08-26T15:00,14.7,0.00,0.00,0.00,9.3,16.7
2025-08-26T16:00,13.8,0.00,0.00,0.00,10.5,18.9
2025-08-26T17:00,12.2,0.40,0.00,0.00,8.9,16.9
2025-08-26T18:00,11.7,0.00,0.00,0.00,9.9,19.3
2025-08-26T19:00,11.2,0.00,0.00,0.00,9.6,19.2
2025-08-26T20:00,11.0,0.00,0.00,0.00,8.8,18.5
2025-08-26T21:00,10.7,0.00,0.00,0.00,8.4,17.4
2025-08-26T22:00,10.4,0.00,0.00,0.00,9.0,18.4
2025-08-26T23:00,10.0,0.00,0.00,0.00,8.9,18.1
2025-08-27T00:00,9.5,0.00,0.00,0.00,8.7,17.7
2025-08-27T01:00,9.4,0.00,0.00,0.00,9.3,18.8
2025-08-27T02:00,9.1,0.00,0.00,0.00,9.0,18.3
2025-08-27T03:00,8.9,0.00,0.00,0.00,9.3,18.9
2025-08-27T04:00,9.5,0.00,0.00,0.00,11.2,19.3
2025-08-27T05:00,10.3,0.00,0.00,0.00,12.2,18.6
2025-08-27T06:00,11.3,0.00,0.00,0.00,11.8,18.0
2025-08-27T07:00,12.5,0.00,0.00,0.00,10.6,16.2
2025-08-27T08:00,13.5,0.00,0.00,0.00,9.6,14.9
2025-08-27T09:00,14.7,0.00,0.00,0.00,10.8,16.3
2025-08-27T10:00,15.8,0.10,0.00,0.00,11.4,17.3
2025-08-27T11:00,15.8,0.10,0.00,0.00,11.5,17.7
2025-08-27T12:00,15.4,0.40,0.00,0.00,13.0,19.8
2025-08-27T13:00,15.0,0.00,0.00,0.00,8.3,13.0
2025-08-27T14:00,15.8,0.00,0.00,0.00,11.4,18.3
2025-08-27T15:00,14.6,0.40,0.00,0.00,10.7,18.4
2025-08-27T16:00,14.2,0.00,0.00,0.00,9.5,18.1
2025-08-27T17:00,13.5,0.00,0.00,0.00,9.4,19.3
2025-08-27T18:00,12.8,0.00,0.00,0.00,10.0,20.7
2025-08-27T19:00,12.2,0.00,0.00,0.00,9.5,20.6
2025-08-27T20:00,11.6,0.00,0.00,0.00,10.4,22.1
2025-08-27T21:00,11.1,0.00,0.00,0.00,10.7,23.1
2025-08-27T22:00,10.8,0.00,0.00,0.00,10.8,23.3
2025-08-27T23:00,10.4,0.00,0.00,0.00,11.1,23.6
2025-08-28T00:00,10.1,0.00,0.00,0.00,11.3,24.2
2025-08-28T01:00,9.9,0.00,0.00,0.00,11.3,23.9
2025-08-28T02:00,9.6,0.00,0.00,0.00,11.0,23.2
2025-08-28T03:00,9.4,0.00,0.00,0.00,10.9,23.0
2025-08-28T04:00,9.9,0.00,0.00,0.00,11.0,23.3
2025-08-28T05:00,10.9,0.00,0.00,0.00,10.2,20.0
2025-08-28T06:00,12.4,0.00,0.00,0.00,10.8,18.2
2025-08-28T07:00,14.2,0.00,0.00,0.00,11.4,18.4
2025-08-28T08:00,15.8,0.10,0.00,0.00,16.0,25.3
2025-08-28T09:00,16.3,0.00,0.00,0.00,17.4,27.9
2025-08-28T10:00,16.9,0.00,0.00,0.00,17.8,28.5
2025-08-28T11:00,17.6,0.00,0.00,0.00,18.6,29.8
2025-08-28T12:00,17.6,0.00,0.00,0.00,17.8,28.0
2025-08-28T13:00,17.8,0.00,0.00,0.00,15.9,27.1
2025-08-28T14:00,17.6,0.00,0.00,0.00,16.8,28.9
2025-08-28T15:00,16.5,0.00,0.00,0.00,14.1,25.4
2025-08-28T16:00,15.9,0.00,0.00,0.00,10.5,20.9
2025-08-28T17:00,15.0,0.00,0.00,0.00,6.8,16.2
2025-08-28T18:00,14.3,0.00,0.00,0.00,6.7,15.7
2025-08-28T19:00,13.5,0.00,0.00,0.00,8.6,19.3
2025-08-28T20:00,13.0,0.00,0.00,0.00,8.9,20.4
2025-08-28T21:00,12.5,0.00,0.00,0.00,9.4,21.3
2025-08-28T22:00,12.1,0.00,0.00,0.00,9.3,21.7
2025-08-28T23:00,11.9,0.00,0.00,0.00,8.9,20.9
2025-08-29T00:00,12.0,0.00,0.00,0.00,9.8,22.1
2025-08-29T01:00,11.7,0.30,0.00,0.00,7.0,16.7
2025-08-29T02:00,11.5,0.50,0.00,0.00,6.6,16.1
2025-08-29T03:00,11.6,0.00,0.00,0.00,7.9,17.6
2025-08-29T04:00,12.0,0.00,0.00,0.00,8.2,17.6
2025-08-29T05:00,12.4,0.00,0.00,0.00,6.8,14.3
2025-08-29T06:00,13.4,0.00,0.00,0.00,8.0,14.9
2025-08-29T07:00,15.3,0.00,0.00,0.00,8.0,13.1
2025-08-29T08:00,16.0,0.00,0.00,0.00,9.3,14.4
2025-08-29T09:00,16.0,0.00,0.00,0.00,7.1,11.4
2025-08-29T10:00,18.1,0.00,0.00,0.00,8.4,12.9
2025-08-29T11:00,18.8,0.10,0.00,0.00,9.8,15.0
2025-08-29T12:00,19.1,0.00,0.00,0.00,9.0,13.9
2025-08-29T13:00,19.2,0.00,0.00,0.00,3.2,5.2
2025-08-29T14:00,19.9,0.00,0.00,0.00,5.0,7.6
2025-08-29T15:00,19.7,0.00,0.00,0.00,5.2,10.8
2025-08-29T16:00,18.9,0.00,0.00,0.00,6.6,13.9
2025-08-29T17:00,18.4,0.00,0.00,0.00,7.1,16.6
2025-08-29T18:00,18.7,0.00,0.00,0.00,8.8,22.0
2025-08-29T19:00,19.1,0.00,0.00,0.00,11.6,26.2
2025-08-29T20:00,18.7,0.00,0.00,0.00,12.1,27.2
2025-08-29T21:00,18.3,0.00,0.00,0.00,12.1,27.0
2025-08-29T22:00,18.5,0.00,0.00,0.00,11.9,26.2
2025-08-29T23:00,18.5,0.00,0.00,0.00,11.6,25.4
2025-08-30T00:00,18.3,0.00,0.00,0.00,12.4,26.5
2025-08-30T01:00,17.6,0.00,0.00,0.00,12.4,27.2
2025-08-30T02:00,17.2,0.00,0.00,0.00,12.1,26.8
2025-08-30T03:00,16.9,0.00,0.00,0.00,12.2,27.0
2025-08-30T04:00,17.3,0.00,0.00,0.00,13.2,27.9
2025-08-30T05:00,18.4,0.00,0.00,0.00,13.7,25.4
2025-08-30T06:00,19.7,0.00,0.00,0.00,9.4,20.2
2025-08-30T07:00,21.1,0.00,0.00,0.00,9.4,16.2
2025-08-30T08:00,22.6,0.00,0.00,0.00,10.3,16.8
2025-08-30T09:00,23.9,0.00,0.00,0.00,12.0,19.3
2025-08-30T10:00,25.1,0.00,0.00,0.00,12.9,20.9
2025-08-30T11:00,26.0,0.00,0.00,0.00,13.2,21.6
2025-08-30T12:00,26.5,0.00,0.00,0.00,14.0,23.3
2025-08-30T13:00,27.5,0.00,0.00,0.00,13.1,23.3
2025-08-30T14:00,27.1,0.00,0.00,0.00,13.1,24.6
2025-08-30T15:00,26.2,0.00,0.00,0.00,13.4,26.0
2025-08-30T16:00,24.9,0.00,0.00,0.00,12.8,26.2
2025-08-30T17:00,23.6,0.00,0.00,0.00,13.0,27.4
2025-08-30T18:00,22.7,0.00,0.00,0.00,13.0,27.9
2025-08-30T19:00,21.8,0.00,0.00,0.00,12.9,28.5
2025-08-30T20:00,21.1,0.00,0.00,0.00,12.2,27.6
2025-08-30T21:00,20.1,0.00,0.00,0.00,11.1,25.7
2025-08-30T22:00,19.2,0.00,0.00,0.00,10.3,24.3
2025-08-30T23:00,18.5,0.00,0.00,0.00,9.6,22.9
2025-08-31T00:00,18.0,0.00,0.00,0.00,9.3,22.5
2025-08-31T01:00,16.7,0.00,0.00,0.00,9.5,22.7
2025-08-31T02:00,16.1,0.00,0.00,0.00,9.6,23.0
2025-08-31T03:00,15.7,0.00,0.00,0.00,9.1,22.0
2025-08-31T04:00,16.0,0.00,0.00,0.00,8.2,19.6
2025-08-31T05:00,17.2,0.00,0.00,0.00,7.4,21.4
2025-08-31T06:00,18.6,0.00,0.00,0.00,5.2,12.0
2025-08-31T07:00,20.5,0.00,0.00,0.00,4.1,7.5
2025-08-31T08:00,22.5,0.00,0.00,0.00,4.3,7.3
2025-08-31T09:00,24.2,0.00,0.00,0.00,5.1,8.0
2025-08-31T10:00,25.7,0.00,0.00,0.00,5.5,8.6
2025-08-31T11:00,26.8,0.00,0.00,0.00,7.2,11.0
2025-08-31T12:00,27.3,0.00,0.00,0.00,8.4,13.4
2025-08-31T13:00,28.1,0.00,0.00,0.00,8.4,14.0
2025-08-31T14:00,27.6,0.00,0.00,0.00,6.0,11.7
2025-08-31T15:00,26.5,0.00,0.00,0.00,4.4,11.3
2025-08-31T16:00,24.6,0.00,0.00,0.00,4.4,12.7
2025-08-31T17:00,23.6,0.00,0.00,0.00,5.0,13.1
2025-08-31T18:00,22.3,0.00,0.00,0.00,4.6,12.9
2025-08-31T19:00,21.6,0.00,0.00,0.00,4.6,12.9
2025-08-31T20:00,20.8,0.00,0.00,0.00,4.6,12.8
2025-08-31T21:00,20.7,0.00,0.00,0.00,5.8,13.4
2025-08-31T22:00,19.5,0.00,0.00,0.00,4.7,13.0
2025-08-31T23:00,19.5,0.00,0.00,0.00,6.8,16.7
2025-09-01T00:00,18.8,0.00,0.00,0.00,6.4,17.3
2025-09-01T01:00,16.6,0.00,0.00,0.00,5.1,14.9
2025-09-01T02:00,16.0,0.00,0.00,0.00,5.1,14.4
2025-09-01T03:00,15.7,0.00,0.00,0.00,6.3,15.6
2025-09-01T04:00,16.1,0.00,0.00,0.00,9.3,21.1
2025-09-01T05:00,17.2,0.00,0.00,0.00,6.8,12.6
2025-09-01T06:00,18.2,0.00,0.00,0.00,4.7,7.7
2025-09-01T07:00,19.8,0.00,0.00,0.00,12.9,20.0
2025-09-01T08:00,18.8,0.00,0.00,0.00,10.3,16.1
2025-09-01T09:00,20.2,0.00,0.00,0.00,11.7,18.2
2025-09-01T10:00,21.7,0.00,0.00,0.00,11.3,17.4
2025-09-01T11:00,21.9,0.00,0.00,0.00,13.4,20.4
2025-09-01T12:00,21.6,0.00,0.00,0.00,13.4,20.8
2025-09-01T13:00,20.6,0.00,0.00,0.00,15.4,24.5
2025-09-01T14:00,20.3,0.00,0.00,0.00,15.4,24.7
2025-09-01T15:00,19.8,0.00,0.00,0.00,13.7,23.4
2025-09-01T16:00,18.9,0.00,0.00,0.00,11.3,20.8
2025-09-01T17:00,17.9,0.00,0.00,0.00,11.0,21.2
2025-09-01T18:00,17.1,0.00,0.00,0.00,11.3,22.2
2025-09-01T19:00,16.5,0.00,0.00,0.00,10.6,21.1
2025-09-01T20:00,16.0,0.00,0.00,0.00,11.2,22.3
2025-09-01T21:00,15.6,0.00,0.00,0.00,11.0,21.7
2025-09-01T22:00,15.4,0.00,0.00,0.00,11.0,21.7
2025-09-01T23:00,15.5,0.00,0.00,0.00,12.2,22.9
2025-09-02T00:00,15.1,0.00,0.00,0.00,13.4,24.9
2025-09-02T01:00,14.7,0.00,0.00,0.00,12.3,23.2
2025-09-02T02:00,14.4,0.00,0.00,0.00,13.5,24.8
2025-09-02T03:00,14.2,0.00,0.00,0.00,13.6,25.0
2025-09-02T04:00,14.1,0.00,0.00,0.00,15.3,25.8
2025-09-02T05:00,13.9,0.00,0.00,0.00,15.0,24.0
2025-09-02T06:00,13.8,0.00,0.00,0.00,15.1,24.6
2025-09-02T07:00,14.2,0.00,0.00,0.00,16.3,25.6
2025-09-02T08:00,14.7,0.00,0.00,0.00,15.5,24.6
2025-09-02T09:00,15.4,0.00,0.00,0.00,15.9,25.0
2025-09-02T10:00,16.2,0.00,0.00,0.00,16.7,26.0
2025-09-02T11:00,16.9,0.00,0.00,0.00,16.7,26.0
2025-09-02T12:00,17.1,0.00,0.00,0.00,16.2,25.2
2025-09-02T13:00,15.7,0.00,0.00,0.00,16.0,25.6
2025-09-02T14:00,15.5,0.00,0.00,0.00,15.1,24.4
2025-09-02T15:00,15.5,0.00,0.00,0.00,14.5,23.3
2025-09-02T16:00,15.1,0.00,0.00,0.00,12.6,22.5
2025-09-02T17:00,14.9,0.00,0.00,0.00,11.4,21.0
2025-09-02T18:00,14.7,0.00,0.00,0.00,10.9,20.6
2025-09-02T19:00,14.6,0.00,0.00,0.00,10.4,20.0
2025-09-02T20:00,14.5,0.00,0.00,0.00,10.5,20.1
2025-09-02T21:00,14.3,0.00,0.00,0.00,10.0,19.4
2025-09-02T22:00,14.1,0.00,0.00,0.00,9.6,18.7
2025-09-02T23:00,14.0,0.00,0.00,0.00,8.8,17.5
2025-09-03T00:00,13.8,0.00,0.00,0.00,8.9,17.8
2025-09-03T01:00,13.4,0.00,0.00,0.00,8.8,17.2
2025-09-03T02:00,13.3,0.00,0.00,0.00,9.1,17.8
2025-09-03T03:00,13.3,0.00,0.00,0.00,9.1,17.9
2025-09-03T04:00,13.5,0.00,0.00,0.00,9.2,17.5
2025-09-03T05:00,13.9,0.00,0.00,0.00,9.1,15.6
2025-09-03T06:00,14.7,0.00,0.00,0.00,8.9,14.1
2025-09-03T07:00,15.7,0.00,0.00,0.00,12.7,19.5
2025-09-03T08:00,16.5,0.00,0.00,0.00,12.8,19.7
2025-09-03T09:00,17.2,0.00,0.00,0.00,12.8,19.4
2025-09-03T10:00,17.8,0.00,0.00,0.00,12.5,18.8
2025-09-03T11:00,18.5,0.00,0.00,0.00,12.2,18.5
2025-09-03T12:00,19.2,0.00,0.00,0.00,12.3,19.0
2025-09-03T13:00,16.2,0.00,0.00,0.00,11.7,18.0
2025-09-03T14:00,16.5,0.00,0.00,0.00,10.8,16.4
2025-09-03T15:00,16.4,0.00,0.00,0.00,8.3,14.1
2025-09-03T16:00,15.8,0.00,0.00,0.00,4.9,11.3
2025-09-03T17:00,15.0,0.00,0.00,0.00,7.2,15.9
2025-09-03T18:00,13.8,0.00,0.00,0.00,9.5,19.5
2025-09-03T19:00,12.9,0.00,0.00,0.00,7.3,15.9
2025-09-03T20:00,12.3,0.00,0.00,0.00,4.4,11.6
2025-09-03T21:00,12.1,0.00,0.00,0.00,3.4,9.4
2025-09-03T22:00,12.1,0.00,0.00,0.00,4.1,8.3
2025-09-03T23:00,12.1,0.00,0.00,0.00,4.3,10.0
2025-09-04T00:00,12.2,0.00,0.00,0.00,5.1,12.4
2025-09-04T01:00,12.1,0.00,0.00,0.00,5.3,12.4
2025-09-04T02:00,12.1,0.00,0.00,0.00,5.9,13.5
2025-09-04T03:00,12.3,0.00,0.00,0.00,5.9,13.2
2025-09-04T04:00,12.5,0.00,0.00,0.00,6.4,13.6
2025-09-04T05:00,13.1,0.00,0.00,0.00,6.8,12.2
2025-09-04T06:00,13.6,0.00,0.00,0.00,7.7,12.8
2025-09-04T07:00,14.6,0.00,0.00,0.00,9.4,14.5
2025-09-04T08:00,15.3,0.10,0.00,0.00,10.2,15.8
2025-09-04T09:00,16.0,0.00,0.00,0.00,9.5,14.3
2025-09-04T10:00,17.0,0.00,0.00,0.00,7.8,11.8
2025-09-04T11:00,18.1,0.00,0.00,0.00,7.6,11.4
2025-09-04T12:00,18.5,0.00,0.00,0.00,9.6,14.4
2025-09-04T13:00,18.1,0.00,0.00,0.00,9.3,13.7
2025-09-04T14:00,17.8,0.00,0.00,0.00,8.3,13.4
2025-09-04T15:00,17.7,0.00,0.00,0.00,6.9,11.9
2025-09-04T16:00,16.9,0.00,0.00,0.00,7.5,16.0
2025-09-04T17:00,16.0,0.00,0.00,0.00,6.5,16.3
2025-09-04T18:00,15.2,0.00,0.00,0.00,6.9,17.1
2025-09-04T19:00,14.7,0.00,0.00,0.00,6.6,17.4
2025-09-04T20:00,14.1,0.00,0.00,0.00,6.2,16.4
2025-09-04T21:00,13.6,0.00,0.00,0.00,5.1,14.3
2025-09-04T22:00,13.2,0.00,0.00,0.00,4.0,10.7
2025-09-04T23:00,13.0,0.00,0.00,0.00,4.4,10.9
2025-09-05T00:00,12.6,0.00,0.00,0.00,5.0,11.8
2025-09-05T01:00,11.2,0.00,0.00,0.00,4.8,11.5
2025-09-05T02:00,10.7,0.00,0.00,0.00,4.6,11.9
2025-09-05T03:00,10.4,0.00,0.00,0.00,4.4,12.2
2025-09-05T04:00,10.9,0.00,0.00,0.00,5.4,13.9
2025-09-05T05:00,12.3,0.00,0.00,0.00,3.5,10.0
2025-09-05T06:00,14.0,0.00,0.00,0.00,3.1,5.7
2025-09-05T07:00,15.7,0.00,0.00,0.00,3.6,5.7
2025-09-05T08:00,16.9,0.00,0.00,0.00,4.3,6.5
2025-09-05T09:00,18.3,0.00,0.00,0.00,6.9,10.2
2025-09-05T10:00,19.0,0.00,0.00,0.00,5.3,7.8
2025-09-05T11:00,19.4,0.00,0.00,0.00,5.3,7.5
2025-09-05T12:00,19.8,0.00,0.00,0.00,5.5,8.1
2025-09-05T13:00,20.1,0.00,0.00,0.00,5.1,7.4
2025-09-05T14:00,19.9,0.00,0.00,0.00,6.0,9.4
2025-09-05T15:00,19.6,0.00,0.00,0.00,6.6,11.4
2025-09-05T16:00,18.9,0.00,0.00,0.00,5.9,12.8
2025-09-05T17:00,18.3,0.00,0.00,0.00,4.7,12.9
2025-09-05T18:00,17.6,0.00,0.00,0.00,6.3,15.7
2025-09-05T19:00,16.3,0.00,0.00,0.00,6.0,14.8
2025-09-05T20:00,15.4,0.00,0.00,0.00,4.8,13.2
2025-09-05T21:00,14.7,0.00,0.00,0.00,4.6,13.5
2025-09-05T22:00,14.3,0.00,0.00,0.00,5.7,14.8
2025-09-05T23:00,13.8,0.00,0.00,0.00,5.9,15.4
2025-09-06T00:00,13.3,0.00,0.00,0.00,5.4,14.5
2025-09-06T01:00,11.9,0.00,0.00,0.00,5.3,13.5
2025-09-06T02:00,11.3,0.00,0.00,0.00,4.8,13.2
2025-09-06T03:00,11.0,0.00,0.00,0.00,5.1,13.6
2025-09-06T04:00,11.3,0.00,0.00,0.00,5.0,13.5
2025-09-06T05:00,12.5,0.00,0.00,0.00,3.7,14.0
2025-09-06T06:00,14.3,0.00,0.00,0.00,3.0,7.4
2025-09-06T07:00,16.3,0.00,0.00,0.00,3.4,6.0
2025-09-06T08:00,17.9,0.00,0.00,0.00,6.6,10.1
2025-09-06T09:00,18.9,0.00,0.00,0.00,7.1,11.1
2025-09-06T10:00,19.8,0.00,0.00,0.00,7.8,11.6
2025-09-06T11:00,20.9,0.00,0.00,0.00,7.3,11.0
2025-09-06T12:00,21.0,0.00,0.00,0.00,6.8,10.2
2025-09-06T13:00,21.2,0.00,0.00,0.00,8.5,13.2
2025-09-06T14:00,20.9,0.00,0.00,0.00,6.9,11.9
2025-09-06T15:00,20.4,0.00,0.00,0.00,4.6,10.8
2025-09-06T16:00,19.0,0.00,0.00,0.00,7.2,16.3
2025-09-06T17:00,17.7,0.00,0.00,0.00,7.0,16.7
2025-09-06T18:00,16.7,0.00,0.00,0.00,6.8,16.4
2025-09-06T19:00,15.9,0.00,0.00,0.00,7.2,17.2
2025-09-06T20:00,15.4,0.00,0.00,0.00,6.1,15.9
2025-09-06T21:00,14.9,0.00,0.00,0.00,5.1,13.6
2025-09-06T22:00,14.3,0.00,0.00,0.00,5.6,13.6
2025-09-06T23:00,13.8,0.00,0.00,0.00,5.5,13.9
2025-09-07T00:00,13.4,0.00,0.00,0.00,5.8,14.6
2025-09-07T01:00,13.1,0.00,0.00,0.00,5.1,13.0
2025-09-07T02:00,12.7,0.00,0.00,0.00,5.7,13.9
2025-09-07T03:00,12.2,0.00,0.00,0.00,6.0,14.6
2025-09-07T04:00,12.4,0.00,0.00,0.00,6.2,14.2
2025-09-07T05:00,13.4,0.00,0.00,0.00,4.4,14.5
2025-09-07T06:00,14.9,0.00,0.00,0.00,3.9,7.4
2025-09-07T07:00,16.7,0.00,0.00,0.00,3.5,6.1
2025-09-07T08:00,18.5,0.00,0.00,0.00,4.3,6.9
2025-09-07T09:00,19.9,0.00,0.00,0.00,6.7,10.2
2025-09-07T10:00,20.7,0.00,0.00,0.00,6.8,10.4
2025-09-07T11:00,21.2,0.00,0.00,0.00,7.5,11.3
2025-09-07T12:00,21.8,0.00,0.00,0.00,8.4,13.0
2025-09-07T13:00,22.3,0.00,0.00,0.00,7.1,11.3
2025-09-07T14:00,22.2,0.00,0.00,0.00,7.2,12.7
2025-09-07T15:00,21.1,0.00,0.00,0.00,8.2,16.5
2025-09-07T16:00,19.5,0.00,0.00,0.00,9.9,21.1
2025-09-07T17:00,18.3,0.00,0.00,0.00,9.6,21.2
2025-09-07T18:00,17.3,0.00,0.00,0.00,8.0,18.9
2025-09-07T19:00,16.5,0.00,0.00,0.00,7.0,17.1
2025-09-07T20:00,15.9,0.00,0.00,0.00,7.1,17.0
2025-09-07T21:00,15.3,0.00,0.00,0.00,7.0,16.5
2025-09-07T22:00,14.7,0.00,0.00,0.00,6.5,15.4
2025-09-07T23:00,14.2,0.00,0.00,0.00,6.0,14.5
2025-09-08T00:00,13.7,0.00,0.00,0.00,5.2,13.2
2025-09-08T01:00,12.6,0.00,0.00,0.00,5.4,13.1
2025-09-08T02:00,12.2,0.00,0.00,0.00,5.5,13.8
2025-09-08T03:00,12.0,0.00,0.00,0.00,5.4,13.6
2025-09-08T04:00,12.3,0.00,0.00,0.00,6.0,14.2
2025-09-08T05:00,13.4,0.00,0.00,0.00,4.8,16.4
2025-09-08T06:00,15.1,0.00,0.00,0.00,3.6,9.4
2025-09-08T07:00,17.1,0.00,0.00,0.00,3.7,6.8
2025-09-08T08:00,18.8,0.00,0.00,0.00,5.2,8.2
2025-09-08T09:00,20.2,0.00,0.00,0.00,8.7,13.3
2025-09-08T10:00,20.9,0.00,0.00,0.00,8.0,12.0
2025-09-08T11:00,21.4,0.00,0.00,0.00,7.7,11.5
2025-09-08T12:00,21.8,0.00,0.00,0.00,7.7,11.4
2025-09-08T13:00,22.0,0.00,0.00,0.00,6.5,9.9
2025-09-08T14:00,21.9,0.00,0.00,0.00,6.7,11.1
2025-09-08T15:00,21.2,0.00,0.00,0.00,7.8,14.5
2025-09-08T16:00,19.9,0.00,0.00,0.00,8.0,17.6
2025-09-08T17:00,18.5,0.00,0.00,0.00,9.7,21.2
2025-09-08T18:00,17.4,0.00,0.00,0.00,7.7,18.5
2025-09-08T19:00,16.7,0.00,0.00,0.00,6.2,16.5
2025-09-08T20:00,16.1,0.00,0.00,0.00,5.7,15.1
2025-09-08T21:00,15.4,0.00,0.00,0.00,4.4,13.8
2025-09-08T22:00,14.6,0.00,0.00,0.00,4.2,13.3
2025-09-08T23:00,14.0,0.00,0.00,0.00,3.9,12.8
2025-09-09T00:00,13.6,0.00,0.00,0.00,3.4,11.4
2025-09-09T01:00,12.1,0.00,0.00,0.00,4.3,11.8
2025-09-09T02:00,12.1,0.00,0.00,0.00,4.9,13.4
2025-09-09T03:00,11.8,0.00,0.00,0.00,4.9,14.2
2025-09-09T04:00,12.2,0.00,0.00,0.00,5.0,13.9
2025-09-09T05:00,13.6,0.00,0.00,0.00,5.4,15.1
2025-09-09T06:00,15.5,0.00,0.00,0.00,3.1,14.6
2025-09-09T07:00,17.6,0.00,0.00,0.00,3.3,6.2
2025-09-09T08:00,19.5,0.00,0.00,0.00,3.9,6.3
2025-09-09T09:00,20.9,0.00,0.00,0.00,5.9,8.9
2025-09-09T10:00,21.7,0.00,0.00,0.00,7.9,11.8
2025-09-09T11:00,22.0,0.00,0.00,0.00,8.5,12.7
2025-09-09T12:00,22.1,0.00,0.00,0.00,8.5,12.8
2025-09-09T13:00,22.7,0.00,0.00,0.00,7.4,11.3
2025-09-09T14:00,22.4,0.00,0.00,0.00,6.7,11.2
2025-09-09T15:00,21.6,0.00,0.00,0.00,7.4,14.1
2025-09-09T16:00,20.1,0.00,0.00,0.00,8.9,19.0
2025-09-09T17:00,18.6,0.00,0.00,0.00,10.5,22.2
2025-09-09T18:00,17.2,0.00,0.00,0.00,9.5,21.1
2025-09-09T19:00,16.1,0.00,0.00,0.00,9.2,20.5
2025-09-09T20:00,15.1,0.00,0.00,0.00,8.6,19.5
2025-09-09T21:00,14.3,0.00,0.00,0.00,8.1,18.2
2025-09-09T22:00,13.7,0.00,0.00,0.00,7.6,17.1
2025-09-09T23:00,13.0,0.00,0.00,0.00,7.2,16.3
2025-09-10T00:00,12.4,0.00,0.00,0.00,6.9,15.7
2025-09-10T01:00,11.1,0.00,0.00,0.00,6.7,14.9
2025-09-10T02:00,10.5,0.00,0.00,0.00,6.7,15.0
2025-09-10T03:00,10.1,0.00,0.00,0.00,6.9,15.1
2025-09-10T04:00,10.2,0.00,0.00,0.00,6.5,15.3
2025-09-10T05:00,11.0,0.00,0.00,0.00,5.7,12.1
2025-09-10T06:00,12.3,0.00,0.00,0.00,5.3,8.9
2025-09-10T07:00,13.9,0.00,0.00,0.00,5.1,7.9
2025-09-10T08:00,15.3,0.00,0.00,0.00,5.6,8.5
2025-09-10T09:00,16.5,0.00,0.00,0.00,6.5,9.8
2025-09-10T10:00,17.3,0.00,0.00,0.00,6.4,9.7
2025-09-10T11:00,18.0,0.00,0.00,0.00,6.0,8.9
2025-09-10T12:00,18.4,0.00,0.00,0.00,5.1,7.7
2025-09-10T13:00,19.6,0.00,0.00,0.00,4.8,7.3
2025-09-10T14:00,19.4,0.00,0.00,0.00,4.6,7.2
2025-09-10T15:00,18.9,0.00,0.00,0.00,3.9,8.5
2025-09-10T16:00,17.5,0.00,0.00,0.00,2.5,9.2
2025-09-10T17:00,16.5,0.00,0.00,0.00,3.1,10.0
2025-09-10T18:00,15.7,0.00,0.00,0.00,2.6,9.1
2025-09-10T19:00,15.1,0.00,0.00,0.00,2.1,8.2
2025-09-10T20:00,14.5,0.00,0.00,0.00,1.8,7.1
2025-09-10T21:00,13.8,0.00,0.00,0.00,0.7,4.4
2025-09-10T22:00,12.9,0.00,0.00,0.00,1.0,1.0
2025-09-10T23:00,12.1,0.00,0.00,0.00,1.5,2.2
2025-09-11T00:00,11.4,0.00,0.00,0.00,1.9,3.7
2025-09-11T01:00,9.2,0.00,0.00,0.00,0.4,2.6
2025-09-11T02:00,8.4,0.00,0.00,0.00,1.4,5.3
2025-09-11T03:00,7.9,0.00,0.00,0.00,1.5,7.2
2025-09-11T04:00,8.2,0.00,0.00,0.00,3.2,7.9
2025-09-11T05:00,9.1,0.00,0.00,0.00,2.2,8.6
2025-09-11T06:00,11.5,0.00,0.00,0.00,2.0,9.3
2025-09-11T07:00,14.6,0.00,0.00,0.00,1.6,5.1
2025-09-11T08:00,17.0,0.00,0.00,0.00,2.3,4.0
2025-09-11T09:00,18.4,0.00,0.00,0.00,3.0,4.5
2025-09-11T10:00,19.2,0.00,0.00,0.00,2.8,4.4
2025-09-11T11:00,19.8,0.00,0.00,0.00,2.5,3.8
2025-09-11T12:00,20.2,0.00,0.00,0.00,1.8,2.9
2025-09-11T13:00,21.0,0.00,0.00,0.00,2.4,3.6
2025-09-11T14:00,20.9,0.00,0.00,0.00,3.2,5.3
2025-09-11T15:00,20.4,0.00,0.00,0.00,3.8,9.0
2025-09-11T16:00,19.4,0.00,0.00,0.00,6.1,13.8
2025-09-11T17:00,18.0,0.00,0.00,0.00,7.7,18.2
2025-09-11T18:00,17.0,0.00,0.00,0.00,5.2,15.5
2025-09-11T19:00,16.3,0.00,0.00,0.00,5.7,16.2
2025-09-11T20:00,15.7,0.00,0.00,0.00,6.7,17.3
2025-09-11T21:00,15.2,0.00,0.00,0.00,7.1,17.3
2025-09-11T22:00,14.6,0.00,0.00,0.00,7.0,16.8
2025-09-11T23:00,14.0,0.00,0.00,0.00,7.6,17.1
2025-09-12T00:00,13.4,0.00,0.00,0.00,7.8,17.3
2025-09-12T01:00,11.9,0.00,0.00,0.00,9.0,19.3
2025-09-12T02:00,11.6,0.00,0.00,0.00,9.4,19.8
2025-09-12T03:00,11.5,0.00,0.00,0.00,9.6,19.5
2025-09-12T04:00,11.6,0.00,0.00,0.00,10.1,19.4
2025-09-12T05:00,11.9,0.00,0.00,0.00,11.0,18.0
2025-09-12T06:00,12.9,0.00,0.00,0.00,11.8,18.2
2025-09-12T07:00,14.3,0.00,0.00,0.00,12.2,18.4
2025-09-12T08:00,15.4,0.00,0.00,0.00,11.5,17.6
2025-09-12T09:00,16.1,0.00,0.00,0.00,10.6,16.0
2025-09-12T10:00,16.4,0.00,0.00,0.00,9.2,14.0
2025-09-12T11:00,16.9,0.00,0.00,0.00,8.5,12.7
2025-09-12T12:00,17.2,0.00,0.00,0.00,8.6,12.9
2025-09-12T13:00,17.5,0.00,0.00,0.00,8.7,13.2
2025-09-12T14:00,17.3,0.00,0.00,0.00,8.3,13.2
2025-09-12T15:00,16.7,0.00,0.00,0.00,6.2,12.4
2025-09-12T16:00,15.8,0.00,0.00,0.00,5.1,13.6
2025-09-12T17:00,15.0,0.00,0.00,0.00,6.1,14.6
2025-09-12T18:00,14.0,0.00,0.00,0.00,6.2,15.2
2025-09-12T19:00,13.2,0.00,0.00,0.00,6.3,15.4
2025-09-12T20:00,12.5,0.00,0.00,0.00,7.5,17.2
2025-09-12T21:00,11.9,0.00,0.00,0.00,7.8,18.0
2025-09-12T22:00,11.2,0.00,0.00,0.00,7.8,17.6
2025-09-12T23:00,10.6,0.00,0.00,0.00,7.0,16.2
2025-09-13T00:00,10.1,0.00,0.00,0.00,6.9,15.4
2025-09-13T01:00,8.2,0.00,0.00,0.00,7.0,16.0
2025-09-13T02:00,7.8,0.00,0.00,0.00,7.1,16.4
2025-09-13T03:00,7.5,0.00,0.00,0.00,6.6,15.5
2025-09-13T04:00,7.6,0.00,0.00,0.00,6.0,14.1
2025-09-13T05:00,8.6,0.00,0.00,0.00,3.9,13.4
2025-09-13T06:00,10.0,0.00,0.00,0.00,3.5,6.4
2025-09-13T07:00,11.9,0.00,0.00,0.00,3.8,6.2
2025-09-13T08:00,13.7,0.00,0.00,0.00,5.1,7.7
2025-09-13T09:00,14.9,0.00,0.00,0.00,7.5,11.3
2025-09-13T10:00,15.7,0.00,0.00,0.00,7.8,11.9
2025-09-13T11:00,16.3,0.00,0.00,0.00,7.0,10.6
2025-09-13T12:00,16.7,0.00,0.00,0.00,7.4,11.0
2025-09-13T13:00,17.4,0.00,0.00,0.00,8.9,13.8
2025-09-13T14:00,17.1,0.00,0.00,0.00,8.0,13.2
2025-09-13T15:00,16.4,0.00,0.00,0.00,6.2,12.7
2025-09-13T16:00,15.4,0.00,0.00,0.00,5.9,13.5
2025-09-13T17:00,14.6,0.00,0.00,0.00,6.9,15.9
2025-09-13T18:00,13.9,0.00,0.00,0.00,6.3,15.5
2025-09-13T19:00,13.2,0.00,0.00,0.00,6.9,16.2
2025-09-13T20:00,12.5,0.00,0.00,0.00,7.1,16.8
2025-09-13T21:00,11.9,0.00,0.00,0.00,7.2,17.1
2025-09-13T22:00,11.4,0.00,0.00,0.00,7.0,16.7
2025-09-13T23:00,11.0,0.00,0.00,0.00,6.7,16.2
2025-09-14T00:00,10.5,0.00,0.00,0.00,6.1,15.3
2025-09-14T01:00,8.8,0.00,0.00,0.00,5.0,13.5
2025-09-14T02:00,8.4,0.00,0.00,0.00,5.4,14.1
2025-09-14T03:00,8.1,0.00,0.00,0.00,5.5,14.2
2025-09-14T04:00,8.1,0.00,0.00,0.00,5.6,14.2
2025-09-14T05:00,9.0,0.00,0.00,0.00,4.7,15.3
2025-09-14T06:00,10.5,0.00,0.00,0.00,3.5,11.3
2025-09-14T07:00,12.5,0.00,0.00,0.00,3.9,7.0
2025-09-14T08:00,14.4,0.00,0.00,0.00,4.8,7.6
2025-09-14T09:00,15.9,0.00,0.00,0.00,6.4,9.7
2025-09-14T10:00,16.8,0.00,0.00,0.00,7.7,11.6
2025-09-14T11:00,17.3,0.00,0.00,0.00,7.5,11.2
2025-09-14T12:00,17.6,0.00,0.00,0.00,7.3,11.0
2025-09-14T13:00,18.3,0.00,0.00,0.00,6.8,10.4
2025-09-14T14:00,18.0,0.00,0.00,0.00,6.8,11.5
2025-09-14T15:00,17.2,0.00,0.00,0.00,5.4,12.2
2025-09-14T16:00,16.0,0.00,0.00,0.00,4.8,13.4
2025-09-14T17:00,15.2,0.00,0.00,0.00,6.7,15.9
2025-09-14T18:00,14.3,0.00,0.00,0.00,7.3,17.5
2025-09-14T19:00,13.5,0.00,0.00,0.00,7.3,17.5
2025-09-14T20:00,12.8,0.00,0.00,0.00,7.1,17.4
2025-09-14T21:00,12.2,0.00,0.00,0.00,7.0,17.1
2025-09-14T22:00,11.8,0.00,0.00,0.00,7.2,17.6
2025-09-14T23:00,11.4,0.00,0.00,0.00,7.4,18.1
2025-09-15T00:00,10.9,0.00,0.00,0.00,7.5,18.1
2025-09-15T01:00,8.7,0.00,0.00,0.00,7.2,17.5
2025-09-15T02:00,8.3,0.00,0.00,0.00,7.0,17.1
2025-09-15T03:00,8.0,0.00,0.00,0.00,7.0,16.9
2025-09-15T04:00,8.3,0.00,0.00,0.00,7.3,16.9
2025-09-15T05:00,9.4,0.00,0.00,0.00,7.8,19.4
2025-09-15T06:00,11.1,0.00,0.00,0.00,4.9,18.5
2025-09-15T07:00,13.2,0.00,0.00,0.00,5.2,10.3
2025-09-15T08:00,15.6,0.00,0.00,0.00,6.0,10.0
2025-09-15T09:00,17.5,0.00,0.00,0.00,7.0,11.3
2025-09-15T10:00,19.0,0.00,0.00,0.00,8.4,13.0
2025-09-15T11:00,20.1,0.00,0.00,0.00,9.5,15.1
2025-09-15T12:00,20.6,0.00,0.00,0.00,10.4,16.5
2025-09-15T13:00,21.5,0.00,0.00,0.00,8.7,15.0
2025-09-15T14:00,21.0,0.00,0.00,0.00,7.0,14.4
2025-09-15T15:00,19.7,0.00,0.00,0.00,7.3,16.6
2025-09-15T16:00,18.2,0.00,0.00,0.00,9.7,21.6
2025-09-15T17:00,17.2,0.00,0.00,0.00,11.0,24.3
2025-09-15T18:00,16.3,0.00,0.00,0.00,11.2,24.5
2025-09-15T19:00,15.4,0.00,0.00,0.00,10.1,22.8
2025-09-15T20:00,14.6,0.00,0.00,0.00,10.2,22.9
2025-09-15T21:00,14.2,0.00,0.00,0.00,10.8,24.4
2025-09-15T22:00,13.8,0.00,0.00,0.00,10.8,24.3
2025-09-15T23:00,13.3,0.00,0.00,0.00,10.1,23.2
2025-09-16T00:00,12.9,0.00,0.00,0.00,9.8,22.7
2025-09-16T01:00,11.9,0.00,0.00,0.00,9.5,22.3
2025-09-16T02:00,11.6,0.00,0.00,0.00,8.6,20.9
2025-09-16T03:00,11.3,0.00,0.00,0.00,8.1,20.0
2025-09-16T04:00,11.4,0.00,0.00,0.00,8.1,19.3
2025-09-16T05:00,12.5,0.00,0.00,0.00,8.0,19.7
2025-09-16T06:00,13.9,0.00,0.00,0.00,6.9,19.4
2025-09-16T07:00,15.6,0.00,0.00,0.00,7.4,13.2
2025-09-16T08:00,17.4,0.00,0.00,0.00,7.8,12.6
2025-09-16T09:00,18.9,0.00,0.00,0.00,9.0,14.2
2025-09-16T10:00,20.3,0.00,0.00,0.00,10.2,16.2
2025-09-16T11:00,21.3,0.00,0.00,0.00,12.2,19.5
2025-09-16T12:00,21.6,0.00,0.00,0.00,13.5,21.7
2025-09-16T13:00,21.8,0.00,0.00,0.00,10.8,19.1
2025-09-16T14:00,21.1,0.00,0.00,0.00,10.3,19.3
2025-09-16T15:00,19.9,0.00,0.00,0.00,9.9,20.4
2025-09-16T16:00,18.2,0.00,0.00,0.00,9.8,22.0
2025-09-16T17:00,17.1,0.00,0.00,0.00,11.7,24.9
2025-09-16T18:00,16.5,0.00,0.00,0.00,11.7,25.4
2025-09-16T19:00,15.8,0.00,0.00,0.00,11.4,25.2
2025-09-16T20:00,15.2,0.00,0.00,0.00,11.2,25.0
2025-09-16T21:00,14.7,0.00,0.00,0.00,11.6,25.8
2025-09-16T22:00,14.3,0.00,0.00,0.00,12.0,26.7
2025-09-16T23:00,14.0,0.00,0.00,0.00,12.3,27.0
2025-09-17T00:00,13.6,0.00,0.00,0.00,12.4,26.9
2025-09-17T01:00,12.2,0.00,0.00,0.00,11.6,26.2
2025-09-17T02:00,12.0,0.00,0.00,0.00,11.7,26.4
2025-09-17T03:00,11.8,0.00,0.00,0.00,11.8,26.3
2025-09-17T04:00,11.9,0.00,0.00,0.00,11.9,25.9
2025-09-17T05:00,12.7,0.00,0.00,0.00,9.7,21.6
2025-09-17T06:00,13.4,0.00,0.00,0.00,7.3,19.5
2025-09-17T07:00,14.5,0.00,0.00,0.00,9.6,17.2
2025-09-17T08:00,15.8,0.00,0.00,0.00,10.3,17.4
2025-09-17T09:00,16.9,0.00,0.00,0.00,10.2,16.5
2025-09-17T10:00,17.6,0.00,0.00,0.00,10.9,17.5
2025-09-17T11:00,18.4,0.00,0.00,0.00,10.8,17.3
2025-09-17T12:00,19.3,0.00,0.00,0.00,10.4,16.7
2025-09-17T13:00,20.8,0.00,0.00,0.00,13.0,22.5
2025-09-17T14:00,20.2,0.00,0.00,0.00,11.2,20.6
2025-09-17T15:00,19.0,0.00,0.00,0.00,9.1,19.4
2025-09-17T16:00,17.5,0.00,0.00,0.00,10.3,22.8
2025-09-17T17:00,16.6,0.00,0.00,0.00,11.8,25.6
2025-09-17T18:00,15.7,0.00,0.00,0.00,11.1,24.9
2025-09-17T19:00,15.0,0.00,0.00,0.00,10.6,23.9
2025-09-17T20:00,14.1,0.00,0.00,0.00,5.6,15.3
2025-09-17T21:00,13.2,0.00,0.00,0.00,4.2,13.0
2025-09-17T22:00,12.7,0.00,0.00,0.00,5.2,13.7
2025-09-17T23:00,12.2,0.00,0.00,0.00,6.6,15.3
2025-09-18T00:00,11.9,0.00,0.00,0.00,6.9,16.3
2025-09-18T01:00,10.1,0.00,0.00,0.00,5.9,15.2
2025-09-18T02:00,9.6,0.00,0.00,0.00,5.5,14.4
2025-09-18T03:00,9.4,0.00,0.00,0.00,6.4,15.6
2025-09-18T04:00,9.4,0.00,0.00,0.00,7.8,18.2
2025-09-18T05:00,10.3,0.00,0.00,0.00,8.4,19.2
2025-09-18T06:00,11.3,0.00,0.00,0.00,7.4,26.0
2025-09-18T07:00,12.4,0.00,0.00,0.00,7.0,14.4
2025-09-18T08:00,13.7,0.00,0.00,0.00,7.2,11.7
2025-09-18T09:00,15.0,0.00,0.00,0.00,7.5,11.7
2025-09-18T10:00,16.2,0.00,0.00,0.00,8.3,13.2
2025-09-18T11:00,17.2,0.00,0.00,0.00,9.0,14.2
2025-09-18T12:00,18.0,0.00,0.00,0.00,8.9,14.1
2025-09-18T13:00,19.2,0.00,0.00,0.00,12.6,22.2
2025-09-18T14:00,18.5,0.00,0.00,0.00,11.2,20.9
2025-09-18T15:00,17.7,0.00,0.00,0.00,11.2,21.9
2025-09-18T16:00,16.7,0.00,0.00,0.00,9.4,20.3
2025-09-18T17:00,15.8,0.00,0.00,0.00,8.1,18.7
2025-09-18T18:00,14.7,0.00,0.00,0.00,8.6,17.9
2025-09-18T19:00,13.7,0.00,0.00,0.00,7.6,14.4
2025-09-18T20:00,12.9,0.40,0.00,0.00,6.2,12.2
2025-09-18T21:00,12.4,0.50,0.00,0.00,6.9,14.1
2025-09-18T22:00,12.1,0.50,0.00,0.00,6.8,13.9
2025-09-18T23:00,11.9,0.40,0.00,0.00,6.4,13.6
2025-09-19T00:00,11.3,0.10,0.00,0.00,7.2,16.4
2025-09-19T01:00,10.9,0.00,0.00,0.00,7.7,16.5
2025-09-19T02:00,10.7,0.00,0.00,0.00,8.3,16.2
2025-09-19T03:00,10.6,0.00,0.00,0.00,9.5,16.2
2025-09-19T04:00,10.5,0.00,0.00,0.00,9.1,14.4
2025-09-19T05:00,10.7,0.00,0.00,0.00,8.9,13.5
2025-09-19T06:00,11.2,0.00,0.00,0.00,9.8,14.6
2025-09-19T07:00,12.0,0.00,0.00,0.00,11.3,17.2
2025-09-19T08:00,13.3,0.00,0.00,0.00,12.9,19.9
2025-09-19T09:00,13.5,0.10,0.00,0.00,12.4,19.8
2025-09-19T10:00,14.4,0.10,0.00,0.00,14.5,22.8
2025-09-19T11:00,14.3,0.70,0.00,0.00,10.9,18.4
2025-09-19T12:00,14.9,0.10,0.00,0.00,8.7,17.0
2025-09-19T13:00,14.1,1.40,0.00,0.00,12.1,22.0
2025-09-19T14:00,14.3,0.10,0.00,0.00,11.4,20.8
2025-09-19T15:00,14.3,0.00,0.00,0.00,10.1,18.9
2025-09-19T16:00,13.5,0.00,0.00,0.00,10.4,20.5
2025-09-19T17:00,13.0,0.00,0.00,0.00,11.0,21.4
2025-09-19T18:00,12.6,0.30,0.00,0.00,10.5,20.0
2025-09-19T19:00,12.2,0.40,0.00,0.00,8.9,18.1
2025-09-19T20:00,12.2,0.20,0.00,0.00,11.3,21.4
2025-09-19T21:00,12.3,0.10,0.00,0.00,12.2,22.4
2025-09-19T22:00,12.2,0.00,0.00,0.00,10.3,19.7
2025-09-19T23:00,12.2,0.00,0.00,0.00,11.2,20.8
2025-09-20T00:00,12.0,0.00,0.00,0.00,11.9,21.7
2025-09-20T01:00,12.0,0.30,0.00,0.00,11.9,22.9
2025-09-20T02:00,11.8,0.00,0.00,0.00,13.9,25.7
2025-09-20T03:00,11.2,0.00,0.00,0.00,12.9,24.2
2025-09-20T04:00,10.7,0.00,0.00,0.00,12.4,23.6
2025-09-20T05:00,11.1,0.00,0.00,0.00,16.4,27.2
2025-09-20T06:00,11.9,0.00,0.00,0.00,15.8,25.4
2025-09-20T07:00,12.6,0.00,0.00,0.00,15.4,24.3
2025-09-20T08:00,13.9,0.00,0.00,0.00,15.7,24.6
2025-09-20T09:00,14.5,0.00,0.00,0.00,14.5,23.1
2025-09-20T10:00,15.1,0.00,0.00,0.00,13.4,21.3
2025-09-20T11:00,15.5,0.00,0.00,0.00,12.5,20.3
2025-09-20T12:00,16.0,0.00,0.00,0.00,12.9,20.5
2025-09-20T13:00,15.6,0.00,0.00,0.00,12.2,19.6
2025-09-20T14:00,15.7,0.00,0.00,0.00,8.3,15.2
2025-09-20T15:00,15.1,0.00,0.00,0.00,8.1,16.5
2025-09-20T16:00,14.1,0.00,0.00,0.00,10.0,21.1
2025-09-20T17:00,13.7,0.00,0.00,0.00,11.0,23.3
2025-09-20T18:00,13.1,0.00,0.00,0.00,11.3,23.6
2025-09-20T19:00,13.1,0.00,0.00,0.00,12.6,25.4
2025-09-20T20:00,13.1,0.00,0.00,0.00,12.4,25.0
2025-09-20T21:00,13.5,0.00,0.00,0.00,12.2,23.9
2025-09-20T22:00,13.5,0.00,0.00,0.00,12.1,24.5
2025-09-20T23:00,13.5,0.00,0.00,0.00,11.7,24.4
2025-09-21T00:00,13.6,0.00,0.00,0.00,10.7,23.0
2025-09-21T01:00,13.3,0.00,0.00,0.00,10.5,21.9
2025-09-21T02:00,13.5,0.00,0.00,0.00,10.6,22.0
2025-09-21T03:00,13.8,0.00,0.00,0.00,10.6,22.0
2025-09-21T04:00,14.0,0.00,0.00,0.00,10.7,22.5
2025-09-21T05:00,14.6,0.00,0.00,0.00,11.0,21.3
2025-09-21T06:00,15.6,0.00,0.00,0.00,9.7,17.3
2025-09-21T07:00,16.6,0.00,0.00,0.00,10.1,16.5
2025-09-21T08:00,17.8,0.00,0.00,0.00,10.5,16.7
2025-09-21T09:00,19.3,0.00,0.00,0.00,16.0,24.8
2025-09-21T10:00,21.0,0.00,0.00,0.00,14.6,23.9
2025-09-21T11:00,21.6,0.00,0.00,0.00,12.7,20.5
2025-09-21T12:00,21.5,0.00,0.00,0.00,11.4,18.2
2025-09-21T13:00,21.0,0.00,0.00,0.00,6.6,13.4
2025-09-21T14:00,20.6,0.00,0.00,0.00,8.3,16.4
2025-09-21T15:00,19.8,0.00,0.00,0.00,8.7,18.5
2025-09-21T16:00,18.8,0.00,0.00,0.00,8.9,20.5
2025-09-21T17:00,18.2,0.00,0.00,0.00,9.0,21.1
2025-09-21T18:00,17.9,0.00,0.00,0.00,9.2,21.5
2025-09-21T19:00,17.7,0.00,0.00,0.00,9.6,22.0
2025-09-21T20:00,17.4,0.00,0.00,0.00,9.4,21.7
2025-09-21T21:00,17.1,0.00,0.00,0.00,9.6,22.0
2025-09-21T22:00,16.8,0.00,0.00,0.00,9.5,21.3
2025-09-21T23:00,16.4,0.00,0.00,0.00,9.4,21.3
2025-09-22T00:00,16.0,0.00,0.00,0.00,8.9,21.6
2025-09-22T01:00,15.4,0.00,0.00,0.00,9.1,21.9
2025-09-22T02:00,15.2,0.00,0.00,0.00,9.1,21.7
2025-09-22T03:00,15.1,0.00,0.00,0.00,10.4,23.7
2025-09-22T04:00,15.2,0.00,0.00,0.00,11.4,24.9
2025-09-22T05:00,16.4,0.00,0.00,0.00,11.7,23.3
2025-09-22T06:00,17.5,0.00,0.00,0.00,9.3,25.1
2025-09-22T07:00,19.1,0.00,0.00,0.00,9.6,16.8
2025-09-22T08:00,20.6,0.00,0.00,0.00,10.7,17.6
2025-09-22T09:00,22.0,0.00,0.00,0.00,11.8,18.9
2025-09-22T10:00,23.3,0.00,0.00,0.00,12.9,20.8
2025-09-22T11:00,24.2,0.00,0.00,0.00,14.9,24.6
2025-09-22T12:00,24.6,0.00,0.00,0.00,15.5,26.4
2025-09-22T13:00,25.6,0.00,0.00,0.00,15.2,27.5
2025-09-22T14:00,25.0,0.00,0.00,0.00,15.1,28.5
2025-09-22T15:00,24.0,0.00,0.00,0.00,16.6,31.9
2025-09-22T16:00,23.0,0.00,0.00,0.00,16.7,32.4
2025-09-22T17:00,22.3,0.00,0.00,0.00,16.0,31.2
2025-09-22T18:00,21.7,0.00,0.00,0.00,15.4,30.1
2025-09-22T19:00,21.0,0.00,0.00,0.00,14.6,28.9
2025-09-22T20:00,20.4,0.00,0.00,0.00,13.6,27.6
2025-09-22T21:00,19.7,0.00,0.00,0.00,12.7,26.0
2025-09-22T22:00,19.1,0.00,0.00,0.00,11.6,24.1
2025-09-22T23:00,18.2,0.00,0.00,0.00,9.4,20.6
2025-09-23T00:00,17.5,0.00,0.00,0.00,8.3,18.8
2025-09-23T01:00,16.8,0.00,0.00,0.00,9.2,20.6
2025-09-23T02:00,16.5,0.00,0.00,0.00,10.9,23.1
2025-09-23T03:00,16.3,0.00,0.00,0.00,10.2,21.4
2025-09-23T04:00,16.0,0.00,0.00,0.00,10.1,20.8
2025-09-23T05:00,16.1,0.00,0.00,0.00,8.6,17.2
2025-09-23T06:00,16.2,0.00,0.00,0.00,6.9,11.4
2025-09-23T07:00,16.2,0.00,0.00,0.00,7.8,12.2
2025-09-23T08:00,15.9,0.00,0.00,0.00,6.6,10.2
2025-09-23T09:00,15.8,0.10,0.00,0.00,7.3,11.4
2025-09-23T10:00,15.4,0.10,0.00,0.00,6.2,10.0
2025-09-23T11:00,15.3,0.20,0.00,0.00,9.8,15.9
2025-09-23T12:00,14.5,0.10,0.00,0.00,10.1,16.9
2025-09-23T13:00,13.2,0.00,0.00,0.00,8.6,14.0
2025-09-23T14:00,13.0,0.00,0.00,0.00,8.8,14.5
2025-09-23T15:00,12.4,0.20,0.00,0.00,8.7,15.4
2025-09-23T16:00,11.8,0.40,0.00,0.00,8.5,15.2
2025-09-23T17:00,11.5,0.10,0.00,0.00,9.3,17.1
2025-09-23T18:00,11.3,0.00,0.00,0.00,9.8,17.7
2025-09-23T19:00,11.2,0.00,0.00,0.00,8.9,16.3
2025-09-23T20:00,11.1,0.00,0.00,0.00,8.8,16.3
2025-09-23T21:00,10.9,0.00,0.00,0.00,9.1,17.1
2025-09-23T22:00,10.3,0.00,0.00,0.00,8.9,17.3
2025-09-23T23:00,9.7,0.00,0.00,0.00,9.0,17.8
2025-09-24T00:00,9.2,0.00,0.00,0.00,8.6,17.5
2025-09-24T01:00,7.9,0.00,0.00,0.00,9.3,19.3
2025-09-24T02:00,7.6,0.00,0.00,0.00,9.9,20.5
2025-09-24T03:00,7.3,0.00,0.00,0.00,10.7,22.0
2025-09-24T04:00,7.1,0.00,0.00,0.00,11.9,23.2
2025-09-24T05:00,7.5,0.00,0.00,0.00,12.1,21.0
2025-09-24T06:00,8.2,0.00,0.00,0.00,17.3,27.8
2025-09-24T07:00,8.9,0.00,0.00,0.00,16.4,26.0
2025-09-24T08:00,9.4,0.00,0.00,0.00,17.2,27.1
2025-09-24T09:00,9.6,0.00,0.00,0.00,15.1,23.8
2025-09-24T10:00,10.2,0.10,0.00,0.00,15.4,24.4
2025-09-24T11:00,11.0,0.00,0.00,0.00,15.6,24.5
2025-09-24T12:00,11.2,0.00,0.00,0.00,15.3,24.3
2025-09-24T13:00,10.7,0.00,0.00,0.00,14.5,22.5
2025-09-24T14:00,10.5,0.00,0.00,0.00,13.0,22.6
2025-09-24T15:00,9.5,0.00,0.00,0.00,13.3,24.3
2025-09-24T16:00,8.7,0.00,0.00,0.00,12.4,23.3
2025-09-24T17:00,8.2,0.00,0.00,0.00,12.8,24.2
2025-09-24T18:00,7.4,0.00,0.00,0.00,12.3,23.2
2025-09-24T19:00,6.8,0.00,0.00,0.00,12.8,24.2
2025-09-24T20:00,6.4,0.00,0.00,0.00,12.6,24.1
2025-09-24T21:00,6.1,0.00,0.00,0.00,12.7,24.1
2025-09-24T22:00,6.1,0.00,0.00,0.00,12.8,24.3
2025-09-24T23:00,6.1,0.00,0.00,0.00,12.4,24.0
2025-09-25T00:00,6.3,0.00,0.00,0.00,12.1,23.2
2025-09-25T01:00,6.3,0.00,0.00,0.00,11.9,22.7
2025-09-25T02:00,6.5,0.00,0.00,0.00,12.0,22.3
2025-09-25T03:00,6.5,0.00,0.00,0.00,11.3,21.4
2025-09-25T04:00,6.7,0.00,0.00,0.00,11.2,20.9
2025-09-25T05:00,7.0,0.00,0.00,0.00,11.8,21.3
2025-09-25T06:00,7.3,0.00,0.00,0.00,11.8,19.8
2025-09-25T07:00,7.7,0.10,0.00,0.00,14.1,22.9
2025-09-25T08:00,7.9,0.10,0.00,0.00,14.8,23.8
2025-09-25T09:00,9.0,0.10,0.00,0.00,15.1,24.2
2025-09-25T10:00,9.7,0.10,0.00,0.00,15.8,24.9
2025-09-25T11:00,10.1,0.00,0.00,0.00,14.7,23.5
2025-09-25T12:00,10.5,0.00,0.00,0.00,13.7,22.2
2025-09-25T13:00,9.9,0.00,0.00,0.00,14.1,22.5
2025-09-25T14:00,10.0,0.00,0.00,0.00,12.3,21.5
2025-09-25T15:00,9.6,0.00,0.00,0.00,10.1,18.6
2025-09-25T16:00,9.4,0.00,0.00,0.00,9.5,18.5
2025-09-25T17:00,9.2,0.00,0.00,0.00,10.0,19.6
2025-09-25T18:00,8.5,0.00,0.00,0.00,9.8,19.6
2025-09-25T19:00,7.8,0.00,0.00,0.00,9.5,19.8
2025-09-25T20:00,7.7,0.00,0.00,0.00,8.9,18.8
2025-09-25T21:00,7.8,0.00,0.00,0.00,8.8,18.8
2025-09-25T22:00,7.9,0.00,0.00,0.00,9.1,18.7
2025-09-25T23:00,7.9,0.00,0.00,0.00,9.0,18.8
2025-09-26T00:00,7.7,0.00,0.00,0.00,9.6,19.2
2025-09-26T01:00,5.0,0.00,0.00,0.00,9.6,19.8
2025-09-26T02:00,4.1,0.00,0.00,0.00,9.6,20.0
2025-09-26T03:00,3.5,0.00,0.00,0.00,9.1,19.0
2025-09-26T04:00,3.3,0.00,0.00,0.00,9.2,19.0
2025-09-26T05:00,4.0,0.00,0.00,0.00,7.6,21.6
2025-09-26T06:00,5.3,0.00,0.00,0.00,7.4,14.2
2025-09-26T07:00,7.3,0.00,0.00,0.00,8.0,13.7
2025-09-26T08:00,8.9,0.00,0.00,0.00,8.8,14.2
2025-09-26T09:00,10.0,0.00,0.00,0.00,9.5,15.0
2025-09-26T10:00,11.6,0.00,0.00,0.00,11.2,17.4
2025-09-26T11:00,12.5,0.00,0.00,0.00,14.6,23.1
2025-09-26T12:00,12.3,0.00,0.00,0.00,13.6,21.5
2025-09-26T13:00,13.8,0.00,0.00,0.00,9.4,15.6
2025-09-26T14:00,13.5,0.00,0.00,0.00,9.0,16.7
2025-09-26T15:00,12.7,0.00,0.00,0.00,8.0,16.8
2025-09-26T16:00,11.6,0.00,0.00,0.00,8.8,19.8
2025-09-26T17:00,10.9,0.00,0.00,0.00,9.7,21.3
2025-09-26T18:00,10.2,0.00,0.00,0.00,10.5,22.7
2025-09-26T19:00,9.6,0.00,0.00,0.00,9.9,22.0
2025-09-26T20:00,9.2,0.00,0.00,0.00,9.3,20.7
2025-09-26T21:00,8.7,0.00,0.00,0.00,9.3,20.7
2025-09-26T22:00,8.3,0.00,0.00,0.00,9.5,20.8
2025-09-26T23:00,8.0,0.00,0.00,0.00,9.0,20.0
2025-09-27T00:00,7.6,0.00,0.00,0.00,8.9,19.5
2025-09-27T01:00,6.9,0.00,0.00,0.00,8.5,18.8
2025-09-27T02:00,6.6,0.00,0.00,0.00,8.8,19.2
2025-09-27T03:00,6.3,0.00,0.00,0.00,8.5,18.8
2025-09-27T04:00,6.2,0.00,0.00,0.00,8.5,18.3
2025-09-27T05:00,7.0,0.00,0.00,0.00,8.6,16.2
2025-09-27T06:00,8.1,0.00,0.00,0.00,9.6,14.7
2025-09-27T07:00,9.1,0.00,0.00,0.00,9.7,14.8
2025-09-27T08:00,10.0,0.10,0.00,0.00,9.5,14.7
2025-09-27T09:00,10.7,0.20,0.00,0.00,8.9,13.8
2025-09-27T10:00,11.0,0.30,0.00,0.00,8.5,13.1
2025-09-27T11:00,10.8,0.50,0.00,0.00,7.1,11.1
2025-09-27T12:00,10.1,0.80,0.00,0.00,8.0,13.8
2025-09-27T13:00,9.7,1.10,0.00,0.00,5.7,11.4
2025-09-27T14:00,9.5,0.30,0.00,0.00,5.1,9.2
2025-09-27T15:00,9.3,0.20,0.00,0.00,3.1,8.2
2025-09-27T16:00,8.9,0.10,0.00,0.00,4.9,11.0
2025-09-27T17:00,8.8,0.00,0.00,0.00,6.2,12.6
2025-09-27T18:00,8.5,0.00,0.00,0.00,5.9,13.4
2025-09-27T19:00,8.2,0.00,0.00,0.00,5.9,14.3
2025-09-27T20:00,8.3,0.00,0.00,0.00,6.3,14.1
2025-09-27T21:00,8.2,0.30,0.00,0.00,7.4,14.9
2025-09-27T22:00,8.0,0.40,0.00,0.00,12.1,22.1
2025-09-27T23:00,7.7,0.20,0.00,0.00,12.7,22.8
2025-09-28T00:00,7.3,0.00,0.00,0.00,12.6,22.9
2025-09-28T01:00,6.4,0.00,0.00,0.00,11.0,21.1
2025-09-28T02:00,6.0,0.00,0.00,0.00,12.6,23.0
2025-09-28T03:00,5.9,0.00,0.00,0.00,12.7,22.8
2025-09-28T04:00,6.0,0.10,0.00,0.00,14.1,25.0
2025-09-28T05:00,5.9,0.10,0.00,0.00,16.6,28.3
2025-09-28T06:00,5.9,0.10,0.00,0.00,15.4,24.8
2025-09-28T07:00,6.1,0.00,0.00,0.00,16.6,28.0
2025-09-28T08:00,6.7,0.00,0.00,0.00,16.8,28.2
2025-09-28T09:00,7.3,0.00,0.00,0.00,15.8,26.0
2025-09-28T10:00,8.3,0.00,0.00,0.00,17.6,28.7
2025-09-28T11:00,9.2,0.00,0.00,0.00,16.3,26.5
2025-09-28T12:00,9.3,0.00,0.00,0.00,13.7,21.3
2025-09-28T13:00,8.2,0.00,0.00,0.00,14.9,23.4
2025-09-28T14:00,7.9,0.00,0.00,0.00,13.1,22.7
2025-09-28T15:00,7.4,0.00,0.00,0.00,11.8,21.3
2025-09-28T16:00,6.9,0.00,0.00,0.00,10.9,20.9
2025-09-28T17:00,6.9,0.00,0.00,0.00,11.3,21.4
2025-09-28T18:00,6.9,0.00,0.00,0.00,12.4,23.0
2025-09-28T19:00,6.9,0.00,0.00,0.00,12.3,22.8
2025-09-28T20:00,6.4,0.00,0.00,0.00,11.4,21.6
2025-09-28T21:00,6.2,0.00,0.00,0.00,11.6,22.1
2025-09-28T22:00,5.8,0.00,0.00,0.00,11.7,22.5
2025-09-28T23:00,5.7,0.00,0.00,0.00,10.8,20.7
2025-09-29T00:00,5.7,0.00,0.00,0.00,10.9,21.2
2025-09-29T01:00,4.9,0.00,0.00,0.00,11.0,21.8
2025-09-29T02:00,4.9,0.00,0.00,0.00,11.6,22.3
2025-09-29T03:00,4.9,0.00,0.00,0.00,12.0,22.7
2025-09-29T04:00,4.9,0.00,0.00,0.00,12.0,22.7
2025-09-29T05:00,5.2,0.00,0.00,0.00,12.5,22.0
2025-09-29T06:00,5.7,0.00,0.00,0.00,12.4,20.5
2025-09-29T07:00,6.9,0.00,0.00,0.00,12.8,20.3
2025-09-29T08:00,7.9,0.00,0.00,0.00,15.8,25.0
2025-09-29T09:00,8.2,0.00,0.00,0.00,18.6,29.0
2025-09-29T10:00,8.5,0.00,0.00,0.00,16.2,25.4
2025-09-29T11:00,8.7,0.00,0.00,0.00,15.3,24.1
2025-09-29T12:00,8.7,0.00,0.00,0.00,13.9,22.0
2025-09-29T13:00,8.2,0.00,0.00,0.00,13.1,21.1
2025-09-29T14:00,8.1,0.00,0.00,0.00,10.8,18.2
2025-09-29T15:00,7.9,0.00,0.00,0.00,10.2,17.9
2025-09-29T16:00,7.6,0.00,0.00,0.00,9.0,17.3
2025-09-29T17:00,7.2,0.00,0.00,0.00,8.9,17.8
2025-09-29T18:00,6.4,0.00,0.00,0.00,8.8,18.4
2025-09-29T19:00,5.8,0.00,0.00,0.00,8.1,17.9
2025-09-29T20:00,5.1,0.00,0.00,0.00,8.3,18.7
2025-09-29T21:00,4.7,0.00,0.00,0.00,8.3,18.8
2025-09-29T22:00,4.0,0.00,0.00,0.00,7.7,17.3
2025-09-29T23:00,3.4,0.00,0.00,0.00,7.2,16.6
2025-09-30T00:00,2.9,0.00,0.00,0.00,6.9,15.9
2025-09-30T01:00,1.6,0.00,0.00,0.00,6.5,14.7
2025-09-30T02:00,1.1,0.00,0.00,0.00,6.5,14.4
2025-09-30T03:00,0.7,0.00,0.00,0.00,6.1,13.8
2025-09-30T04:00,0.4,0.00,0.00,0.00,5.9,13.6
2025-09-30T05:00,1.0,0.00,0.00,0.00,5.2,14.9
2025-09-30T06:00,2.2,0.00,0.00,0.00,3.6,7.9
2025-09-30T07:00,4.1,0.00,0.00,0.00,3.1,5.5
2025-09-30T08:00,6.0,0.00,0.00,0.00,3.2,5.3
2025-09-30T09:00,7.4,0.00,0.00,0.00,4.1,6.4
2025-09-30T10:00,8.2,0.00,0.00,0.00,4.5,6.8
2025-09-30T11:00,8.9,0.00,0.00,0.00,5.0,7.5
2025-09-30T12:00,9.3,0.00,0.00,0.00,5.5,8.5
2025-09-30T13:00,9.4,0.00,0.00,0.00,5.7,8.9
2025-09-30T14:00,9.2,0.00,0.00,0.00,6.0,10.4
2025-09-30T15:00,8.2,0.00,0.00,0.00,5.3,12.9
2025-09-30T16:00,7.4,0.00,0.00,0.00,6.5,15.5
2025-09-30T17:00,6.6,0.00,0.00,0.00,7.1,16.7
2025-09-30T18:00,5.8,0.00,0.00,0.00,6.7,16.2
2025-09-30T19:00,5.1,0.00,0.00,0.00,6.2,15.5
2025-09-30T20:00,4.6,0.00,0.00,0.00,6.2,15.3
2025-09-30T21:00,4.1,0.00,0.00,0.00,6.2,15.3
2025-09-30T22:00,3.7,0.00,0.00,0.00,6.5,15.5
2025-09-30T23:00,3.1,0.00,0.00,0.00,6.3,14.9
2025-10-01T00:00,1.4,0.00,0.00,0.00,4.0,12.2
2025-10-01T01:00,1.2,0.00,0.00,0.00,4.8,13.0
2025-10-01T02:00,0.9,0.00,0.00,0.00,4.9,13.2
2025-10-01T03:00,0.7,0.00,0.00,0.00,4.8,12.9
2025-10-01T04:00,0.6,0.00,0.00,0.00,5.0,12.7
2025-10-01T05:00,1.3,0.00,0.00,0.00,5.1,10.1
2025-10-01T06:00,3.3,0.00,0.00,0.00,3.6,6.3
2025-10-01T07:00,4.8,0.00,0.00,0.00,2.4,4.6
2025-10-01T08:00,6.6,0.00,0.00,0.00,2.7,4.5
2025-10-01T09:00,8.1,0.00,0.00,0.00,3.2,5.3
2025-10-01T10:00,9.4,0.00,0.00,0.00,3.6,5.6
2025-10-01T11:00,10.3,0.00,0.00,0.00,3.6,5.7
2025-10-01T12:00,11.5,0.00,0.00,0.00,3.7,5.9
2025-10-01T13:00,11.9,0.00,0.00,0.00,4.1,6.8
2025-10-01T14:00,11.7,0.00,0.00,0.00,3.5,8.6
2025-10-01T15:00,10.8,0.00,0.00,0.00,5.9,12.2
2025-10-01T16:00,9.7,0.00,0.00,0.00,6.9,16.5
2025-10-01T17:00,8.8,0.00,0.00,0.00,8.6,19.7
2025-10-01T18:00,7.6,0.00,0.00,0.00,8.8,20.5
2025-10-01T19:00,6.7,0.00,0.00,0.00,8.5,20.2
2025-10-01T20:00,6.1,0.00,0.00,0.00,8.1,19.8
2025-10-01T21:00,5.6,0.00,0.00,0.00,8.0,19.4
2025-10-01T22:00,5.1,0.00,0.00,0.00,8.6,19.9
2025-10-01T23:00,4.7,0.00,0.00,0.00,8.6,19.7
2025-10-02T00:00,3.9,0.00,0.00,0.00,7.0,17.5
2025-10-02T01:00,3.4,0.00,0.00,0.00,7.1,17.1
2025-10-02T02:00,3.0,0.00,0.00,0.00,7.5,17.6
2025-10-02T03:00,2.6,0.00,0.00,0.00,7.3,17.0
2025-10-02T04:00,2.4,0.00,0.00,0.00,7.3,16.4
2025-10-02T05:00,2.9,0.00,0.00,0.00,7.2,17.0
2025-10-02T06:00,4.6,0.00,0.00,0.00,5.8,13.8
2025-10-02T07:00,6.2,0.00,0.00,0.00,5.3,9.2
2025-10-02T08:00,7.9,0.00,0.00,0.00,5.2,8.3
2025-10-02T09:00,9.5,0.00,0.00,0.00,5.6,8.7
2025-10-02T10:00,10.8,0.00,0.00,0.00,6.1,9.6
2025-10-02T11:00,11.7,0.00,0.00,0.00,7.3,11.4
2025-10-02T12:00,12.2,0.00,0.00,0.00,8.5,13.3
2025-10-02T13:00,12.1,0.00,0.00,0.00,8.6,15.0
2025-10-02T14:00,11.6,0.00,0.00,0.00,7.9,15.5
2025-10-02T15:00,10.5,0.00,0.00,0.00,8.3,18.2
2025-10-02T16:00,9.6,0.00,0.00,0.00,9.2,20.5
2025-10-02T17:00,8.8,0.00,0.00,0.00,8.9,20.2
2025-10-02T18:00,8.2,0.00,0.00,0.00,8.1,18.8
2025-10-02T19:00,8.0,0.00,0.00,0.00,8.2,17.9
2025-10-02T20:00,7.7,0.00,0.00,0.00,7.3,16.1
2025-10-02T21:00,7.3,0.00,0.00,0.00,6.5,14.7
2025-10-02T22:00,7.1,0.00,0.00,0.00,5.1,11.4
2025-10-02T23:00,6.4,0.70,0.00,0.00,4.5,11.4
2025-10-03T00:00,5.9,0.00,0.00,0.00,8.6,18.3
2025-10-03T01:00,5.5,0.00,0.00,0.00,7.9,17.0
2025-10-03T02:00,4.9,0.60,0.00,0.00,6.7,17.1
2025-10-03T03:00,5.0,0.00,0.00,0.00,6.3,15.4
2025-10-03T04:00,4.9,0.00,0.00,0.00,6.9,16.0
2025-10-03T05:00,5.5,0.00,0.00,0.00,6.7,16.1
2025-10-03T06:00,6.4,0.00,0.00,0.00,5.8,11.0
2025-10-03T07:00,7.6,0.00,0.00,0.00,5.9,9.5
2025-10-03T08:00,8.9,0.00,0.00,0.00,6.0,9.5
2025-10-03T09:00,10.1,0.00,0.00,0.00,6.8,10.4
2025-10-03T10:00,10.9,0.00,0.00,0.00,7.3,11.5
2025-10-03T11:00,11.5,0.00,0.00,0.00,7.9,12.5
2025-10-03T12:00,12.2,0.00,0.00,0.00,8.8,14.0
2025-10-03T13:00,11.9,0.00,0.00,0.00,8.5,15.6
2025-10-03T14:00,11.4,0.00,0.00,0.00,8.3,17.1
2025-10-03T15:00,10.7,0.00,0.00,0.00,8.1,17.8
2025-10-03T16:00,10.0,0.00,0.00,0.00,8.8,19.7
2025-10-03T17:00,9.4,0.00,0.00,0.00,8.3,19.3
2025-10-03T18:00,8.8,0.00,0.00,0.00,8.3,20.0
2025-10-03T19:00,8.3,0.00,0.00,0.00,8.3,19.6
2025-10-03T20:00,7.6,0.00,0.00,0.00,8.5,20.1
2025-10-03T21:00,7.1,0.00,0.00,0.00,7.8,18.6
2025-10-03T22:00,6.6,0.00,0.00,0.00,6.8,17.4
2025-10-03T23:00,6.2,0.00,0.00,0.00,7.0,17.1
2025-10-04T00:00,5.7,0.00,0.00,0.00,7.1,17.2
2025-10-04T01:00,5.2,0.00,0.00,0.00,8.0,18.6
2025-10-04T02:00,5.0,0.00,0.00,0.00,8.0,19.1
2025-10-04T03:00,4.8,0.00,0.00,0.00,8.6,20.0
2025-10-04T04:00,4.6,0.00,0.00,0.00,8.9,20.5
2025-10-04T05:00,5.2,0.00,0.00,0.00,8.7,19.4
2025-10-04T06:00,6.8,0.00,0.00,0.00,8.2,26.4
2025-10-04T07:00,7.8,0.00,0.00,0.00,8.0,18.1
2025-10-04T08:00,9.6,0.00,0.00,0.00,7.7,14.3
2025-10-04T09:00,11.3,0.00,0.00,0.00,8.6,14.5
2025-10-04T10:00,12.5,0.00,0.00,0.00,9.7,15.9
2025-10-04T11:00,13.3,0.00,0.00,0.00,11.0,18.2
2025-10-04T12:00,14.3,0.00,0.00,0.00,11.7,20.0
2025-10-04T13:00,14.1,0.00,0.00,0.00,13.0,23.2
2025-10-04T14:00,13.4,0.00,0.00,0.00,13.3,25.5
2025-10-04T15:00,12.7,0.00,0.00,0.00,13.8,26.6
2025-10-04T16:00,12.0,0.00,0.00,0.00,14.0,27.5
2025-10-04T17:00,11.8,0.00,0.00,0.00,14.9,28.9
2025-10-04T18:00,11.0,0.00,0.00,0.00,14.8,28.8
2025-10-04T19:00,10.2,0.00,0.00,0.00,13.8,27.4
2025-10-04T20:00,9.5,0.00,0.00,0.00,13.5,27.5
2025-10-04T21:00,9.1,0.00,0.00,0.00,12.2,25.3
2025-10-04T22:00,8.7,0.00,0.00,0.00,11.7,24.6
2025-10-04T23:00,8.4,0.00,0.00,0.00,12.0,24.9
2025-10-05T00:00,8.2,0.00,0.00,0.00,12.4,26.0
2025-10-05T01:00,8.1,0.00,0.00,0.00,11.9,24.8
2025-10-05T02:00,8.0,0.00,0.00,0.00,12.2,25.5
2025-10-05T03:00,7.6,0.50,0.00,0.00,11.9,24.2
2025-10-05T04:00,7.4,0.00,0.00,0.00,13.0,26.3
2025-10-05T05:00,7.8,0.00,0.00,0.00,12.9,27.3
2025-10-05T06:00,8.3,0.00,0.00,0.00,11.7,30.0
2025-10-05T07:00,9.4,0.00,0.00,0.00,10.9,20.2
2025-10-05T08:00,10.1,0.00,0.00,0.00,11.8,19.8
2025-10-05T09:00,11.1,0.00,0.00,0.00,10.9,17.8
2025-10-05T10:00,12.3,0.00,0.00,0.00,10.3,17.1
2025-10-05T11:00,13.0,0.00,0.00,0.00,10.9,18.5
2025-10-05T12:00,13.0,0.00,0.00,0.00,13.0,21.4
2025-10-05T13:00,13.3,0.00,0.00,0.00,12.1,21.3
2025-10-05T14:00,12.6,0.00,0.00,0.00,12.9,24.2
2025-10-05T15:00,11.2,0.40,0.00,0.00,12.2,22.7
2025-10-05T16:00,10.4,0.10,0.00,0.00,10.8,20.8
2025-10-05T17:00,10.3,0.00,0.00,0.00,11.2,21.0
2025-10-05T18:00,10.6,0.00,0.00,0.00,10.6,20.6
2025-10-05T19:00,10.6,0.00,0.00,0.00,8.8,17.1
2025-10-05T20:00,10.5,0.00,0.00,0.00,7.7,15.2
2025-10-05T21:00,10.5,0.00,0.00,0.00,8.4,16.6
2025-10-05T22:00,10.4,0.00,0.00,0.00,6.8,14.2
2025-10-05T23:00,10.4,0.00,0.00,0.00,6.1,12.8
2025-10-06T00:00,10.1,0.30,0.00,0.00,7.0,14.2
2025-10-06T01:00,10.1,0.20,0.00,0.00,6.0,11.9
2025-10-06T02:00,10.0,0.40,0.00,0.00,4.7,9.6
2025-10-06T03:00,9.8,0.50,0.00,0.00,5.0,10.0
2025-10-06T04:00,9.7,0.10,0.00,0.00,6.9,12.4
2025-10-06T05:00,9.7,0.20,0.00,0.00,7.4,13.9
2025-10-06T06:00,10.4,0.20,0.00,0.00,5.2,8.5
2025-10-06T07:00,10.6,0.30,0.00,0.00,3.4,6.2
2025-10-06T08:00,10.9,0.30,0.00,0.00,1.0,2.6
2025-10-06T09:00,11.6,0.40,0.00,0.00,1.8,1.8
2025-10-06T10:00,12.1,0.20,0.00,0.00,0.9,1.3
2025-10-06T11:00,12.7,0.10,0.00,0.00,1.3,1.5
2025-10-06T12:00,13.0,0.10,0.00,0.00,1.4,1.7
2025-10-06T13:00,13.0,0.00,0.00,0.00,2.6,3.6
2025-10-06T14:00,12.8,0.00,0.00,0.00,0.4,0.6
2025-10-06T15:00,12.3,0.00,0.00,0.00,2.4,3.8
2025-10-06T16:00,11.9,0.00,0.00,0.00,1.9,5.0
2025-10-06T17:00,11.8,0.00,0.00,0.00,2.2,4.4
2025-10-06T18:00,11.0,0.00,0.00,0.00,3.6,6.9
2025-10-06T19:00,10.8,0.00,0.00,0.00,3.1,6.1
2025-10-06T20:00,10.8,0.00,0.00,0.00,1.9,4.0
2025-10-06T21:00,10.5,0.00,0.00,0.00,1.5,4.8
2025-10-06T22:00,10.1,0.00,0.00,0.00,1.9,5.4
2025-10-06T23:00,10.1,0.00,0.00,0.00,1.4,4.5
2025-10-07T00:00,9.9,0.00,0.00,0.00,1.6,4.6
2025-10-07T01:00,8.9,0.00,0.00,0.00,0.4,1.9
2025-10-07T02:00,8.7,0.00,0.00,0.00,1.9,1.9
2025-10-07T03:00,8.7,0.00,0.00,0.00,4.5,7.5
2025-10-07T04:00,8.7,0.00,0.00,0.00,5.8,12.6
2025-10-07T05:00,8.8,0.00,0.00,0.00,4.5,10.6
2025-10-07T06:00,10.7,0.00,0.00,0.00,2.3,4.9
2025-10-07T07:00,11.1,0.00,0.00,0.00,3.0,6.9
2025-10-07T08:00,11.5,0.00,0.00,0.00,3.5,5.8
2025-10-07T09:00,11.8,0.10,0.00,0.00,3.6,5.7
2025-10-07T10:00,12.2,0.10,0.00,0.00,3.1,4.7
2025-10-07T11:00,12.7,0.30,0.00,0.00,3.2,4.8
2025-10-07T12:00,12.8,0.10,0.00,0.00,3.1,4.8
2025-10-07T13:00,13.0,0.00,0.00,0.00,2.8,3.9
2025-10-07T14:00,12.7,0.00,0.00,0.00,2.4,4.1
2025-10-07T15:00,12.2,0.00,0.00,0.00,3.3,7.6
2025-10-07T16:00,12.0,0.00,0.00,0.00,3.4,8.1
2025-10-07T17:00,11.7,0.00,0.00,0.00,4.4,10.1
2025-10-07T18:00,11.0,0.00,0.00,0.00,3.1,9.4
2025-10-07T19:00,11.2,0.00,0.00,0.00,4.7,10.7
2025-10-07T20:00,11.0,0.00,0.00,0.00,4.7,11.0
2025-10-07T21:00,10.8,0.00,0.00,0.00,3.4,9.2
2025-10-07T22:00,10.1,0.00,0.00,0.00,2.7,6.9
2025-10-07T23:00,9.9,0.00,0.00,0.00,3.5,8.7
2025-10-08T00:00,9.8,0.00,0.00,0.00,2.3,4.9
2025-10-08T01:00,10.1,0.00,0.00,0.00,2.3,3.9
2025-10-08T02:00,9.6,0.00,0.00,0.00,2.6,5.3
2025-10-08T03:00,9.4,0.00,0.00,0.00,2.0,5.0
2025-10-08T04:00,9.4,0.00,0.00,0.00,2.0,4.6
2025-10-08T05:00,9.4,0.00,0.00,0.00,2.2,5.0
2025-10-08T06:00,9.7,0.00,0.00,0.00,1.8,2.7
2025-10-08T07:00,10.3,0.00,0.00,0.00,2.1,2.4
2025-10-08T08:00,11.4,0.00,0.00,0.00,2.3,3.3
2025-10-08T09:00,12.1,0.00,0.00,0.00,1.7,2.6
2025-10-08T10:00,12.8,0.00,0.00,0.00,1.8,2.4
2025-10-08T11:00,13.4,0.00,0.00,0.00,2.1,3.0
2025-10-08T12:00,13.4,0.00,0.00,0.00,2.2,3.0
2025-10-08T13:00,13.4,0.00,0.00,0.00,4.0,5.5
2025-10-08T14:00,13.1,0.00,0.00,0.00,3.5,6.4
2025-10-08T15:00,12.3,0.00,0.00,0.00,1.9,6.0
2025-10-08T16:00,11.8,0.00,0.00,0.00,1.7,6.8
2025-10-08T17:00,11.6,0.00,0.00,0.00,2.5,8.5
2025-10-08T18:00,11.6,0.00,0.00,0.00,4.2,11.1
2025-10-08T19:00,11.5,0.00,0.00,0.00,6.0,13.9
2025-10-08T20:00,11.2,0.00,0.00,0.00,5.7,13.4
2025-10-08T21:00,10.8,0.00,0.00,0.00,5.0,12.0
2025-10-08T22:00,10.3,0.00,0.00,0.00,5.5,12.8
2025-10-08T23:00,9.9,0.00,0.00,0.00,4.8,12.0
2025-10-09T00:00,9.6,0.00,0.00,0.00,2.1,7.1
2025-10-09T01:00,9.4,0.00,0.00,0.00,1.8,6.1
2025-10-09T02:00,9.3,0.00,0.00,0.00,3.7,7.5
2025-10-09T03:00,8.9,0.00,0.00,0.00,4.9,10.9
2025-10-09T04:00,8.7,0.00,0.00,0.00,5.5,13.2
2025-10-09T05:00,8.9,0.00,0.00,0.00,6.1,13.7
2025-10-09T06:00,9.4,0.00,0.00,0.00,6.0,11.8
2025-10-09T07:00,10.3,0.00,0.00,0.00,5.6,10.0
2025-10-09T08:00,11.3,0.00,0.00,0.00,5.1,8.5
2025-10-09T09:00,12.4,0.00,0.00,0.00,6.0,9.3
2025-10-09T10:00,13.4,0.00,0.00,0.00,7.2,11.0
2025-10-09T11:00,14.1,0.00,0.00,0.00,8.3,12.8
2025-10-09T12:00,14.2,0.00,0.00,0.00,9.4,14.1
2025-10-09T13:00,14.0,0.00,0.00,0.00,9.0,14.6
2025-10-09T14:00,13.3,0.60,0.00,0.00,8.6,16.2
2025-10-09T15:00,12.6,0.00,0.00,0.00,10.3,19.8
2025-10-09T16:00,12.2,0.10,0.00,0.00,11.0,21.8
2025-10-09T17:00,11.5,0.00,0.00,0.00,11.4,22.6
2025-10-09T18:00,11.3,0.00,0.00,0.00,10.9,22.0
2025-10-09T19:00,11.2,0.00,0.00,0.00,11.3,22.3
2025-10-09T20:00,10.8,0.00,0.00,0.00,10.5,21.2
2025-10-09T21:00,10.4,0.00,0.00,0.00,9.4,19.7
2025-10-09T22:00,10.0,0.00,0.00,0.00,8.3,17.7
2025-10-09T23:00,9.7,0.00,0.00,0.00,7.6,16.6
2025-10-10T00:00,9.0,0.00,0.00,0.00,7.5,17.1
2025-10-10T01:00,8.7,0.00,0.00,0.00,8.8,18.3
2025-10-10T02:00,8.7,0.00,0.00,0.00,7.2,15.2
2025-10-10T03:00,8.4,0.60,0.00,0.00,6.7,15.1
2025-10-10T04:00,8.6,0.00,0.00,0.00,7.7,16.5
2025-10-10T05:00,8.8,0.00,0.00,0.00,8.8,18.1
2025-10-10T06:00,8.8,0.10,0.00,0.00,11.3,22.0
2025-10-10T07:00,9.5,0.00,0.00,0.00,13.0,23.0
2025-10-10T08:00,9.7,0.00,0.00,0.00,12.2,21.0
2025-10-10T09:00,10.1,0.00,0.00,0.00,10.0,17.9
2025-10-10T10:00,10.7,0.00,0.00,0.00,8.2,14.5
2025-10-10T11:00,11.2,0.00,0.00,0.00,8.3,14.7
2025-10-10T12:00,10.5,0.00,0.00,0.00,12.0,19.5
2025-10-10T13:00,10.9,0.00,0.00,0.00,6.9,13.9
2025-10-10T14:00,11.1,0.10,0.00,0.00,8.0,16.5
2025-10-10T15:00,11.1,0.10,0.00,0.00,7.3,15.5
2025-10-10T16:00,11.2,0.00,0.00,0.00,7.8,17.1
2025-10-10T17:00,11.4,0.00,0.00,0.00,8.7,18.2
2025-10-10T18:00,10.9,0.10,0.00,0.00,8.6,17.3
2025-10-10T19:00,10.9,0.10,0.00,0.00,9.1,18.5
2025-10-10T20:00,10.7,0.40,0.00,0.00,9.0,18.4
2025-10-10T21:00,10.5,0.10,0.00,0.00,10.0,19.6
2025-10-10T22:00,10.1,0.10,0.00,0.00,10.3,19.8
2025-10-10T23:00,9.7,0.10,0.00,0.00,9.3,18.0
2025-10-11T00:00,9.8,0.00,0.00,0.00,8.1,16.1
2025-10-11T01:00,9.6,0.20,0.00,0.00,7.2,14.4
2025-10-11T02:00,9.5,0.10,0.00,0.00,6.1,13.0
2025-10-11T03:00,9.3,0.00,0.00,0.00,5.1,10.7
2025-10-11T04:00,9.1,0.00,0.00,0.00,6.1,12.1
2025-10-11T05:00,8.9,0.00,0.00,0.00,6.4,12.2
2025-10-11T06:00,9.4,0.00,0.00,0.00,5.4,9.4
2025-10-11T07:00,9.8,0.00,0.00,0.00,4.6,7.3
2025-10-11T08:00,10.3,0.00,0.00,0.00,3.6,5.9
2025-10-11T09:00,11.1,0.00,0.00,0.00,4.3,6.6
2025-10-11T10:00,11.4,0.00,0.00,0.00,4.4,6.8
2025-10-11T11:00,11.3,0.00,0.00,0.00,5.6,8.6
2025-10-11T12:00,12.2,0.00,0.00,0.00,8.0,12.1
2025-10-11T13:00,11.9,0.00,0.00,0.00,8.5,13.1
2025-10-11T14:00,11.3,0.00,0.00,0.00,9.2,15.1
2025-10-11T15:00,10.6,0.00,0.00,0.00,7.6,13.5
2025-10-11T16:00,10.5,0.00,0.00,0.00,4.1,7.8
2025-10-11T17:00,10.0,0.00,0.00,0.00,6.9,14.1
2025-10-11T18:00,9.8,0.00,0.00,0.00,10.5,18.5
2025-10-11T19:00,9.4,0.00,0.00,0.00,13.1,23.0
2025-10-11T20:00,8.5,0.10,0.00,0.00,10.4,18.5
2025-10-11T21:00,8.0,0.30,0.00,0.00,9.0,16.6
2025-10-11T22:00,7.9,0.10,0.00,0.00,10.8,19.3
2025-10-11T23:00,7.8,0.00,0.00,0.00,11.4,20.5
2025-10-12T00:00,6.6,0.00,0.00,0.00,10.3,20.4
2025-10-12T01:00,6.0,0.00,0.00,0.00,11.1,21.3
2025-10-12T02:00,6.0,0.00,0.00,0.00,10.6,20.3
2025-10-12T03:00,6.2,0.00,0.00,0.00,11.4,20.1
2025-10-12T04:00,6.2,0.10,0.00,0.00,11.0,18.9
2025-10-12T05:00,6.2,0.10,0.00,0.00,11.5,18.9
2025-10-12T06:00,6.6,0.10,0.00,0.00,13.0,21.3
2025-10-12T07:00,7.1,0.10,0.00,0.00,12.7,20.6
2025-10-12T08:00,7.5,0.10,0.00,0.00,12.2,19.2
2025-10-12T09:00,8.4,0.00,0.00,0.00,12.4,19.0
2025-10-12T10:00,9.0,0.00,0.00,0.00,11.7,18.1
2025-10-12T11:00,9.4,0.00,0.00,0.00,9.0,13.5
2025-10-12T12:00,8.8,0.00,0.00,0.00,12.6,20.2
2025-10-12T13:00,8.3,0.10,0.00,0.00,10.6,17.4
2025-10-12T14:00,7.8,0.00,0.00,0.00,9.5,16.7
2025-10-12T15:00,7.1,0.00,0.00,0.00,4.3,9.4
2025-10-12T16:00,6.6,0.00,0.00,0.00,2.7,6.9
2025-10-12T17:00,6.6,0.00,0.00,0.00,5.7,11.8
2025-10-12T18:00,6.6,0.00,0.00,0.00,6.9,15.0
2025-10-12T19:00,6.7,0.00,0.00,0.00,8.8,17.8
2025-10-12T20:00,6.6,0.00,0.00,0.00,8.9,17.6
2025-10-12T21:00,6.4,0.10,0.00,0.00,9.8,18.3
2025-10-12T22:00,5.6,1.00,0.00,0.00,12.2,22.7
2025-10-12T23:00,4.9,1.20,0.00,0.00,14.3,27.1
2025-10-13T00:00,5.1,1.10,0.00,0.00,13.3,24.0
2025-10-13T01:00,4.7,2.30,0.00,0.00,13.5,22.9
2025-10-13T02:00,4.0,2.70,0.00,0.00,12.1,20.0
2025-10-13T03:00,3.3,2.60,0.00,0.00,11.1,19.3
2025-10-13T04:00,2.7,2.40,0.07,0.00,10.5,18.0
2025-10-13T05:00,3.0,1.70,0.00,0.00,11.6,18.1
2025-10-13T06:00,3.0,0.90,0.00,0.00,9.9,15.3
2025-10-13T07:00,4.1,0.80,0.00,0.00,9.5,14.8
2025-10-13T08:00,4.5,0.20,0.00,0.00,11.0,16.8
2025-10-13T09:00,4.8,0.00,0.00,0.00,11.6,18.4
2025-10-13T10:00,4.7,0.30,0.00,0.00,10.0,16.0
2025-10-13T11:00,4.4,0.60,0.00,0.00,9.4,15.2
2025-10-13T12:00,4.2,0.80,0.00,0.00,10.7,17.3
2025-10-13T13:00,4.1,0.50,0.00,0.00,11.9,19.0
2025-10-13T14:00,3.9,0.30,0.00,0.00,11.7,19.9
2025-10-13T15:00,3.7,0.10,0.00,0.00,11.3,20.1
2025-10-13T16:00,3.6,0.00,0.00,0.00,11.6,19.9
2025-10-13T17:00,3.7,0.20,0.00,0.00,11.3,20.0
2025-10-13T18:00,3.7,0.30,0.00,0.00,13.3,22.4
2025-10-13T19:00,3.7,0.10,0.00,0.00,12.0,20.2
2025-10-13T20:00,3.9,0.30,0.00,0.00,10.2,18.7
2025-10-13T21:00,4.0,0.50,0.00,0.00,11.6,20.8
2025-10-13T22:00,4.1,0.50,0.00,0.00,12.5,22.3
2025-10-13T23:00,4.1,0.40,0.00,0.00,13.0,23.1
2025-10-14T00:00,3.6,0.20,0.00,0.00,11.0,20.5
2025-10-14T01:00,3.9,0.10,0.00,0.00,11.4,20.5
2025-10-14T02:00,3.8,0.20,0.00,0.00,11.9,21.3
2025-10-14T03:00,3.8,0.40,0.00,0.00,12.2,21.6
2025-10-14T04:00,3.9,0.20,0.00,0.00,12.4,22.3
2025-10-14T05:00,3.9,0.30,0.00,0.00,12.9,22.5
2025-10-14T06:00,4.1,0.20,0.00,0.00,11.8,19.3
2025-10-14T07:00,4.7,0.10,0.00,0.00,11.7,18.7
2025-10-14T08:00,5.3,0.00,0.00,0.00,12.5,19.8
2025-10-14T09:00,5.6,0.10,0.00,0.00,12.7,20.1
2025-10-14T10:00,5.5,0.10,0.00,0.00,11.9,19.0
2025-10-14T11:00,5.8,0.10,0.00,0.00,11.8,18.5
2025-10-14T12:00,5.8,0.10,0.00,0.00,13.6,22.0
2025-10-14T13:00,5.1,0.70,0.00,0.00,10.9,18.5
2025-10-14T14:00,4.8,0.10,0.00,0.00,12.3,21.2
2025-10-14T15:00,4.1,0.10,0.00,0.00,11.3,21.0
2025-10-14T16:00,3.9,0.40,0.00,0.00,12.2,21.8
2025-10-14T17:00,3.9,0.20,0.00,0.00,13.0,22.9
2025-10-14T18:00,3.9,0.10,0.00,0.00,11.3,20.5
2025-10-14T19:00,4.1,0.00,0.00,0.00,11.2,20.7
2025-10-14T20:00,3.9,0.00,0.00,0.00,11.1,21.2
2025-10-14T21:00,3.6,0.00,0.00,0.00,11.2,21.2
2025-10-14T22:00,3.9,0.00,0.00,0.00,11.1,20.4
2025-10-14T23:00,3.9,0.10,0.00,0.00,11.2,20.3
2025-10-15T00:00,3.7,0.20,0.00,0.00,11.5,20.9
2025-10-15T01:00,3.7,0.70,0.00,0.00,14.3,24.5
2025-10-15T02:00,3.5,0.60,0.00,0.00,14.1,25.0
2025-10-15T03:00,3.5,0.60,0.00,0.00,12.2,21.7
2025-10-15T04:00,3.2,1.00,0.00,0.00,9.9,17.1
2025-10-15T05:00,3.0,0.70,0.00,0.00,8.8,15.7
2025-10-15T06:00,3.4,0.30,0.00,0.00,8.4,14.4
2025-10-15T07:00,3.9,0.30,0.00,0.00,9.2,13.6
2025-10-15T08:00,4.4,0.30,0.00,0.00,6.3,9.8
2025-10-15T09:00,4.9,0.30,0.00,0.00,5.5,8.1
2025-10-15T10:00,4.9,0.40,0.00,0.00,5.2,7.4
2025-10-15T11:00,4.6,0.70,0.00,0.00,4.9,7.1
2025-10-15T12:00,5.4,0.40,0.00,0.00,3.9,6.1
2025-10-15T13:00,5.4,0.00,0.00,0.00,3.1,5.1
2025-10-15T14:00,5.1,0.00,0.00,0.00,1.0,3.8
2025-10-15T15:00,4.2,0.00,0.00,0.00,1.4,6.0
2025-10-15T16:00,3.6,0.00,0.00,0.00,3.1,8.4
2025-10-15T17:00,3.2,0.00,0.00,0.00,3.6,10.2
2025-10-15T18:00,1.8,0.00,0.00,0.00,4.9,12.8
2025-10-15T19:00,0.9,0.00,0.00,0.00,4.3,12.1
2025-10-15T20:00,0.5,0.00,0.00,0.00,4.8,12.8
2025-10-15T21:00,0.0,0.00,0.00,0.00,4.9,14.1
2025-10-15T22:00,-0.6,0.00,0.00,0.00,4.5,13.2
2025-10-15T23:00,-0.9,0.00,0.00,0.00,4.5,11.6
2025-10-16T00:00,1.8,0.00,0.00,0.00,4.9,10.3
2025-10-16T01:00,2.1,0.00,0.00,0.00,4.8,9.7
2025-10-16T02:00,2.2,0.00,0.00,0.00,5.2,11.4
2025-10-16T03:00,2.4,0.00,0.00,0.00,5.0,11.1
2025-10-16T04:00,2.5,0.00,0.00,0.00,4.9,10.6
2025-10-16T05:00,2.6,0.00,0.00,0.00,5.8,12.3
2025-10-16T06:00,3.2,0.00,0.00,0.00,6.0,14.0
2025-10-16T07:00,4.1,0.00,0.00,0.00,6.5,11.1
2025-10-16T08:00,4.6,0.00,0.00,0.00,7.3,12.2
2025-10-16T09:00,5.2,0.00,0.00,0.00,11.7,18.6
2025-10-16T10:00,5.1,0.10,0.00,0.00,12.5,19.6
2025-10-16T11:00,5.5,0.10,0.00,0.00,11.1,17.9
2025-10-16T12:00,5.6,0.10,0.00,0.00,8.3,13.4
2025-10-16T13:00,5.6,0.00,0.00,0.00,7.5,14.5
2025-10-16T14:00,5.5,0.00,0.00,0.00,8.3,16.6
2025-10-16T15:00,5.7,0.00,0.00,0.00,10.6,20.9
2025-10-16T16:00,5.5,0.00,0.00,0.00,11.9,22.8
2025-10-16T17:00,5.3,0.00,0.00,0.00,12.0,22.7
2025-10-16T18:00,5.4,0.10,0.00,0.00,12.5,23.5
2025-10-16T19:00,5.6,0.10,0.00,0.00,13.1,25.2
2025-10-16T20:00,5.9,0.00,0.00,0.00,12.4,24.1
2025-10-16T21:00,6.1,0.10,0.00,0.00,12.4,23.6
2025-10-16T22:00,6.5,0.00,0.00,0.00,12.9,24.9
2025-10-16T23:00,6.8,0.00,0.00,0.00,13.1,25.3
2025-10-17T00:00,6.7,0.00,0.00,0.00,12.5,24.3
2025-10-17T01:00,6.7,0.00,0.00,0.00,12.6,24.6
2025-10-17T02:00,6.9,0.00,0.00,0.00,13.0,25.1
2025-10-17T03:00,6.9,0.00,0.00,0.00,13.2,25.7
2025-10-17T04:00,7.0,0.10,0.00,0.00,13.4,25.6
2025-10-17T05:00,7.1,0.40,0.00,0.00,14.0,26.3
2025-10-17T06:00,7.6,0.10,0.00,0.00,14.3,26.5
2025-10-17T07:00,8.1,0.00,0.00,0.00,13.9,25.1
2025-10-17T08:00,9.0,0.10,0.00,0.00,16.8,28.1
2025-10-17T09:00,9.5,0.00,0.00,0.00,15.6,26.0
2025-10-17T10:00,9.9,0.00,0.00,0.00,14.0,23.3
2025-10-17T11:00,10.5,0.00,0.00,0.00,13.7,22.8
2025-10-17T12:00,8.8,1.20,0.00,0.00,14.3,25.6
2025-10-17T13:00,9.0,0.20,0.00,0.00,12.9,22.2
2025-10-17T14:00,8.5,0.00,0.00,0.00,11.6,22.0
2025-10-17T15:00,8.0,0.10,0.00,0.00,11.4,21.7
2025-10-17T16:00,7.7,0.20,0.00,0.00,10.2,19.7
2025-10-17T17:00,7.5,0.10,0.00,0.00,10.7,20.9
2025-10-17T18:00,7.1,0.10,0.00,0.00,10.8,21.9
2025-10-17T19:00,7.2,0.00,0.00,0.00,10.8,21.5
2025-10-17T20:00,7.2,0.00,0.00,0.00,9.7,19.6
2025-10-17T21:00,7.1,0.00,0.00,0.00,8.8,17.6
2025-10-17T22:00,7.2,0.10,0.00,0.00,10.2,19.8
2025-10-17T23:00,7.2,0.10,0.00,0.00,9.5,17.5
2025-10-18T00:00,6.2,0.00,0.00,0.00,7.6,13.0
2025-10-18T01:00,5.6,0.00,0.00,0.00,10.5,17.5
2025-10-18T02:00,5.2,0.00,0.00,0.00,8.3,14.1
2025-10-18T03:00,5.0,0.00,0.00,0.00,6.3,10.6
2025-10-18T04:00,4.8,0.00,0.00,0.00,6.1,9.9
2025-10-18T05:00,4.6,0.00,0.00,0.00,5.4,8.6
2025-10-18T06:00,4.5,0.00,0.00,0.00,4.5,7.1
2025-10-18T07:00,5.1,0.00,0.00,0.00,4.0,5.9
2025-10-18T08:00,5.7,0.00,0.00,0.00,2.5,3.8
2025-10-18T09:00,6.4,0.00,0.00,0.00,2.3,3.2
2025-10-18T10:00,6.9,0.00,0.00,0.00,2.8,4.0
2025-10-18T11:00,7.1,0.00,0.00,0.00,2.9,4.3
2025-10-18T12:00,6.5,0.00,0.00,0.00,3.5,5.3
2025-10-18T13:00,6.7,0.00,0.00,0.00,4.0,6.2
2025-10-18T14:00,6.6,0.00,0.00,0.00,3.4,6.7
2025-10-18T15:00,6.5,0.00,0.00,0.00,3.6,8.0
2025-10-18T16:00,6.4,0.00,0.00,0.00,4.3,9.4
2025-10-18T17:00,6.2,0.00,0.00,0.00,5.9,12.0
2025-10-18T18:00,5.8,0.00,0.00,0.00,6.4,12.4
2025-10-18T19:00,5.5,0.00,0.00,0.00,7.3,14.0
2025-10-18T20:00,5.2,0.00,0.00,0.00,7.2,14.2
2025-10-18T21:00,5.1,0.00,0.00,0.00,7.2,14.2
2025-10-18T22:00,5.0,0.00,0.00,0.00,7.1,14.4
2025-10-18T23:00,5.0,0.00,0.00,0.00,7.5,15.0
2025-10-19T00:00,4.8,0.00,0.00,0.00,7.9,15.6
2025-10-19T01:00,4.5,0.00,0.00,0.00,7.5,15.7
2025-10-19T02:00,4.4,0.00,0.00,0.00,8.7,17.6
2025-10-19T03:00,4.4,0.00,0.00,0.00,9.3,18.6
2025-10-19T04:00,4.5,0.00,0.00,0.00,9.2,18.4
2025-10-19T05:00,4.7,0.00,0.00,0.00,9.0,16.7
2025-10-19T06:00,5.1,0.00,0.00,0.00,9.2,16.2
2025-10-19T07:00,5.5,0.00,0.00,0.00,10.6,17.1
2025-10-19T08:00,6.1,0.00,0.00,0.00,11.0,17.3
2025-10-19T09:00,6.7,0.00,0.00,0.00,11.0,16.9
2025-10-19T10:00,7.5,0.00,0.00,0.00,11.2,17.3
2025-10-19T11:00,7.7,0.00,0.00,0.00,11.0,17.5
2025-10-19T12:00,6.6,0.00,0.00,0.00,11.0,17.7
2025-10-19T13:00,6.6,0.00,0.00,0.00,10.5,17.3
2025-10-19T14:00,6.3,0.00,0.00,0.00,9.4,17.1
2025-10-19T15:00,6.2,0.00,0.00,0.00,9.4,17.8
2025-10-19T16:00,6.1,0.00,0.00,0.00,9.8,18.8
2025-10-19T17:00,6.1,0.10,0.00,0.00,10.2,19.6
2025-10-19T18:00,6.0,0.00,0.00,0.00,9.7,18.4
2025-10-19T19:00,6.1,0.10,0.00,0.00,9.4,17.9
2025-10-19T20:00,6.1,0.10,0.00,0.00,9.2,17.7
2025-10-19T21:00,6.0,0.10,0.00,0.00,8.7,16.9
2025-10-19T22:00,5.9,0.10,0.00,0.00,8.7,16.4
2025-10-19T23:00,5.8,0.10,0.00,0.00,8.8,17.0
2025-10-20T00:00,5.2,0.10,0.00,0.00,7.1,15.1
2025-10-20T01:00,5.0,0.00,0.00,0.00,7.7,15.7
2025-10-20T02:00,4.7,0.00,0.00,0.00,8.6,16.9
2025-10-20T03:00,4.6,0.00,0.00,0.00,8.3,16.3
2025-10-20T04:00,4.3,0.00,0.00,0.00,8.4,16.5
2025-10-20T05:00,4.3,0.00,0.00,0.00,8.4,17.8
2025-10-20T06:00,5.0,0.00,0.00,0.00,10.3,15.4
2025-10-20T07:00,6.3,0.00,0.00,0.00,11.8,18.0
2025-10-20T08:00,7.1,0.00,0.00,0.00,11.9,18.6
2025-10-20T09:00,7.5,0.00,0.00,0.00,11.2,17.6
2025-10-20T10:00,7.9,0.00,0.00,0.00,10.6,16.4
2025-10-20T11:00,8.4,0.00,0.00,0.00,10.6,16.3
2025-10-20T12:00,7.6,0.00,0.00,0.00,11.2,17.6
2025-10-20T13:00,7.6,0.00,0.00,0.00,10.3,17.3
2025-10-20T14:00,7.3,0.00,0.00,0.00,10.6,19.1
2025-10-20T15:00,6.9,0.00,0.00,0.00,10.8,20.0
2025-10-20T16:00,6.5,0.00,0.00,0.00,12.0,21.6
2025-10-20T17:00,6.1,0.00,0.00,0.00,11.7,21.3
2025-10-20T18:00,5.4,0.00,0.00,0.00,10.7,19.5
2025-10-20T19:00,5.2,0.00,0.00,0.00,10.6,19.7
2025-10-20T20:00,5.1,0.00,0.00,0.00,10.9,20.1
2025-10-20T21:00,5.0,0.00,0.00,0.00,11.3,20.5
2025-10-20T22:00,4.9,0.10,0.00,0.00,11.4,20.3
2025-10-20T23:00,4.7,0.30,0.00,0.00,12.0,21.7
2025-10-21T00:00,3.8,0.40,0.00,0.00,12.4,22.2
2025-10-21T01:00,3.7,0.40,0.00,0.00,12.5,22.1
2025-10-21T02:00,3.7,0.30,0.00,0.00,11.9,21.9
2025-10-21T03:00,3.7,0.20,0.00,0.00,12.5,22.7
2025-10-21T04:00,3.8,0.10,0.00,0.00,12.0,22.1
2025-10-21T05:00,3.8,0.10,0.00,0.00,11.8,21.3
2025-10-21T06:00,3.2,0.10,0.00,0.00,12.4,20.3
2025-10-21T07:00,3.6,0.00,0.00,0.00,11.4,18.2
2025-10-21T08:00,3.8,0.10,0.00,0.00,10.7,17.4
2025-10-21T09:00,4.2,0.10,0.00,0.00,10.7,17.2
2025-10-21T10:00,4.8,0.10,0.00,0.00,10.3,16.2
2025-10-21T11:00,5.0,0.10,0.00,0.00,9.8,16.0
2025-10-21T12:00,4.1,0.00,0.00,0.00,9.5,15.0
2025-10-21T13:00,4.2,0.00,0.00,0.00,7.7,12.8
2025-10-21T14:00,4.3,0.00,0.00,0.00,6.4,11.8
2025-10-21T15:00,4.3,0.00,0.00,0.00,6.8,12.6
2025-10-21T16:00,4.4,0.00,0.00,0.00,6.5,12.8
2025-10-21T17:00,4.5,0.00,0.00,0.00,6.2,12.9
2025-10-21T18:00,4.5,0.00,0.00,0.00,6.8,14.6
2025-10-21T19:00,4.6,0.00,0.00,0.00,7.1,14.6
2025-10-21T20:00,4.7,0.00,0.00,0.00,6.9,14.1
2025-10-21T21:00,4.7,0.00,0.00,0.00,5.7,11.6
2025-10-21T22:00,4.6,0.00,0.00,0.00,5.3,11.2
2025-10-21T23:00,4.6,0.00,0.00,0.00,5.4,11.5
2025-10-22T00:00,4.2,0.00,0.00,0.00,5.8,11.0
2025-10-22T01:00,4.3,0.00,0.00,0.00,6.5,11.9
2025-10-22T02:00,4.3,0.00,0.00,0.00,6.1,11.0
2025-10-22T03:00,4.4,0.00,0.00,0.00,6.0,10.6
2025-10-22T04:00,4.4,0.00,0.00,0.00,5.3,9.3
2025-10-22T05:00,4.6,0.00,0.00,0.00,6.7,10.9
2025-10-22T06:00,4.3,0.00,0.00,0.00,5.1,7.8
2025-10-22T07:00,4.6,0.00,0.00,0.00,4.3,6.3
2025-10-22T08:00,5.2,0.00,0.00,0.00,4.3,5.9
2025-10-22T09:00,6.2,0.00,0.00,0.00,2.9,4.1
2025-10-22T10:00,6.7,0.00,0.00,0.00,2.3,3.3
2025-10-22T11:00,6.8,0.00,0.00,0.00,2.6,3.7
2025-10-22T12:00,6.1,0.00,0.00,0.00,4.4,6.2
2025-10-22T13:00,6.1,0.00,0.00,0.00,4.6,6.8
2025-10-22T14:00,5.9,0.00,0.00,0.00,2.7,5.2
2025-10-22T15:00,5.5,0.00,0.00,0.00,4.9,9.2
2025-10-22T16:00,5.0,0.00,0.00,0.00,5.3,11.0
2025-10-22T17:00,4.4,0.00,0.00,0.00,4.8,11.1
2025-10-22T18:00,5.5,0.00,0.00,0.00,5.0,11.7
2025-10-22T19:00,5.1,0.00,0.00,0.00,5.6,13.1
2025-10-22T20:00,4.7,0.00,0.00,0.00,6.0,13.3
2025-10-22T21:00,4.2,0.00,0.00,0.00,6.1,13.8
2025-10-22T22:00,3.9,0.00,0.00,0.00,4.5,11.3
2025-10-22T23:00,3.7,0.00,0.00,0.00,3.9,9.9
2025-10-23T00:00,3.9,0.00,0.00,0.00,5.1,12.9
2025-10-23T01:00,3.5,0.00,0.00,0.00,6.0,14.1
2025-10-23T02:00,3.0,0.00,0.00,0.00,5.4,13.2
2025-10-23T03:00,2.8,0.00,0.00,0.00,4.8,12.6
2025-10-23T04:00,2.8,0.00,0.00,0.00,4.8,12.4
2025-10-23T05:00,3.0,0.00,0.00,0.00,4.0,11.0
2025-10-23T06:00,4.0,0.00,0.00,0.00,2.8,7.2
2025-10-23T07:00,4.8,0.00,0.00,0.00,3.7,6.4
2025-10-23T08:00,5.3,0.00,0.00,0.00,5.7,8.9
2025-10-23T09:00,6.0,0.00,0.00,0.00,6.6,9.9
2025-10-23T10:00,6.0,0.10,0.00,0.00,7.0,10.8
2025-10-23T11:00,6.1,0.00,0.00,0.00,8.6,13.4
2025-10-23T12:00,6.4,0.00,0.00,0.00,7.9,12.0
2025-10-23T13:00,6.4,0.00,0.00,0.00,4.9,9.3
2025-10-23T14:00,6.0,0.00,0.00,0.00,4.4,10.1
2025-10-23T15:00,5.6,0.00,0.00,0.00,6.0,13.7
2025-10-23T16:00,5.6,0.00,0.00,0.00,7.8,17.1
2025-10-23T17:00,5.4,0.00,0.00,0.00,9.0,19.3
2025-10-23T18:00,4.9,0.00,0.00,0.00,9.7,20.0
2025-10-23T19:00,4.8,0.00,0.00,0.00,10.3,20.3
2025-10-23T20:00,4.9,0.00,0.00,0.00,10.6,21.0
2025-10-23T21:00,4.9,0.00,0.00,0.00,10.8,21.1
2025-10-23T22:00,4.9,0.00,0.00,0.00,10.2,20.2
2025-10-23T23:00,5.0,0.00,0.00,0.00,10.0,19.7
2025-10-24T00:00,5.3,0.00,0.00,0.00,9.0,18.2
2025-10-24T01:00,5.3,0.00,0.00,0.00,9.7,19.6
2025-10-24T02:00,5.4,0.30,0.00,0.00,10.1,20.2
2025-10-24T03:00,5.3,0.60,0.00,0.00,10.7,21.0
2025-10-24T04:00,5.4,0.30,0.00,0.00,10.8,21.3
2025-10-24T05:00,5.7,0.20,0.00,0.00,11.0,21.8
2025-10-24T06:00,6.1,0.10,0.00,0.00,12.3,23.6
2025-10-24T07:00,6.4,0.10,0.00,0.00,12.8,24.3
2025-10-24T08:00,7.1,0.10,0.00,0.00,13.2,24.8
2025-10-24T09:00,7.6,0.10,0.00,0.00,11.4,20.5
2025-10-24T10:00,8.0,0.10,0.00,0.00,9.1,16.7
2025-10-24T11:00,8.1,0.00,0.00,0.00,8.2,24.4
2025-10-24T12:00,9.5,0.00,0.00,0.00,9.8,19.4
2025-10-24T13:00,9.8,0.00,0.00,0.00,12.6,24.2
2025-10-24T14:00,9.2,0.00,0.00,0.00,12.8,25.3
2025-10-24T15:00,8.5,0.00,0.00,0.00,13.2,26.1
2025-10-24T16:00,7.9,0.00,0.00,0.00,13.3,26.6
2025-10-24T17:00,7.8,0.00,0.00,0.00,13.1,26.3
2025-10-24T18:00,8.0,0.00,0.00,0.00,12.4,24.6
2025-10-24T19:00,8.4,0.00,0.00,0.00,12.2,23.6
2025-10-24T20:00,8.4,0.00,0.00,0.00,11.2,22.0
2025-10-24T21:00,8.3,0.00,0.00,0.00,10.9,21.4
2025-10-24T22:00,8.2,0.00,0.00,0.00,10.8,21.5
2025-10-24T23:00,8.1,0.00,0.00,0.00,10.3,20.7
2025-10-25T00:00,8.7,0.00,0.00,0.00,10.2,20.3
2025-10-25T01:00,8.7,0.00,0.00,0.00,9.7,20.1
2025-10-25T02:00,8.7,0.00,0.00,0.00,10.6,21.5
2025-10-25T03:00,8.9,0.00,0.00,0.00,9.5,19.5
2025-10-25T04:00,8.6,0.00,0.00,0.00,10.6,22.0
2025-10-25T05:00,8.6,0.00,0.00,0.00,11.7,24.3
2025-10-25T06:00,9.1,0.00,0.00,0.00,13.0,24.5
2025-10-25T07:00,9.2,0.00,0.00,0.00,12.7,24.1
2025-10-25T08:00,9.4,0.00,0.00,0.00,12.6,22.3
2025-10-25T09:00,10.0,0.00,0.00,0.00,15.7,26.3
2025-10-25T10:00,11.2,0.00,0.00,0.00,18.2,28.9
2025-10-25T11:00,11.9,0.00,0.00,0.00,17.2,28.1
2025-10-25T12:00,10.3,0.00,0.00,0.00,17.4,27.4
2025-10-25T13:00,10.4,0.00,0.00,0.00,14.7,26.8
2025-10-25T14:00,10.2,0.00,0.00,0.00,14.8,27.8
2025-10-25T15:00,10.1,0.00,0.00,0.00,16.5,31.2
2025-10-25T16:00,9.9,0.00,0.00,0.00,17.1,32.1
2025-10-25T17:00,9.9,0.00,0.00,0.00,16.1,30.2
2025-10-25T18:00,10.5,0.00,0.00,0.00,16.0,29.5
2025-10-25T19:00,10.0,0.00,0.00,0.00,16.2,29.8
2025-10-25T20:00,9.3,0.30,0.00,0.00,16.7,30.5
2025-10-25T21:00,8.5,0.80,0.00,0.00,17.2,30.8
2025-10-25T22:00,7.9,1.00,0.00,0.00,16.9,30.0
2025-10-25T23:00,7.6,0.50,0.00,0.00,16.5,29.7
2025-10-26T00:00,7.6,0.20,0.00,0.00,16.3,29.2
2025-10-26T01:00,7.7,0.20,0.00,0.00,14.8,27.4
2025-10-26T02:00,8.0,0.40,0.00,0.00,12.5,23.5
2025-10-26T03:00,8.2,0.30,0.00,0.00,13.6,24.2
2025-10-26T04:00,7.9,0.20,0.00,0.00,14.2,27.4
2025-10-26T05:00,7.6,0.10,0.00,0.00,14.3,26.9
2025-10-26T06:00,7.5,0.10,0.00,0.00,14.3,25.6
2025-10-26T07:00,7.6,0.00,0.00,0.00,13.4,23.5
2025-10-26T08:00,7.8,0.10,0.00,0.00,15.9,26.6
2025-10-26T09:00,8.0,0.10,0.00,0.00,17.1,28.0
2025-10-26T10:00,7.5,0.10,0.00,0.00,17.9,28.8
2025-10-26T11:00,7.2,0.20,0.00,0.00,13.8,24.4
2025-10-26T12:00,7.5,0.20,0.00,0.00,16.0,25.7
2025-10-26T13:00,7.5,0.00,0.00,0.00,10.1,18.7
2025-10-26T14:00,7.2,0.00,0.00,0.00,9.8,19.0
2025-10-26T15:00,6.8,0.00,0.00,0.00,10.4,21.2
2025-10-26T16:00,6.5,0.00,0.00,0.00,11.7,23.5
2025-10-26T17:00,5.9,0.20,0.00,0.00,10.7,21.8
2025-10-26T18:00,5.8,0.00,0.00,0.00,12.1,24.4
2025-10-26T19:00,5.6,0.00,0.00,0.00,11.7,24.0
2025-10-26T20:00,5.3,0.00,0.00,0.00,11.2,23.2
2025-10-26T21:00,4.9,0.00,0.00,0.00,11.0,23.2
2025-10-26T22:00,4.6,0.10,0.00,0.00,11.2,22.9
2025-10-26T23:00,4.3,0.00,0.00,0.00,10.7,22.2
2025-10-27T00:00,4.0,0.00,0.00,0.00,10.1,22.0
2025-10-27T01:00,3.9,0.00,0.00,0.00,10.6,22.5
2025-10-27T02:00,3.7,0.00,0.00,0.00,10.4,22.9
2025-10-27T03:00,3.6,0.00,0.00,0.00,10.9,23.4
2025-10-27T04:00,3.7,0.00,0.00,0.00,11.1,23.6
2025-10-27T05:00,3.7,0.00,0.00,0.00,11.5,24.0
2025-10-27T06:00,4.8,0.00,0.00,0.00,11.8,23.4
2025-10-27T07:00,6.1,0.00,0.00,0.00,14.9,23.8
2025-10-27T08:00,7.1,0.00,0.00,0.00,15.8,25.0
2025-10-27T09:00,7.8,0.00,0.00,0.00,16.4,26.0
2025-10-27T10:00,8.5,0.00,0.00,0.00,8.5,15.1
2025-10-27T11:00,8.9,0.00,0.00,0.00,9.3,17.3
2025-10-27T12:00,9.0,0.00,0.00,0.00,12.1,22.4
2025-10-27T13:00,8.7,0.10,0.00,0.00,13.5,25.1
2025-10-27T14:00,8.3,0.10,0.00,0.00,13.7,25.7
2025-10-27T15:00,8.1,0.00,0.00,0.00,12.0,23.0
2025-10-27T16:00,8.0,0.00,0.00,0.00,11.4,22.4
2025-10-27T17:00,8.0,0.00,0.00,0.00,11.8,22.9
2025-10-27T18:00,7.9,0.70,0.00,0.00,16.7,30.7
2025-10-27T19:00,7.5,0.70,0.00,0.00,17.3,31.2
2025-10-27T20:00,7.1,1.10,0.00,0.00,13.5,25.7
2025-10-27T21:00,7.1,0.80,0.00,0.00,11.6,22.4
2025-10-27T22:00,6.9,0.90,0.00,0.00,11.6,22.3
2025-10-27T23:00,6.9,0.70,0.00,0.00,13.1,24.7
2025-10-28T00:00,6.6,0.50,0.00,0.00,12.7,23.8
2025-10-28T01:00,6.4,0.40,0.00,0.00,12.0,22.1
2025-10-28T02:00,6.0,0.60,0.00,0.00,11.5,20.9
2025-10-28T03:00,5.7,0.80,0.00,0.00,11.2,20.7
2025-10-28T04:00,5.5,1.10,0.00,0.00,11.5,21.1
2025-10-28T05:00,5.3,0.60,0.00,0.00,10.2,18.9
2025-10-28T06:00,5.4,0.10,0.00,0.00,9.4,16.9
2025-10-28T07:00,5.8,0.00,0.00,0.00,11.1,17.8
2025-10-28T08:00,6.2,0.00,0.00,0.00,10.7,16.0
2025-10-28T09:00,6.5,0.10,0.00,0.00,8.6,13.6
2025-10-28T10:00,7.3,0.10,0.00,0.00,8.0,14.8
2025-10-28T11:00,7.7,0.10,0.00,0.00,9.9,17.8
2025-10-28T12:00,7.3,0.00,0.00,0.00,9.9,19.0
2025-10-28T13:00,7.0,0.10,0.00,0.00,12.7,23.7
2025-10-28T14:00,6.5,0.00,0.00,0.00,11.9,22.8
2025-10-28T15:00,6.2,0.00,0.00,0.00,10.6,20.5
2025-10-28T16:00,6.1,0.00,0.00,0.00,9.8,19.5
2025-10-28T17:00,5.9,0.00,0.00,0.00,9.5,19.2
2025-10-28T18:00,5.5,0.00,0.00,0.00,10.2,21.6
2025-10-28T19:00,5.5,0.00,0.00,0.00,10.2,21.5
2025-10-28T20:00,5.4,0.00,0.00,0.00,9.5,20.4
2025-10-28T21:00,4.8,0.00,0.00,0.00,11.1,23.0
2025-10-28T22:00,4.0,0.40,0.00,0.00,11.5,22.4
2025-10-28T23:00,4.0,0.10,0.00,0.00,10.1,20.1
2025-10-29T00:00,5.0,0.00,0.00,0.00,11.1,21.4
2025-10-29T01:00,4.6,0.30,0.00,0.00,11.0,22.4
2025-10-29T02:00,4.3,0.60,0.00,0.00,9.9,20.4
2025-10-29T03:00,4.1,0.10,0.00,0.00,10.1,21.2
2025-10-29T04:00,4.3,0.00,0.00,0.00,9.2,19.3
2025-10-29T05:00,4.7,0.00,0.00,0.00,8.5,16.7
2025-10-29T06:00,5.5,0.00,0.00,0.00,10.4,18.3
2025-10-29T07:00,6.0,0.00,0.00,0.00,10.2,16.9
2025-10-29T08:00,6.3,0.10,0.00,0.00,9.3,14.5
2025-10-29T09:00,6.7,0.10,0.00,0.00,10.6,16.9
2025-10-29T10:00,7.2,0.10,0.00,0.00,9.1,14.8
2025-10-29T11:00,7.6,0.40,0.00,0.00,7.4,12.2
2025-10-29T12:00,6.9,0.10,0.00,0.00,7.6,13.9
2025-10-29T13:00,6.7,0.00,0.00,0.00,6.1,12.7
2025-10-29T14:00,5.6,0.30,0.00,0.00,4.8,13.8
2025-10-29T15:00,5.3,0.00,0.00,0.00,6.5,17.1
2025-10-29T16:00,5.4,0.00,0.00,0.00,7.3,17.6
2025-10-29T17:00,4.8,0.00,0.00,0.00,6.9,17.7
2025-10-29T18:00,5.0,0.00,0.00,0.00,7.5,18.1
2025-10-29T19:00,4.9,0.00,0.00,0.00,7.0,18.1
2025-10-29T20:00,4.6,0.00,0.00,0.00,7.9,19.7
2025-10-29T21:00,4.5,0.00,0.00,0.00,8.5,20.2
2025-10-29T22:00,4.3,0.00,0.00,0.00,8.2,19.4
2025-10-29T23:00,4.1,0.00,0.00,0.00,8.5,19.6
2025-10-30T00:00,4.5,0.00,0.00,0.00,7.8,18.9
2025-10-30T01:00,5.1,0.00,0.00,0.00,8.6,19.2
2025-10-30T02:00,4.5,0.00,0.00,0.00,7.9,18.4
2025-10-30T03:00,4.3,0.00,0.00,0.00,8.3,19.2
2025-10-30T04:00,3.9,0.00,0.00,0.00,8.1,18.8
2025-10-30T05:00,4.0,0.00,0.00,0.00,8.6,18.2
2025-10-30T06:00,5.6,0.00,0.00,0.00,9.9,18.8
2025-10-30T07:00,6.0,0.00,0.00,0.00,10.1,15.3
2025-10-30T08:00,6.1,0.00,0.00,0.00,10.3,15.5
2025-10-30T09:00,6.6,0.00,0.00,0.00,9.6,15.1
2025-10-30T10:00,7.3,0.00,0.00,0.00,9.0,14.0
2025-10-30T11:00,8.0,0.00,0.00,0.00,8.6,13.6
2025-10-30T12:00,7.4,0.00,0.00,0.00,7.1,11.4
2025-10-30T13:00,7.3,0.00,0.00,0.00,0.9,4.8
2025-10-30T14:00,6.8,0.00,0.00,0.00,3.1,3.1
2025-10-30T15:00,6.6,0.00,0.00,0.00,5.2,9.4
2025-10-30T16:00,6.4,0.00,0.00,0.00,5.6,12.9
2025-10-30T17:00,6.5,0.00,0.00,0.00,5.2,11.7
2025-10-30T18:00,5.4,0.00,0.00,0.00,4.5,10.5
2025-10-30T19:00,5.2,0.00,0.00,0.00,5.2,14.1
2025-10-30T20:00,4.8,0.00,0.00,0.00,5.9,15.4
2025-10-30T21:00,5.1,0.00,0.00,0.00,6.8,16.3
2025-10-30T22:00,5.3,0.00,0.00,0.00,6.5,14.8
2025-10-30T23:00,4.5,0.00,0.00,0.00,7.0,17.5
2025-10-31T00:00,5.3,0.00,0.00,0.00,8.5,20.0
2025-10-31T01:00,5.9,0.00,0.00,0.00,10.0,21.5
2025-10-31T02:00,6.1,0.00,0.00,0.00,12.1,24.0
2025-10-31T03:00,6.0,0.00,0.00,0.00,13.0,25.6
2025-10-31T04:00,6.2,0.00,0.00,0.00,13.6,26.7
2025-10-31T05:00,6.1,0.10,0.00,0.00,14.8,28.2
2025-10-31T06:00,6.4,0.50,0.00,0.00,16.2,30.0
2025-10-31T07:00,6.5,0.60,0.00,0.00,17.6,31.3
2025-10-31T08:00,6.3,0.60,0.00,0.00,17.5,31.1
2025-10-31T09:00,6.2,1.00,0.00,0.00,17.5,30.7
2025-10-31T10:00,5.9,1.30,0.00,0.00,16.8,29.7
2025-10-31T11:00,5.7,1.10,0.00,0.00,15.3,27.1
2025-10-31T12:00,5.6,1.20,0.00,0.00,12.9,23.1
2025-10-31T13:00,5.2,1.00,0.00,0.00,11.9,21.7
2025-10-31T14:00,4.9,0.70,0.00,0.00,11.0,20.4
2025-10-31T15:00,4.7,0.60,0.00,0.00,10.7,19.8
2025-10-31T16:00,4.6,0.70,0.00,0.00,10.3,19.1
2025-10-31T17:00,4.5,0.40,0.00,0.00,10.2,19.1
2025-10-31T18:00,5.0,0.10,0.00,0.00,9.5,18.0
2025-10-31T19:00,5.2,0.00,0.00,0.00,10.1,19.1
2025-10-31T20:00,5.2,0.00,0.00,0.00,10.5,19.8
2025-10-31T21:00,5.1,0.00,0.00,0.00,9.2,17.5
2025-10-31T22:00,5.1,0.00,0.00,0.00,8.5,16.3
2025-10-31T23:00,5.2,0.00,0.00,0.00,9.4,17.7
2025-11-01T00:00,5.2,0.00,0.00,0.00,10.0,18.8
2025-11-01T01:00,5.2,0.00,0.00,0.00,8.9,17.0
2025-11-01T02:00,5.2,0.00,0.00,0.00,9.6,18.2
2025-11-01T03:00,5.1,0.00,0.00,0.00,10.4,19.4
2025-11-01T04:00,5.0,0.00,0.00,0.00,10.5,19.4
2025-11-01T05:00,4.8,0.00,0.00,0.00,9.5,17.8
2025-11-01T06:00,5.1,0.00,0.00,0.00,8.7,15.4
2025-11-01T07:00,5.3,0.00,0.00,0.00,7.7,12.3
2025-11-01T08:00,5.4,0.00,0.00,0.00,7.3,11.5
2025-11-01T09:00,5.5,0.00,0.00,0.00,7.6,11.9
2025-11-01T10:00,6.0,0.00,0.00,0.00,7.0,10.5
2025-11-01T11:00,6.3,0.00,0.00,0.00,6.5,9.6
2025-11-01T12:00,6.4,0.00,0.00,0.00,5.4,8.5
2025-11-01T13:00,6.3,0.00,0.00,0.00,3.3,6.9
2025-11-01T14:00,6.0,0.00,0.00,0.00,1.1,5.2
2025-11-01T15:00,5.9,0.00,0.00,0.00,0.7,5.9
2025-11-01T16:00,5.9,0.00,0.00,0.00,3.8,9.3
2025-11-01T17:00,5.8,0.00,0.00,0.00,4.9,11.4
2025-11-01T18:00,5.2,0.00,0.00,0.00,6.1,12.5
2025-11-01T19:00,4.6,0.00,0.00,0.00,6.0,13.0
2025-11-01T20:00,4.4,0.00,0.00,0.00,5.0,11.1
2025-11-01T21:00,4.4,0.00,0.00,0.00,4.3,9.9
2025-11-01T22:00,4.2,0.00,0.00,0.00,4.0,9.5
2025-11-01T23:00,4.2,0.00,0.00,0.00,4.6,10.5
2025-11-02T00:00,3.9,0.00,0.00,0.00,5.7,14.7
2025-11-02T01:00,3.9,0.00,0.00,0.00,6.3,15.2
2025-11-02T02:00,3.8,0.00,0.00,0.00,5.8,13.5
2025-11-02T03:00,3.8,0.00,0.00,0.00,4.9,11.7
2025-11-02T04:00,3.7,0.00,0.00,0.00,4.6,10.4
2025-11-02T05:00,3.6,0.00,0.00,0.00,5.1,11.5
2025-11-02T06:00,4.2,0.00,0.00,0.00,5.3,7.7
2025-11-02T07:00,4.7,0.00,0.00,0.00,4.1,6.4
2025-11-02T08:00,5.4,0.00,0.00,0.00,3.9,4.8
2025-11-02T09:00,6.2,0.00,0.00,0.00,4.3,6.4
2025-11-02T10:00,6.8,0.10,0.00,0.00,5.1,7.5
2025-11-02T11:00,7.2,0.00,0.00,0.00,6.0,9.5
2025-11-02T12:00,7.2,0.00,0.00,0.00,5.5,10.0
2025-11-02T13:00,6.7,0.00,0.00,0.00,6.9,13.6
2025-11-02T14:00,6.3,0.00,0.00,0.00,7.5,15.0
2025-11-02T15:00,6.0,0.00,0.00,0.00,7.7,15.7
2025-11-02T16:00,5.9,0.00,0.00,0.00,9.0,17.7
2025-11-02T17:00,5.5,0.00,0.00,0.00,10.5,20.1
2025-11-02T18:00,4.5,0.00,0.00,0.00,9.9,18.9
2025-11-02T19:00,4.1,0.00,0.00,0.00,10.4,20.3
2025-11-02T20:00,4.0,0.00,0.00,0.00,10.9,20.9
2025-11-02T21:00,4.0,0.00,0.00,0.00,10.6,20.7
2025-11-02T22:00,4.0,0.00,0.00,0.00,11.0,21.2
2025-11-02T23:00,4.1,0.00,0.00,0.00,10.4,20.5
2025-11-03T00:00,4.4,0.00,0.00,0.00,11.1,21.8
2025-11-03T01:00,4.2,0.00,0.00,0.00,11.3,22.7
2025-11-03T02:00,4.1,0.00,0.00,0.00,11.6,23.6
2025-11-03T03:00,4.2,0.00,0.00,0.00,11.4,23.1
2025-11-03T04:00,4.6,0.00,0.00,0.00,11.6,23.0
2025-11-03T05:00,4.7,0.00,0.00,0.00,11.3,22.4
2025-11-03T06:00,4.9,0.00,0.00,0.00,12.0,23.4
2025-11-03T07:00,5.2,0.00,0.00,0.00,12.8,24.6
2025-11-03T08:00,6.0,0.20,0.00,0.00,13.4,25.0
2025-11-03T09:00,6.1,0.40,0.00,0.00,14.1,26.5
2025-11-03T10:00,6.4,0.50,0.00,0.00,14.1,25.8
2025-11-03T11:00,6.4,0.40,0.00,0.00,14.2,26.1
2025-11-03T12:00,6.6,0.30,0.00,0.00,14.8,28.0
2025-11-03T13:00,7.2,0.00,0.00,0.00,13.5,26.4
2025-11-03T14:00,7.6,0.00,0.00,0.00,12.7,25.4
2025-11-03T15:00,7.5,0.00,0.00,0.00,12.8,26.1
2025-11-03T16:00,7.5,0.00,0.00,0.00,13.1,26.3
2025-11-03T17:00,7.8,0.00,0.00,0.00,13.0,25.8
2025-11-03T18:00,8.4,0.00,0.00,0.00,13.3,26.3
2025-11-03T19:00,8.7,0.00,0.00,0.00,12.9,25.7
2025-11-03T20:00,8.9,0.00,0.00,0.00,12.9,25.4
2025-11-03T21:00,8.9,0.10,0.00,0.00,12.7,25.0
2025-11-03T22:00,9.1,0.00,0.00,0.00,12.2,24.3
2025-11-03T23:00,9.2,0.00,0.00,0.00,13.0,25.5
2025-11-04T00:00,9.1,0.20,0.00,0.00,14.1,26.8
2025-11-04T01:00,8.8,0.00,0.00,0.00,14.3,27.2
2025-11-04T02:00,8.4,0.00,0.00,0.00,14.9,28.3
2025-11-04T03:00,8.0,0.00,0.00,0.00,14.7,27.9
2025-11-04T04:00,8.0,0.00,0.00,0.00,14.7,27.6
2025-11-04T05:00,7.8,0.50,0.00,0.00,14.8,27.6
2025-11-04T06:00,8.4,0.10,0.00,0.00,15.0,27.9
2025-11-04T07:00,8.6,0.10,0.00,0.00,15.0,27.7
2025-11-04T08:00,8.8,0.30,0.00,0.00,14.7,26.6
2025-11-04T09:00,8.9,1.00,0.00,0.00,14.4,26.0
2025-11-04T10:00,8.8,0.70,0.00,0.00,12.5,23.4
2025-11-04T11:00,9.1,0.00,0.00,0.00,10.1,18.4
2025-11-04T12:00,9.5,0.00,0.00,0.00,8.7,16.4
2025-11-04T13:00,8.9,0.00,0.00,0.00,7.6,16.1
2025-11-04T14:00,7.8,0.00,0.00,0.00,5.4,15.3
2025-11-04T15:00,8.0,0.00,0.00,0.00,5.9,15.2
2025-11-04T16:00,8.2,0.00,0.00,0.00,7.8,17.3
2025-11-04T17:00,8.1,0.00,0.00,0.00,8.1,17.8
2025-11-04T18:00,8.3,0.00,0.00,0.00,6.0,12.4
2025-11-04T19:00,8.3,0.00,0.00,0.00,7.1,15.3
2025-11-04T20:00,8.2,0.00,0.00,0.00,7.3,15.8
2025-11-04T21:00,7.9,0.00,0.00,0.00,7.0,15.6
2025-11-04T22:00,7.3,0.00,0.00,0.00,7.1,15.6
2025-11-04T23:00,6.5,0.00,0.00,0.00,6.8,14.6
2025-11-05T00:00,5.8,0.00,0.00,0.00,5.9,13.8
2025-11-05T01:00,5.7,0.00,0.00,0.00,4.8,11.0
2025-11-05T02:00,5.1,0.00,0.00,0.00,4.3,8.8
2025-11-05T03:00,4.5,0.00,0.00,0.00,5.6,10.7
2025-11-05T04:00,4.7,0.00,0.00,0.00,6.3,14.1
2025-11-05T05:00,4.8,0.00,0.00,0.00,7.5,16.8
2025-11-05T06:00,3.9,0.00,0.00,0.00,8.1,20.4
2025-11-05T07:00,5.3,0.00,0.00,0.00,7.7,18.4
2025-11-05T08:00,6.9,0.00,0.00,0.00,13.5,22.0
2025-11-05T09:00,7.5,0.00,0.00,0.00,13.6,21.7
2025-11-05T10:00,8.2,0.00,0.00,0.00,13.2,21.3
2025-11-05T11:00,8.6,0.00,0.00,0.00,10.7,17.8
2025-11-05T12:00,8.7,0.00,0.00,0.00,9.7,17.5
2025-11-05T13:00,8.2,0.00,0.00,0.00,9.9,19.7
2025-11-05T14:00,7.5,0.00,0.00,0.00,9.7,20.8
2025-11-05T15:00,7.4,0.00,0.00,0.00,11.6,23.6
2025-11-05T16:00,6.9,0.00,0.00,0.00,11.5,23.0
2025-11-05T17:00,6.5,0.00,0.00,0.00,11.6,23.4
2025-11-05T18:00,6.0,0.00,0.00,0.00,11.6,24.2
2025-11-05T19:00,5.6,0.00,0.00,0.00,11.7,24.4
2025-11-05T20:00,5.3,0.00,0.00,0.00,12.0,25.1
2025-11-05T21:00,5.2,0.00,0.00,0.00,12.0,25.0
2025-11-05T22:00,5.2,0.00,0.00,0.00,11.8,24.6
2025-11-05T23:00,5.2,0.00,0.00,0.00,11.8,24.6
2025-11-06T00:00,5.8,0.00,0.00,0.00,11.9,24.3
2025-11-06T01:00,6.0,0.00,0.00,0.00,11.4,23.4
2025-11-06T02:00,6.0,0.00,0.00,0.00,11.4,23.2
2025-11-06T03:00,6.1,0.00,0.00,0.00,11.2,22.5
2025-11-06T04:00,6.1,0.00,0.00,0.00,11.6,22.9
2025-11-06T05:00,6.0,0.00,0.00,0.00,11.4,22.6
2025-11-06T06:00,6.4,0.00,0.00,0.00,12.2,23.7
2025-11-06T07:00,6.8,0.00,0.00,0.00,12.9,23.1
2025-11-06T08:00,7.2,0.30,0.00,0.00,12.8,22.1
2025-11-06T09:00,7.7,0.00,0.00,0.00,13.4,22.7
2025-11-06T10:00,7.7,0.00,0.00,0.00,11.7,21.6
2025-11-06T11:00,8.1,0.00,0.00,0.00,12.5,23.2
2025-11-06T12:00,8.8,0.10,0.00,0.00,14.9,27.0
2025-11-06T13:00,8.4,0.10,0.00,0.00,13.9,26.2
2025-11-06T14:00,8.3,0.00,0.00,0.00,13.6,26.0
2025-11-06T15:00,8.3,0.00,0.00,0.00,14.0,26.6
2025-11-06T16:00,8.1,0.00,0.00,0.00,13.9,26.4
2025-11-06T17:00,7.8,1.00,0.00,0.00,13.9,26.4
2025-11-06T18:00,8.2,0.00,0.00,0.00,12.8,25.1
2025-11-06T19:00,8.1,0.00,0.00,0.00,12.9,25.3
2025-11-06T20:00,8.0,0.10,0.00,0.00,12.7,24.8
2025-11-06T21:00,8.0,0.00,0.00,0.00,12.8,24.8
2025-11-06T22:00,7.9,0.20,0.00,0.00,12.4,23.7
2025-11-06T23:00,7.6,0.40,0.00,0.00,13.1,24.7
2025-11-07T00:00,7.2,0.40,0.00,0.00,11.5,22.7
2025-11-07T01:00,7.4,0.00,0.00,0.00,11.4,22.2
2025-11-07T02:00,7.5,0.10,0.00,0.00,10.6,21.1
2025-11-07T03:00,7.6,0.00,0.00,0.00,10.4,20.9
2025-11-07T04:00,7.6,0.00,0.00,0.00,10.1,20.3
2025-11-07T05:00,7.7,0.10,0.00,0.00,9.9,19.9
2025-11-07T06:00,7.7,0.40,0.00,0.00,9.5,19.4
2025-11-07T07:00,8.1,0.00,0.00,0.00,9.7,18.7
2025-11-07T08:00,8.4,0.00,0.00,0.00,10.0,17.5
2025-11-07T09:00,9.1,0.00,0.00,0.00,11.5,18.0
2025-11-07T10:00,9.5,0.00,0.00,0.00,10.5,16.9
2025-11-07T11:00,10.0,0.00,0.00,0.00,10.8,17.1
2025-11-07T12:00,9.6,0.00,0.00,0.00,8.7,14.3
2025-11-07T13:00,9.4,0.00,0.00,0.00,7.6,14.9
2025-11-07T14:00,9.2,0.00,0.00,0.00,8.9,17.8
2025-11-07T15:00,9.0,0.00,0.00,0.00,11.0,21.4
2025-11-07T16:00,8.9,0.00,0.00,0.00,10.5,20.7
2025-11-07T17:00,9.0,0.00,0.00,0.00,10.6,21.2
2025-11-07T18:00,9.5,0.00,0.00,0.00,10.1,20.4
2025-11-07T19:00,9.7,0.00,0.00,0.00,10.1,20.5
2025-11-07T20:00,9.7,0.00,0.00,0.00,10.3,21.1
2025-11-07T21:00,9.8,0.00,0.00,0.00,11.4,22.1
2025-11-07T22:00,9.8,0.00,0.00,0.00,12.1,23.1
2025-11-07T23:00,9.5,0.10,0.00,0.00,12.7,24.4
2025-11-08T00:00,9.2,0.00,0.00,0.00,12.7,24.4
2025-11-08T01:00,9.1,0.10,0.00,0.00,13.1,25.3
2025-11-08T02:00,8.8,0.00,0.00,0.00,13.4,26.0
2025-11-08T03:00,8.7,0.00,0.00,0.00,14.2,27.3
2025-11-08T04:00,8.4,0.00,0.00,0.00,14.4,27.9
2025-11-08T05:00,8.2,0.00,0.00,0.00,14.2,27.4
2025-11-08T06:00,8.4,0.00,0.00,0.00,14.4,27.6
2025-11-08T07:00,8.8,0.00,0.00,0.00,14.0,25.1
2025-11-08T08:00,9.2,0.00,0.00,0.00,12.8,22.5
2025-11-08T09:00,9.9,0.00,0.00,0.00,15.0,24.8
2025-11-08T10:00,10.4,0.00,0.00,0.00,13.7,22.5
2025-11-08T11:00,10.5,0.00,0.00,0.00,11.8,20.0
2025-11-08T12:00,9.6,0.00,0.00,0.00,10.0,18.3
2025-11-08T13:00,9.3,0.00,0.00,0.00,8.6,16.5
2025-11-08T14:00,8.9,0.00,0.00,0.00,7.6,15.8
2025-11-08T15:00,8.7,0.00,0.00,0.00,7.2,14.7
2025-11-08T16:00,8.5,0.00,0.00,0.00,6.2,13.2
2025-11-08T17:00,8.4,0.00,0.00,0.00,5.3,11.3
2025-11-08T18:00,8.3,0.00,0.00,0.00,3.6,8.7
2025-11-08T19:00,8.3,0.00,0.00,0.00,3.2,7.0
2025-11-08T20:00,8.1,0.00,0.00,0.00,2.6,5.2
2025-11-08T21:00,8.0,0.00,0.00,0.00,3.1,5.5
2025-11-08T22:00,8.0,0.00,0.00,0.00,2.7,5.2
2025-11-08T23:00,7.9,0.00,0.00,0.00,2.2,4.7
2025-11-09T00:00,7.5,0.00,0.00,0.00,4.5,8.6
2025-11-09T01:00,7.4,0.00,0.00,0.00,4.8,8.7
2025-11-09T02:00,7.3,0.00,0.00,0.00,4.8,8.8
2025-11-09T03:00,7.1,0.00,0.00,0.00,5.1,9.4
2025-11-09T04:00,6.9,0.00,0.00,0.00,5.8,10.8
2025-11-09T05:00,6.7,0.00,0.00,0.00,6.9,13.4
2025-11-09T06:00,6.8,0.00,0.00,0.00,7.7,13.2
2025-11-09T07:00,6.6,0.00,0.00,0.00,11.5,18.4
2025-11-09T08:00,6.0,0.00,0.00,0.00,11.8,18.4
2025-11-09T09:00,5.4,0.00,0.00,0.00,11.0,17.5
2025-11-09T10:00,5.4,0.00,0.00,0.00,11.8,18.5
2025-11-09T11:00,5.9,0.00,0.00,0.00,12.6,19.5
2025-11-09T12:00,5.2,0.00,0.00,0.00,11.9,18.5
2025-11-09T13:00,5.0,0.00,0.00,0.00,9.4,17.1
2025-11-09T14:00,4.7,0.00,0.00,0.00,10.2,18.4
2025-11-09T15:00,4.3,0.00,0.00,0.00,11.4,18.9
2025-11-09T16:00,3.8,0.00,0.00,0.00,11.0,18.2
2025-11-09T17:00,3.7,0.00,0.00,0.00,10.3,16.6
2025-11-09T18:00,3.8,0.00,0.00,0.00,10.3,16.7
2025-11-09T19:00,3.7,0.00,0.00,0.00,9.2,15.8
2025-11-09T20:00,3.7,0.00,0.00,0.00,9.2,15.7
2025-11-09T21:00,3.6,0.00,0.00,0.00,8.4,14.6
2025-11-09T22:00,3.5,0.00,0.00,0.00,8.8,14.9
2025-11-09T23:00,3.4,0.00,0.00,0.00,9.0,14.8
2025-11-10T00:00,2.9,0.00,0.00,0.00,6.4,10.1
2025-11-10T01:00,2.9,0.00,0.00,0.00,6.2,10.6
2025-11-10T02:00,2.9,0.00,0.00,0.00,7.3,12.0
2025-11-10T03:00,2.9,0.00,0.00,0.00,7.4,12.6
2025-11-10T04:00,2.9,0.00,0.00,0.00,7.6,13.3
2025-11-10T05:00,2.9,0.00,0.00,0.00,8.2,13.7
2025-11-10T06:00,2.5,0.00,0.00,0.00,8.6,13.8
2025-11-10T07:00,2.6,0.00,0.00,0.00,8.6,13.7
2025-11-10T08:00,2.9,0.00,0.00,0.00,8.4,13.5
2025-11-10T09:00,3.2,0.00,0.00,0.00,8.6,13.4
2025-11-10T10:00,3.5,0.00,0.00,0.00,8.4,13.1
2025-11-10T11:00,3.7,0.00,0.00,0.00,8.3,12.8
2025-11-10T12:00,3.6,0.00,0.00,0.00,8.0,12.2
2025-11-10T13:00,3.5,0.00,0.00,0.00,5.1,10.3
2025-11-10T14:00,3.4,0.00,0.00,0.00,5.7,11.3
2025-11-10T15:00,3.3,0.00,0.00,0.00,6.3,12.3
2025-11-10T16:00,3.3,0.00,0.00,0.00,6.8,13.2
2025-11-10T17:00,3.2,0.00,0.00,0.00,6.7,13.4
2025-11-10T18:00,3.1,0.00,0.00,0.00,6.5,12.9
2025-11-10T19:00,3.0,0.00,0.00,0.00,6.5,13.1
2025-11-10T20:00,3.1,0.00,0.00,0.00,6.4,13.0
2025-11-10T21:00,3.0,0.00,0.00,0.00,6.0,12.3
2025-11-10T22:00,3.0,0.00,0.00,0.00,5.4,11.3
2025-11-10T23:00,3.0,0.00,0.00,0.00,5.5,11.4
2025-11-11T00:00,3.1,0.00,0.00,0.00,7.0,13.8
2025-11-11T01:00,3.1,0.00,0.00,0.00,6.9,14.3
2025-11-11T02:00,3.0,0.00,0.00,0.00,5.8,12.4
2025-11-11T03:00,3.1,0.00,0.00,0.00,4.7,10.7
2025-11-11T04:00,3.0,0.00,0.00,0.00,4.3,10.0
2025-11-11T05:00,2.8,0.00,0.00,0.00,5.4,11.5
2025-11-11T06:00,3.0,0.00,0.00,0.00,5.1,11.6
2025-11-11T07:00,3.6,0.00,0.00,0.00,4.6,8.5
2025-11-11T08:00,4.2,0.00,0.00,0.00,3.1,4.8
2025-11-11T09:00,4.7,0.00,0.00,0.00,2.1,2.9
2025-11-11T10:00,5.1,0.00,0.00,0.00,3.0,4.2
2025-11-11T11:00,5.3,0.00,0.00,0.00,2.1,2.9
2025-11-11T12:00,4.4,0.00,0.00,0.00,0.9,1.4
2025-11-11T13:00,4.4,0.00,0.00,0.00,1.5,1.9
2025-11-11T14:00,4.2,0.00,0.00,0.00,2.3,3.9
2025-11-11T15:00,4.0,0.00,0.00,0.00,2.2,4.7
2025-11-11T16:00,3.8,0.00,0.00,0.00,2.0,5.0
2025-11-11T17:00,3.7,0.00,0.00,0.00,2.8,6.7
2025-11-11T18:00,3.1,0.00,0.00,0.00,3.1,9.2
2025-11-11T19:00,3.6,0.00,0.00,0.00,5.1,12.2
2025-11-11T20:00,3.4,0.00,0.00,0.00,6.6,14.6
2025-11-11T21:00,3.1,0.00,0.00,0.00,7.3,16.4
2025-11-11T22:00,2.6,0.00,0.00,0.00,7.6,17.1
2025-11-11T23:00,2.3,0.00,0.00,0.00,8.0,17.8
2025-11-12T00:00,2.5,0.00,0.00,0.00,9.1,20.2
2025-11-12T01:00,2.5,0.00,0.00,0.00,9.7,20.7
2025-11-12T02:00,2.5,0.00,0.00,0.00,10.1,20.9
2025-11-12T03:00,2.6,0.00,0.00,0.00,10.3,20.7
2025-11-12T04:00,2.9,0.00,0.00,0.00,10.9,21.0
2025-11-12T05:00,3.0,0.00,0.00,0.00,11.3,21.8
2025-11-12T06:00,3.2,0.00,0.00,0.00,11.7,22.3
2025-11-12T07:00,3.4,0.10,0.00,0.00,11.7,22.1
2025-11-12T08:00,3.7,0.20,0.00,0.00,13.5,22.7
2025-11-12T09:00,3.9,0.20,0.00,0.00,12.3,19.9
2025-11-12T10:00,4.1,0.20,0.00,0.00,12.7,19.7
2025-11-12T11:00,4.3,0.10,0.00,0.00,10.7,18.1
2025-11-12T12:00,4.1,0.10,0.00,0.00,11.9,22.5
2025-11-12T13:00,4.1,0.00,0.00,0.00,11.9,22.7
2025-11-12T14:00,4.0,0.00,0.00,0.00,11.9,22.2
2025-11-12T15:00,4.0,0.10,0.00,0.00,11.9,22.1
2025-11-12T16:00,3.8,0.00,0.00,0.00,11.6,21.5
2025-11-12T17:00,3.7,0.00,0.00,0.00,10.3,19.6
2025-11-12T18:00,3.6,0.00,0.00,0.00,8.5,15.8
2025-11-12T19:00,3.5,0.00,0.00,0.00,7.7,14.7
2025-11-12T20:00,3.5,0.00,0.00,0.00,7.4,14.1
2025-11-12T21:00,3.5,0.00,0.00,0.00,7.0,14.0
2025-11-12T22:00,3.5,0.00,0.00,0.00,6.2,13.1
2025-11-12T23:00,3.6,0.00,0.00,0.00,5.7,12.3
2025-11-13T00:00,3.6,0.00,0.00,0.00,5.2,10.2
2025-11-13T01:00,3.6,0.00,0.00,0.00,4.8,9.6
2025-11-13T02:00,3.7,0.00,0.00,0.00,4.9,10.0
2025-11-13T03:00,3.8,0.10,0.00,0.00,4.3,9.5
2025-11-13T04:00,3.8,0.00,0.00,0.00,4.0,9.4
2025-11-13T05:00,4.0,0.00,0.00,0.00,3.4,8.3
2025-11-13T06:00,4.1,0.00,0.00,0.00,4.2,6.9
2025-11-13T07:00,4.5,0.00,0.00,0.00,5.3,9.7
2025-11-13T08:00,4.9,0.00,0.00,0.00,5.1,10.2
2025-11-13T09:00,5.4,0.00,0.00,0.00,6.0,10.6
2025-11-13T10:00,5.7,0.00,0.00,0.00,7.1,12.2
2025-11-13T11:00,6.1,0.00,0.00,0.00,7.9,13.0
2025-11-13T12:00,6.4,0.00,0.00,0.00,9.7,16.6
2025-11-13T13:00,6.1,0.00,0.00,0.00,10.2,19.0
2025-11-13T14:00,6.0,0.00,0.00,0.00,11.4,21.3
2025-11-13T15:00,5.8,0.00,0.00,0.00,11.6,21.5
2025-11-13T16:00,5.6,0.00,0.00,0.00,13.9,25.0
2025-11-13T17:00,5.0,0.00,0.00,0.00,14.2,26.1
2025-11-13T18:00,4.9,0.00,0.00,0.00,14.4,27.7
2025-11-13T19:00,4.6,0.00,0.00,0.00,13.8,31.3
2025-11-13T20:00,4.4,0.00,0.00,0.00,13.1,32.5
2025-11-13T21:00,4.4,0.00,0.00,0.00,13.9,34.2
2025-11-13T22:00,4.2,0.00,0.00,0.00,13.6,36.7
2025-11-13T23:00,4.2,0.00,0.00,0.00,15.9,38.2
2025-11-14T00:00,4.4,0.00,0.00,0.00,18.0,33.7
2025-11-14T01:00,4.4,0.00,0.00,0.00,19.0,35.3
2025-11-14T02:00,4.3,0.00,0.00,0.00,19.2,35.1
2025-11-14T03:00,4.3,0.00,0.00,0.00,19.4,35.6
2025-11-14T04:00,4.3,0.00,0.00,0.00,19.2,35.5
2025-11-14T05:00,4.5,0.00,0.00,0.00,20.0,36.9
2025-11-14T06:00,5.2,0.00,0.00,0.00,20.7,38.2
2025-11-14T07:00,5.7,0.00,0.00,0.00,21.4,38.2
2025-11-14T08:00,5.9,0.00,0.00,0.00,20.4,37.0
2025-11-14T09:00,6.2,0.00,0.00,0.00,18.2,33.0
2025-11-14T10:00,6.5,0.00,0.00,0.00,20.8,36.0
2025-11-14T11:00,6.6,0.00,0.00,0.00,19.3,34.6
2025-11-14T12:00,6.9,0.00,0.00,0.00,17.1,30.6
2025-11-14T13:00,6.6,0.00,0.00,0.00,16.7,31.1
2025-11-14T14:00,6.6,0.00,0.00,0.00,16.3,30.6
2025-11-14T15:00,6.6,0.00,0.00,0.00,15.9,29.5
2025-11-14T16:00,6.6,0.00,0.00,0.00,15.3,28.6
2025-11-14T17:00,6.6,0.10,0.00,0.00,14.5,27.3
2025-11-14T18:00,5.8,0.20,0.00,0.00,12.8,23.7
2025-11-14T19:00,5.5,0.10,0.00,0.00,11.7,22.0
2025-11-14T20:00,5.5,0.10,0.00,0.00,11.2,20.9
2025-11-14T21:00,5.3,1.10,0.00,0.00,6.2,12.7
2025-11-14T22:00,4.2,1.70,0.00,0.00,8.2,12.5
2025-11-14T23:00,2.4,1.20,0.00,0.00,9.0,15.9
2025-11-15T00:00,1.2,1.00,0.00,0.00,4.8,8.0
2025-11-15T01:00,1.0,0.10,0.42,0.00,5.3,8.9
2025-11-15T02:00,1.1,0.10,0.49,0.01,3.4,5.1
2025-11-15T03:00,1.0,0.20,0.70,0.02,4.4,6.6
2025-11-15T04:00,0.6,0.10,0.70,0.02,4.0,7.8
2025-11-15T05:00,0.4,0.00,0.56,0.02,4.5,11.3
2025-11-15T06:00,0.3,0.10,0.63,0.04,7.0,12.8
2025-11-15T07:00,0.0,0.00,0.70,0.05,5.8,11.9
2025-11-15T08:00,0.0,0.00,0.49,0.05,8.1,15.6
2025-11-15T09:00,0.2,0.00,0.28,0.05,8.6,15.6
2025-11-15T10:00,0.4,0.00,0.07,0.05,11.0,20.1
2025-11-15T11:00,0.9,0.00,0.00,0.05,12.4,23.0
2025-11-15T12:00,0.4,0.00,0.00,0.05,11.3,22.0
2025-11-15T13:00,-0.2,0.00,0.00,0.05,12.0,24.4
2025-11-15T14:00,-0.2,0.00,0.00,0.05,13.2,25.9
2025-11-15T15:00,-0.2,0.00,0.00,0.05,14.6,27.4
2025-11-15T16:00,-0.3,0.00,0.00,0.04,14.1,25.9
2025-11-15T17:00,-0.9,0.00,0.00,0.04,13.4,25.6
2025-11-15T18:00,-1.5,0.00,0.00,0.04,11.5,22.9
2025-11-15T19:00,-2.5,0.00,0.00,0.04,10.9,23.0
2025-11-15T20:00,-3.3,0.00,0.00,0.04,10.1,22.3
2025-11-15T21:00,-4.1,0.00,0.00,0.04,8.7,21.0
2025-11-15T22:00,-4.7,0.00,0.00,0.04,8.9,21.1
2025-11-15T23:00,-5.2,0.00,0.00,0.04,7.7,19.6
2025-11-16T00:00,-5.1,0.00,0.00,0.04,7.6,18.2
2025-11-16T01:00,-5.3,0.00,0.00,0.04,7.7,19.7
2025-11-16T02:00,-5.5,0.00,0.00,0.04,6.9,19.0
2025-11-16T03:00,-5.3,0.00,0.00,0.04,8.0,19.6
2025-11-16T04:00,-5.3,0.00,0.00,0.04,8.7,21.1
2025-11-16T05:00,-5.4,0.00,0.00,0.04,9.3,22.2
2025-11-16T06:00,-4.9,0.00,0.00,0.04,11.6,24.0
2025-11-16T07:00,-4.5,0.00,0.00,0.04,10.6,23.8
2025-11-16T08:00,-3.8,0.00,0.00,0.04,9.3,26.4
2025-11-16T09:00,-3.1,0.00,0.00,0.04,7.3,25.7
2025-11-16T10:00,-2.6,0.00,0.00,0.04,7.6,20.7
2025-11-16T11:00,-2.4,0.00,0.00,0.04,10.3,21.5
2025-11-16T12:00,-2.0,0.00,0.00,0.04,9.9,20.5
2025-11-16T13:00,-2.6,0.00,0.00,0.04,9.6,21.5
2025-11-16T14:00,-3.1,0.00,0.00,0.04,11.8,24.4
2025-11-16T15:00,-2.5,0.00,0.00,0.04,12.8,23.9
2025-11-16T16:00,-2.4,0.00,0.00,0.04,12.1,21.9
2025-11-16T17:00,-2.5,0.00,0.00,0.04,12.1,21.8
2025-11-16T18:00,-2.7,0.00,0.00,0.04,12.0,21.1
2025-11-16T19:00,-2.9,0.00,0.00,0.04,12.7,22.4
2025-11-16T20:00,-3.3,0.00,0.00,0.04,13.9,23.3
2025-11-16T21:00,-3.4,0.00,0.00,0.04,12.7,22.2
2025-11-16T22:00,-3.2,0.00,0.00,0.04,12.2,22.4
2025-11-16T23:00,-3.4,0.00,0.00,0.04,12.4,23.0
2025-11-17T00:00,-3.7,0.00,0.00,0.04,7.8,16.6
2025-11-17T01:00,-5.2,0.00,0.00,0.04,9.0,21.6
2025-11-17T02:00,-4.7,0.00,0.00,0.04,11.4,23.5
2025-11-17T03:00,-3.7,0.00,0.00,0.04,12.6,24.8
2025-11-17T04:00,-2.8,0.00,0.00,0.04,13.9,26.0
2025-11-17T05:00,-2.3,0.00,0.00,0.04,16.2,29.8
2025-11-17T06:00,-1.8,0.00,0.00,0.04,17.0,31.1
2025-11-17T07:00,-1.0,0.10,0.00,0.04,16.4,30.5
2025-11-17T08:00,0.1,0.10,0.00,0.04,16.2,30.3
2025-11-17T09:00,0.8,0.30,0.00,0.04,16.8,30.8
2025-11-17T10:00,1.2,1.10,0.00,0.04,17.1,32.1
2025-11-17T11:00,1.5,0.60,0.00,0.04,15.5,29.5
2025-11-17T12:00,1.6,0.30,0.00,0.04,15.1,28.6
2025-11-17T13:00,1.8,0.10,0.00,0.04,14.1,27.9
2025-11-17T14:00,2.1,0.10,0.00,0.03,14.1,28.2
2025-11-17T15:00,2.2,0.00,0.00,0.03,13.0,26.7
2025-11-17T16:00,2.3,0.00,0.00,0.03,12.0,25.2
2025-11-17T17:00,2.5,0.00,0.00,0.03,12.3,25.9
2025-11-17T18:00,3.0,0.20,0.00,0.03,13.1,27.5
2025-11-17T19:00,3.2,0.00,0.00,0.02,11.8,25.8
2025-11-17T20:00,3.1,0.00,0.00,0.02,11.5,25.4
2025-11-17T21:00,3.3,0.00,0.00,0.02,11.3,25.0
2025-11-17T22:00,3.6,0.00,0.00,0.02,11.5,25.2
2025-11-17T23:00,3.7,0.50,0.00,0.02,12.3,26.1
2025-11-18T00:00,4.1,1.30,0.00,0.02,13.0,28.0
2025-11-18T01:00,4.6,2.40,0.00,0.02,17.1,33.8
2025-11-18T02:00,5.7,1.20,0.00,0.01,17.9,34.8
2025-11-18T03:00,6.6,0.40,0.00,0.01,18.7,35.6
2025-11-18T04:00,6.7,0.00,0.00,0.01,18.6,35.2
2025-11-18T05:00,6.7,0.20,0.00,0.00,19.0,35.7
2025-11-18T06:00,8.3,0.70,0.00,0.01,19.4,36.8
2025-11-18T07:00,8.7,1.20,0.00,0.00,19.8,36.9
2025-11-18T08:00,9.2,0.20,0.00,0.00,20.0,36.4
2025-11-18T09:00,9.4,0.20,0.00,0.00,18.7,33.6
2025-11-18T10:00,8.9,0.60,0.00,0.00,20.3,35.2
2025-11-18T11:00,7.6,0.70,0.00,0.00,18.8,32.7
2025-11-18T12:00,6.6,0.20,0.00,0.00,17.5,30.8
2025-11-18T13:00,4.8,0.00,0.00,0.00,17.1,28.4
2025-11-18T14:00,3.6,0.00,0.00,0.00,17.1,29.1
2025-11-18T15:00,2.6,0.10,0.00,0.00,19.5,33.9
2025-11-18T16:00,2.3,0.10,0.00,0.00,19.6,34.1
2025-11-18T17:00,1.9,0.10,0.00,0.00,17.5,29.0
2025-11-18T18:00,1.8,0.00,0.00,0.00,19.5,33.6
2025-11-18T19:00,1.6,0.00,0.00,0.00,18.0,32.2
2025-11-18T20:00,1.2,0.00,0.00,0.00,17.0,29.3
2025-11-18T21:00,0.8,0.00,0.00,0.00,17.3,30.3
2025-11-18T22:00,0.5,0.00,0.00,0.00,17.9,31.4
2025-11-18T23:00,-0.2,0.00,0.00,0.00,17.3,32.7
2025-11-19T00:00,-0.5,0.00,0.00,0.00,16.2,31.5
2025-11-19T01:00,-0.2,0.00,0.00,0.00,14.8,28.6
2025-11-19T02:00,0.5,0.00,0.00,0.00,13.6,26.5
2025-11-19T03:00,0.6,0.00,0.00,0.00,12.4,23.7
2025-11-19T04:00,0.6,0.00,0.00,0.00,11.4,20.9
2025-11-19T05:00,0.6,0.00,0.00,0.00,11.3,20.6
2025-11-19T06:00,0.0,0.00,0.00,0.02,10.9,19.8
2025-11-19T07:00,0.3,0.00,0.00,0.02,13.8,22.9
2025-11-19T08:00,0.4,0.00,0.00,0.02,14.0,22.3
2025-11-19T09:00,0.6,0.00,0.00,0.02,10.7,17.0
2025-11-19T10:00,0.8,0.00,0.00,0.02,10.2,16.0
2025-11-19T11:00,0.6,0.00,0.00,0.02,9.7,15.3
2025-11-19T12:00,0.9,0.00,0.00,0.02,6.1,11.8
2025-11-19T13:00,0.7,0.00,0.00,0.02,6.1,11.9
2025-11-19T14:00,0.4,0.00,0.00,0.02,7.5,14.5
2025-11-19T15:00,0.3,0.00,0.00,0.02,8.3,15.4
2025-11-19T16:00,0.2,0.00,0.00,0.02,6.6,12.4
2025-11-19T17:00,0.0,0.00,0.00,0.02,9.6,17.6
2025-11-19T18:00,-0.1,0.00,0.00,0.02,8.7,16.3
2025-11-19T19:00,-0.2,0.00,0.00,0.02,10.6,19.7
2025-11-19T20:00,-0.6,0.00,0.00,0.02,14.1,24.1
2025-11-19T21:00,-0.9,0.00,0.00,0.02,11.1,19.4
2025-11-19T22:00,-0.7,0.00,0.00,0.02,10.0,17.9
2025-11-19T23:00,-0.9,0.00,0.00,0.02,10.8,19.5
2025-11-20T00:00,-1.5,0.00,0.00,0.00,9.9,18.4
2025-11-20T01:00,-1.3,0.00,0.00,0.00,8.1,14.6
2025-11-20T02:00,-1.4,0.00,0.00,0.00,8.3,15.5
2025-11-20T03:00,-1.0,0.00,0.00,0.00,10.3,19.4
2025-11-20T04:00,-0.8,0.00,0.00,0.00,9.1,17.4
2025-11-20T05:00,-0.7,0.00,0.00,0.00,8.7,16.8
2025-11-20T06:00,-0.5,0.00,0.00,0.00,8.1,14.5
2025-11-20T07:00,0.0,0.00,0.00,0.00,7.4,13.3
2025-11-20T08:00,0.4,0.00,0.00,0.00,7.0,11.8
2025-11-20T09:00,0.7,0.00,0.00,0.00,7.3,11.7
2025-11-20T10:00,1.0,0.00,0.00,0.00,7.8,12.6
2025-11-20T11:00,1.2,0.00,0.00,0.00,7.9,12.9
2025-11-20T12:00,0.7,0.00,0.00,0.00,6.5,12.6
2025-11-20T13:00,0.1,0.00,0.00,0.00,6.9,14.7
2025-11-20T14:00,-0.3,0.00,0.00,0.00,7.9,16.5
2025-11-20T15:00,-0.4,0.00,0.00,0.00,8.2,16.7
2025-11-20T16:00,-0.6,0.00,0.00,0.00,8.4,16.9
2025-11-20T17:00,-1.0,0.00,0.00,0.00,10.3,20.1
2025-11-20T18:00,-0.7,0.00,0.00,0.00,11.1,20.7
2025-11-20T19:00,-0.8,0.00,0.00,0.00,11.8,21.2
2025-11-20T20:00,-0.9,0.00,0.00,0.00,13.4,23.4
2025-11-20T21:00,-1.4,0.00,0.00,0.00,14.7,24.8
2025-11-20T22:00,-1.8,0.00,0.00,0.00,14.7,24.1
2025-11-20T23:00,-1.9,0.00,0.00,0.00,12.8,21.4
2025-11-21T00:00,-1.4,0.00,0.00,0.00,12.5,20.7
2025-11-21T01:00,-1.4,0.00,0.07,0.00,11.2,19.5
2025-11-21T02:00,-1.5,0.00,0.14,0.00,11.0,19.7
2025-11-21T03:00,-1.0,0.00,0.07,0.00,10.9,19.7
2025-11-21T04:00,-0.5,0.00,0.07,0.00,12.3,23.1
2025-11-21T05:00,-0.1,0.00,0.00,0.00,12.3,23.1
2025-11-21T06:00,0.1,0.00,0.00,0.01,12.0,22.5
2025-11-21T07:00,0.3,0.00,0.00,0.01,10.5,20.3
2025-11-21T08:00,0.6,0.00,0.00,0.01,10.2,19.8
2025-11-21T09:00,0.9,0.10,0.00,0.01,8.5,17.5
2025-11-21T10:00,1.1,0.00,0.00,0.01,7.8,16.2
2025-11-21T11:00,1.1,0.00,0.00,0.01,6.5,13.8
2025-11-21T12:00,1.2,0.00,0.00,0.01,6.1,12.1
2025-11-21T13:00,0.9,0.00,0.00,0.01,6.7,14.7
2025-11-21T14:00,0.9,0.00,0.00,0.01,6.5,15.0
2025-11-21T15:00,1.0,0.00,0.00,0.01,5.0,12.4
2025-11-21T16:00,0.9,0.00,0.00,0.01,4.9,12.1
2025-11-21T17:00,0.9,0.00,0.00,0.01,4.5,11.0
2025-11-21T18:00,1.2,0.00,0.00,0.01,5.7,13.0
2025-11-21T19:00,1.2,0.00,0.00,0.01,4.9,12.1
2025-11-21T20:00,1.1,0.00,0.00,0.01,4.8,11.3
2025-11-21T21:00,0.9,0.00,0.00,0.01,4.8,10.7
2025-11-21T22:00,0.6,0.00,0.00,0.01,2.2,6.8
2025-11-21T23:00,0.7,0.20,0.00,0.01,2.6,4.1
2025-11-22T00:00,0.6,0.40,0.00,0.00,3.1,7.8
2025-11-22T01:00,0.4,0.50,0.56,0.01,3.6,6.6
2025-11-22T02:00,0.3,0.30,0.35,0.01,4.1,6.8
2025-11-22T03:00,0.3,0.20,0.07,0.01,5.8,12.5
2025-11-22T04:00,0.4,0.00,0.07,0.01,6.4,13.6
2025-11-22T05:00,0.4,0.10,0.07,0.01,5.0,11.3
2025-11-22T06:00,0.8,0.00,0.14,0.01,6.1,13.7
2025-11-22T07:00,1.1,0.00,0.00,0.01,5.5,11.2
2025-11-22T08:00,1.2,0.00,0.00,0.01,5.6,10.0
2025-11-22T09:00,1.5,0.00,0.00,0.01,6.1,10.6
2025-11-22T10:00,2.0,0.00,0.00,0.01,6.0,8.1
2025-11-22T11:00,2.1,0.00,0.00,0.01,6.0,9.2
2025-11-22T12:00,1.7,0.00,0.00,0.00,4.6,9.7
2025-11-22T13:00,1.6,0.00,0.00,0.00,4.4,10.4
2025-11-22T14:00,1.5,0.00,0.00,0.00,6.7,14.7
2025-11-22T15:00,1.4,0.00,0.00,0.00,7.1,14.2
2025-11-22T16:00,1.1,0.00,0.00,0.00,7.1,13.3
2025-11-22T17:00,0.8,0.00,0.00,0.00,4.4,8.5
2025-11-22T18:00,0.8,0.00,0.21,0.00,3.8,7.8
2025-11-22T19:00,0.5,0.10,0.28,0.01,4.9,9.8
2025-11-22T20:00,0.3,0.00,0.21,0.01,4.0,9.0
2025-11-22T21:00,0.2,0.00,0.07,0.01,5.0,10.6
2025-11-22T22:00,-0.1,0.00,0.00,0.01,4.0,9.4
2025-11-22T23:00,-0.2,0.00,0.00,0.01,6.1,13.0
2025-11-23T00:00,-1.2,0.00,0.00,0.00,4.6,13.3
2025-11-23T01:00,-1.9,0.00,0.00,0.00,4.8,14.5
2025-11-23T02:00,-1.9,0.00,0.00,0.00,4.5,14.0
2025-11-23T03:00,-1.2,0.00,0.00,0.00,4.0,12.2
2025-11-23T04:00,-0.8,0.00,0.00,0.00,4.8,12.6
2025-11-23T05:00,-0.4,0.00,0.00,0.00,5.2,12.3
2025-11-23T06:00,0.3,0.00,0.00,0.01,6.3,14.5
2025-11-23T07:00,0.7,0.00,0.00,0.01,6.3,13.2
2025-11-23T08:00,0.8,0.00,0.00,0.01,6.0,9.9
2025-11-23T09:00,1.0,0.00,0.00,0.01,4.3,6.4
2025-11-23T10:00,0.9,0.00,0.00,0.01,2.9,4.1
2025-11-23T11:00,0.9,0.00,0.00,0.01,1.8,2.7
2025-11-23T12:00,0.2,0.00,0.00,0.01,1.5,3.1
2025-11-23T13:00,-0.4,0.00,0.00,0.01,1.1,2.2
2025-11-23T14:00,-0.6,0.00,0.00,0.01,3.9,4.8
2025-11-23T15:00,-0.9,0.00,0.00,0.01,5.5,9.6
2025-11-23T16:00,-0.9,0.00,0.00,0.01,6.8,13.8
2025-11-23T17:00,-0.5,0.00,0.00,0.01,8.1,16.7
2025-11-23T18:00,-0.7,0.00,0.00,0.01,9.0,17.8
2025-11-23T19:00,-0.7,0.00,0.00,0.01,11.6,21.7
2025-11-23T20:00,-0.9,0.00,0.00,0.01,14.3,26.7
2025-11-23T21:00,-0.8,0.00,0.00,0.01,15.9,28.8
2025-11-23T22:00,-0.7,0.00,0.35,0.01,15.8,28.8
2025-11-23T23:00,-0.7,0.80,0.00,0.01,17.8,31.8
2025-11-24T00:00,-1.0,2.80,0.28,0.01,19.9,35.4
2025-11-24T01:00,-0.7,0.70,0.00,0.01,18.5,33.7
2025-11-24T02:00,-0.1,1.10,0.00,0.01,17.3,32.2
2025-11-24T03:00,0.7,0.90,0.00,0.01,17.1,32.2
2025-11-24T04:00,1.4,0.10,0.00,0.01,17.3,32.0
2025-11-24T05:00,2.1,0.10,0.00,0.01,16.3,31.3
2025-11-24T06:00,2.3,0.30,0.00,0.00,15.1,29.9
2025-11-24T07:00,2.7,0.80,0.07,0.00,14.9,29.2
2025-11-24T08:00,3.4,1.00,0.00,0.00,14.8,29.0
2025-11-24T09:00,3.8,0.30,0.00,0.00,13.8,27.5
2025-11-24T10:00,4.3,0.10,0.00,0.00,14.1,28.1
2025-11-24T11:00,4.5,0.20,0.00,0.00,14.1,28.1
2025-11-24T12:00,5.0,0.30,0.00,0.00,13.2,26.4
2025-11-24T13:00,4.4,0.00,0.00,0.00,15.7,29.9
2025-11-24T14:00,2.6,0.00,0.00,0.00,17.2,30.1
2025-11-24T15:00,1.7,0.00,0.00,0.00,16.2,28.2
2025-11-24T16:00,1.1,0.00,0.00,0.00,16.4,28.8
2025-11-24T17:00,0.8,0.00,0.00,0.00,16.6,29.2
2025-11-24T18:00,1.3,0.00,0.00,0.00,18.5,32.8
2025-11-24T19:00,1.1,0.00,0.00,0.00,18.2,32.7
2025-11-24T20:00,1.2,0.00,0.00,0.00,17.1,30.6
2025-11-24T21:00,1.1,0.00,0.00,0.00,16.7,29.8
2025-11-24T22:00,1.0,0.00,0.00,0.00,16.5,29.3
2025-11-24T23:00,0.7,0.00,0.00,0.00,14.9,26.2
2025-11-25T00:00,0.1,0.00,0.00,0.02,12.8,23.5
2025-11-25T01:00,-0.5,0.00,0.00,0.02,13.3,25.6
2025-11-25T02:00,-0.6,0.00,0.00,0.02,13.9,26.1
2025-11-25T03:00,-0.7,0.00,0.00,0.02,11.5,22.2
2025-11-25T04:00,-0.6,0.00,0.00,0.02,10.7,20.6
2025-11-25T05:00,-0.6,0.00,0.00,0.02,10.3,19.7
2025-11-25T06:00,0.0,0.00,0.00,0.02,12.0,22.4
2025-11-25T07:00,-0.2,0.00,0.00,0.02,11.2,21.2
2025-11-25T08:00,-0.6,0.00,0.00,0.02,10.4,19.3
2025-11-25T09:00,-0.4,0.00,0.00,0.02,8.4,15.1
2025-11-25T10:00,-0.1,0.00,0.00,0.02,5.0,10.1
2025-11-25T11:00,0.2,0.00,0.00,0.02,4.9,11.7
2025-11-25T12:00,0.7,0.00,0.00,0.02,6.5,13.7
2025-11-25T13:00,0.5,0.00,0.00,0.02,6.7,15.5
2025-11-25T14:00,0.5,0.00,0.00,0.02,7.3,16.4
2025-11-25T15:00,0.6,0.00,0.00,0.02,8.8,19.0
2025-11-25T16:00,0.7,0.00,0.00,0.02,9.8,20.5
2025-11-25T17:00,0.5,0.00,0.00,0.02,9.6,20.0
2025-11-25T18:00,1.0,0.00,0.00,0.02,9.6,19.8
2025-11-25T19:00,0.7,0.00,0.00,0.02,8.9,19.1
2025-11-25T20:00,0.5,0.00,0.00,0.02,8.5,18.5
2025-11-25T21:00,0.6,0.00,0.14,0.02,7.9,17.2
2025-11-25T22:00,0.6,0.00,0.14,0.02,8.1,18.3
2025-11-25T23:00,0.7,0.10,0.07,0.02,8.5,18.9
2025-11-26T00:00,0.7,0.10,0.28,0.00,7.6,16.3
2025-11-26T01:00,0.7,0.10,0.28,0.01,7.4,16.0
2025-11-26T02:00,0.7,0.10,0.35,0.01,7.6,16.4
2025-11-26T03:00,0.6,0.10,0.35,0.01,5.2,13.5
2025-11-26T04:00,0.5,0.10,0.14,0.01,5.4,13.4
2025-11-26T05:00,0.4,0.10,0.14,0.02,2.4,8.9
2025-11-26T06:00,0.4,0.10,0.21,0.02,3.1,8.0
2025-11-26T07:00,0.4,0.10,0.28,0.03,1.8,4.7
2025-11-26T08:00,0.4,0.10,0.21,0.03,1.3,2.2
2025-11-26T09:00,0.4,0.10,0.07,0.03,1.4,1.5
2025-11-26T10:00,0.4,0.10,0.00,0.03,1.7,2.7
2025-11-26T11:00,0.4,0.10,0.00,0.03,3.7,5.9
2025-11-26T12:00,0.5,0.00,0.07,0.03,3.6,6.8
2025-11-26T13:00,0.3,0.00,0.28,0.03,3.5,9.0
2025-11-26T14:00,0.3,0.00,0.21,0.03,5.6,13.2
2025-11-26T15:00,0.3,0.10,0.00,0.03,6.2,13.5
2025-11-26T16:00,0.3,0.20,0.00,0.03,5.8,13.2
2025-11-26T17:00,0.4,0.20,0.00,0.03,6.7,14.1
2025-11-26T18:00,0.7,0.30,0.00,0.03,8.0,17.0
2025-11-26T19:00,0.9,0.30,0.00,0.03,7.9,17.5
2025-11-26T20:00,0.9,0.20,0.00,0.03,7.1,16.2
2025-11-26T21:00,1.0,0.20,0.00,0.03,6.7,15.2
2025-11-26T22:00,1.2,0.00,0.00,0.03,6.3,15.2
2025-11-26T23:00,1.5,0.10,0.00,0.02,6.3,16.3
2025-11-27T00:00,1.4,0.00,0.00,0.00,5.2,14.8
2025-11-27T01:00,2.6,0.00,0.00,0.00,8.3,19.8
2025-11-27T02:00,3.2,0.00,0.00,0.00,8.9,20.1
2025-11-27T03:00,3.4,0.00,0.00,0.00,9.2,20.4
2025-11-27T04:00,3.5,0.00,0.00,0.00,9.4,20.6
2025-11-27T05:00,3.6,0.00,0.00,0.00,10.7,22.5
2025-11-27T06:00,4.3,0.00,0.00,0.01,11.0,22.9
2025-11-27T07:00,4.2,0.00,0.00,0.01,11.0,22.1
2025-11-27T08:00,4.2,0.30,0.00,0.00,12.1,23.3
2025-11-27T09:00,4.3,0.50,0.00,0.00,11.3,22.4
2025-11-27T10:00,4.5,0.20,0.00,0.00,11.9,22.5
2025-11-27T11:00,4.5,0.40,0.00,0.00,11.6,22.8
2025-11-27T12:00,4.4,0.00,0.00,0.00,11.6,22.3
2025-11-27T13:00,4.5,0.00,0.00,0.00,12.1,23.4
2025-11-27T14:00,4.6,0.30,0.00,0.00,10.9,22.5
2025-11-27T15:00,4.5,0.60,0.00,0.00,11.5,22.9
2025-11-27T16:00,4.5,0.40,0.00,0.00,11.1,22.7
2025-11-27T17:00,4.6,0.50,0.00,0.00,11.6,23.5
2025-11-27T18:00,4.8,0.40,0.00,0.00,11.2,22.7
2025-11-27T19:00,5.0,0.90,0.00,0.00,10.4,21.8
2025-11-27T20:00,5.1,1.50,0.00,0.00,9.6,20.7
2025-11-27T21:00,5.2,0.70,0.00,0.00,9.4,20.6
2025-11-27T22:00,5.4,0.40,0.00,0.00,9.4,20.7
2025-11-27T23:00,5.6,0.70,0.00,0.00,8.5,19.5
2025-11-28T00:00,5.3,1.00,0.00,0.00,6.1,15.5
2025-11-28T01:00,5.5,0.50,0.00,0.00,6.2,14.8
2025-11-28T02:00,5.4,0.40,0.00,0.00,7.6,15.7
2025-11-28T03:00,4.7,0.00,0.00,0.00,9.2,16.9
2025-11-28T04:00,4.0,0.00,0.00,0.00,10.6,19.2
2025-11-28T05:00,3.3,0.00,0.00,0.00,11.4,19.3
2025-11-28T06:00,3.2,0.00,0.00,0.00,12.1,21.2
2025-11-28T07:00,3.1,0.00,0.00,0.00,8.1,13.4
2025-11-28T08:00,3.0,0.00,0.00,0.00,7.7,12.5
2025-11-28T09:00,3.1,0.00,0.00,0.00,10.5,16.5
2025-11-28T10:00,3.3,0.00,0.00,0.00,9.8,15.7
2025-11-28T11:00,3.3,0.00,0.00,0.00,9.2,14.8
2025-11-28T12:00,3.3,0.00,0.00,0.00,7.5,12.7
2025-11-28T13:00,2.9,0.00,0.00,0.00,7.7,14.2
2025-11-28T14:00,2.7,0.00,0.00,0.00,8.1,14.9
2025-11-28T15:00,2.5,0.00,0.00,0.00,9.2,16.6
2025-11-28T16:00,2.2,0.00,0.00,0.00,10.7,18.4
2025-11-28T17:00,1.7,0.00,0.00,0.00,10.4,17.1
2025-11-28T18:00,1.6,0.00,0.00,0.00,9.7,15.8
2025-11-28T19:00,1.5,0.00,0.00,0.00,9.3,15.5
2025-11-28T20:00,1.5,0.00,0.00,0.00,9.0,15.0
2025-11-28T21:00,1.2,0.00,0.00,0.00,9.5,15.9
2025-11-28T22:00,0.9,0.00,0.00,0.00,9.7,16.4
2025-11-28T23:00,0.6,0.00,0.00,0.00,10.9,18.3
2025-11-29T00:00,0.2,0.00,0.00,0.00,9.4,15.4
2025-11-29T01:00,0.2,0.00,0.00,0.00,10.4,16.2
2025-11-29T02:00,0.3,0.00,0.00,0.00,9.3,15.2
2025-11-29T03:00,0.2,0.00,0.00,0.00,8.3,14.2
2025-11-29T04:00,0.2,0.00,0.00,0.00,8.4,14.3
2025-11-29T05:00,-0.1,0.00,0.00,0.00,8.8,14.9
2025-11-29T06:00,-0.3,0.00,0.00,0.00,10.1,16.7
2025-11-29T07:00,-0.4,0.00,0.00,0.00,10.8,16.8
2025-11-29T08:00,-0.3,0.00,0.00,0.00,10.2,16.0
2025-11-29T09:00,-0.3,0.00,0.00,0.00,9.6,15.2
2025-11-29T10:00,0.1,0.00,0.00,0.00,11.0,17.1
2025-11-29T11:00,0.5,0.00,0.00,0.00,10.5,16.4
2025-11-29T12:00,0.2,0.00,0.00,0.00,10.4,16.3
2025-11-29T13:00,0.2,0.00,0.00,0.00,6.8,13.2
2025-11-29T14:00,0.3,0.00,0.00,0.00,8.0,15.1
2025-11-29T15:00,0.1,0.00,0.00,0.00,8.3,15.0
2025-11-29T16:00,0.0,0.00,0.00,0.00,7.8,15.0
2025-11-29T17:00,0.0,0.00,0.00,0.00,7.8,15.0
2025-11-29T18:00,0.4,0.00,0.00,0.00,7.8,15.7
2025-11-29T19:00,0.5,0.00,0.00,0.00,8.0,16.3
2025-11-29T20:00,0.7,0.00,0.00,0.00,8.1,16.4
2025-11-29T21:00,0.8,0.20,0.00,0.00,8.0,16.1
2025-11-29T22:00,0.9,0.00,0.00,0.00,7.0,14.8
2025-11-29T23:00,1.0,0.00,0.00,0.00,7.1,15.0
2025-11-30T00:00,0.9,0.00,0.00,0.00,5.6,12.1
2025-11-30T01:00,0.6,0.00,0.00,0.00,6.2,14.3
2025-11-30T02:00,0.6,0.00,0.00,0.00,6.8,14.9
2025-11-30T03:00,0.9,0.00,0.00,0.00,6.5,14.5
2025-11-30T04:00,1.1,0.00,0.00,0.00,8.2,17.0
2025-11-30T05:00,1.3,0.00,0.00,0.00,8.6,18.7
2025-11-30T06:00,1.5,0.00,0.00,0.00,5.0,13.0
2025-11-30T07:00,1.7,0.00,0.00,0.00,3.8,11.5
2025-11-30T08:00,1.9,0.00,0.00,0.00,4.4,11.8
2025-11-30T09:00,2.2,0.00,0.00,0.00,4.3,11.8
2025-11-30T10:00,2.3,0.00,0.00,0.00,2.8,9.4
2025-11-30T11:00,2.5,0.00,0.00,0.00,4.2,10.6
2025-11-30T12:00,2.9,0.00,0.00,0.00,6.8,15.2
2025-11-30T13:00,2.9,0.00,0.00,0.00,6.1,14.0
2025-11-30T14:00,3.0,0.00,0.00,0.00,4.7,11.5
2025-11-30T15:00,3.0,0.00,0.00,0.00,3.6,9.7
2025-11-30T16:00,3.0,0.00,0.00,0.00,5.3,11.4
2025-11-30T17:00,3.0,0.00,0.00,0.00,6.5,14.1
2025-11-30T18:00,3.1,0.00,0.00,0.00,6.9,14.1
2025-11-30T19:00,3.0,0.00,0.00,0.00,6.0,12.6
2025-11-30T20:00,2.9,0.00,0.00,0.00,5.8,12.3
2025-11-30T21:00,2.8,0.00,0.00,0.00,5.2,11.0
2025-11-30T22:00,2.6,0.00,0.00,0.00,5.1,10.6
2025-11-30T23:00,2.6,0.00,0.00,0.00,6.0,11.6
2025-12-01T00:00,2.1,0.00,0.00,0.00,7.1,14.7
2025-12-01T01:00,1.6,0.00,0.00,0.00,7.9,16.1
2025-12-01T02:00,1.0,0.00,0.00,0.00,8.4,16.6
2025-12-01T03:00,0.3,0.00,0.00,0.00,8.4,15.8
2025-12-01T04:00,-0.2,0.00,0.00,0.00,8.9,15.3
2025-12-01T05:00,-0.3,0.00,0.00,0.00,9.5,15.4
2025-12-01T06:00,-0.6,0.00,0.00,0.00,8.8,16.2
2025-12-01T07:00,-0.3,0.00,0.00,0.00,9.2,17.4
2025-12-01T08:00,0.3,0.00,0.00,0.00,9.2,16.1
2025-12-01T09:00,0.8,0.00,0.00,0.00,9.6,15.2
2025-12-01T10:00,1.3,0.00,0.00,0.00,9.3,15.5
2025-12-01T11:00,1.6,0.00,0.00,0.00,9.5,16.2
2025-12-01T12:00,0.3,0.00,0.00,0.00,8.6,13.9
2025-12-01T13:00,0.1,0.00,0.00,0.00,8.2,14.8
2025-12-01T14:00,0.1,0.00,0.00,0.00,9.2,16.7
2025-12-01T15:00,0.0,0.00,0.00,0.00,9.8,17.9
2025-12-01T16:00,0.1,0.00,0.00,0.00,9.8,18.1
2025-12-01T17:00,0.1,0.00,0.00,0.00,10.3,18.8
2025-12-01T18:00,0.1,0.00,0.00,0.00,9.9,18.3
2025-12-01T19:00,0.2,0.00,0.00,0.00,9.9,19.0
2025-12-01T20:00,0.2,0.00,0.00,0.00,9.4,18.1
2025-12-01T21:00,0.2,0.00,0.00,0.00,8.8,17.0
2025-12-01T22:00,0.3,0.00,0.00,0.00,8.2,16.2
2025-12-01T23:00,0.4,0.00,0.00,0.00,7.6,15.2
2025-12-02T00:00,-0.1,0.00,0.00,0.00,5.9,11.7
2025-12-02T01:00,-0.1,0.00,0.00,0.00,5.8,11.6
2025-12-02T02:00,0.0,0.00,0.00,0.00,6.1,12.7
2025-12-02T03:00,0.1,0.00,0.00,0.00,6.0,12.5
2025-12-02T04:00,0.1,0.00,0.00,0.00,6.2,12.8
2025-12-02T05:00,0.2,0.00,0.00,0.00,5.7,11.8
2025-12-02T06:00,0.3,0.00,0.00,0.00,6.2,12.6
2025-12-02T07:00,0.5,0.00,0.00,0.00,6.7,12.5
2025-12-02T08:00,0.6,0.00,0.00,0.00,5.7,10.4
2025-12-02T09:00,0.8,0.00,0.00,0.00,5.5,9.5
2025-12-02T10:00,0.9,0.00,0.00,0.00,5.1,8.5
2025-12-02T11:00,1.0,0.00,0.00,0.00,4.7,9.3
2025-12-02T12:00,0.8,0.00,0.00,0.00,4.9,9.5
2025-12-02T13:00,0.6,0.00,0.00,0.00,4.5,9.8
2025-12-02T14:00,0.6,0.00,0.00,0.00,4.6,10.3
2025-12-02T15:00,0.5,0.00,0.00,0.00,4.0,9.4
2025-12-02T16:00,0.5,0.00,0.00,0.00,3.8,8.4
2025-12-02T17:00,0.5,0.00,0.00,0.00,3.7,8.4
2025-12-02T18:00,0.7,0.00,0.00,0.00,3.6,8.0
2025-12-02T19:00,0.7,0.00,0.00,0.00,3.9,8.4
2025-12-02T20:00,0.7,0.00,0.00,0.00,3.9,8.6
2025-12-02T21:00,0.7,0.00,0.00,0.00,3.5,7.6
2025-12-02T22:00,0.6,0.00,0.00,0.00,3.6,7.6
2025-12-02T23:00,0.6,0.00,0.00,0.00,3.1,6.9
2025-12-03T00:00,0.5,0.00,0.00,0.00,2.5,4.6
2025-12-03T01:00,0.5,0.00,0.00,0.00,3.9,7.0
2025-12-03T02:00,0.4,0.00,0.00,0.00,4.1,8.5
2025-12-03T03:00,0.4,0.00,0.00,0.00,4.4,9.3
2025-12-03T04:00,0.4,0.00,0.00,0.00,5.0,10.7
2025-12-03T05:00,0.5,0.00,0.00,0.00,4.3,9.6
2025-12-03T06:00,0.5,0.00,0.00,0.00,3.4,8.6
2025-12-03T07:00,0.9,0.00,0.00,0.00,3.6,5.4
2025-12-03T08:00,1.1,0.00,0.00,0.00,2.4,4.5
2025-12-03T09:00,1.4,0.00,0.00,0.00,3.3,5.0
2025-12-03T10:00,1.5,0.00,0.00,0.00,3.1,4.8
2025-12-03T11:00,1.6,0.00,0.00,0.00,3.6,5.7
2025-12-03T12:00,1.0,0.00,0.00,0.00,3.5,5.1
2025-12-03T13:00,1.0,0.00,0.00,0.00,3.1,5.9
2025-12-03T14:00,0.9,0.00,0.00,0.00,3.2,6.6
2025-12-03T15:00,0.9,0.00,0.00,0.00,3.2,7.1
2025-12-03T16:00,0.8,0.00,0.00,0.00,4.3,9.0
2025-12-03T17:00,0.8,0.00,0.00,0.00,5.1,10.5
2025-12-03T18:00,0.8,0.00,0.00,0.00,5.9,12.1
2025-12-03T19:00,0.8,0.00,0.00,0.00,6.0,12.2
2025-12-03T20:00,0.8,0.00,0.00,0.00,5.5,11.7
2025-12-03T21:00,0.8,0.00,0.00,0.00,6.4,13.6
2025-12-03T22:00,0.8,0.00,0.00,0.00,7.4,15.5
2025-12-03T23:00,1.1,0.00,0.00,0.00,7.7,16.2
2025-12-04T00:00,0.8,0.00,0.00,0.00,7.0,14.8
2025-12-04T01:00,1.0,0.00,0.00,0.00,6.9,14.6
2025-12-04T02:00,1.0,0.00,0.00,0.00,5.9,13.0
2025-12-04T03:00,1.0,0.00,0.00,0.00,5.4,11.6
2025-12-04T04:00,0.9,0.00,0.00,0.00,5.9,12.5
2025-12-04T05:00,0.9,0.00,0.00,0.00,6.0,12.9
2025-12-04T06:00,1.2,0.00,0.00,0.00,6.8,14.5
2025-12-04T07:00,1.5,0.00,0.00,0.00,7.0,14.6
2025-12-04T08:00,1.9,0.00,0.00,0.00,6.1,17.2
2025-12-04T09:00,2.2,0.00,0.00,0.00,7.3,17.2
2025-12-04T10:00,2.6,0.00,0.00,0.00,7.5,14.9
2025-12-04T11:00,2.8,0.00,0.00,0.00,6.9,14.1
2025-12-04T12:00,2.9,0.00,0.00,0.00,6.9,14.4
2025-12-04T13:00,2.8,0.00,0.00,0.00,8.1,16.4
2025-12-04T14:00,2.7,0.00,0.00,0.00,8.1,16.9
2025-12-04T15:00,2.5,0.00,0.00,0.00,8.4,17.3
2025-12-04T16:00,2.4,0.00,0.00,0.00,8.5,17.8
2025-12-04T17:00,2.3,0.00,0.00,0.00,7.8,16.8
2025-12-04T18:00,2.5,0.00,0.00,0.00,7.5,16.7
2025-12-04T19:00,2.5,0.00,0.00,0.00,7.4,16.7
2025-12-04T20:00,2.5,0.00,0.00,0.00,6.7,15.2
2025-12-04T21:00,2.4,0.00,0.00,0.00,6.5,15.0
2025-12-04T22:00,2.1,0.00,0.00,0.00,7.4,15.9
2025-12-04T23:00,2.1,0.00,0.00,0.00,7.8,16.5
2025-12-05T00:00,1.7,0.00,0.00,0.00,6.7,14.4
2025-12-05T01:00,1.6,0.00,0.00,0.00,7.3,15.1
2025-12-05T02:00,1.4,0.00,0.00,0.00,7.1,15.0
2025-12-05T03:00,1.2,0.00,0.00,0.00,6.7,14.1
2025-12-05T04:00,1.1,0.00,0.00,0.00,6.5,14.3
2025-12-05T05:00,1.2,0.00,0.00,0.00,5.9,13.1
2025-12-05T06:00,1.6,0.00,0.00,0.00,8.0,16.3
2025-12-05T07:00,2.0,0.00,0.00,0.00,8.5,16.7
2025-12-05T08:00,2.2,0.00,0.00,0.00,7.5,15.2
2025-12-05T09:00,2.3,0.00,0.00,0.00,7.2,15.4
2025-12-05T10:00,2.6,0.00,0.00,0.00,6.8,14.1
2025-12-05T11:00,2.7,0.00,0.00,0.00,6.4,12.8
2025-12-05T12:00,2.6,0.00,0.00,0.00,5.7,11.5
2025-12-05T13:00,2.5,0.00,0.00,0.00,6.2,13.1
2025-12-05T14:00,2.5,0.00,0.00,0.00,7.2,15.0
2025-12-05T15:00,2.5,0.00,0.00,0.00,7.4,15.2
2025-12-05T16:00,2.2,0.00,0.00,0.00,7.1,15.1
2025-12-05T17:00,1.8,0.00,0.00,0.00,7.1,15.5
2025-12-05T18:00,1.9,0.00,0.00,0.00,7.0,16.0
2025-12-05T19:00,1.9,0.00,0.00,0.00,7.4,16.3
2025-12-05T20:00,2.2,0.00,0.00,0.00,7.6,16.5
2025-12-05T21:00,2.4,0.00,0.00,0.00,7.2,15.4
2025-12-05T22:00,2.5,0.00,0.00,0.00,7.3,15.7
2025-12-05T23:00,2.6,0.00,0.00,0.00,7.3,16.0
2025-12-06T00:00,2.3,0.00,0.00,0.00,7.2,15.7
2025-12-06T01:00,2.4,0.00,0.00,0.00,7.2,15.4
2025-12-06T02:00,2.4,0.00,0.00,0.00,6.7,14.2
2025-12-06T03:00,2.1,0.00,0.00,0.00,6.4,13.9
2025-12-06T04:00,2.0,0.00,0.00,0.00,6.3,13.5
2025-12-06T05:00,1.8,0.00,0.00,0.00,6.9,14.8
2025-12-06T06:00,2.2,0.00,0.00,0.00,6.9,14.4
2025-12-06T07:00,2.5,0.00,0.00,0.00,6.7,13.6
2025-12-06T08:00,3.0,0.00,0.00,0.00,8.2,13.4
2025-12-06T09:00,3.3,0.00,0.00,0.00,8.6,14.2
2025-12-06T10:00,3.5,0.00,0.00,0.00,8.8,14.1
2025-12-06T11:00,3.5,0.00,0.00,0.00,7.6,13.1
2025-12-06T12:00,3.3,0.00,0.00,0.00,5.6,11.7
2025-12-06T13:00,3.1,0.00,0.00,0.00,6.7,13.9
2025-12-06T14:00,2.9,0.00,0.00,0.00,7.8,16.3
2025-12-06T15:00,2.9,0.00,0.00,0.00,8.2,16.6
2025-12-06T16:00,2.8,0.00,0.00,0.00,7.8,16.0
2025-12-06T17:00,2.7,0.00,0.00,0.00,7.8,15.6
2025-12-06T18:00,3.0,0.00,0.00,0.00,8.8,17.5
2025-12-06T19:00,2.8,0.00,0.00,0.00,9.1,17.6
2025-12-06T20:00,2.4,0.00,0.00,0.00,9.2,18.0
2025-12-06T21:00,2.2,0.00,0.00,0.00,9.8,18.2
2025-12-06T22:00,1.8,0.00,0.00,0.00,9.2,16.8
2025-12-06T23:00,1.6,0.00,0.00,0.00,8.7,16.2
2025-12-07T00:00,1.5,0.00,0.00,0.00,6.9,14.4
2025-12-07T01:00,1.6,0.00,0.00,0.00,7.0,14.0
2025-12-07T02:00,1.4,0.00,0.00,0.00,7.3,14.0
2025-12-07T03:00,1.1,0.00,0.00,0.00,6.9,13.4
2025-12-07T04:00,0.8,0.00,0.00,0.00,7.9,14.2
2025-12-07T05:00,0.7,0.00,0.00,0.00,8.1,13.9
2025-12-07T06:00,0.5,0.00,0.00,0.00,7.7,13.3
2025-12-07T07:00,0.5,0.00,0.00,0.00,9.2,15.0
2025-12-07T08:00,0.5,0.00,0.00,0.00,8.8,14.3
2025-12-07T09:00,0.6,0.00,0.00,0.00,9.2,14.7
2025-12-07T10:00,0.8,0.00,0.00,0.00,7.6,12.1
2025-12-07T11:00,0.9,0.00,0.00,0.00,6.1,9.9
2025-12-07T12:00,0.7,0.00,0.00,0.00,5.6,11.0
2025-12-07T13:00,0.2,0.00,0.00,0.00,7.2,15.0
2025-12-07T14:00,0.4,0.00,0.00,0.00,7.3,15.2
2025-12-07T15:00,0.4,0.00,0.00,0.00,7.4,14.9
2025-12-07T16:00,0.4,0.00,0.00,0.00,7.7,14.9
2025-12-07T17:00,0.3,0.00,0.00,0.00,7.0,13.8
2025-12-07T18:00,0.5,0.00,0.00,0.00,7.6,15.4
2025-12-07T19:00,0.5,0.00,0.00,0.00,7.1,14.4
2025-12-07T20:00,0.5,0.00,0.00,0.00,7.8,15.5
2025-12-07T21:00,0.4,0.00,0.00,0.00,7.2,14.3
2025-12-07T22:00,0.5,0.00,0.00,0.00,7.3,14.2
2025-12-07T23:00,0.5,0.00,0.00,0.00,7.9,14.7
2025-12-08T00:00,0.3,0.00,0.00,0.00,6.2,12.1
2025-12-08T01:00,0.1,0.00,0.00,0.00,6.0,9.7
2025-12-08T02:00,-0.3,0.00,0.00,0.00,5.8,10.1
2025-12-08T03:00,-0.2,0.00,0.00,0.00,6.8,12.0
2025-12-08T04:00,-0.2,0.00,0.00,0.00,6.8,12.8
2025-12-08T05:00,-0.1,0.00,0.00,0.00,6.5,12.7
2025-12-08T06:00,0.3,0.00,0.00,0.00,7.3,14.9
2025-12-08T07:00,0.5,0.00,0.00,0.00,9.0,16.1
2025-12-08T08:00,0.6,0.00,0.00,0.00,10.1,17.0
2025-12-08T09:00,0.8,0.00,0.00,0.00,10.6,16.9
2025-12-08T10:00,0.8,0.00,0.00,0.00,10.7,17.2
2025-12-08T11:00,0.8,0.00,0.00,0.00,10.5,17.1
2025-12-08T12:00,0.3,0.00,0.00,0.00,9.3,16.6
2025-12-08T13:00,0.4,0.00,0.00,0.00,9.8,18.4
2025-12-08T14:00,0.4,0.00,0.00,0.00,10.4,19.3
2025-12-08T15:00,0.2,0.00,0.00,0.00,11.0,20.0
2025-12-08T16:00,-0.1,0.00,0.00,0.00,11.9,21.1
2025-12-08T17:00,-0.3,0.00,0.00,0.00,11.1,19.4
2025-12-08T18:00,-0.2,0.00,0.00,0.00,10.7,18.6
2025-12-08T19:00,-0.2,0.00,0.00,0.00,12.8,21.2
2025-12-08T20:00,-0.3,0.00,0.00,0.00,12.1,20.4
2025-12-08T21:00,-0.3,0.00,0.00,0.00,12.2,20.9
2025-12-08T22:00,-0.1,0.00,0.00,0.00,10.4,19.0
2025-12-08T23:00,0.2,0.00,0.00,0.00,10.9,19.7
2025-12-09T00:00,-0.4,0.00,0.00,0.00,10.8,19.8
2025-12-09T01:00,-0.3,0.00,0.00,0.00,12.2,21.8
2025-12-09T02:00,-0.9,0.00,0.00,0.00,13.5,22.3
2025-12-09T03:00,-1.2,0.00,0.00,0.00,13.7,23.2
2025-12-09T04:00,-1.2,0.00,0.00,0.00,14.8,24.5
2025-12-09T05:00,-1.1,0.00,0.00,0.00,14.2,23.8
2025-12-09T06:00,-0.9,0.00,0.00,0.00,14.6,24.5
2025-12-09T07:00,-0.7,0.00,0.00,0.00,13.9,24.3
2025-12-09T08:00,-0.4,0.00,0.00,0.00,16.0,27.0
2025-12-09T09:00,-0.3,0.00,0.00,0.00,18.2,30.3
2025-12-09T10:00,-0.4,0.00,0.00,0.00,17.0,28.5
2025-12-09T11:00,-0.4,0.00,0.00,0.00,16.2,26.8
2025-12-09T12:00,-0.7,0.00,0.00,0.00,13.9,22.1
2025-12-09T13:00,-0.7,0.00,0.00,0.00,12.5,22.9
2025-12-09T14:00,-0.3,0.00,0.00,0.00,15.0,27.0
2025-12-09T15:00,0.0,0.00,0.00,0.00,14.9,27.2
2025-12-09T16:00,0.1,0.00,0.00,0.00,14.2,25.9
2025-12-09T17:00,0.1,0.00,0.00,0.00,14.8,26.9
2025-12-09T18:00,0.1,0.00,0.00,0.00,15.1,27.4
2025-12-09T19:00,-0.1,0.00,0.14,0.00,13.9,25.7
2025-12-09T20:00,-0.2,0.00,0.14,0.00,13.7,25.0
2025-12-09T21:00,-0.3,0.00,0.14,0.00,13.3,24.3
2025-12-09T22:00,-0.4,0.00,0.14,0.00,12.4,22.7
2025-12-09T23:00,-0.6,0.00,0.21,0.01,11.5,21.1
2025-12-10T00:00,-1.4,0.00,0.21,0.00,10.1,16.7
2025-12-10T01:00,-1.5,0.00,0.14,0.00,11.2,19.2
2025-12-10T02:00,-1.6,0.00,0.14,0.00,10.2,17.8
2025-12-10T03:00,-1.6,0.00,0.14,0.01,9.6,16.6
2025-12-10T04:00,-1.5,0.00,0.14,0.01,9.4,16.6
2025-12-10T05:00,-1.4,0.00,0.07,0.01,9.0,15.7
2025-12-10T06:00,-0.9,0.00,0.07,0.02,9.3,17.6
2025-12-10T07:00,-0.9,0.00,0.07,0.02,8.9,17.5
2025-12-10T08:00,-0.7,0.00,0.07,0.02,7.8,15.6
2025-12-10T09:00,-0.5,0.00,0.00,0.02,8.5,15.4
2025-12-10T10:00,-0.2,0.00,0.00,0.02,9.2,15.7
2025-12-10T11:00,0.1,0.00,0.00,0.02,7.7,14.0
2025-12-10T12:00,0.1,0.00,0.00,0.02,7.9,14.9
2025-12-10T13:00,-0.1,0.00,0.00,0.02,7.6,16.1
2025-12-10T14:00,0.0,0.00,0.00,0.02,7.8,16.6
2025-12-10T15:00,0.0,0.00,0.00,0.02,7.6,16.1
2025-12-10T16:00,0.0,0.00,0.00,0.02,7.9,16.5
2025-12-10T17:00,0.1,0.00,0.00,0.02,8.2,17.1
2025-12-10T18:00,0.2,0.00,0.00,0.02,8.7,17.8
2025-12-10T19:00,0.2,0.00,0.00,0.01,8.8,18.4
2025-12-10T20:00,0.3,0.00,0.00,0.01,9.2,19.0
2025-12-10T21:00,0.5,0.00,0.00,0.01,9.9,20.2
2025-12-10T22:00,0.6,0.00,0.00,0.01,10.5,21.5
2025-12-10T23:00,0.7,0.00,0.00,0.01,10.8,21.8
2025-12-11T00:00,0.8,0.00,0.00,0.02,11.4,22.6
2025-12-11T01:00,0.8,0.00,0.00,0.02,12.8,25.0
2025-12-11T02:00,1.1,0.00,0.00,0.02,13.4,26.4
2025-12-11T03:00,1.3,0.00,0.00,0.02,14.7,28.3
2025-12-11T04:00,1.6,0.00,0.00,0.02,15.1,29.2
2025-12-11T05:00,1.4,0.60,0.00,0.02,15.8,30.5
2025-12-11T06:00,1.6,0.50,0.00,0.01,17.2,32.3
2025-12-11T07:00,1.7,0.30,0.00,0.01,17.3,32.4
2025-12-11T08:00,2.0,0.20,0.00,0.01,17.6,32.2
2025-12-11T09:00,2.1,0.20,0.00,0.01,17.0,31.1
2025-12-11T10:00,2.3,0.10,0.00,0.01,16.2,30.0
2025-12-11T11:00,2.4,0.00,0.00,0.01,15.5,29.2
2025-12-11T12:00,2.6,0.10,0.00,0.01,13.8,27.0
2025-12-11T13:00,2.6,0.20,0.00,0.01,13.4,26.8
2025-12-11T14:00,2.7,0.30,0.00,0.01,13.1,26.6
2025-12-11T15:00,2.8,0.40,0.00,0.01,13.0,26.2
2025-12-11T16:00,2.9,0.40,0.00,0.01,12.3,25.1
2025-12-11T17:00,3.0,0.40,0.00,0.00,12.2,24.8
2025-12-11T18:00,3.4,0.40,0.00,0.00,12.3,25.4
2025-12-11T19:00,3.4,0.10,0.00,0.00,13.0,26.8
2025-12-11T20:00,3.2,0.00,0.00,0.00,13.3,27.3
2025-12-11T21:00,3.1,0.00,0.00,0.00,13.3,27.0
2025-12-11T22:00,3.3,0.00,0.00,0.00,13.4,25.9
2025-12-11T23:00,3.4,0.00,0.00,0.00,13.4,25.4
2025-12-12T00:00,4.4,0.00,0.00,0.02,12.2,24.5
2025-12-12T01:00,3.7,0.00,0.00,0.01,12.7,25.9
2025-12-12T02:00,3.6,0.00,0.00,0.01,13.9,27.4
2025-12-12T03:00,3.5,0.20,0.00,0.01,13.0,25.5
2025-12-12T04:00,3.7,0.00,0.00,0.01,14.0,26.4
2025-12-12T05:00,3.7,0.10,0.00,0.01,13.9,25.8
2025-12-12T06:00,3.9,0.00,0.00,0.01,12.4,24.5
2025-12-12T07:00,3.8,0.10,0.00,0.01,11.0,21.6
2025-12-12T08:00,3.8,0.00,0.00,0.01,10.5,19.9
2025-12-12T09:00,3.8,0.40,0.00,0.00,12.4,22.2
2025-12-12T10:00,3.4,0.60,0.00,0.00,12.5,22.5
2025-12-12T11:00,3.2,0.60,0.00,0.00,12.7,22.1
2025-12-12T12:00,1.1,0.40,0.21,0.01,13.8,24.9
2025-12-12T13:00,0.5,0.00,0.35,0.01,15.5,27.0
2025-12-12T14:00,-0.2,0.00,0.14,0.01,18.6,32.6
2025-12-12T15:00,-1.5,0.00,0.00,0.01,18.9,32.1
2025-12-12T16:00,-3.0,0.00,0.00,0.01,18.9,33.0
2025-12-12T17:00,-3.4,0.00,0.00,0.01,16.6,28.4
2025-12-12T18:00,-3.8,0.00,0.00,0.01,18.2,31.6
2025-12-12T19:00,-3.6,0.00,0.07,0.01,19.5,32.1
2025-12-12T20:00,-3.8,0.00,0.07,0.01,21.1,36.3
2025-12-12T21:00,-3.9,0.00,0.00,0.01,19.5,33.6
2025-12-12T22:00,-3.9,0.00,0.07,0.01,21.4,34.7
2025-12-12T23:00,-4.1,0.00,0.00,0.01,18.9,32.3
2025-12-13T00:00,-4.2,0.00,0.00,0.01,21.6,34.1
2025-12-13T01:00,-4.2,0.00,0.07,0.01,25.0,41.0
2025-12-13T02:00,-4.7,0.00,0.07,0.01,22.2,37.4
2025-12-13T03:00,-4.8,0.00,0.00,0.01,21.2,35.8
2025-12-13T04:00,-4.8,0.00,0.07,0.01,22.7,37.8
2025-12-13T05:00,-5.0,0.00,0.07,0.01,22.2,37.1
2025-12-13T06:00,-5.1,0.00,0.00,0.02,20.3,35.6
2025-12-13T07:00,-5.0,0.00,0.00,0.02,20.4,34.2
2025-12-13T08:00,-5.0,0.00,0.00,0.02,21.2,35.4
2025-12-13T09:00,-5.1,0.00,0.00,0.02,22.2,36.3
2025-12-13T10:00,-5.3,0.00,0.00,0.02,21.1,34.6
2025-12-13T11:00,-5.4,0.00,0.00,0.02,22.2,35.9
2025-12-13T12:00,-5.6,0.00,0.00,0.02,22.0,35.2
2025-12-13T13:00,-5.2,0.00,0.00,0.02,20.2,33.1
2025-12-13T14:00,-5.0,0.00,0.00,0.02,18.1,30.2
2025-12-13T15:00,-4.9,0.00,0.00,0.02,17.3,29.7
2025-12-13T16:00,-4.9,0.00,0.00,0.02,17.2,29.6
2025-12-13T17:00,-5.0,0.00,0.07,0.02,16.3,28.8
2025-12-13T18:00,-5.0,0.00,0.14,0.02,16.1,28.7
2025-12-13T19:00,-5.1,0.00,0.00,0.02,16.1,27.8
2025-12-13T20:00,-5.1,0.00,0.07,0.02,16.1,27.6
2025-12-13T21:00,-5.1,0.00,0.14,0.02,17.1,29.4
2025-12-13T22:00,-5.2,0.00,0.14,0.02,14.8,26.0
2025-12-13T23:00,-5.2,0.00,0.07,0.02,13.1,23.4
2025-12-14T00:00,-5.4,0.00,0.00,0.02,13.7,22.7
2025-12-14T01:00,-5.4,0.00,0.00,0.02,13.8,23.7
2025-12-14T02:00,-5.4,0.00,0.00,0.02,14.2,24.4
2025-12-14T03:00,-5.5,0.00,0.00,0.02,11.8,20.8
2025-12-14T04:00,-5.6,0.00,0.00,0.02,11.0,19.3
2025-12-14T05:00,-5.7,0.00,0.07,0.02,12.5,21.0
2025-12-14T06:00,-6.0,0.00,0.00,0.03,14.1,23.3
2025-12-14T07:00,-6.1,0.00,0.00,0.03,13.9,22.8
2025-12-14T08:00,-6.0,0.00,0.00,0.03,13.2,21.8
2025-12-14T09:00,-6.0,0.00,0.00,0.03,15.4,25.5
2025-12-14T10:00,-6.0,0.00,0.00,0.03,15.7,25.9
2025-12-14T11:00,-6.0,0.00,0.00,0.03,15.3,25.1
2025-12-14T12:00,-5.8,0.00,0.00,0.02,15.2,24.5
2025-12-14T13:00,-6.0,0.00,0.00,0.02,12.6,21.8
2025-12-14T14:00,-6.2,0.00,0.00,0.02,12.8,21.7
2025-12-14T15:00,-6.3,0.00,0.00,0.02,12.2,21.6
2025-12-14T16:00,-6.5,0.00,0.00,0.02,11.6,20.6
2025-12-14T17:00,-6.7,0.00,0.00,0.02,11.8,19.9
2025-12-14T18:00,-7.4,0.00,0.00,0.02,11.9,20.2
2025-12-14T19:00,-7.9,0.00,0.00,0.02,10.7,19.4
2025-12-14T20:00,-8.1,0.00,0.00,0.02,10.3,18.2
2025-12-14T21:00,-8.3,0.00,0.00,0.02,9.7,16.8
2025-12-14T22:00,-8.8,0.00,0.00,0.02,7.7,16.3
2025-12-14T23:00,-9.4,0.00,0.00,0.02,7.5,16.3
2025-12-15T00:00,-9.7,0.00,0.00,0.03,4.9,13.8
2025-12-15T01:00,-11.1,0.00,0.00,0.03,4.3,11.7
2025-12-15T02:00,-10.4,0.00,0.00,0.03,4.8,14.6
2025-12-15T03:00,-10.4,0.00,0.00,0.03,4.4,12.6
2025-12-15T04:00,-8.8,0.00,0.00,0.03,5.9,10.1
2025-12-15T05:00,-8.9,0.00,0.00,0.03,5.4,9.9
2025-12-15T06:00,-9.0,0.00,0.00,0.03,5.7,8.0
2025-12-15T07:00,-8.7,0.00,0.00,0.03,5.3,8.1
2025-12-15T08:00,-8.1,0.00,0.07,0.03,6.0,9.2
2025-12-15T09:00,-7.5,0.00,0.00,0.03,5.4,9.0
2025-12-15T10:00,-6.9,0.00,0.00,0.03,6.0,9.2
2025-12-15T11:00,-6.3,0.00,0.00,0.03,5.3,8.1
2025-12-15T12:00,-6.0,0.00,0.00,0.03,4.8,7.6
2025-12-15T13:00,-6.3,0.00,0.00,0.03,3.1,7.7
2025-12-15T14:00,-6.4,0.00,0.00,0.03,3.4,9.3
2025-12-15T15:00,-6.1,0.00,0.00,0.03,3.6,9.2
2025-12-15T16:00,-6.1,0.00,0.00,0.03,2.4,7.2
2025-12-15T17:00,-5.7,0.00,0.00,0.03,2.3,6.1
2025-12-15T18:00,-6.0,0.00,0.00,0.03,4.1,7.1
2025-12-15T19:00,-6.1,0.00,0.00,0.03,3.8,8.0
2025-12-15T20:00,-6.1,0.00,0.00,0.03,3.9,7.7
2025-12-15T21:00,-6.3,0.00,0.00,0.03,2.6,7.5
2025-12-15T22:00,-6.0,0.00,0.00,0.03,2.8,7.7
2025-12-15T23:00,-5.8,0.00,0.00,0.03,4.5,9.3
2025-12-16T00:00,-6.4,0.00,0.00,0.03,5.5,9.3
2025-12-16T01:00,-6.4,0.00,0.00,0.03,5.7,12.1
2025-12-16T02:00,-6.1,0.00,0.00,0.03,7.3,14.0
2025-12-16T03:00,-5.8,0.00,0.00,0.03,7.0,14.4
2025-12-16T04:00,-5.4,0.00,0.00,0.03,7.7,16.0
2025-12-16T05:00,-4.8,0.00,0.00,0.03,8.2,17.5
2025-12-16T06:00,-4.1,0.00,0.00,0.03,9.1,19.5
2025-12-16T07:00,-3.4,0.00,0.07,0.03,10.7,22.0
2025-12-16T08:00,-2.4,0.00,0.14,0.03,11.0,23.0
2025-12-16T09:00,-1.3,0.00,0.21,0.03,10.6,22.4
2025-12-16T10:00,-0.2,0.10,0.42,0.04,11.6,23.4
2025-12-16T11:00,0.6,0.00,0.07,0.04,12.3,24.3
2025-12-16T12:00,1.0,0.00,0.00,0.05,12.6,24.6
2025-12-16T13:00,1.1,0.00,0.00,0.05,13.2,25.6
2025-12-16T14:00,1.3,0.00,0.00,0.04,13.3,25.6
2025-12-16T15:00,1.4,0.00,0.00,0.04,14.3,27.7
2025-12-16T16:00,1.4,0.00,0.00,0.04,14.0,27.0
2025-12-16T17:00,1.3,0.00,0.00,0.04,13.6,26.3
2025-12-16T18:00,1.5,0.00,0.00,0.04,13.2,25.8
2025-12-16T19:00,1.5,0.00,0.00,0.04,13.0,25.7
2025-12-16T20:00,1.5,0.00,0.00,0.04,12.8,25.4
2025-12-16T21:00,1.5,0.10,0.00,0.04,12.1,24.5
2025-12-16T22:00,1.5,0.00,0.00,0.04,11.9,24.4
2025-12-16T23:00,1.7,0.00,0.00,0.03,12.1,24.8
2025-12-17T00:00,1.6,0.00,0.00,0.03,11.9,23.8
2025-12-17T01:00,1.5,0.00,0.00,0.03,12.2,24.8
2025-12-17T02:00,1.5,0.00,0.00,0.03,12.4,24.8
2025-12-17T03:00,1.5,0.00,0.00,0.03,11.7,23.6
2025-12-17T04:00,1.4,0.00,0.00,0.03,11.2,22.9
2025-12-17T05:00,1.3,0.00,0.00,0.02,11.2,23.0
2025-12-17T06:00,1.5,0.00,0.00,0.02,11.1,22.9
2025-12-17T07:00,1.4,0.00,0.00,0.02,10.5,22.2
2025-12-17T08:00,1.4,0.00,0.00,0.02,9.3,20.0
2025-12-17T09:00,1.5,0.00,0.00,0.02,7.7,17.3
2025-12-17T10:00,1.5,0.00,0.00,0.02,6.9,16.2
2025-12-17T11:00,1.8,0.00,0.00,0.02,8.2,16.0
2025-12-17T12:00,1.2,0.00,0.00,0.02,6.6,14.1
2025-12-17T13:00,0.9,0.00,0.00,0.02,7.2,15.6
2025-12-17T14:00,0.8,0.00,0.00,0.02,6.5,14.4
2025-12-17T15:00,0.7,0.00,0.00,0.02,7.3,15.8
2025-12-17T16:00,0.6,0.00,0.00,0.02,7.7,16.0
2025-12-17T17:00,0.5,0.00,0.00,0.02,7.8,15.5
2025-12-17T18:00,0.4,0.00,0.00,0.02,7.6,15.7
2025-12-17T19:00,0.4,0.00,0.00,0.02,8.6,17.3
2025-12-17T20:00,0.3,0.00,0.00,0.02,8.9,17.6
2025-12-17T21:00,0.2,0.00,0.00,0.02,10.1,20.0
2025-12-17T22:00,0.2,0.00,0.00,0.02,10.7,20.6
2025-12-17T23:00,0.0,0.00,0.00,0.02,11.1,20.8
2025-12-18T00:00,-0.2,0.00,0.00,0.01,12.1,22.5
2025-12-18T01:00,-0.1,0.00,0.00,0.01,12.1,23.0
2025-12-18T02:00,-0.1,0.00,0.00,0.01,12.3,23.0
2025-12-18T03:00,-0.1,0.00,0.00,0.01,11.2,21.4
2025-12-18T04:00,-0.1,0.00,0.00,0.01,12.8,23.5
2025-12-18T05:00,-0.2,0.00,0.00,0.01,12.7,23.4
2025-12-18T06:00,-0.1,0.00,0.00,0.01,12.6,23.4
2025-12-18T07:00,-0.1,0.00,0.00,0.01,14.4,25.6
2025-12-18T08:00,0.0,0.00,0.00,0.01,15.7,25.9
2025-12-18T09:00,0.1,0.00,0.00,0.01,14.2,23.4
2025-12-18T10:00,0.2,0.00,0.00,0.01,11.4,19.9
2025-12-18T11:00,0.3,0.00,0.00,0.01,11.3,20.3
2025-12-18T12:00,0.4,0.00,0.00,0.01,11.2,20.7
2025-12-18T13:00,0.4,0.00,0.00,0.01,11.0,21.2
2025-12-18T14:00,0.6,0.00,0.00,0.01,12.3,23.2
2025-12-18T15:00,0.8,0.00,0.00,0.01,12.3,23.5
2025-12-18T16:00,0.9,0.00,0.00,0.01,12.3,23.2
2025-12-18T17:00,1.1,0.00,0.00,0.01,12.6,23.7
2025-12-18T18:00,1.2,0.00,0.00,0.01,11.8,22.6
2025-12-18T19:00,1.3,0.00,0.00,0.01,11.9,23.2
2025-12-18T20:00,1.4,0.00,0.00,0.01,12.0,23.1
2025-12-18T21:00,1.4,0.00,0.00,0.01,11.7,22.4
2025-12-18T22:00,1.4,0.00,0.00,0.01,10.1,19.6
2025-12-18T23:00,1.2,0.00,0.00,0.01,10.0,19.4
2025-12-19T00:00,1.0,0.00,0.00,0.01,10.3,19.8
2025-12-19T01:00,0.8,0.00,0.00,0.01,10.1,19.4
2025-12-19T02:00,0.7,0.00,0.00,0.01,9.9,18.9
2025-12-19T03:00,0.5,0.00,0.00,0.01,9.6,18.1
2025-12-19T04:00,0.4,0.00,0.00,0.01,10.0,18.5
2025-12-19T05:00,0.3,0.00,0.00,0.01,9.6,17.4
2025-12-19T06:00,0.0,0.00,0.00,0.01,9.1,16.7
2025-12-19T07:00,-0.2,0.00,0.00,0.01,10.3,17.2
2025-12-19T08:00,-0.4,0.00,0.00,0.01,10.5,17.0
2025-12-19T09:00,-0.5,0.00,0.00,0.01,10.6,16.9
2025-12-19T10:00,-0.5,0.00,0.00,0.01,11.2,17.8
2025-12-19T11:00,-0.6,0.00,0.00,0.01,11.2,17.7
2025-12-19T12:00,-1.3,0.00,0.00,0.01,9.0,14.8
2025-12-19T13:00,-1.3,0.00,0.00,0.01,10.2,17.4
2025-12-19T14:00,-1.2,0.10,0.00,0.01,8.9,14.3
2025-12-19T15:00,-1.0,0.10,0.00,0.01,9.0,15.7
2025-12-19T16:00,-0.7,0.00,0.00,0.01,8.6,16.8
2025-12-19T17:00,-0.6,0.00,0.00,0.01,8.5,16.8
2025-12-19T18:00,-0.8,0.00,0.00,0.01,7.8,15.4
2025-12-19T19:00,-0.9,0.00,0.00,0.01,8.6,17.1
2025-12-19T20:00,-0.7,0.00,0.00,0.01,8.8,18.1
2025-12-19T21:00,-0.6,0.00,0.00,0.01,8.7,17.3
2025-12-19T22:00,-0.5,0.00,0.00,0.01,8.8,17.8
2025-12-19T23:00,-0.5,0.00,0.00,0.01,8.2,16.8
2025-12-20T00:00,-0.8,0.00,0.00,0.00,8.4,16.1
2025-12-20T01:00,-0.9,0.00,0.00,0.00,8.8,18.0
2025-12-20T02:00,-0.7,0.00,0.00,0.00,9.2,18.9
2025-12-20T03:00,-0.5,0.00,0.00,0.00,10.4,21.0
2025-12-20T04:00,-0.3,0.00,0.00,0.00,10.3,21.2
2025-12-20T05:00,-0.2,0.00,0.00,0.00,10.4,20.9
2025-12-20T06:00,-0.9,0.00,0.00,0.00,12.2,22.6
2025-12-20T07:00,-0.9,0.00,0.00,0.00,11.1,22.3
2025-12-20T08:00,-0.6,0.00,0.00,0.00,11.7,21.3
2025-12-20T09:00,-0.4,0.00,0.00,0.00,11.5,20.4
2025-12-20T10:00,-0.2,0.00,0.00,0.00,11.7,20.3
2025-12-20T11:00,-0.2,0.00,0.00,0.00,11.7,20.1
2025-12-20T12:00,-0.4,0.00,0.00,0.00,9.0,15.9
2025-12-20T13:00,-0.5,0.00,0.00,0.00,11.5,22.4
2025-12-20T14:00,-0.4,0.00,0.00,0.00,12.2,23.4
2025-12-20T15:00,-0.5,0.00,0.00,0.00,12.6,24.6
2025-12-20T16:00,-0.6,0.00,0.00,0.00,12.6,25.0
2025-12-20T17:00,-0.7,0.00,0.00,0.00,13.5,25.7
2025-12-20T18:00,-0.9,0.00,0.00,0.00,13.5,25.8
2025-12-20T19:00,-0.9,0.00,0.00,0.00,12.9,25.5
2025-12-20T20:00,-0.9,0.00,0.00,0.00,12.9,25.4
2025-12-20T21:00,-0.7,0.00,0.00,0.00,13.4,25.0
2025-12-20T22:00,-0.5,0.00,0.00,0.00,13.5,25.3
2025-12-20T23:00,-0.1,0.00,0.00,0.00,13.8,25.4
2025-12-21T00:00,-0.5,0.00,0.00,0.00,12.6,23.4
2025-12-21T01:00,-0.3,0.00,0.00,0.00,11.9,23.1
2025-12-21T02:00,-0.2,0.00,0.00,0.00,11.7,22.7
2025-12-21T03:00,0.0,0.00,0.21,0.00,11.4,22.2
2025-12-21T04:00,0.1,0.00,0.07,0.00,11.3,21.9
2025-12-21T05:00,0.2,0.00,0.07,0.00,11.0,21.5
2025-12-21T06:00,0.1,0.00,0.00,0.01,10.1,20.2
2025-12-21T07:00,0.2,0.00,0.00,0.01,10.1,19.9
2025-12-21T08:00,0.4,0.00,0.00,0.01,10.6,19.7
2025-12-21T09:00,0.5,0.00,0.00,0.01,12.0,20.7
2025-12-21T10:00,0.4,0.00,0.00,0.01,10.0,17.1
2025-12-21T11:00,0.3,0.00,0.00,0.01,10.2,17.4
2025-12-21T12:00,0.2,0.00,0.00,0.00,7.2,14.0
2025-12-21T13:00,0.2,0.00,0.00,0.00,8.5,16.6
2025-12-21T14:00,0.1,0.00,0.00,0.00,9.4,18.2
2025-12-21T15:00,0.2,0.00,0.00,0.00,9.4,18.6
2025-12-21T16:00,0.2,0.00,0.00,0.00,8.3,16.6
2025-12-21T17:00,0.3,0.00,0.00,0.00,9.3,18.6
2025-12-21T18:00,0.6,0.00,0.00,0.01,9.5,19.2
2025-12-21T19:00,0.7,0.10,0.00,0.01,10.3,20.6
2025-12-21T20:00,0.7,0.00,0.00,0.01,9.6,19.4
2025-12-21T21:00,0.6,0.00,0.07,0.01,9.5,19.3
2025-12-21T22:00,0.6,0.10,0.14,0.01,10.3,20.6
2025-12-21T23:00,0.6,0.10,0.07,0.01,10.1,20.0
2025-12-22T00:00,0.3,0.00,0.07,0.00,8.9,17.9
2025-12-22T01:00,0.5,0.00,0.00,0.00,9.4,18.9
2025-12-22T02:00,0.6,0.00,0.00,0.00,10.0,20.2
2025-12-22T03:00,0.8,0.00,0.00,0.00,10.1,20.2
2025-12-22T04:00,0.9,0.00,0.00,0.00,9.8,19.8
2025-12-22T05:00,1.1,0.00,0.00,0.00,9.6,18.9
2025-12-22T06:00,0.9,0.10,0.00,0.00,10.5,20.4
2025-12-22T07:00,0.8,0.10,0.14,0.00,10.6,20.7
2025-12-22T08:00,1.1,0.10,0.00,0.00,11.2,21.4
2025-12-22T09:00,1.2,0.10,0.00,0.00,13.6,24.6
2025-12-22T10:00,1.0,0.00,0.00,0.00,16.8,30.4
2025-12-22T11:00,0.5,0.00,0.00,0.00,18.4,32.7
2025-12-22T12:00,-0.5,0.00,0.07,0.01,16.9,29.4
2025-12-22T13:00,-1.2,0.00,0.00,0.01,17.8,30.1
2025-12-22T14:00,-2.1,0.00,0.00,0.01,17.6,29.2
2025-12-22T15:00,-2.3,0.00,0.07,0.01,17.6,28.9
2025-12-22T16:00,-2.5,0.00,0.00,0.01,17.0,26.8
2025-12-22T17:00,-3.0,0.00,0.00,0.01,18.6,28.6
2025-12-22T18:00,-3.5,0.00,0.00,0.01,15.1,25.2
2025-12-22T19:00,-3.7,0.00,0.07,0.01,14.2,22.8
2025-12-22T20:00,-4.6,0.00,0.07,0.01,18.9,30.9
2025-12-22T21:00,-5.9,0.00,0.00,0.01,17.3,28.1
2025-12-22T22:00,-6.5,0.00,0.00,0.01,16.9,27.3
2025-12-22T23:00,-7.0,0.00,0.00,0.01,17.5,28.2
2025-12-23T00:00,-8.6,0.00,0.00,0.00,16.7,26.9
2025-12-23T01:00,-8.9,0.00,0.00,0.00,16.6,26.8
2025-12-23T02:00,-9.5,0.00,0.00,0.00,16.8,27.3
2025-12-23T03:00,-10.1,0.00,0.00,0.00,17.2,27.8
2025-12-23T04:00,-10.7,0.00,0.00,0.00,17.3,27.7
2025-12-23T05:00,-11.1,0.00,0.00,0.00,16.8,27.1
2025-12-23T06:00,-11.5,0.00,0.00,0.02,16.9,27.2
2025-12-23T07:00,-12.2,0.00,0.00,0.02,15.8,25.7
2025-12-23T08:00,-12.2,0.00,0.00,0.02,15.7,25.6
2025-12-23T09:00,-12.2,0.00,0.00,0.02,15.7,25.4
2025-12-23T10:00,-12.4,0.00,0.00,0.02,15.5,25.2
2025-12-23T11:00,-12.5,0.00,0.00,0.02,14.8,24.1
2025-12-23T12:00,-13.1,0.00,0.00,0.01,14.3,22.4
2025-12-23T13:00,-13.3,0.00,0.00,0.01,14.2,22.7
2025-12-23T14:00,-13.6,0.00,0.00,0.01,13.8,22.3
2025-12-23T15:00,-13.9,0.00,0.00,0.01,13.7,21.7
2025-12-23T16:00,-14.1,0.00,0.00,0.01,12.5,20.2
2025-12-23T17:00,-14.1,0.00,0.00,0.01,11.4,18.4
2025-12-23T18:00,-15.1,0.00,0.00,0.01,11.6,18.6
2025-12-23T19:00,-15.3,0.00,0.00,0.01,10.5,17.4
2025-12-23T20:00,-15.4,0.00,0.00,0.01,9.6,16.2
2025-12-23T21:00,-15.6,0.00,0.00,0.01,9.3,15.3
2025-12-23T22:00,-15.8,0.00,0.00,0.01,8.8,14.6
2025-12-23T23:00,-15.9,0.00,0.00,0.01,7.4,12.7
2025-12-24T00:00,-16.3,0.00,0.00,0.02,7.3,11.3
2025-12-24T01:00,-16.9,0.00,0.00,0.02,6.4,13.9
2025-12-24T02:00,-17.0,0.00,0.00,0.02,6.8,16.2
2025-12-24T03:00,-17.1,0.00,0.00,0.02,7.9,18.3
2025-12-24T04:00,-17.0,0.00,0.00,0.02,7.9,19.3
2025-12-24T05:00,-16.7,0.00,0.00,0.02,9.3,20.9
2025-12-24T06:00,-15.4,0.00,0.00,0.02,10.6,20.3
2025-12-24T07:00,-15.0,0.00,0.00,0.02,12.2,24.3
2025-12-24T08:00,-13.6,0.00,0.00,0.02,13.8,25.6
2025-12-24T09:00,-12.4,0.00,0.07,0.02,13.0,25.1
2025-12-24T10:00,-11.4,0.00,0.07,0.03,15.8,27.9
2025-12-24T11:00,-10.7,0.00,0.00,0.03,16.2,28.9
2025-12-24T12:00,-9.5,0.00,0.07,0.02,14.8,27.9
2025-12-24T13:00,-9.1,0.00,0.00,0.02,14.6,28.4
2025-12-24T14:00,-8.4,0.00,0.00,0.02,12.8,25.3
2025-12-24T15:00,-7.5,0.00,0.07,0.02,13.2,25.6
2025-12-24T16:00,-7.0,0.00,0.00,0.02,14.4,27.3
2025-12-24T17:00,-6.7,0.00,0.07,0.02,13.6,25.7
2025-12-24T18:00,-6.7,0.00,0.07,0.02,12.5,24.1
2025-12-24T19:00,-6.3,0.00,0.07,0.03,12.9,24.8
2025-12-24T20:00,-5.5,0.00,0.07,0.03,12.9,25.1
2025-12-24T21:00,-4.8,0.00,0.07,0.03,12.6,24.4
2025-12-24T22:00,-4.3,0.00,0.07,0.03,12.4,24.2
2025-12-24T23:00,-3.8,0.00,0.07,0.03,12.7,24.3
2025-12-25T00:00,-4.1,0.00,0.00,0.03,12.5,24.5
2025-12-25T01:00,-3.7,0.00,0.00,0.03,12.4,24.0
2025-12-25T02:00,-3.3,0.00,0.00,0.03,12.8,24.6
2025-12-25T03:00,-3.0,0.00,0.07,0.03,12.3,23.7
2025-12-25T04:00,-2.7,0.00,0.00,0.03,13.1,25.1
2025-12-25T05:00,-2.4,0.00,0.00,0.03,12.5,24.4
2025-12-25T06:00,-2.5,0.00,0.00,0.02,12.5,23.8
2025-12-25T07:00,-2.2,0.00,0.00,0.02,12.2,23.4
2025-12-25T08:00,-2.0,0.00,0.00,0.02,12.8,23.8
2025-12-25T09:00,-1.8,0.00,0.00,0.02,12.8,23.2
2025-12-25T10:00,-1.7,0.00,0.00,0.02,12.5,22.3
2025-12-25T11:00,-1.8,0.00,0.00,0.02,13.9,24.3
2025-12-25T12:00,-2.9,0.00,0.00,0.02,14.6,24.6
2025-12-25T13:00,-3.2,0.00,0.00,0.02,14.3,26.0
2025-12-25T14:00,-2.9,0.00,0.14,0.02,15.8,29.1
2025-12-25T15:00,-2.5,0.00,0.42,0.03,16.9,31.1
2025-12-25T16:00,-2.1,0.00,0.07,0.03,17.0,31.4
2025-12-25T17:00,-1.7,0.00,0.35,0.03,17.5,32.4
2025-12-25T18:00,-1.4,0.00,0.14,0.03,18.8,34.3
2025-12-25T19:00,-1.0,0.00,0.42,0.04,19.0,34.4
2025-12-25T20:00,-0.6,0.00,0.77,0.04,19.3,34.8
2025-12-25T21:00,-0.3,0.00,0.77,0.05,18.9,34.1
2025-12-25T22:00,0.1,0.00,0.70,0.06,18.5,33.5
2025-12-25T23:00,0.5,0.00,0.63,0.06,17.3,31.5
2025-12-26T00:00,-0.1,0.00,0.56,0.07,17.6,32.1
2025-12-26T01:00,0.8,0.00,0.21,0.07,20.2,35.9
2025-12-26T02:00,1.0,0.10,0.00,0.07,20.1,35.1
2025-12-26T03:00,0.2,0.00,0.42,0.08,19.9,35.6
2025-12-26T04:00,0.2,0.00,0.35,0.08,18.7,33.2
2025-12-26T05:00,0.1,0.00,0.14,0.08,19.8,34.9
2025-12-26T06:00,0.2,0.00,0.28,0.11,20.5,36.4
2025-12-26T07:00,0.5,0.00,0.35,0.11,19.2,34.0
2025-12-26T08:00,0.7,0.00,0.63,0.12,19.6,34.9
2025-12-26T09:00,0.9,0.00,0.28,0.12,21.4,37.7
2025-12-26T10:00,1.0,0.00,0.07,0.12,20.7,36.2
2025-12-26T11:00,1.0,0.00,0.07,0.12,20.0,35.0
2025-12-26T12:00,0.7,0.00,0.07,0.12,19.8,34.1
2025-12-26T13:00,0.7,0.00,0.07,0.12,18.3,32.7
2025-12-26T14:00,0.7,0.00,0.14,0.12,18.1,32.4
2025-12-26T15:00,0.7,0.00,0.14,0.12,17.5,31.4
2025-12-26T16:00,0.5,0.00,0.35,0.12,17.3,31.4
2025-12-26T17:00,0.7,0.00,0.14,0.13,19.0,33.9
2025-12-26T18:00,0.8,0.00,0.07,0.13,19.0,34.1
2025-12-26T19:00,0.6,0.00,0.07,0.13,19.5,34.6
2025-12-26T20:00,0.8,0.00,0.00,0.13,19.7,34.9
2025-12-26T21:00,0.5,0.00,0.00,0.13,18.4,32.8
2025-12-26T22:00,0.3,0.00,0.07,0.12,18.3,32.4
2025-12-26T23:00,0.4,0.00,0.00,0.12,17.9,32.1
2025-12-27T00:00,-0.3,0.00,0.00,0.13,17.8,31.4
2025-12-27T01:00,-0.3,0.00,0.00,0.13,17.8,31.6
2025-12-27T02:00,-0.4,0.00,0.00,0.13,18.0,31.9
2025-12-27T03:00,-0.4,0.00,0.00,0.13,17.4,30.7
2025-12-27T04:00,-0.4,0.00,0.00,0.13,15.2,27.1
2025-12-27T05:00,-0.5,0.00,0.00,0.13,13.6,24.6
2025-12-27T06:00,-0.5,0.00,0.07,0.13,11.9,22.5
2025-12-27T07:00,-0.5,0.00,0.00,0.13,12.9,23.6
2025-12-27T08:00,-0.5,0.00,0.00,0.13,12.6,22.8
2025-12-27T09:00,-0.7,0.00,0.00,0.13,11.9,21.4
2025-12-27T10:00,-0.9,0.00,0.00,0.13,10.7,19.5
2025-12-27T11:00,-1.0,0.00,0.00,0.13,9.3,16.8
2025-12-27T12:00,-1.7,0.00,0.00,0.13,7.0,13.4
2025-12-27T13:00,-2.0,0.00,0.00,0.13,8.2,15.2
2025-12-27T14:00,-2.4,0.00,0.00,0.13,7.7,14.6
2025-12-27T15:00,-2.7,0.00,0.00,0.13,8.1,15.5
2025-12-27T16:00,-3.1,0.00,0.00,0.13,10.1,18.2
2025-12-27T17:00,-3.3,0.00,0.00,0.13,7.9,15.6
2025-12-27T18:00,-2.5,0.00,0.07,0.13,11.1,20.6
2025-12-27T19:00,-2.5,0.00,0.21,0.13,11.7,21.4
2025-12-27T20:00,-2.7,0.00,0.14,0.13,10.8,20.2
2025-12-27T21:00,-2.8,0.00,0.07,0.13,10.3,19.4
2025-12-27T22:00,-2.8,0.00,0.07,0.13,10.0,18.7
2025-12-27T23:00,-2.8,0.00,0.07,0.13,10.3,19.3
2025-12-28T00:00,-2.9,0.00,0.14,0.13,10.5,20.0
2025-12-28T01:00,-3.1,0.00,0.07,0.13,11.1,21.5
2025-12-28T02:00,-2.9,0.00,0.07,0.14,10.8,20.4
2025-12-28T03:00,-2.9,0.00,0.14,0.14,11.0,20.5
2025-12-28T04:00,-2.9,0.00,0.21,0.14,11.2,20.9
2025-12-28T05:00,-2.9,0.00,0.21,0.14,11.2,21.0
2025-12-28T06:00,-2.7,0.00,0.14,0.13,11.4,20.9
2025-12-28T07:00,-2.7,0.00,0.07,0.14,10.2,19.3
2025-12-28T08:00,-2.5,0.00,0.14,0.14,9.7,18.2
2025-12-28T09:00,-2.3,0.00,0.07,0.14,10.3,18.7
2025-12-28T10:00,-2.1,0.00,0.07,0.14,10.5,18.7
2025-12-28T11:00,-2.2,0.00,0.07,0.14,10.5,18.8
2025-12-28T12:00,-2.9,0.00,0.07,0.14,8.7,16.6
2025-12-28T13:00,-3.0,0.00,0.00,0.14,9.4,17.8
2025-12-28T14:00,-3.1,0.00,0.00,0.14,9.1,17.6
2025-12-28T15:00,-3.1,0.00,0.00,0.14,8.8,17.1
2025-12-28T16:00,-3.1,0.00,0.00,0.13,8.7,16.8
2025-12-28T17:00,-3.1,0.00,0.07,0.13,8.5,16.5
2025-12-28T18:00,-3.0,0.00,0.07,0.14,8.5,16.7
2025-12-28T19:00,-3.2,0.00,0.07,0.14,8.0,16.4
2025-12-28T20:00,-3.2,0.00,0.00,0.14,8.0,15.8
2025-12-28T21:00,-3.5,0.00,0.00,0.14,6.7,14.2
2025-12-28T22:00,-3.5,0.00,0.00,0.14,6.7,13.5
2025-12-28T23:00,-3.6,0.00,0.00,0.14,6.1,12.9
2025-12-29T00:00,-4.2,0.00,0.07,0.14,6.4,14.2
2025-12-29T01:00,-4.4,0.00,0.07,0.14,6.8,15.4
2025-12-29T02:00,-4.1,0.00,0.07,0.14,7.4,14.7
2025-12-29T03:00,-4.1,0.00,0.00,0.14,6.5,13.0
2025-12-29T04:00,-4.1,0.00,0.00,0.14,6.5,12.9
2025-12-29T05:00,-4.2,0.00,0.07,0.14,5.9,11.7
2025-12-29T06:00,-4.2,0.00,0.07,0.14,4.4,10.1
2025-12-29T07:00,-4.2,0.00,0.07,0.14,5.2,10.9
2025-12-29T08:00,-4.1,0.00,0.07,0.15,5.0,10.9
2025-12-29T09:00,-4.0,0.00,0.07,0.15,5.2,9.0
2025-12-29T10:00,-3.7,0.00,0.07,0.15,5.8,8.9
2025-12-29T11:00,-3.6,0.00,0.07,0.15,6.4,9.8
2025-12-29T12:00,-4.1,0.00,0.07,0.15,4.8,8.4
2025-12-29T13:00,-4.4,0.00,0.07,0.15,5.0,10.2
2025-12-29T14:00,-4.6,0.00,0.07,0.15,5.5,11.1
2025-12-29T15:00,-4.7,0.00,0.14,0.15,5.9,12.2
2025-12-29T16:00,-4.8,0.00,0.14,0.15,6.0,12.6
2025-12-29T17:00,-4.9,0.00,0.07,0.15,6.9,14.2
2025-12-29T18:00,-4.9,0.00,0.07,0.15,7.0,13.9
2025-12-29T19:00,-4.9,0.00,0.07,0.15,6.0,12.1
2025-12-29T20:00,-5.2,0.00,0.07,0.15,5.6,11.9
2025-12-29T21:00,-5.6,0.00,0.07,0.15,5.6,12.5
2025-12-29T22:00,-5.5,0.00,0.07,0.15,5.7,12.1
2025-12-29T23:00,-5.4,0.00,0.14,0.16,5.3,11.2
2025-12-30T00:00,-5.7,0.00,0.14,0.16,5.2,10.3
2025-12-30T01:00,-5.8,0.00,0.14,0.16,6.0,13.0
2025-12-30T02:00,-5.7,0.00,0.14,0.16,6.1,13.3
2025-12-30T03:00,-5.7,0.00,0.07,0.16,5.2,12.0
2025-12-30T04:00,-5.5,0.00,0.07,0.16,5.2,11.2
2025-12-30T05:00,-5.3,0.00,0.21,0.16,5.4,10.9
2025-12-30T06:00,-4.8,0.00,0.28,0.17,6.4,12.9
2025-12-30T07:00,-4.4,0.00,0.28,0.18,9.7,18.2
2025-12-30T08:00,-4.2,0.00,0.21,0.18,13.0,23.0
2025-12-30T09:00,-4.5,0.00,0.14,0.18,11.4,20.2
2025-12-30T10:00,-4.5,0.00,0.14,0.18,12.7,20.7
2025-12-30T11:00,-4.5,0.00,0.07,0.18,10.8,16.6
2025-12-30T12:00,-5.0,0.00,0.07,0.18,10.0,18.7
2025-12-30T13:00,-4.8,0.00,0.07,0.18,9.4,17.8
2025-12-30T14:00,-4.6,0.00,0.14,0.18,11.1,20.4
2025-12-30T15:00,-4.7,0.00,0.07,0.18,11.2,20.7
2025-12-30T16:00,-4.9,0.00,0.21,0.18,11.4,21.1
2025-12-30T17:00,-4.9,0.00,0.21,0.18,12.1,22.0
2025-12-30T18:00,-4.9,0.00,0.14,0.19,11.2,20.7
2025-12-30T19:00,-4.9,0.00,0.07,0.19,11.0,20.4
2025-12-30T20:00,-5.0,0.00,0.07,0.19,10.8,20.2
2025-12-30T21:00,-5.1,0.00,0.14,0.19,10.8,20.1
2025-12-30T22:00,-5.1,0.00,0.14,0.19,10.1,19.0
2025-12-30T23:00,-5.0,0.00,0.14,0.19,9.8,18.6
2025-12-31T00:00,-5.5,0.00,0.21,0.19,9.7,18.5
2025-12-31T01:00,-5.5,0.00,0.14,0.19,10.2,19.0
2025-12-31T02:00,-5.7,0.00,0.14,0.19,9.9,18.6
2025-12-31T03:00,-5.7,0.00,0.14,0.19,9.6,18.2
2025-12-31T04:00,-5.9,0.00,0.14,0.20,10.3,19.0
2025-12-31T05:00,-6.2,0.00,0.07,0.20,10.9,19.9
2025-12-31T06:00,-6.8,0.00,0.07,0.19,9.8,18.2
2025-12-31T07:00,-7.0,0.00,0.07,0.19,9.5,17.3
2025-12-31T08:00,-7.2,0.00,0.07,0.19,9.1,17.4
2025-12-31T09:00,-7.1,0.00,0.00,0.19,9.3,17.0
2025-12-31T10:00,-6.9,0.00,0.07,0.19,10.0,16.8
2025-12-31T11:00,-6.9,0.00,0.07,0.19,8.7,15.7
2025-12-31T12:00,-7.9,0.00,0.07,0.19,7.9,14.5
2025-12-31T13:00,-8.1,0.00,0.00,0.19,8.6,16.2
2025-12-31T14:00,-8.1,0.00,0.00,0.19,8.0,15.5
2025-12-31T15:00,-8.1,0.00,0.07,0.19,7.9,15.8
2025-12-31T16:00,-8.1,0.00,0.07,0.19,8.9,17.7
2025-12-31T17:00,-8.0,0.00,0.00,0.19,9.0,17.5
2025-12-31T18:00,-8.4,0.00,0.00,0.19,7.9,16.0
2025-12-31T19:00,-8.5,0.00,0.07,0.19,8.7,17.8
2025-12-31T20:00,-8.3,0.00,0.07,0.19,9.4,18.8
2025-12-31T21:00,-7.8,0.00,0.00,0.19,10.3,19.2
2025-12-31T22:00,-8.0,0.00,0.00,0.19,11.3,20.1
2025-12-31T23:00,-8.8,0.00,0.00,0.19,11.4,20.0
2026-01-01T00:00,-10.0,0.00,0.00,0.19,9.7,21.0
2026-01-01T01:00,-10.2,0.00,0.00,0.19,9.8,21.6
2026-01-01T02:00,-9.5,0.00,0.00,0.19,8.6,18.5
2026-01-01T03:00,-9.0,0.00,0.00,0.19,8.5,17.1
2026-01-01T04:00,-8.9,0.00,0.00,0.19,9.4,17.9
2026-01-01T05:00,-9.1,0.00,0.00,0.19,10.1,18.8
2026-01-01T06:00,-10.4,0.00,0.00,0.20,10.1,18.4
2026-01-01T07:00,-10.7,0.00,0.00,0.20,9.4,18.0
2026-01-01T08:00,-10.7,0.00,0.00,0.20,9.2,16.9
2026-01-01T09:00,-10.6,0.00,0.00,0.20,9.7,16.0
2026-01-01T10:00,-10.4,0.00,0.00,0.20,9.7,16.1
2026-01-01T11:00,-10.2,0.00,0.00,0.20,10.4,16.9
2026-01-01T12:00,-11.1,0.00,0.00,0.20,5.1,11.9
2026-01-01T13:00,-11.2,0.00,0.00,0.20,6.5,14.5
2026-01-01T14:00,-11.4,0.00,0.00,0.20,8.0,17.3
2026-01-01T15:00,-11.4,0.00,0.00,0.20,8.5,17.8
2026-01-01T16:00,-11.2,0.00,0.00,0.19,8.4,17.4
2026-01-01T17:00,-11.2,0.00,0.00,0.20,8.6,17.6
2026-01-01T18:00,-11.5,0.00,0.00,0.20,8.8,17.5
2026-01-01T19:00,-11.9,0.00,0.00,0.20,8.4,16.7
2026-01-01T20:00,-12.3,0.00,0.00,0.20,7.4,14.5
2026-01-01T21:00,-12.8,0.00,0.00,0.19,5.4,12.7
2026-01-01T22:00,-13.1,0.00,0.00,0.19,6.2,14.5
2026-01-01T23:00,-12.7,0.00,0.00,0.19,8.6,16.7
2026-01-02T00:00,-13.5,0.00,0.00,0.19,6.4,13.0
2026-01-02T01:00,-13.2,0.00,0.00,0.19,8.4,16.4
2026-01-02T02:00,-13.2,0.00,0.00,0.19,9.4,18.2
2026-01-02T03:00,-12.9,0.00,0.00,0.19,10.9,20.7
2026-01-02T04:00,-13.0,0.00,0.00,0.19,12.5,22.8
2026-01-02T05:00,-13.1,0.00,0.00,0.19,12.6,23.1
2026-01-02T06:00,-12.7,0.00,0.00,0.20,14.2,25.9
2026-01-02T07:00,-12.4,0.00,0.00,0.19,15.1,27.2
2026-01-02T08:00,-11.9,0.00,0.00,0.19,17.0,30.4
2026-01-02T09:00,-11.3,0.00,0.00,0.20,18.9,32.7
2026-01-02T10:00,-10.9,0.00,0.14,0.20,18.8,33.6
2026-01-02T11:00,-10.3,0.00,0.28,0.20,19.0,33.7
2026-01-02T12:00,-10.5,0.00,0.28,0.20,19.0,33.4
2026-01-02T13:00,-10.3,0.00,0.21,0.21,18.1,32.8
2026-01-02T14:00,-9.8,0.00,0.07,0.21,16.3,29.6
2026-01-02T15:00,-9.2,0.00,0.07,0.21,15.0,27.3
2026-01-02T16:00,-8.6,0.00,0.07,0.21,14.2,26.2
2026-01-02T17:00,-8.1,0.00,0.14,0.21,13.8,25.5
2026-01-02T18:00,-8.5,0.00,0.21,0.21,13.2,24.3
2026-01-02T19:00,-8.4,0.00,0.07,0.21,12.3,22.8
2026-01-02T20:00,-8.2,0.00,0.07,0.21,11.0,21.2
2026-01-02T21:00,-8.0,0.00,0.07,0.21,10.0,19.5
2026-01-02T22:00,-7.8,0.00,0.14,0.21,9.6,18.6
2026-01-02T23:00,-7.5,0.00,0.07,0.22,9.2,18.0
2026-01-03T00:00,-8.1,0.00,0.07,0.21,8.4,16.6
2026-01-03T01:00,-7.8,0.00,0.14,0.21,9.2,18.0
2026-01-03T02:00,-7.8,0.00,0.07,0.21,7.7,17.2
2026-01-03T03:00,-7.7,0.00,0.07,0.21,5.8,14.8
2026-01-03T04:00,-7.2,0.00,0.07,0.21,6.8,15.8
2026-01-03T05:00,-6.5,0.00,0.07,0.22,7.5,16.8
2026-01-03T06:00,-6.2,0.00,0.07,0.21,7.0,15.5
2026-01-03T07:00,-5.7,0.00,0.07,0.21,6.3,14.1
2026-01-03T08:00,-5.0,0.00,0.07,0.21,7.0,14.4
2026-01-03T09:00,-4.5,0.00,0.07,0.21,7.7,15.7
2026-01-03T10:00,-3.4,0.00,0.00,0.21,7.9,15.7
2026-01-03T11:00,-2.9,0.00,0.00,0.21,7.3,15.6
2026-01-03T12:00,-3.1,0.00,0.00,0.21,7.6,15.7
2026-01-03T13:00,-2.8,0.00,0.00,0.21,6.6,14.1
2026-01-03T14:00,-2.6,0.00,0.07,0.21,6.5,13.9
2026-01-03T15:00,-3.3,0.00,0.00,0.21,5.6,14.7
2026-01-03T16:00,-5.2,0.00,0.00,0.21,5.0,13.9
2026-01-03T17:00,-7.2,0.00,0.00,0.21,5.4,14.6
2026-01-03T18:00,-5.0,0.00,0.00,0.21,7.1,21.3
2026-01-03T19:00,-5.5,0.00,2.66,0.24,4.9,15.5
2026-01-03T20:00,-6.9,0.00,0.42,0.25,2.7,10.5
2026-01-03T21:00,-8.5,0.00,0.00,0.25,5.4,13.1
2026-01-03T22:00,-9.3,0.00,0.00,0.24,6.2,16.9
2026-01-03T23:00,-10.1,0.00,0.00,0.25,5.5,17.4
2026-01-04T00:00,-2.5,0.00,0.00,0.21,6.6,13.7
2026-01-04T01:00,-3.2,0.00,0.00,0.21,5.8,12.0
2026-01-04T02:00,-3.0,0.00,0.14,0.21,6.5,14.2
2026-01-04T03:00,-3.0,0.00,0.21,0.21,6.4,14.1
2026-01-04T04:00,-2.9,0.00,0.07,0.21,7.7,16.6
2026-01-04T05:00,-3.5,0.00,0.00,0.21,9.4,20.0
2026-01-04T06:00,-3.0,0.00,0.00,0.22,11.7,24.8
2026-01-04T07:00,-2.6,0.00,0.00,0.22,14.8,28.7
2026-01-04T08:00,-2.4,0.00,0.00,0.22,16.2,29.9
2026-01-04T09:00,-2.2,0.00,0.00,0.22,16.1,27.9
2026-01-04T10:00,-2.4,0.00,0.00,0.22,15.5,27.5
2026-01-04T11:00,-2.1,0.00,0.00,0.22,15.0,26.7
2026-01-04T12:00,-2.8,0.00,0.00,0.22,13.4,24.2
2026-01-04T13:00,-2.6,0.00,0.00,0.22,13.3,23.6
2026-01-04T14:00,-2.6,0.00,0.00,0.22,13.7,24.7
2026-01-04T15:00,-3.1,0.00,0.00,0.22,12.7,23.9
2026-01-04T16:00,-4.4,0.00,0.00,0.22,12.6,24.1
2026-01-04T17:00,-4.6,0.00,0.00,0.22,12.1,23.1
2026-01-04T18:00,-4.6,0.00,0.00,0.22,10.7,24.4
2026-01-04T19:00,-4.7,0.00,0.00,0.22,11.3,25.3
2026-01-04T20:00,-4.6,0.00,0.00,0.22,12.8,26.2
2026-01-04T21:00,-4.8,0.00,0.00,0.22,11.7,24.6
2026-01-04T22:00,-5.4,0.00,0.00,0.22,10.3,22.5
2026-01-04T23:00,-6.7,0.00,0.00,0.22,9.2,22.2
2026-01-05T00:00,-5.1,0.00,0.00,0.22,6.9,18.4
2026-01-05T01:00,-6.2,0.00,0.00,0.22,9.5,23.5
2026-01-05T02:00,-5.4,0.00,0.00,0.22,12.2,26.0
2026-01-05T03:00,-4.9,0.00,0.00,0.22,11.4,23.6
2026-01-05T04:00,-5.0,0.00,0.00,0.22,9.8,20.4
2026-01-05T05:00,-5.1,0.00,0.00,0.22,10.2,20.3
2026-01-05T06:00,-5.3,0.00,0.07,0.22,8.7,20.6
2026-01-05T07:00,-5.8,0.00,0.00,0.22,9.2,21.9
2026-01-05T08:00,-5.7,0.00,0.00,0.22,10.7,23.8
2026-01-05T09:00,-5.4,0.00,0.00,0.22,11.4,23.6
2026-01-05T10:00,-4.9,0.00,0.00,0.22,12.2,23.7
2026-01-05T11:00,-4.4,0.00,0.00,0.22,11.7,21.7
2026-01-05T12:00,-5.3,0.00,0.00,0.22,10.8,21.8
2026-01-05T13:00,-4.5,0.00,0.00,0.22,13.3,25.1
2026-01-05T14:00,-4.3,0.00,0.00,0.22,13.9,25.4
2026-01-05T15:00,-4.3,0.00,0.00,0.22,12.9,24.5
2026-01-05T16:00,-4.5,0.00,0.00,0.22,12.8,24.3
2026-01-05T17:00,-4.9,0.00,0.00,0.22,13.1,24.8
2026-01-05T18:00,-4.4,0.00,0.00,0.22,12.4,23.2
2026-01-05T19:00,-4.9,0.00,0.00,0.22,10.6,21.2
2026-01-05T20:00,-5.5,0.00,0.00,0.22,9.8,21.2
2026-01-05T21:00,-5.7,0.00,0.00,0.22,10.6,22.5
2026-01-05T22:00,-5.1,0.00,0.00,0.22,11.9,22.9
2026-01-05T23:00,-5.3,0.00,0.00,0.22,10.0,19.5
2026-01-06T00:00,-5.3,0.00,0.00,0.22,9.7,19.7
2026-01-06T01:00,-6.1,0.00,0.00,0.22,8.8,18.2
2026-01-06T02:00,-5.9,0.00,0.00,0.22,8.2,16.4
2026-01-06T03:00,-6.0,0.00,0.00,0.22,8.5,16.8
2026-01-06T04:00,-6.5,0.00,0.00,0.22,8.7,16.5
2026-01-06T05:00,-7.4,0.00,0.00,0.22,7.4,15.5
2026-01-06T06:00,-6.0,0.00,0.00,0.22,6.5,13.0
2026-01-06T07:00,-6.5,0.00,0.00,0.22,6.0,12.6
2026-01-06T08:00,-6.6,0.00,0.00,0.21,4.9,10.6
2026-01-06T09:00,-6.7,0.00,0.00,0.21,5.2,10.3
2026-01-06T10:00,-6.6,0.00,0.00,0.21,5.6,9.0
2026-01-06T11:00,-6.9,0.00,0.00,0.21,4.5,9.3
2026-01-06T12:00,-7.0,0.00,0.00,0.22,5.6,9.7
2026-01-06T13:00,-7.7,0.00,0.00,0.22,6.8,16.6
2026-01-06T14:00,-7.6,0.00,0.00,0.22,8.2,19.2
2026-01-06T15:00,-7.2,0.00,0.00,0.22,9.4,20.1
2026-01-06T16:00,-7.2,0.00,0.07,0.22,11.0,21.2
2026-01-06T17:00,-7.2,0.00,0.14,0.22,11.7,22.2
2026-01-06T18:00,-7.0,0.00,0.14,0.22,12.8,23.4
2026-01-06T19:00,-7.0,0.00,0.14,0.22,13.0,24.0
2026-01-06T20:00,-7.1,0.00,0.07,0.22,14.0,25.6
2026-01-06T21:00,-7.0,0.00,0.07,0.22,14.0,25.6
2026-01-06T22:00,-6.9,0.00,0.07,0.22,14.0,25.5
2026-01-06T23:00,-6.9,0.00,0.14,0.22,15.4,27.8
2026-01-07T00:00,-6.7,0.00,0.14,0.23,15.0,27.0
2026-01-07T01:00,-6.6,0.00,0.21,0.23,15.4,28.0
2026-01-07T02:00,-6.5,0.00,0.21,0.23,13.9,25.1
2026-01-07T03:00,-6.5,0.00,0.07,0.23,14.3,25.7
2026-01-07T04:00,-6.5,0.00,0.07,0.23,13.1,24.0
2026-01-07T05:00,-6.4,0.00,0.07,0.23,13.1,24.0
2026-01-07T06:00,-6.0,0.00,0.21,0.23,13.0,23.6
2026-01-07T07:00,-5.9,0.00,0.28,0.23,11.4,21.3
2026-01-07T08:00,-5.8,0.00,0.21,0.23,10.4,20.1
2026-01-07T09:00,-5.6,0.00,0.14,0.23,7.5,14.1
2026-01-07T10:00,-5.5,0.00,0.14,0.23,5.9,8.7
2026-01-07T11:00,-5.2,0.00,0.00,0.23,3.8,6.4
2026-01-07T12:00,-5.7,0.00,0.00,0.23,4.4,4.9
2026-01-07T13:00,-5.7,0.00,0.00,0.23,2.9,4.7
2026-01-07T14:00,-5.8,0.00,0.00,0.23,0.8,1.0
2026-01-07T15:00,-5.8,0.00,0.00,0.23,1.7,0.4
2026-01-07T16:00,-5.9,0.00,0.00,0.23,4.6,9.0
2026-01-07T17:00,-5.7,0.00,0.07,0.23,5.1,9.8
2026-01-07T18:00,-5.1,0.00,0.07,0.23,6.4,12.8
2026-01-07T19:00,-5.1,0.00,0.21,0.24,6.7,13.5
2026-01-07T20:00,-5.1,0.00,0.21,0.24,6.6,12.9
2026-01-07T21:00,-5.2,0.00,0.14,0.24,6.8,13.5
2026-01-07T22:00,-5.3,0.00,0.07,0.24,7.4,14.6
2026-01-07T23:00,-5.3,0.00,0.07,0.24,8.2,15.5
2026-01-08T00:00,-5.9,0.00,0.14,0.24,6.1,11.8
2026-01-08T01:00,-6.0,0.00,0.28,0.25,6.7,13.0
2026-01-08T02:00,-6.1,0.00,0.28,0.25,8.2,15.5
2026-01-08T03:00,-6.2,0.00,0.14,0.25,8.0,15.5
2026-01-08T04:00,-6.3,0.00,0.14,0.25,9.0,16.9
2026-01-08T05:00,-6.4,0.00,0.14,0.25,9.9,18.4
2026-01-08T06:00,-6.1,0.00,0.14,0.25,11.2,20.8
2026-01-08T07:00,-6.3,0.00,0.35,0.26,10.8,19.8
2026-01-08T08:00,-6.4,0.00,0.07,0.26,11.3,20.6
2026-01-08T09:00,-6.4,0.00,0.00,0.26,9.8,16.1
2026-01-08T10:00,-6.4,0.00,0.00,0.26,11.1,17.9
2026-01-08T11:00,-6.5,0.00,0.00,0.26,10.0,18.8
2026-01-08T12:00,-7.6,0.00,0.00,0.25,11.0,21.2
2026-01-08T13:00,-7.8,0.00,0.07,0.25,11.9,23.0
2026-01-08T14:00,-7.8,0.00,0.14,0.25,13.0,24.3
2026-01-08T15:00,-7.9,0.00,0.28,0.26,12.8,24.1
2026-01-08T16:00,-8.1,0.00,0.42,0.26,14.4,25.8
2026-01-08T17:00,-8.5,0.00,0.63,0.27,16.6,29.4
2026-01-08T18:00,-8.3,0.00,0.35,0.27,16.2,28.6
2026-01-08T19:00,-8.4,0.00,0.42,0.28,16.3,28.9
2026-01-08T20:00,-8.6,0.00,0.49,0.28,18.0,31.7
2026-01-08T21:00,-8.8,0.00,0.35,0.29,20.2,36.5
2026-01-08T22:00,-9.2,0.00,0.14,0.29,20.6,37.1
2026-01-08T23:00,-9.7,0.00,0.07,0.29,21.1,37.7
2026-01-09T00:00,-9.6,0.00,0.49,0.28,20.5,36.2
2026-01-09T01:00,-9.9,0.00,0.84,0.29,23.9,42.5
2026-01-09T02:00,-10.5,0.00,0.98,0.30,24.9,44.1
2026-01-09T03:00,-10.5,0.00,1.33,0.32,22.0,39.1
2026-01-09T04:00,-10.2,0.00,1.40,0.34,23.3,41.6
2026-01-09T05:00,-11.0,0.00,1.12,0.35,22.3,39.9
2026-01-09T06:00,-9.9,0.00,0.91,0.33,21.2,38.0
2026-01-09T07:00,-9.7,0.00,1.33,0.34,20.2,36.4
2026-01-09T08:00,-9.4,0.00,0.70,0.35,18.6,33.4
2026-01-09T09:00,-9.0,0.00,0.70,0.36,18.7,34.0
2026-01-09T10:00,-8.5,0.00,0.49,0.36,18.6,33.5
2026-01-09T11:00,-7.8,0.00,0.35,0.37,18.0,32.6
2026-01-09T12:00,-9.8,0.00,0.35,0.38,17.4,32.2
2026-01-09T13:00,-9.2,0.00,0.56,0.39,16.5,30.6
2026-01-09T14:00,-8.4,0.00,0.21,0.39,15.9,29.8
2026-01-09T15:00,-7.4,0.00,0.21,0.39,15.2,28.7
2026-01-09T16:00,-6.2,0.00,0.14,0.39,14.1,27.2
2026-01-09T17:00,-5.1,0.00,0.21,0.39,13.3,25.8
2026-01-09T18:00,-6.4,0.00,0.14,0.39,12.2,23.7
2026-01-09T19:00,-5.3,0.00,0.07,0.39,12.8,24.3
2026-01-09T20:00,-4.3,0.10,0.14,0.39,12.8,24.7
2026-01-09T21:00,-3.3,0.00,0.07,0.39,13.6,24.7
2026-01-09T22:00,-2.5,0.00,0.07,0.39,12.9,24.4
2026-01-09T23:00,-1.8,0.00,0.00,0.39,13.4,25.2
2026-01-10T00:00,-2.3,0.00,0.00,0.39,10.1,19.8
2026-01-10T01:00,-1.9,0.10,0.00,0.39,9.3,18.5
2026-01-10T02:00,-1.5,0.00,0.00,0.38,10.1,19.1
2026-01-10T03:00,-2.0,0.00,0.00,0.38,10.7,19.4
2026-01-10T04:00,-3.1,0.00,0.00,0.38,9.7,18.6
2026-01-10T05:00,-3.7,0.00,0.00,0.38,8.1,15.4
2026-01-10T06:00,-3.5,0.00,0.00,0.37,8.7,17.6
2026-01-10T07:00,-4.0,0.00,0.00,0.37,10.0,19.1
2026-01-10T08:00,-4.9,0.00,0.00,0.37,6.7,15.3
2026-01-10T09:00,-4.9,0.00,0.00,0.36,10.3,20.0
2026-01-10T10:00,-5.1,0.00,0.00,0.36,10.8,20.8
2026-01-10T11:00,-6.0,0.00,0.00,0.36,9.6,20.2
2026-01-10T12:00,-5.4,0.00,0.00,0.36,6.7,16.6
2026-01-10T13:00,-5.7,0.00,0.00,0.36,8.1,18.8
2026-01-10T14:00,-6.0,0.00,0.00,0.36,8.7,19.3
2026-01-10T15:00,-7.0,0.00,0.00,0.36,7.7,19.3
2026-01-10T16:00,-7.5,0.00,0.00,0.35,7.9,19.6
2026-01-10T17:00,-7.3,0.00,0.00,0.35,7.4,18.3
2026-01-10T18:00,-5.6,0.00,0.00,0.35,6.7,17.1
2026-01-10T19:00,-6.8,0.00,0.00,0.35,8.1,19.8
2026-01-10T20:00,-7.5,0.00,0.00,0.35,7.5,18.7
2026-01-10T21:00,-6.8,0.00,0.00,0.35,7.3,16.4
2026-01-10T22:00,-7.2,0.00,0.07,0.35,7.3,16.4
2026-01-10T23:00,-7.4,0.00,0.07,0.35,7.3,15.8
2026-01-11T00:00,-5.6,0.00,0.00,0.35,12.0,23.1
2026-01-11T01:00,-7.0,0.00,0.00,0.35,8.3,19.3
2026-01-11T02:00,-8.5,0.00,0.00,0.35,7.9,19.2
2026-01-11T03:00,-8.4,0.00,0.00,0.35,8.7,20.7
2026-01-11T04:00,-9.2,0.00,0.00,0.35,9.0,21.0
2026-01-11T05:00,-9.7,0.00,0.00,0.35,8.7,21.2
2026-01-11T06:00,-8.4,0.00,0.00,0.37,6.5,17.3
2026-01-11T07:00,-8.1,0.00,0.14,0.37,5.5,12.8
2026-01-11T08:00,-7.9,0.00,0.14,0.37,2.7,6.9
2026-01-11T09:00,-7.6,0.00,0.14,0.37,2.0,3.1
2026-01-11T10:00,-7.3,0.00,0.14,0.38,3.1,6.0
2026-01-11T11:00,-7.1,0.00,0.07,0.38,3.8,9.0
2026-01-11T12:00,-6.7,0.00,0.07,0.37,4.3,10.3
2026-01-11T13:00,-6.6,0.00,0.00,0.37,4.8,11.7
2026-01-11T14:00,-6.4,0.00,0.00,0.37,5.9,14.2
2026-01-11T15:00,-5.7,0.00,0.00,0.37,7.6,17.1
2026-01-11T16:00,-4.8,0.00,0.00,0.37,8.5,19.0
2026-01-11T17:00,-4.0,0.00,0.00,0.37,8.4,18.3
2026-01-11T18:00,-3.4,0.00,0.00,0.37,10.6,19.9
2026-01-11T19:00,-3.4,0.00,0.07,0.37,11.6,21.4
2026-01-11T20:00,-3.5,0.00,0.14,0.37,12.3,23.2
2026-01-11T21:00,-3.6,0.00,0.35,0.37,13.4,24.9
2026-01-11T22:00,-3.5,0.00,0.35,0.37,14.2,26.3
2026-01-11T23:00,-3.4,0.00,0.49,0.38,14.9,27.3
2026-01-12T00:00,-4.8,0.00,0.42,0.39,15.0,27.5
2026-01-12T01:00,-5.1,0.00,0.49,0.39,14.3,26.2
2026-01-12T02:00,-4.9,0.00,0.56,0.40,13.0,24.9
2026-01-12T03:00,-4.4,0.00,0.42,0.40,12.6,24.1
2026-01-12T04:00,-3.9,0.00,0.28,0.40,12.6,23.7
2026-01-12T05:00,-3.7,0.00,0.21,0.40,12.6,23.8
2026-01-12T06:00,-4.7,0.00,0.14,0.42,10.3,20.0
2026-01-12T07:00,-4.7,0.00,0.07,0.42,9.9,18.6
2026-01-12T08:00,-4.5,0.00,0.07,0.42,9.7,18.6
2026-01-12T09:00,-4.2,0.00,0.00,0.42,9.2,17.7
2026-01-12T10:00,-3.9,0.00,0.00,0.42,6.6,13.0
2026-01-12T11:00,-3.6,0.00,0.00,0.42,6.2,11.9
2026-01-12T12:00,-4.9,0.00,0.00,0.41,5.4,9.0
2026-01-12T13:00,-4.8,0.00,0.07,0.41,4.8,9.6
2026-01-12T14:00,-4.8,0.00,0.07,0.41,5.0,11.3
2026-01-12T15:00,-4.8,0.00,0.00,0.41,3.9,10.3
2026-01-12T16:00,-4.7,0.00,0.00,0.41,4.9,11.4
2026-01-12T17:00,-4.6,0.00,0.00,0.41,4.8,11.1
2026-01-12T18:00,-4.5,0.00,0.00,0.41,5.4,11.9
2026-01-12T19:00,-4.4,0.00,0.00,0.41,6.0,12.6
2026-01-12T20:00,-4.3,0.00,0.00,0.41,5.8,12.7
2026-01-12T21:00,-4.0,0.00,0.00,0.41,5.1,11.1
2026-01-12T22:00,-4.1,0.00,0.00,0.41,5.0,9.4
2026-01-12T23:00,-4.8,0.00,0.00,0.41,6.9,11.1
2026-01-13T00:00,-5.8,0.00,0.00,0.41,6.0,9.8
2026-01-13T01:00,-6.5,0.00,0.00,0.40,4.9,8.5
2026-01-13T02:00,-6.9,0.00,0.00,0.40,4.4,8.8
2026-01-13T03:00,-7.2,0.00,0.00,0.40,4.9,8.2
2026-01-13T04:00,-7.4,0.00,0.00,0.40,5.1,8.1
2026-01-13T05:00,-7.8,0.00,0.00,0.40,4.1,6.7
2026-01-13T06:00,-7.3,0.00,0.00,0.42,3.5,6.7
2026-01-13T07:00,-7.6,0.00,0.00,0.42,4.7,7.7
2026-01-13T08:00,-7.8,0.00,0.00,0.42,4.4,7.1
2026-01-13T09:00,-7.8,0.00,0.00,0.42,3.9,6.0
2026-01-13T10:00,-7.9,0.00,0.00,0.42,3.7,5.6
2026-01-13T11:00,-7.9,0.00,0.00,0.42,3.5,5.5
2026-01-13T12:00,-8.4,0.00,0.00,0.42,1.3,3.5
2026-01-13T13:00,-8.3,0.00,0.00,0.42,1.5,2.7
2026-01-13T14:00,-8.6,0.00,0.00,0.42,2.4,2.2
2026-01-13T15:00,-8.5,0.00,0.00,0.42,3.9,5.0
2026-01-13T16:00,-9.1,0.00,0.00,0.42,4.3,7.1
2026-01-13T17:00,-9.8,0.00,0.00,0.42,4.2,6.0
2026-01-13T18:00,-8.5,0.00,0.00,0.42,4.8,8.5
2026-01-13T19:00,-8.9,0.00,0.00,0.42,5.5,11.0
2026-01-13T20:00,-9.3,0.00,0.00,0.41,5.1,10.9
2026-01-13T21:00,-9.3,0.00,0.00,0.41,6.0,11.4
2026-01-13T22:00,-9.3,0.00,0.00,0.41,5.8,11.4
2026-01-13T23:00,-9.1,0.00,0.07,0.41,5.5,10.6
2026-01-14T00:00,-9.1,0.00,0.14,0.42,4.6,10.2
2026-01-14T01:00,-8.8,0.00,0.21,0.42,4.2,8.9
2026-01-14T02:00,-8.5,0.00,0.21,0.42,5.0,10.1
2026-01-14T03:00,-7.9,0.00,0.14,0.43,5.0,11.7
2026-01-14T04:00,-7.3,0.00,0.14,0.43,5.2,12.3
2026-01-14T05:00,-6.7,0.00,0.21,0.43,5.6,12.8
2026-01-14T06:00,-6.6,0.00,0.14,0.42,5.7,12.6
2026-01-14T07:00,-6.3,0.00,0.21,0.42,4.9,11.7
2026-01-14T08:00,-5.7,0.00,0.14,0.42,5.4,10.2
2026-01-14T09:00,-5.3,0.00,0.14,0.42,4.6,8.7
2026-01-14T10:00,-5.0,0.00,0.14,0.43,5.1,8.9
2026-01-14T11:00,-4.7,0.00,0.14,0.43,5.1,8.7
2026-01-14T12:00,-4.9,0.00,0.07,0.43,4.7,9.8
2026-01-14T13:00,-4.9,0.00,0.14,0.43,5.4,11.8
2026-01-14T14:00,-4.7,0.00,0.07,0.43,6.6,14.1
2026-01-14T15:00,-4.5,0.00,0.07,0.43,6.8,14.4
2026-01-14T16:00,-4.4,0.00,0.07,0.43,5.5,12.2
2026-01-14T17:00,-4.7,0.00,0.00,0.43,5.6,11.3
2026-01-14T18:00,-5.0,0.00,0.00,0.43,5.8,11.5
2026-01-14T19:00,-5.5,0.00,0.07,0.43,5.7,11.3
2026-01-14T20:00,-5.8,0.00,0.00,0.43,5.2,10.5
2026-01-14T21:00,-6.2,0.00,0.00,0.42,5.4,11.2
2026-01-14T22:00,-6.5,0.00,0.00,0.42,4.6,9.7
2026-01-14T23:00,-6.9,0.00,0.00,0.42,4.9,9.0
2026-01-15T00:00,-7.0,0.00,0.00,0.42,3.1,6.1
2026-01-15T01:00,-7.4,0.00,0.00,0.42,2.9,6.0
2026-01-15T02:00,-7.8,0.00,0.00,0.42,3.8,7.6
2026-01-15T03:00,-8.2,0.00,0.00,0.42,3.6,7.4
2026-01-15T04:00,-8.6,0.00,0.00,0.42,3.5,7.0
2026-01-15T05:00,-8.9,0.00,0.00,0.42,3.9,7.4
2026-01-15T06:00,-8.4,0.00,0.00,0.42,4.3,7.6
2026-01-15T07:00,-8.6,0.00,0.00,0.42,3.9,6.6
2026-01-15T08:00,-8.6,0.00,0.00,0.42,3.6,5.9
2026-01-15T09:00,-8.5,0.00,0.00,0.42,3.1,5.1
2026-01-15T10:00,-8.5,0.00,0.00,0.42,2.9,4.6
2026-01-15T11:00,-8.6,0.00,0.00,0.42,3.4,5.4
2026-01-15T12:00,-8.4,0.00,0.00,0.42,2.2,5.4
2026-01-15T13:00,-8.3,0.00,0.00,0.42,1.8,4.5
2026-01-15T14:00,-8.3,0.00,0.00,0.42,2.2,5.1
2026-01-15T15:00,-8.4,0.00,0.00,0.42,3.1,6.5
2026-01-15T16:00,-8.5,0.00,0.00,0.41,3.0,6.8
2026-01-15T17:00,-8.7,0.00,0.00,0.42,3.7,7.6
2026-01-15T18:00,-8.9,0.00,0.00,0.41,4.1,8.8
2026-01-15T19:00,-9.5,0.00,0.00,0.41,3.8,9.0
2026-01-15T20:00,-10.5,0.00,0.00,0.41,4.7,9.6
2026-01-15T21:00,-10.6,0.00,0.00,0.41,6.0,11.9
2026-01-15T22:00,-11.2,0.00,0.00,0.41,5.6,12.5
2026-01-15T23:00,-11.7,0.00,0.00,0.41,5.9,13.4
2026-01-16T00:00,-12.3,0.00,0.00,0.41,5.2,12.8
2026-01-16T01:00,-12.7,0.00,0.00,0.41,4.8,12.5
2026-01-16T02:00,-12.8,0.00,0.00,0.41,4.6,11.1
2026-01-16T03:00,-12.7,0.00,0.00,0.41,4.7,10.4
2026-01-16T04:00,-12.6,0.00,0.00,0.41,5.0,10.9
2026-01-16T05:00,-12.4,0.00,0.00,0.41,5.1,10.6
2026-01-16T06:00,-12.2,0.00,0.00,0.42,5.6,12.4
2026-01-16T07:00,-11.6,0.00,0.00,0.42,5.1,8.9
2026-01-16T08:00,-11.3,0.00,0.00,0.41,4.4,7.9
2026-01-16T09:00,-10.7,0.00,0.00,0.41,4.1,6.6
2026-01-16T10:00,-10.0,0.00,0.00,0.41,3.7,6.0
2026-01-16T11:00,-9.5,0.00,0.00,0.41,3.3,5.4
2026-01-16T12:00,-9.3,0.00,0.00,0.41,3.8,7.1
2026-01-16T13:00,-9.8,0.00,0.00,0.41,1.7,6.1
2026-01-16T14:00,-10.2,0.00,0.00,0.41,2.3,6.7
2026-01-16T15:00,-10.1,0.00,0.00,0.41,2.9,7.3
2026-01-16T16:00,-10.0,0.00,0.00,0.41,2.9,6.9
2026-01-16T17:00,-10.0,0.00,0.00,0.41,2.5,6.6
2026-01-16T18:00,-9.9,0.00,0.00,0.41,2.3,6.5
2026-01-16T19:00,-9.7,0.00,0.00,0.41,2.6,7.4
2026-01-16T20:00,-9.2,0.00,0.00,0.41,4.3,9.3
2026-01-16T21:00,-9.7,0.00,0.00,0.41,5.4,10.2
2026-01-16T22:00,-10.5,0.00,0.00,0.41,4.6,8.8
2026-01-16T23:00,-11.1,0.00,0.00,0.41,3.8,7.3
2026-01-17T00:00,-12.2,0.00,0.00,0.41,3.6,4.5
2026-01-17T01:00,-12.7,0.00,0.00,0.41,4.5,6.2
2026-01-17T02:00,-13.4,0.00,0.00,0.41,5.2,9.1
2026-01-17T03:00,-14.1,0.00,0.00,0.41,5.3,10.7
2026-01-17T04:00,-14.6,0.00,0.00,0.41,4.7,10.6
2026-01-17T05:00,-15.4,0.00,0.00,0.41,4.1,6.7
2026-01-17T06:00,-13.6,0.00,0.00,0.41,3.1,2.3
2026-01-17T07:00,-13.9,0.00,0.00,0.41,4.0,1.9
2026-01-17T08:00,-13.7,0.00,0.00,0.41,3.5,3.1
2026-01-17T09:00,-13.3,0.00,0.00,0.41,4.6,7.7
2026-01-17T10:00,-13.3,0.00,0.00,0.41,4.1,7.0
2026-01-17T11:00,-13.5,0.00,0.00,0.41,4.7,6.7
2026-01-17T12:00,-13.4,0.00,0.00,0.41,3.6,5.2
2026-01-17T13:00,-13.7,0.00,0.00,0.41,2.6,5.6
2026-01-17T14:00,-13.7,0.00,0.00,0.41,3.5,7.1
2026-01-17T15:00,-13.6,0.00,0.00,0.41,4.7,10.0
2026-01-17T16:00,-13.2,0.00,0.00,0.41,5.0,11.8
2026-01-17T17:00,-12.4,0.00,0.00,0.41,5.7,12.4
2026-01-17T18:00,-15.0,0.00,0.00,0.41,8.4,18.5
2026-01-17T19:00,-14.8,0.00,0.00,0.40,6.9,21.1
2026-01-17T20:00,-14.7,0.00,0.00,0.40,6.4,20.4
2026-01-17T21:00,-14.8,0.00,0.00,0.40,6.9,20.4
2026-01-17T22:00,-14.8,0.00,0.00,0.41,6.2,25.3
2026-01-17T23:00,-14.9,0.00,0.00,0.41,8.9,26.1
2026-01-18T00:00,-14.7,0.00,0.00,0.40,14.3,29.6
2026-01-18T01:00,-14.3,0.00,0.00,0.40,15.3,32.4
2026-01-18T02:00,-13.7,0.00,0.00,0.40,12.6,26.7
2026-01-18T03:00,-13.6,0.00,0.00,0.40,11.7,23.2
2026-01-18T04:00,-13.4,0.00,0.00,0.40,10.0,22.8
2026-01-18T05:00,-13.3,0.00,0.00,0.40,10.8,23.7
2026-01-18T06:00,-14.2,0.00,0.00,0.40,9.7,39.4
2026-01-18T07:00,-13.8,0.00,0.00,0.40,11.4,34.0
2026-01-18T08:00,-13.3,0.00,0.00,0.40,9.4,23.3
2026-01-18T09:00,-12.8,0.00,0.00,0.40,10.3,17.1
2026-01-18T10:00,-11.9,0.00,0.00,0.40,11.4,17.3
2026-01-18T11:00,-11.3,0.00,0.00,0.40,10.4,17.1
2026-01-18T12:00,-9.9,0.00,0.00,0.40,9.7,18.1
2026-01-18T13:00,-9.7,0.00,0.00,0.40,11.5,22.2
2026-01-18T14:00,-9.6,0.00,0.00,0.40,12.4,23.6
2026-01-18T15:00,-9.4,0.00,0.00,0.40,12.7,23.4
2026-01-18T16:00,-9.3,0.00,0.00,0.40,11.9,21.9
2026-01-18T17:00,-9.4,0.00,0.00,0.39,11.2,21.1
2026-01-18T18:00,-9.7,0.00,0.00,0.39,11.3,20.0
2026-01-18T19:00,-9.6,0.00,0.00,0.39,10.6,19.5
2026-01-18T20:00,-9.4,0.00,0.00,0.39,9.6,17.9
2026-01-18T21:00,-9.0,0.00,0.00,0.39,10.3,19.2
2026-01-18T22:00,-8.5,0.00,0.00,0.39,9.9,19.4
2026-01-18T23:00,-8.3,0.00,0.00,0.39,9.2,18.0
2026-01-19T00:00,-8.5,0.00,0.00,0.39,7.6,13.8
2026-01-19T01:00,-8.4,0.00,0.00,0.39,8.3,16.2
2026-01-19T02:00,-8.2,0.00,0.00,0.39,8.9,17.3
2026-01-19T03:00,-7.9,0.00,0.00,0.39,8.8,17.4
2026-01-19T04:00,-7.8,0.00,0.00,0.39,8.4,16.6
2026-01-19T05:00,-7.7,0.00,0.00,0.39,8.3,15.9
2026-01-19T06:00,-7.9,0.00,0.00,0.39,9.0,16.9
2026-01-19T07:00,-7.7,0.00,0.00,0.39,9.8,16.9
2026-01-19T08:00,-7.5,0.00,0.00,0.39,8.7,13.8
2026-01-19T09:00,-7.3,0.00,0.00,0.39,7.4,12.0
2026-01-19T10:00,-7.1,0.00,0.07,0.39,7.6,12.0
2026-01-19T11:00,-7.0,0.00,0.07,0.39,7.1,10.5
2026-01-19T12:00,-6.7,0.00,0.07,0.39,8.0,13.3
2026-01-19T13:00,-6.4,0.00,0.07,0.39,7.5,14.5
2026-01-19T14:00,-6.5,0.00,0.07,0.39,7.7,15.4
2026-01-19T15:00,-6.4,0.00,0.00,0.39,8.5,16.9
2026-01-19T16:00,-6.3,0.00,0.00,0.39,8.6,17.0
2026-01-19T17:00,-6.2,0.00,0.00,0.39,8.3,16.5
2026-01-19T18:00,-6.4,0.00,0.00,0.39,7.8,15.4
2026-01-19T19:00,-6.3,0.00,0.00,0.39,7.4,15.0
2026-01-19T20:00,-6.2,0.00,0.00,0.39,6.9,14.1
2026-01-19T21:00,-6.0,0.00,0.00,0.39,7.3,14.4
2026-01-19T22:00,-5.9,0.00,0.00,0.39,8.0,16.0
2026-01-19T23:00,-5.8,0.00,0.00,0.39,8.0,15.9
2026-01-20T00:00,-6.4,0.00,0.00,0.39,7.7,14.2
2026-01-20T01:00,-6.5,0.00,0.00,0.39,8.3,16.1
2026-01-20T02:00,-6.3,0.00,0.00,0.39,8.8,17.0
2026-01-20T03:00,-6.2,0.00,0.00,0.39,8.7,16.7
2026-01-20T04:00,-6.1,0.00,0.00,0.39,8.9,17.0
2026-01-20T05:00,-6.0,0.00,0.00,0.39,9.1,17.3
2026-01-20T06:00,-6.1,0.00,0.00,0.37,8.6,16.2
2026-01-20T07:00,-5.9,0.00,0.00,0.37,8.0,15.6
2026-01-20T08:00,-5.7,0.00,0.00,0.37,6.8,11.0
2026-01-20T09:00,-5.5,0.00,0.00,0.37,7.1,10.9
2026-01-20T10:00,-5.2,0.00,0.00,0.37,8.1,12.4
2026-01-20T11:00,-4.9,0.00,0.00,0.37,8.7,13.6
2026-01-20T12:00,-5.8,0.00,0.00,0.37,8.3,12.1
2026-01-20T13:00,-5.8,0.00,0.00,0.37,7.4,13.3
2026-01-20T14:00,-5.8,0.00,0.00,0.37,8.2,15.9
2026-01-20T15:00,-5.8,0.00,0.00,0.37,8.4,16.2
2026-01-20T16:00,-5.8,0.00,0.07,0.37,7.9,15.4
2026-01-20T17:00,-5.7,0.00,0.07,0.37,7.2,14.3
2026-01-20T18:00,-6.3,0.00,0.07,0.37,6.7,13.2
2026-01-20T19:00,-6.3,0.00,0.07,0.37,6.3,13.1
2026-01-20T20:00,-6.3,0.00,0.07,0.37,5.3,11.2
2026-01-20T21:00,-6.2,0.00,0.07,0.37,4.7,9.4
2026-01-20T22:00,-6.3,0.00,0.00,0.37,4.4,9.3
2026-01-20T23:00,-6.4,0.00,0.00,0.37,4.4,9.6
2026-01-21T00:00,-7.2,0.00,0.00,0.38,3.9,8.0
2026-01-21T01:00,-7.1,0.00,0.00,0.38,4.6,10.2
2026-01-21T02:00,-7.1,0.00,0.00,0.38,3.7,9.0
2026-01-21T03:00,-7.0,0.00,0.00,0.38,1.8,6.3
2026-01-21T04:00,-6.9,0.00,0.07,0.38,2.7,7.1
2026-01-21T05:00,-7.3,0.00,0.07,0.38,2.1,6.8
2026-01-21T06:00,-7.0,0.00,0.00,0.36,1.4,4.3
2026-01-21T07:00,-7.1,0.00,0.07,0.37,0.6,3.2
2026-01-21T08:00,-6.6,0.00,0.14,0.37,1.0,1.1
2026-01-21T09:00,-6.4,0.00,0.14,0.37,0.9,0.9
2026-01-21T10:00,-6.2,0.00,0.07,0.37,0.8,0.8
2026-01-21T11:00,-6.1,0.00,0.07,0.37,0.8,0.9
2026-01-21T12:00,-6.1,0.00,0.07,0.38,1.5,1.8
2026-01-21T13:00,-6.1,0.00,0.07,0.38,1.7,3.4
2026-01-21T14:00,-6.5,0.00,0.07,0.38,2.0,6.4
2026-01-21T15:00,-6.7,0.00,0.07,0.38,2.7,8.2
2026-01-21T16:00,-7.0,0.00,0.07,0.38,3.5,9.7
2026-01-21T17:00,-6.9,0.00,0.14,0.38,4.4,12.0
2026-01-21T18:00,-7.1,0.00,0.07,0.38,4.2,12.2
2026-01-21T19:00,-6.5,0.00,0.07,0.38,6.0,14.8
2026-01-21T20:00,-6.4,0.00,0.07,0.38,7.2,15.9
2026-01-21T21:00,-6.4,0.00,0.07,0.38,6.8,15.2
2026-01-21T22:00,-6.6,0.00,0.00,0.38,6.9,15.0
2026-01-21T23:00,-6.8,0.00,0.00,0.38,7.9,16.7
2026-01-22T00:00,-6.9,0.00,0.00,0.38,7.9,16.5
2026-01-22T01:00,-6.7,0.00,0.00,0.38,9.3,17.6
2026-01-22T02:00,-6.8,0.00,0.00,0.38,9.9,18.0
2026-01-22T03:00,-7.2,0.00,0.00,0.38,9.9,18.4
2026-01-22T04:00,-7.4,0.00,0.00,0.38,9.9,18.1
2026-01-22T05:00,-7.7,0.00,0.00,0.38,9.8,18.0
2026-01-22T06:00,-7.9,0.00,0.00,0.37,9.3,17.5
2026-01-22T07:00,-7.9,0.00,0.00,0.37,8.6,15.2
2026-01-22T08:00,-7.9,0.00,0.00,0.37,9.6,15.7
2026-01-22T09:00,-7.8,0.00,0.00,0.37,9.7,15.2
2026-01-22T10:00,-7.8,0.00,0.00,0.37,9.9,15.5
2026-01-22T11:00,-7.8,0.00,0.00,0.37,9.7,15.3
2026-01-22T12:00,-8.1,0.00,0.00,0.36,10.1,16.2
2026-01-22T13:00,-8.2,0.00,0.00,0.36,8.2,15.4
2026-01-22T14:00,-8.3,0.00,0.00,0.36,9.2,17.3
2026-01-22T15:00,-8.5,0.00,0.00,0.36,10.5,19.1
2026-01-22T16:00,-8.7,0.00,0.00,0.36,10.3,18.7
2026-01-22T17:00,-8.8,0.00,0.00,0.36,9.5,17.6
2026-01-22T18:00,-8.8,0.00,0.00,0.36,8.4,15.7
2026-01-22T19:00,-8.9,0.00,0.00,0.36,7.7,15.0
2026-01-22T20:00,-9.1,0.00,0.00,0.36,8.5,15.9
2026-01-22T21:00,-9.3,0.00,0.00,0.36,9.1,16.9
2026-01-22T22:00,-9.7,0.00,0.00,0.36,9.0,16.6
2026-01-22T23:00,-10.0,0.00,0.00,0.36,8.2,15.7
2026-01-23T00:00,-10.8,0.00,0.00,0.36,7.9,15.9
2026-01-23T01:00,-10.6,0.00,0.00,0.36,6.4,13.1
2026-01-23T02:00,-10.4,0.00,0.00,0.36,5.7,11.7
2026-01-23T03:00,-10.7,0.00,0.00,0.36,7.7,13.2
2026-01-23T04:00,-11.2,0.00,0.00,0.36,8.7,14.5
2026-01-23T05:00,-11.8,0.00,0.00,0.36,8.3,15.3
2026-01-23T06:00,-12.4,0.00,0.00,0.36,7.8,15.1
2026-01-23T07:00,-12.4,0.00,0.00,0.36,7.2,12.4
2026-01-23T08:00,-12.4,0.00,0.00,0.36,6.3,9.6
2026-01-23T09:00,-12.2,0.00,0.00,0.36,5.2,7.5
2026-01-23T10:00,-11.9,0.00,0.00,0.36,6.2,9.1
2026-01-23T11:00,-11.8,0.00,0.00,0.36,7.4,11.2
2026-01-23T12:00,-11.9,0.00,0.00,0.36,5.0,7.6
2026-01-23T13:00,-12.2,0.00,0.00,0.36,3.8,8.8
2026-01-23T14:00,-12.6,0.00,0.00,0.36,4.4,10.7
2026-01-23T15:00,-14.0,0.00,0.00,0.36,4.7,12.4
2026-01-23T16:00,-15.0,0.00,0.00,0.36,4.9,13.9
2026-01-23T17:00,-15.3,0.00,0.00,0.36,5.1,14.5
2026-01-23T18:00,-14.7,0.00,0.00,0.36,6.8,13.9
2026-01-23T19:00,-16.3,0.00,0.00,0.36,4.3,11.9
2026-01-23T20:00,-17.2,0.00,0.00,0.36,3.1,9.9
2026-01-23T21:00,-17.5,0.00,0.00,0.36,3.2,9.6
2026-01-23T22:00,-18.1,0.00,0.00,0.36,2.9,9.8
2026-01-23T23:00,-18.4,0.00,0.00,0.36,2.0,6.7
2026-01-24T00:00,-18.8,0.00,0.00,0.35,3.1,6.9
2026-01-24T01:00,-18.8,0.00,0.00,0.35,2.3,4.8
2026-01-24T02:00,-18.7,0.00,0.00,0.35,1.8,3.9
2026-01-24T03:00,-18.4,0.00,0.00,0.35,0.5,1.5
2026-01-24T04:00,-18.0,0.00,0.00,0.36,0.7,2.1
2026-01-24T05:00,-18.0,0.00,0.00,0.36,1.5,4.0
2026-01-24T06:00,-19.3,0.00,0.00,0.35,2.7,5.6
2026-01-24T07:00,-18.9,0.00,0.00,0.35,1.9,6.2
2026-01-24T08:00,-18.5,0.00,0.00,0.35,1.5,7.0
2026-01-24T09:00,-18.0,0.00,0.00,0.35,2.1,4.4
2026-01-24T10:00,-17.5,0.00,0.00,0.35,1.5,2.1
2026-01-24T11:00,-17.1,0.00,0.00,0.35,0.9,0.9
2026-01-24T12:00,-16.7,0.00,0.00,0.35,1.2,1.7
2026-01-24T13:00,-17.3,0.00,0.00,0.35,1.0,2.1
2026-01-24T14:00,-18.6,0.00,0.00,0.35,1.7,2.5
2026-01-24T15:00,-18.9,0.00,0.00,0.35,1.9,3.1
2026-01-24T16:00,-18.9,0.00,0.00,0.35,1.9,3.3
2026-01-24T17:00,-18.7,0.00,0.00,0.35,1.9,4.0
2026-01-24T18:00,-19.0,0.00,0.00,0.35,5.2,7.7
2026-01-24T19:00,-19.7,0.00,0.00,0.35,2.9,6.7
2026-01-24T20:00,-20.2,0.00,0.00,0.35,2.5,5.9
2026-01-24T21:00,-20.4,0.00,0.00,0.35,2.7,5.6
2026-01-24T22:00,-20.6,0.00,0.00,0.35,3.2,5.9
2026-01-24T23:00,-21.3,0.00,0.00,0.35,3.8,6.7
2026-01-25T00:00,-20.9,0.00,0.00,0.35,3.5,3.1
2026-01-25T01:00,-20.4,0.00,0.00,0.35,4.4,5.0
2026-01-25T02:00,-20.0,0.00,0.00,0.35,5.9,8.0
2026-01-25T03:00,-19.7,0.00,0.00,0.35,5.7,9.4
2026-01-25T04:00,-19.6,0.00,0.00,0.35,3.8,9.6
2026-01-25T05:00,-19.3,0.00,0.00,0.35,1.9,9.8
2026-01-25T06:00,-19.7,0.00,0.00,0.34,3.3,11.6
2026-01-25T07:00,-19.1,0.00,0.00,0.34,2.8,10.3
2026-01-25T08:00,-18.5,0.00,0.00,0.34,2.8,9.3
2026-01-25T09:00,-17.6,0.00,0.00,0.34,2.5,4.6
2026-01-25T10:00,-17.0,0.00,0.00,0.34,2.9,3.4
2026-01-25T11:00,-16.5,0.00,0.00,0.34,4.2,5.8
2026-01-25T12:00,-16.6,0.00,0.00,0.34,4.7,6.6
2026-01-25T13:00,-16.7,0.00,0.00,0.34,3.1,6.2
2026-01-25T14:00,-17.3,0.00,0.00,0.34,5.4,9.4
2026-01-25T15:00,-17.4,0.00,0.00,0.34,5.8,12.0
2026-01-25T16:00,-17.3,0.00,0.00,0.34,5.8,12.8
2026-01-25T17:00,-17.2,0.00,0.00,0.34,5.6,12.7
2026-01-25T18:00,-18.7,0.00,0.00,0.34,6.4,13.1
2026-01-25T19:00,-18.8,0.00,0.00,0.34,5.7,11.3
2026-01-25T20:00,-19.0,0.00,0.00,0.34,6.5,12.8
2026-01-25T21:00,-19.6,0.00,0.00,0.34,6.7,14.3
2026-01-25T22:00,-20.1,0.00,0.00,0.34,6.0,14.3
2026-01-25T23:00,-20.4,0.00,0.00,0.34,5.5,14.9
2026-01-26T00:00,-20.5,0.00,0.00,0.34,5.7,14.5
2026-01-26T01:00,-20.3,0.00,0.00,0.34,5.0,14.7
2026-01-26T02:00,-20.1,0.00,0.00,0.34,4.8,18.5
2026-01-26T03:00,-19.4,0.00,0.00,0.34,7.3,19.6
2026-01-26T04:00,-18.9,0.00,0.00,0.34,13.1,24.7
2026-01-26T05:00,-18.2,0.00,0.00,0.34,13.9,28.5
2026-01-26T06:00,-17.9,0.00,0.00,0.34,11.8,33.8
2026-01-26T07:00,-17.5,0.00,0.00,0.34,10.2,16.7
2026-01-26T08:00,-17.2,0.00,0.00,0.34,9.3,14.8
2026-01-26T09:00,-16.2,0.00,0.00,0.34,11.6,13.2
2026-01-26T10:00,-15.0,0.00,0.00,0.34,9.7,13.5
2026-01-26T11:00,-14.4,0.00,0.00,0.34,12.8,19.0
2026-01-26T12:00,-11.3,0.00,0.00,0.34,12.5,21.5
2026-01-26T13:00,-11.3,0.00,0.00,0.34,13.7,26.4
2026-01-26T14:00,-11.5,0.00,0.00,0.34,15.7,29.6
2026-01-26T15:00,-11.2,0.00,0.00,0.34,16.8,30.8
2026-01-26T16:00,-10.7,0.00,0.00,0.34,16.4,30.3
2026-01-26T17:00,-10.7,0.00,0.00,0.34,17.2,31.3
2026-01-26T18:00,-10.9,0.00,0.00,0.34,18.7,33.9
2026-01-26T19:00,-10.9,0.00,0.07,0.34,19.6,35.4
2026-01-26T20:00,-10.7,0.00,0.00,0.34,19.6,35.5
2026-01-26T21:00,-10.3,0.00,0.14,0.34,18.0,33.0
2026-01-26T22:00,-9.8,0.00,0.28,0.34,16.7,30.7
2026-01-26T23:00,-9.5,0.00,0.42,0.35,15.6,28.5
2026-01-27T00:00,-8.8,0.00,1.19,0.37,16.6,31.0
2026-01-27T01:00,-8.5,0.00,0.98,0.38,14.5,26.9
2026-01-27T02:00,-8.4,0.00,1.61,0.40,14.6,27.0
2026-01-27T03:00,-8.3,0.00,0.84,0.41,14.8,27.5
2026-01-27T04:00,-8.2,0.00,0.28,0.42,13.5,25.1
2026-01-27T05:00,-8.2,0.00,0.42,0.42,12.7,24.0
2026-01-27T06:00,-9.0,0.00,0.42,0.42,10.4,20.4
2026-01-27T07:00,-8.6,0.00,0.21,0.42,9.5,18.4
2026-01-27T08:00,-8.2,0.00,0.07,0.42,8.0,14.9
2026-01-27T09:00,-7.9,0.00,0.07,0.42,7.2,12.6
2026-01-27T10:00,-7.7,0.00,0.00,0.42,7.5,13.7
2026-01-27T11:00,-7.5,0.00,0.28,0.43,6.2,11.7
2026-01-27T12:00,-7.9,0.00,0.28,0.43,4.5,6.6
2026-01-27T13:00,-7.8,0.00,0.07,0.42,5.0,7.5
2026-01-27T14:00,-7.8,0.00,0.07,0.43,5.3,8.9
2026-01-27T15:00,-7.8,0.00,0.21,0.43,6.1,8.9
2026-01-27T16:00,-7.8,0.00,0.07,0.43,5.0,8.6
2026-01-27T17:00,-7.9,0.00,0.07,0.43,5.2,8.4
2026-01-27T18:00,-8.1,0.00,0.28,0.43,5.5,8.9
2026-01-27T19:00,-8.2,0.00,0.35,0.44,5.4,10.7
2026-01-27T20:00,-8.3,0.00,0.49,0.44,5.8,12.2
2026-01-27T21:00,-8.4,0.00,0.42,0.45,6.4,12.3
2026-01-27T22:00,-8.4,0.00,0.63,0.46,6.8,11.6
2026-01-27T23:00,-8.6,0.00,0.70,0.47,6.2,12.1
2026-01-28T00:00,-9.0,0.00,0.56,0.50,5.8,10.9
2026-01-28T01:00,-9.1,0.00,0.00,0.50,6.1,11.8
2026-01-28T02:00,-9.1,0.00,0.00,0.50,6.3,11.8
2026-01-28T03:00,-9.2,0.00,0.00,0.50,7.0,13.3
2026-01-28T04:00,-9.4,0.00,0.07,0.49,6.5,12.4
2026-01-28T05:00,-9.5,0.10,0.21,0.50,6.8,12.2
2026-01-28T06:00,-10.2,0.00,0.35,0.52,7.4,12.8
2026-01-28T07:00,-10.3,0.00,0.21,0.53,8.0,13.0
2026-01-28T08:00,-10.6,0.00,0.00,0.52,8.3,13.1
2026-01-28T09:00,-11.0,0.00,0.14,0.52,8.6,13.7
2026-01-28T10:00,-11.3,0.00,0.21,0.53,8.2,12.9
2026-01-28T11:00,-11.6,0.00,0.42,0.53,8.1,13.0
2026-01-28T12:00,-12.1,0.00,0.63,0.54,8.0,12.6
2026-01-28T13:00,-12.2,0.00,0.49,0.55,8.9,14.3
2026-01-28T14:00,-12.3,0.00,0.35,0.56,7.3,12.8
2026-01-28T15:00,-12.4,0.00,0.21,0.56,7.3,12.7
2026-01-28T16:00,-12.5,0.00,0.28,0.56,7.6,13.9
2026-01-28T17:00,-12.5,0.00,0.21,0.57,8.6,13.4
2026-01-28T18:00,-12.1,0.00,0.21,0.57,7.7,14.0
2026-01-28T19:00,-12.1,0.00,0.21,0.57,8.3,15.1
2026-01-28T20:00,-12.1,0.00,0.14,0.57,9.9,17.3
2026-01-28T21:00,-12.0,0.00,0.21,0.57,8.3,12.4
2026-01-28T22:00,-12.0,0.00,0.28,0.58,9.5,16.9
2026-01-28T23:00,-12.0,0.10,0.07,0.58,10.4,18.8
2026-01-29T00:00,-12.2,0.00,0.35,0.58,9.8,18.6
2026-01-29T01:00,-12.2,0.00,0.42,0.59,10.2,19.2
2026-01-29T02:00,-12.1,0.00,0.07,0.59,11.2,20.2
2026-01-29T03:00,-12.1,0.00,0.07,0.59,12.2,21.7
2026-01-29T04:00,-12.2,0.00,0.00,0.58,11.8,21.6
2026-01-29T05:00,-12.0,0.00,0.07,0.58,13.5,24.0
2026-01-29T06:00,-11.3,0.00,0.07,0.58,11.8,22.2
2026-01-29T07:00,-11.1,0.00,0.28,0.58,12.8,23.2
2026-01-29T08:00,-10.8,0.00,0.35,0.58,12.8,23.7
2026-01-29T09:00,-10.6,0.00,0.35,0.59,11.5,19.6
2026-01-29T10:00,-10.4,0.00,0.21,0.59,12.6,20.7
2026-01-29T11:00,-10.4,0.00,0.14,0.59,11.4,18.6
2026-01-29T12:00,-10.8,0.00,0.14,0.59,13.4,23.1
2026-01-29T13:00,-11.1,0.00,0.21,0.59,14.2,25.2
2026-01-29T14:00,-11.4,0.00,0.28,0.59,13.6,24.4
2026-01-29T15:00,-11.5,0.00,0.28,0.60,11.8,21.7
2026-01-29T16:00,-11.5,0.00,0.28,0.60,13.0,23.7
2026-01-29T17:00,-11.4,0.00,0.21,0.60,14.7,26.4
2026-01-29T18:00,-11.5,0.00,0.07,0.60,15.7,28.0
2026-01-29T19:00,-11.6,0.00,0.07,0.60,15.9,28.9
2026-01-29T20:00,-12.0,0.00,0.07,0.60,14.6,26.8
2026-01-29T21:00,-12.2,0.00,0.00,0.60,14.1,25.8
2026-01-29T22:00,-12.7,0.00,0.00,0.60,13.8,25.4
2026-01-29T23:00,-13.1,0.00,0.00,0.59,14.3,26.1
2026-01-30T00:00,-13.7,0.00,0.00,0.58,13.6,24.9
2026-01-30T01:00,-14.3,0.00,0.00,0.58,13.5,25.4
2026-01-30T02:00,-14.6,0.00,0.00,0.58,14.0,25.7
2026-01-30T03:00,-14.8,0.00,0.00,0.58,13.5,25.3
2026-01-30T04:00,-15.0,0.00,0.00,0.58,13.1,24.1
2026-01-30T05:00,-15.5,0.00,0.00,0.57,12.8,23.9
2026-01-30T06:00,-16.7,0.00,0.00,0.60,12.3,23.7
2026-01-30T07:00,-16.8,0.00,0.00,0.60,11.6,23.3
2026-01-30T08:00,-16.5,0.00,0.00,0.60,11.4,22.8
2026-01-30T09:00,-15.8,0.00,0.00,0.60,10.3,20.8
2026-01-30T10:00,-15.7,0.00,0.00,0.60,10.2,21.0
2026-01-30T11:00,-15.4,0.00,0.00,0.59,9.9,21.5
2026-01-30T12:00,-14.5,0.00,0.00,0.59,10.3,22.5
2026-01-30T13:00,-14.5,0.00,0.00,0.59,11.5,25.7
2026-01-30T14:00,-15.0,0.00,0.00,0.59,12.3,27.2
2026-01-30T15:00,-15.7,0.00,0.00,0.58,12.4,27.9
2026-01-30T16:00,-16.4,0.00,0.00,0.58,11.8,27.1
2026-01-30T17:00,-17.2,0.00,0.00,0.58,11.7,26.6
2026-01-30T18:00,-17.3,0.00,0.00,0.58,11.3,26.2
2026-01-30T19:00,-18.0,0.00,0.00,0.58,11.2,25.6
2026-01-30T20:00,-18.7,0.00,0.00,0.58,11.3,26.0
2026-01-30T21:00,-19.4,0.00,0.00,0.58,10.7,24.8
2026-01-30T22:00,-20.2,0.00,0.00,0.57,10.3,24.2
2026-01-30T23:00,-20.9,0.00,0.00,0.57,9.9,24.0
2026-01-31T00:00,-19.4,0.00,0.00,0.57,10.8,24.7
2026-01-31T01:00,-19.1,0.00,0.00,0.57,11.2,24.8
2026-01-31T02:00,-19.1,0.00,0.00,0.57,11.7,25.1
2026-01-31T03:00,-19.8,0.00,0.00,0.57,12.4,26.2
2026-01-31T04:00,-20.6,0.00,0.00,0.57,12.9,27.4
2026-01-31T05:00,-21.2,0.00,0.00,0.57,12.6,27.6
2026-01-31T06:00,-20.9,0.00,0.00,0.59,13.2,28.2
2026-01-31T07:00,-20.7,0.00,0.00,0.59,13.2,27.6
2026-01-31T08:00,-20.2,0.00,0.00,0.59,12.5,27.2
2026-01-31T09:00,-18.9,0.00,0.00,0.58,13.1,27.0
2026-01-31T10:00,-18.0,0.00,0.00,0.58,14.9,29.3
2026-01-31T11:00,-17.8,0.00,0.00,0.58,14.4,29.0
2026-01-31T12:00,-17.0,0.00,0.00,0.58,15.1,29.4
2026-01-31T13:00,-17.0,0.00,0.00,0.58,15.0,30.0
2026-01-31T14:00,-17.1,0.00,0.00,0.58,16.1,32.0
2026-01-31T15:00,-17.6,0.00,0.00,0.58,16.7,32.4
2026-01-31T16:00,-18.4,0.00,0.00,0.57,16.9,32.3
2026-01-31T17:00,-19.0,0.00,0.00,0.57,16.8,31.7
2026-01-31T18:00,-18.7,0.00,0.00,0.57,16.9,31.2
2026-01-31T19:00,-19.3,0.00,0.00,0.57,16.8,32.0
2026-01-31T20:00,-20.1,0.00,0.00,0.57,17.1,33.2
2026-01-31T21:00,-20.7,0.00,0.00,0.57,17.6,33.9
2026-01-31T22:00,-21.2,0.00,0.00,0.57,17.1,32.9
2026-01-31T23:00,-21.5,0.00,0.00,0.57,16.8,31.5
2026-02-01T00:00,-22.0,0.00,0.07,0.57,17.3,30.2
2026-02-01T01:00,-22.1,0.00,0.14,0.57,12.4,46.1
2026-02-01T02:00,-21.9,0.00,0.07,0.57,18.6,33.8
2026-02-01T03:00,-21.6,0.00,0.07,0.57,19.1,34.6
2026-02-01T04:00,-20.8,0.00,0.14,0.58,19.6,35.0
2026-02-01T05:00,-20.3,0.00,0.14,0.58,18.4,32.3
2026-02-01T06:00,-21.5,0.00,0.14,0.58,19.3,37.3
2026-02-01T07:00,-21.6,0.00,0.14,0.58,13.6,41.2
2026-02-01T08:00,-21.3,0.00,0.07,0.58,13.6,32.3
2026-02-01T09:00,-20.8,0.00,0.14,0.58,14.0,20.3
2026-02-01T10:00,-20.0,0.00,0.14,0.58,15.4,21.5
2026-02-01T11:00,-19.2,0.00,0.07,0.58,14.0,21.9
2026-02-01T12:00,-20.4,0.00,0.07,0.58,13.5,21.9
2026-02-01T13:00,-20.3,0.00,0.07,0.58,11.6,20.4
2026-02-01T14:00,-20.4,0.00,0.07,0.58,11.1,20.5
2026-02-01T15:00,-20.5,0.00,0.07,0.58,10.5,19.9
2026-02-01T16:00,-20.5,0.00,0.07,0.58,9.6,18.9
2026-02-01T17:00,-20.7,0.00,0.00,0.58,9.0,18.7
2026-02-01T18:00,-20.2,0.00,0.00,0.58,8.9,18.5
2026-02-01T19:00,-20.6,0.00,0.00,0.58,9.6,20.5
2026-02-01T20:00,-20.8,0.00,0.00,0.58,9.7,21.1
2026-02-01T21:00,-21.0,0.00,0.00,0.58,9.2,20.6
2026-02-01T22:00,-21.1,0.00,0.00,0.58,8.9,20.0
2026-02-01T23:00,-20.6,0.00,0.07,0.58,8.9,19.0
2026-02-02T00:00,-20.9,0.00,0.07,0.58,8.8,17.8
2026-02-02T01:00,-20.8,0.00,0.07,0.58,9.9,20.0
2026-02-02T02:00,-20.8,0.00,0.00,0.58,10.4,21.6
2026-02-02T03:00,-21.0,0.00,0.00,0.58,10.3,22.0
2026-02-02T04:00,-21.3,0.00,0.00,0.58,10.2,22.3
2026-02-02T05:00,-21.9,0.00,0.00,0.58,9.9,22.2
2026-02-02T06:00,-21.8,0.00,0.00,0.56,10.1,22.0
2026-02-02T07:00,-21.5,0.00,0.00,0.56,9.9,21.3
2026-02-02T08:00,-20.8,0.00,0.00,0.56,9.4,20.6
2026-02-02T09:00,-19.9,0.00,0.00,0.56,7.9,19.1
2026-02-02T10:00,-18.7,0.00,0.00,0.56,8.8,18.1
2026-02-02T11:00,-17.8,0.00,0.00,0.56,8.5,17.1
2026-02-02T12:00,-18.2,0.00,0.00,0.56,6.2,15.5
2026-02-02T13:00,-17.7,0.00,0.00,0.56,7.2,16.1
2026-02-02T14:00,-18.0,0.00,0.00,0.56,7.7,17.7
2026-02-02T15:00,-17.6,0.00,0.07,0.56,8.6,18.3
2026-02-02T16:00,-17.7,0.00,0.00,0.56,8.9,19.0
2026-02-02T17:00,-17.9,0.00,0.07,0.56,8.9,19.2
2026-02-02T18:00,-18.5,0.00,0.00,0.56,7.9,17.8
2026-02-02T19:00,-20.3,0.00,0.00,0.55,7.6,18.7
2026-02-02T20:00,-21.0,0.00,0.00,0.55,8.1,19.5
2026-02-02T21:00,-21.0,0.00,0.00,0.55,8.6,19.5
2026-02-02T22:00,-21.0,0.00,0.00,0.55,8.0,18.5
2026-02-02T23:00,-21.7,0.00,0.00,0.55,7.3,17.8
2026-02-03T00:00,-20.2,0.00,0.00,0.55,6.9,14.8
2026-02-03T01:00,-21.9,0.00,0.00,0.55,8.3,17.1
2026-02-03T02:00,-22.8,0.00,0.00,0.55,7.7,17.8
2026-02-03T03:00,-24.0,0.00,0.00,0.55,6.1,15.9
2026-02-03T04:00,-25.3,0.00,0.00,0.55,5.7,13.9
2026-02-03T05:00,-25.6,0.00,0.00,0.55,8.0,14.9
2026-02-03T06:00,-23.2,0.00,0.00,0.55,8.7,18.1
2026-02-03T07:00,-23.8,0.00,0.00,0.55,8.8,18.9
2026-02-03T08:00,-23.0,0.00,0.00,0.55,8.4,18.5
2026-02-03T09:00,-21.6,0.00,0.00,0.55,7.7,18.9
2026-02-03T10:00,-20.3,0.00,0.00,0.55,7.0,17.2
2026-02-03T11:00,-19.5,0.00,0.00,0.55,7.3,17.2
2026-02-03T12:00,-17.1,0.00,0.00,0.55,7.2,18.2
2026-02-03T13:00,-17.3,0.00,0.00,0.55,7.6,19.1
2026-02-03T14:00,-18.3,0.00,0.00,0.55,8.1,20.0
2026-02-03T15:00,-19.0,0.00,0.00,0.55,8.9,21.4
2026-02-03T16:00,-19.4,0.00,0.00,0.54,9.6,22.3
2026-02-03T17:00,-19.7,0.00,0.00,0.54,9.5,22.2
2026-02-03T18:00,-18.6,0.00,0.00,0.54,9.7,22.0
2026-02-03T19:00,-19.1,0.00,0.00,0.54,9.2,21.0
2026-02-03T20:00,-19.5,0.00,0.00,0.54,9.1,20.9
2026-02-03T21:00,-19.8,0.00,0.00,0.54,9.2,20.9
2026-02-03T22:00,-20.1,0.00,0.00,0.54,9.4,20.9
2026-02-03T23:00,-20.2,0.00,0.00,0.54,10.4,23.3
2026-02-04T00:00,-19.9,0.00,0.00,0.54,11.7,25.1
2026-02-04T01:00,-19.5,0.00,0.00,0.54,11.2,24.4
2026-02-04T02:00,-18.7,0.00,0.00,0.54,10.8,23.7
2026-02-04T03:00,-18.0,0.00,0.00,0.54,10.3,22.2
2026-02-04T04:00,-17.9,0.00,0.00,0.54,10.0,21.6
2026-02-04T05:00,-18.0,0.00,0.00,0.54,10.0,21.5
2026-02-04T06:00,-18.2,0.00,0.00,0.55,10.2,21.3
2026-02-04T07:00,-18.1,0.00,0.00,0.55,9.8,20.4
2026-02-04T08:00,-17.5,0.00,0.00,0.55,9.0,18.2
2026-02-04T09:00,-16.1,0.00,0.00,0.54,10.7,16.8
2026-02-04T10:00,-15.5,0.00,0.00,0.54,8.9,15.3
2026-02-04T11:00,-15.1,0.00,0.00,0.54,5.7,13.9
2026-02-04T12:00,-12.8,0.00,0.00,0.54,5.4,14.9
2026-02-04T13:00,-13.1,0.00,0.00,0.54,6.7,17.7
2026-02-04T14:00,-14.3,0.00,0.00,0.54,7.0,19.0
2026-02-04T15:00,-14.0,0.00,0.00,0.54,8.7,20.6
2026-02-04T16:00,-13.6,0.00,0.00,0.54,8.7,19.6
2026-02-04T17:00,-13.2,0.00,0.00,0.54,8.0,17.5
2026-02-04T18:00,-14.9,0.00,0.00,0.54,8.8,16.8
2026-02-04T19:00,-15.6,0.00,0.00,0.54,7.3,15.4
2026-02-04T20:00,-16.4,0.00,0.00,0.54,6.5,14.2
2026-02-04T21:00,-17.3,0.00,0.00,0.54,5.6,13.4
2026-02-04T22:00,-19.1,0.00,0.00,0.54,6.1,14.2
2026-02-04T23:00,-20.0,0.00,0.00,0.53,6.7,14.9
2026-02-05T00:00,-19.6,0.00,0.00,0.54,9.9,18.4
2026-02-05T01:00,-19.4,0.00,0.00,0.53,6.7,15.2
2026-02-05T02:00,-19.1,0.00,0.00,0.53,7.3,14.5
2026-02-05T03:00,-18.9,0.00,0.00,0.53,6.5,14.6
2026-02-05T04:00,-18.8,0.00,0.00,0.53,5.6,14.5
2026-02-05T05:00,-18.8,0.00,0.00,0.53,5.9,13.5
2026-02-05T06:00,-20.5,0.00,0.00,0.54,8.4,16.9
2026-02-05T07:00,-19.8,0.00,0.00,0.54,6.5,13.9
2026-02-05T08:00,-18.8,0.00,0.00,0.53,2.4,12.7
2026-02-05T09:00,-17.5,0.00,0.00,0.53,3.6,5.9
2026-02-05T10:00,-16.7,0.00,0.00,0.53,3.5,4.3
2026-02-05T11:00,-16.2,0.00,0.00,0.53,4.3,6.0
2026-02-05T12:00,-12.5,0.00,0.00,0.53,5.9,9.8
2026-02-05T13:00,-12.7,0.00,0.00,0.53,5.5,12.3
2026-02-05T14:00,-13.4,0.00,0.00,0.53,6.5,15.3
2026-02-05T15:00,-14.4,0.00,0.00,0.53,6.8,17.9
2026-02-05T16:00,-15.5,0.00,0.00,0.53,6.4,18.8
2026-02-05T17:00,-17.7,0.00,0.00,0.53,6.1,19.6
2026-02-05T18:00,-16.6,0.00,0.00,0.53,8.5,20.7
2026-02-05T19:00,-17.5,0.00,0.00,0.53,7.7,20.7
2026-02-05T20:00,-17.0,0.00,0.00,0.53,8.2,19.5
2026-02-05T21:00,-17.0,0.00,0.00,0.53,8.0,18.2
2026-02-05T22:00,-17.1,0.00,0.00,0.53,7.8,17.0
2026-02-05T23:00,-17.4,0.00,0.00,0.53,7.2,16.4
2026-02-06T00:00,-17.4,0.00,0.00,0.53,6.8,16.3
2026-02-06T01:00,-17.7,0.00,0.00,0.53,7.7,17.5
2026-02-06T02:00,-18.0,0.00,0.00,0.53,8.3,18.0
2026-02-06T03:00,-18.1,0.00,0.00,0.53,8.4,17.4
2026-02-06T04:00,-18.1,0.00,0.00,0.52,8.1,16.7
2026-02-06T05:00,-18.0,0.00,0.00,0.52,8.2,16.1
2026-02-06T06:00,-16.8,0.00,0.00,0.53,8.4,17.5
2026-02-06T07:00,-16.5,0.00,0.00,0.53,7.6,16.9
2026-02-06T08:00,-15.9,0.00,0.00,0.53,8.0,16.1
2026-02-06T09:00,-15.0,0.00,0.00,0.53,7.5,16.1
2026-02-06T10:00,-14.4,0.00,0.00,0.53,7.8,17.0
2026-02-06T11:00,-13.8,0.00,0.00,0.52,6.5,13.4
2026-02-06T12:00,-12.1,0.00,0.00,0.53,6.6,19.8
2026-02-06T13:00,-12.2,0.00,0.00,0.53,9.2,18.4
2026-02-06T14:00,-12.4,0.00,0.00,0.53,9.9,21.4
2026-02-06T15:00,-12.8,0.00,0.00,0.52,9.6,21.4
2026-02-06T16:00,-13.0,0.00,0.00,0.52,8.4,19.5
2026-02-06T17:00,-12.6,0.00,0.00,0.52,9.8,20.1
2026-02-06T18:00,-12.1,0.00,0.00,0.52,9.7,19.1
2026-02-06T19:00,-12.1,0.00,0.07,0.52,9.6,18.4
2026-02-06T20:00,-12.0,0.00,0.07,0.53,9.7,18.2
2026-02-06T21:00,-12.0,0.00,0.07,0.53,10.3,17.9
2026-02-06T22:00,-12.1,0.00,0.07,0.53,8.4,15.4
2026-02-06T23:00,-12.2,0.00,0.00,0.53,5.8,12.6
2026-02-07T00:00,-13.9,0.00,0.00,0.53,5.4,14.5
2026-02-07T01:00,-13.6,0.00,0.00,0.53,6.4,15.2
2026-02-07T02:00,-13.5,0.00,0.00,0.53,6.7,15.5
2026-02-07T03:00,-14.0,0.00,0.00,0.53,5.1,13.9
2026-02-07T04:00,-14.0,0.00,0.00,0.52,5.3,13.1
2026-02-07T05:00,-15.4,0.00,0.00,0.52,4.2,12.1
2026-02-07T06:00,-14.8,0.00,0.00,0.52,4.0,10.1
2026-02-07T07:00,-13.5,0.00,0.00,0.52,4.3,10.6
2026-02-07T08:00,-12.8,0.00,0.00,0.52,5.1,11.1
2026-02-07T09:00,-11.8,0.00,0.00,0.52,4.0,5.4
2026-02-07T10:00,-11.3,0.00,0.00,0.52,3.6,5.1
2026-02-07T11:00,-10.9,0.00,0.00,0.52,3.6,5.2
2026-02-07T12:00,-11.0,0.00,0.00,0.51,3.3,8.6
2026-02-07T13:00,-11.6,0.00,0.00,0.51,2.9,10.7
2026-02-07T14:00,-12.7,0.00,0.00,0.51,4.5,12.6
2026-02-07T15:00,-14.0,0.00,0.00,0.51,5.5,14.3
2026-02-07T16:00,-14.2,0.00,0.00,0.51,5.4,15.0
2026-02-07T17:00,-12.7,0.00,0.00,0.51,5.2,15.0
2026-02-07T18:00,-10.9,0.00,0.00,0.51,7.3,17.0
2026-02-07T19:00,-10.4,0.00,0.00,0.51,8.4,17.6
2026-02-07T20:00,-10.1,0.00,0.00,0.51,9.1,18.5
2026-02-07T21:00,-9.9,0.00,0.00,0.51,10.1,19.1
2026-02-07T22:00,-10.0,0.00,0.00,0.51,10.4,19.7
2026-02-07T23:00,-10.2,0.00,0.00,0.51,10.9,20.1
2026-02-08T00:00,-10.4,0.00,0.00,0.51,11.5,21.2
2026-02-08T01:00,-10.8,0.00,0.07,0.51,12.5,22.2
2026-02-08T02:00,-11.4,0.00,0.00,0.51,13.7,24.1
2026-02-08T03:00,-11.8,0.00,0.00,0.51,14.5,25.3
2026-02-08T04:00,-12.3,0.00,0.00,0.51,14.7,25.9
2026-02-08T05:00,-12.8,0.00,0.00,0.51,14.4,26.1
2026-02-08T06:00,-12.8,0.00,0.00,0.51,14.9,26.9
2026-02-08T07:00,-12.9,0.00,0.00,0.51,14.9,26.8
2026-02-08T08:00,-13.5,0.00,0.00,0.51,14.9,25.6
2026-02-08T09:00,-13.6,0.00,0.00,0.51,15.7,25.9
2026-02-08T10:00,-13.0,0.00,0.00,0.51,16.2,26.1
2026-02-08T11:00,-12.5,0.00,0.00,0.51,16.4,26.5
2026-02-08T12:00,-12.5,0.00,0.00,0.50,14.4,26.0
2026-02-08T13:00,-12.4,0.00,0.00,0.50,15.2,27.9
2026-02-08T14:00,-12.2,0.00,0.00,0.50,16.2,29.4
2026-02-08T15:00,-12.3,0.00,0.00,0.50,16.6,29.9
2026-02-08T16:00,-12.5,0.00,0.00,0.50,15.7,28.6
2026-02-08T17:00,-12.6,0.00,0.00,0.50,15.2,27.8
2026-02-08T18:00,-12.4,0.00,0.00,0.50,14.8,27.5
2026-02-08T19:00,-12.3,0.00,0.00,0.50,14.1,26.5
2026-02-08T20:00,-11.9,0.00,0.00,0.50,13.0,24.5
2026-02-08T21:00,-11.6,0.00,0.00,0.50,11.7,22.5
2026-02-08T22:00,-11.4,0.00,0.00,0.50,11.3,21.8
2026-02-08T23:00,-11.4,0.00,0.00,0.50,10.2,20.2
2026-02-09T00:00,-11.0,0.00,0.00,0.50,10.7,19.8
2026-02-09T01:00,-11.0,0.00,0.00,0.50,11.6,21.6
2026-02-09T02:00,-11.1,0.00,0.00,0.50,12.4,22.7
2026-02-09T03:00,-11.4,0.00,0.00,0.50,11.2,20.6
2026-02-09T04:00,-11.5,0.00,0.00,0.50,11.2,20.9
2026-02-09T05:00,-11.8,0.00,0.00,0.50,11.3,20.6
2026-02-09T06:00,-11.5,0.00,0.00,0.51,11.3,20.2
2026-02-09T07:00,-11.6,0.00,0.00,0.51,12.0,20.1
2026-02-09T08:00,-11.6,0.00,0.00,0.51,12.8,20.5
2026-02-09T09:00,-11.5,0.00,0.00,0.51,13.1,20.6
2026-02-09T10:00,-11.3,0.00,0.00,0.50,13.6,21.4
2026-02-09T11:00,-11.1,0.00,0.00,0.50,14.7,22.9
2026-02-09T12:00,-10.8,0.00,0.00,0.50,12.4,20.1
2026-02-09T13:00,-10.5,0.00,0.00,0.50,11.2,21.4
2026-02-09T14:00,-10.1,0.00,0.00,0.50,12.5,23.3
2026-02-09T15:00,-10.1,0.00,0.00,0.50,12.9,24.1
2026-02-09T16:00,-10.1,0.00,0.00,0.50,13.1,24.4
2026-02-09T17:00,-10.4,0.00,0.00,0.50,14.6,26.6
2026-02-09T18:00,-10.6,0.00,0.00,0.50,14.1,25.7
2026-02-09T19:00,-10.4,0.00,0.00,0.50,14.3,26.0
2026-02-09T20:00,-10.5,0.00,0.00,0.50,14.1,25.5
2026-02-09T21:00,-10.8,0.00,0.00,0.50,13.1,24.5
2026-02-09T22:00,-10.9,0.00,0.00,0.50,13.2,24.5
2026-02-09T23:00,-11.0,0.00,0.00,0.50,13.5,24.8
2026-02-10T00:00,-11.2,0.00,0.00,0.50,12.1,22.9
2026-02-10T01:00,-11.3,0.00,0.00,0.50,12.5,23.4
2026-02-10T02:00,-12.0,0.00,0.00,0.50,11.8,23.6
2026-02-10T03:00,-11.8,0.00,0.00,0.50,11.8,22.9
2026-02-10T04:00,-11.6,0.00,0.00,0.50,11.7,22.2
2026-02-10T05:00,-11.5,0.00,0.00,0.50,11.4,21.6
2026-02-10T06:00,-10.9,0.00,0.00,0.49,10.9,20.4
2026-02-10T07:00,-10.6,0.00,0.00,0.49,10.6,19.3
2026-02-10T08:00,-10.2,0.00,0.00,0.49,10.2,17.2
2026-02-10T09:00,-9.8,0.00,0.00,0.49,10.6,16.7
2026-02-10T10:00,-9.4,0.00,0.00,0.49,10.2,16.1
2026-02-10T11:00,-9.0,0.00,0.00,0.49,10.1,15.9
2026-02-10T12:00,-8.5,0.00,0.00,0.49,8.0,13.3
2026-02-10T13:00,-8.6,0.00,0.00,0.49,6.0,12.1
2026-02-10T14:00,-8.9,0.00,0.00,0.49,5.1,12.6
2026-02-10T15:00,-9.6,0.00,0.00,0.49,6.6,15.8
2026-02-10T16:00,-10.2,0.00,0.00,0.49,8.1,19.2
2026-02-10T17:00,-11.1,0.00,0.00,0.49,8.6,20.1
2026-02-10T18:00,-10.5,0.00,0.00,0.49,8.4,19.6
2026-02-10T19:00,-12.6,0.00,0.00,0.49,7.7,20.2
2026-02-10T20:00,-13.5,0.00,0.00,0.49,7.8,21.0
2026-02-10T21:00,-14.0,0.00,0.00,0.49,8.4,22.0
2026-02-10T22:00,-14.6,0.00,0.00,0.49,9.3,23.6
2026-02-10T23:00,-15.1,0.00,0.00,0.49,9.1,23.3
2026-02-11T00:00,-15.2,0.00,0.00,0.49,9.6,23.4
2026-02-11T01:00,-15.6,0.00,0.00,0.49,9.6,23.6
2026-02-11T02:00,-15.7,0.00,0.00,0.49,11.2,26.2
2026-02-11T03:00,-15.6,0.00,0.00,0.49,12.6,28.3
2026-02-11T04:00,-15.2,0.00,0.00,0.49,12.9,28.8
2026-02-11T05:00,-13.1,0.00,0.00,0.49,13.0,26.4
2026-02-11T06:00,-12.0,0.00,0.00,0.48,13.8,26.6
2026-02-11T07:00,-11.3,0.00,0.00,0.48,14.6,26.8
2026-02-11T08:00,-10.6,0.00,0.07,0.48,15.0,26.8
2026-02-11T09:00,-10.0,0.00,0.07,0.48,14.1,26.0
2026-02-11T10:00,-9.1,0.00,0.14,0.48,13.0,23.0
2026-02-11T11:00,-8.6,0.00,0.07,0.48,12.1,22.6
2026-02-11T12:00,-8.5,0.00,0.21,0.49,9.7,18.0
2026-02-11T13:00,-7.6,0.00,0.07,0.49,11.1,21.6
2026-02-11T14:00,-7.0,0.00,0.14,0.49,11.5,22.2
2026-02-11T15:00,-6.6,0.00,0.14,0.49,11.5,22.5
2026-02-11T16:00,-6.0,0.00,0.07,0.49,12.3,23.8
2026-02-11T17:00,-5.6,0.00,0.14,0.49,12.9,24.9
2026-02-11T18:00,-5.6,0.00,0.07,0.49,12.9,24.3
2026-02-11T19:00,-5.4,0.00,0.07,0.49,13.0,24.6
2026-02-11T20:00,-5.4,0.00,0.14,0.49,13.1,24.3
2026-02-11T21:00,-5.5,0.00,0.00,0.49,13.9,25.7
2026-02-11T22:00,-5.7,0.00,0.07,0.49,13.8,25.4
2026-02-11T23:00,-5.7,0.00,0.07,0.49,14.0,25.8
2026-02-12T00:00,-6.5,0.00,0.14,0.49,13.5,25.1
2026-02-12T01:00,-6.3,0.00,0.14,0.49,13.4,25.0
2026-02-12T02:00,-6.1,0.00,0.14,0.49,13.1,24.6
2026-02-12T03:00,-5.9,0.00,0.07,0.50,12.8,23.9
2026-02-12T04:00,-5.6,0.00,0.07,0.50,12.3,23.2
2026-02-12T05:00,-5.3,0.00,0.14,0.50,12.6,23.6
2026-02-12T06:00,-5.4,0.00,0.14,0.50,12.4,23.5
2026-02-12T07:00,-5.1,0.00,0.35,0.50,12.6,23.1
2026-02-12T08:00,-4.7,0.00,0.14,0.50,12.1,22.4
2026-02-12T09:00,-4.2,0.00,0.07,0.50,11.8,21.8
2026-02-12T10:00,-3.9,0.00,0.21,0.50,11.7,22.0
2026-02-12T11:00,-3.5,0.00,0.42,0.51,13.2,24.5
2026-02-12T12:00,-3.8,0.00,0.56,0.51,11.7,21.4
2026-02-12T13:00,-3.6,0.00,0.35,0.52,11.2,21.4
2026-02-12T14:00,-3.4,0.00,0.14,0.52,10.2,20.3
2026-02-12T15:00,-3.1,0.00,0.07,0.52,9.1,18.9
2026-02-12T16:00,-2.8,0.00,0.00,0.52,8.5,18.0
2026-02-12T17:00,-2.6,0.00,0.00,0.52,7.7,16.9
2026-02-12T18:00,-3.1,0.00,0.00,0.52,6.3,14.3
2026-02-12T19:00,-3.0,0.00,0.00,0.52,6.7,14.8
2026-02-12T20:00,-2.8,0.00,0.00,0.52,6.4,14.4
2026-02-12T21:00,-2.7,0.00,0.00,0.51,6.1,14.2
2026-02-12T22:00,-2.4,0.00,0.00,0.51,5.6,13.2
2026-02-12T23:00,-2.3,0.00,0.00,0.51,5.0,11.5
2026-02-13T00:00,-2.6,0.00,0.07,0.51,7.1,14.4
2026-02-13T01:00,-2.3,0.00,0.21,0.51,7.6,16.1
2026-02-13T02:00,-2.0,0.00,0.35,0.52,6.9,14.7
2026-02-13T03:00,-1.6,0.00,0.21,0.52,7.1,15.4
2026-02-13T04:00,-1.2,0.00,0.49,0.52,6.5,14.7
2026-02-13T05:00,-0.7,0.00,0.49,0.53,5.4,13.2
2026-02-13T06:00,-1.0,0.00,0.63,0.57,3.9,9.9
2026-02-13T07:00,-0.4,0.00,0.28,0.57,3.8,10.9
2026-02-13T08:00,0.6,0.00,0.00,0.57,5.2,10.9
2026-02-13T09:00,1.0,0.00,0.00,0.57,5.1,11.7
2026-02-13T10:00,1.2,0.00,0.00,0.57,5.3,12.9
2026-02-13T11:00,1.4,0.00,0.00,0.57,5.1,13.3
2026-02-13T12:00,1.3,0.00,0.00,0.56,4.3,11.7
2026-02-13T13:00,1.1,0.00,0.00,0.56,5.4,12.4
2026-02-13T14:00,1.0,0.10,0.00,0.55,6.3,14.0
2026-02-13T15:00,1.0,0.10,0.00,0.55,6.8,15.9
2026-02-13T16:00,1.2,0.10,0.00,0.55,7.1,16.8
2026-02-13T17:00,1.3,0.00,0.00,0.55,8.3,19.1
2026-02-13T18:00,1.4,0.00,0.00,0.55,7.6,17.1
2026-02-13T19:00,1.5,0.10,0.00,0.55,8.7,19.3
2026-02-13T20:00,1.6,0.00,0.00,0.54,11.4,24.1
2026-02-13T21:00,1.7,0.00,0.00,0.54,12.8,26.0
2026-02-13T22:00,1.7,0.00,0.00,0.54,13.6,27.3
2026-02-13T23:00,1.6,0.00,0.00,0.54,13.4,27.0
2026-02-14T00:00,0.7,0.00,0.00,0.54,10.7,23.6
2026-02-14T01:00,0.6,0.00,0.00,0.54,11.8,24.8
2026-02-14T02:00,0.8,0.00,0.00,0.53,12.3,24.5
2026-02-14T03:00,0.5,0.00,0.00,0.53,11.9,23.5
2026-02-14T04:00,0.4,0.00,0.00,0.53,11.4,22.2
2026-02-14T05:00,0.4,0.00,0.00,0.53,12.1,23.3
2026-02-14T06:00,0.6,0.00,0.00,0.51,11.4,21.8
2026-02-14T07:00,0.8,0.00,0.00,0.50,10.6,20.6
2026-02-14T08:00,0.9,0.00,0.00,0.50,12.1,22.0
2026-02-14T09:00,1.1,0.00,0.00,0.50,11.2,21.8
2026-02-14T10:00,1.2,0.00,0.00,0.50,8.4,17.3
2026-02-14T11:00,1.2,0.00,0.00,0.50,6.3,14.5
2026-02-14T12:00,0.7,0.00,0.00,0.49,3.7,6.8
2026-02-14T13:00,0.7,0.00,0.00,0.49,4.8,10.5
2026-02-14T14:00,0.6,0.00,0.00,0.49,3.4,9.3
2026-02-14T15:00,0.5,0.00,0.00,0.49,3.1,8.5
2026-02-14T16:00,0.3,0.10,0.14,0.49,0.9,1.4
2026-02-14T17:00,0.1,0.00,0.21,0.49,2.4,3.3
2026-02-14T18:00,0.2,0.00,0.14,0.49,5.6,11.5
2026-02-14T19:00,0.3,0.00,0.28,0.50,6.7,14.3
2026-02-14T20:00,0.4,0.00,0.21,0.50,7.6,16.0
2026-02-14T21:00,0.4,0.00,0.14,0.50,7.5,15.7
2026-02-14T22:00,-0.2,0.00,0.21,0.50,12.9,22.7
2026-02-14T23:00,-2.7,0.00,0.14,0.50,13.6,22.9
2026-02-15T00:00,-4.8,0.00,0.07,0.50,13.2,21.4
2026-02-15T01:00,-6.7,0.00,0.00,0.50,12.8,21.3
2026-02-15T02:00,-7.6,0.00,0.00,0.50,12.6,20.8
2026-02-15T03:00,-8.4,0.00,0.14,0.50,12.8,21.1
2026-02-15T04:00,-9.1,0.00,0.00,0.50,12.6,20.8
2026-02-15T05:00,-9.6,0.00,0.00,0.50,13.1,21.9
2026-02-15T06:00,-9.5,0.00,0.00,0.46,12.4,20.4
2026-02-15T07:00,-9.8,0.00,0.00,0.46,12.5,20.1
2026-02-15T08:00,-10.1,0.00,0.00,0.46,12.3,19.7
2026-02-15T09:00,-10.3,0.00,0.00,0.46,11.6,18.1
2026-02-15T10:00,-10.2,0.00,0.00,0.46,12.1,18.5
2026-02-15T11:00,-10.2,0.00,0.00,0.46,12.6,19.5
2026-02-15T12:00,-9.7,0.00,0.00,0.46,12.2,19.5
2026-02-15T13:00,-10.1,0.00,0.00,0.46,11.2,18.6
2026-02-15T14:00,-10.5,0.00,0.00,0.46,9.7,17.6
2026-02-15T15:00,-11.1,0.00,0.00,0.46,10.2,19.4
2026-02-15T16:00,-11.9,0.00,0.00,0.46,11.1,21.0
2026-02-15T17:00,-12.9,0.00,0.00,0.46,10.2,20.3
2026-02-15T18:00,-12.4,0.00,0.00,0.46,9.2,18.5
2026-02-15T19:00,-13.2,0.00,0.00,0.46,6.4,16.3
2026-02-15T20:00,-14.2,0.00,0.00,0.46,5.1,14.1
2026-02-15T21:00,-14.4,0.00,0.00,0.46,6.4,16.8
2026-02-15T22:00,-14.8,0.00,0.00,0.46,7.2,18.0
2026-02-15T23:00,-14.7,0.00,0.00,0.46,9.8,20.9
2026-02-16T00:00,-14.4,0.00,0.00,0.46,8.9,19.3
2026-02-16T01:00,-14.5,0.00,0.00,0.46,9.6,20.5
2026-02-16T02:00,-14.4,0.00,0.00,0.46,10.2,20.9
2026-02-16T03:00,-14.2,0.00,0.00,0.46,12.3,23.6
2026-02-16T04:00,-14.1,0.00,0.00,0.46,13.0,24.2
2026-02-16T05:00,-14.2,0.00,0.07,0.46,14.5,26.4
2026-02-16T06:00,-13.5,0.00,0.14,0.45,15.3,27.9
2026-02-16T07:00,-13.6,0.00,0.21,0.45,15.0,28.4
2026-02-16T08:00,-13.8,0.00,0.21,0.46,16.4,28.3
2026-02-16T09:00,-13.6,0.00,0.14,0.46,15.2,26.5
2026-02-16T10:00,-13.5,0.00,0.28,0.46,14.3,25.0
2026-02-16T11:00,-13.3,0.00,0.42,0.47,16.0,28.2
2026-02-16T12:00,-12.1,0.00,0.49,0.48,19.4,33.9
2026-02-16T13:00,-12.2,0.00,0.49,0.49,23.9,42.0
2026-02-16T14:00,-12.3,0.00,0.42,0.49,23.3,41.0
2026-02-16T15:00,-12.2,0.00,0.42,0.50,22.8,40.5
2026-02-16T16:00,-12.0,0.00,0.35,0.50,22.1,39.2
2026-02-16T17:00,-11.9,0.00,0.21,0.50,21.3,37.7
2026-02-16T18:00,-11.9,0.00,0.14,0.51,19.6,35.4
2026-02-16T19:00,-12.2,0.00,0.07,0.51,18.4,33.7
2026-02-16T20:00,-12.6,0.00,0.00,0.51,18.1,33.2
2026-02-16T21:00,-13.2,0.00,0.00,0.51,16.9,31.5
2026-02-16T22:00,-13.6,0.00,0.00,0.50,16.5,31.1
2026-02-16T23:00,-14.3,0.00,0.00,0.50,16.0,30.9
2026-02-17T00:00,-15.2,0.00,0.00,0.49,15.2,30.2
2026-02-17T01:00,-15.9,0.00,0.00,0.49,14.3,29.4
2026-02-17T02:00,-16.6,0.00,0.00,0.49,14.1,29.4
2026-02-17T03:00,-17.2,0.00,0.00,0.49,13.9,29.2
2026-02-17T04:00,-16.7,0.00,0.00,0.49,14.4,28.8
2026-02-17T05:00,-16.2,0.00,0.00,0.49,12.7,26.0
2026-02-17T06:00,-16.6,0.00,0.00,0.47,10.5,22.0
2026-02-17T07:00,-16.1,0.00,0.00,0.47,9.4,19.4
2026-02-17T08:00,-15.4,0.00,0.00,0.47,10.4,18.8
2026-02-17T09:00,-14.4,0.00,0.00,0.47,11.3,17.8
2026-02-17T10:00,-13.5,0.00,0.00,0.47,11.1,16.8
2026-02-17T11:00,-12.9,0.00,0.00,0.47,10.3,16.4
2026-02-17T12:00,-11.4,0.00,0.00,0.47,9.0,16.0
2026-02-17T13:00,-11.2,0.00,0.00,0.47,7.1,15.0
2026-02-17T14:00,-11.3,0.00,0.00,0.47,6.3,15.4
2026-02-17T15:00,-11.8,0.00,0.00,0.47,6.1,16.6
2026-02-17T16:00,-11.9,0.00,0.00,0.47,7.4,18.4
2026-02-17T17:00,-12.7,0.00,0.00,0.47,6.4,18.4
2026-02-17T18:00,-14.1,0.00,0.00,0.47,2.6,10.3
2026-02-17T19:00,-16.2,0.00,0.00,0.47,2.3,8.6
2026-02-17T20:00,-17.9,0.00,0.00,0.46,3.3,8.9
2026-02-17T21:00,-19.1,0.00,0.00,0.46,1.8,5.3
2026-02-17T22:00,-20.6,0.00,0.00,0.46,1.9,4.8
2026-02-17T23:00,-21.0,0.00,0.00,0.46,1.7,4.5
2026-02-18T00:00,-21.2,0.00,0.00,0.46,0.7,6.2
2026-02-18T01:00,-22.0,0.00,0.00,0.46,0.6,6.2
2026-02-18T02:00,-21.6,0.00,0.00,0.46,0.4,4.0
2026-02-18T03:00,-21.5,0.00,0.00,0.46,1.1,3.1
2026-02-18T04:00,-21.4,0.00,0.00,0.46,2.4,4.9
2026-02-18T05:00,-21.2,0.00,0.00,0.46,3.2,6.7
2026-02-18T06:00,-20.7,0.00,0.00,0.46,2.8,6.0
2026-02-18T07:00,-19.6,0.00,0.00,0.46,3.5,7.0
2026-02-18T08:00,-19.1,0.00,0.00,0.46,3.4,6.4
2026-02-18T09:00,-18.5,0.00,0.00,0.46,2.9,4.9
2026-02-18T10:00,-18.0,0.00,0.00,0.45,2.6,4.0
2026-02-18T11:00,-17.2,0.00,0.00,0.45,2.7,4.2
2026-02-18T12:00,-10.2,0.00,0.00,0.45,4.1,6.7
2026-02-18T13:00,-10.1,0.00,0.00,0.45,5.4,10.1
2026-02-18T14:00,-11.4,0.00,0.00,0.45,5.4,14.4
2026-02-18T15:00,-13.7,0.00,0.00,0.45,7.2,20.1
2026-02-18T16:00,-13.0,0.00,0.00,0.45,7.7,22.7
2026-02-18T17:00,-12.2,0.00,0.00,0.45,9.5,23.1
2026-02-18T18:00,-11.6,0.00,0.00,0.45,10.3,24.2
2026-02-18T19:00,-11.5,0.00,0.00,0.45,11.4,25.3
2026-02-18T20:00,-11.5,0.00,0.00,0.45,11.9,25.8
2026-02-18T21:00,-11.2,0.00,0.00,0.45,11.7,25.1
2026-02-18T22:00,-11.0,0.00,0.00,0.45,12.1,25.2
2026-02-18T23:00,-10.7,0.00,0.00,0.45,12.8,25.7
2026-02-19T00:00,-10.2,0.00,0.14,0.45,14.0,27.3
2026-02-19T01:00,-9.8,0.00,0.28,0.46,16.9,31.8
2026-02-19T02:00,-9.4,0.00,0.42,0.46,18.3,33.6
2026-02-19T03:00,-8.9,0.00,0.63,0.47,19.9,36.0
2026-02-19T04:00,-8.5,0.00,0.91,0.48,18.9,34.1
2026-02-19T05:00,-8.1,0.00,0.91,0.49,16.1,29.3
2026-02-19T06:00,-6.9,0.00,1.26,0.51,18.8,33.8
2026-02-19T07:00,-6.4,0.00,1.19,0.53,21.4,38.0
2026-02-19T08:00,-5.8,0.00,0.91,0.54,20.0,35.7
2026-02-19T09:00,-5.6,0.00,0.98,0.55,19.5,34.9
2026-02-19T10:00,-5.5,0.00,0.70,0.55,19.9,35.3
2026-02-19T11:00,-5.3,0.00,0.49,0.56,18.6,32.9
2026-02-19T12:00,-6.4,0.00,0.56,0.57,16.3,28.9
2026-02-19T13:00,-6.1,0.00,0.14,0.57,15.0,27.0
2026-02-19T14:00,-5.9,0.00,0.21,0.57,13.9,25.4
2026-02-19T15:00,-5.7,0.00,0.56,0.58,11.9,23.0
2026-02-19T16:00,-5.6,0.00,0.77,0.58,10.0,19.4
2026-02-19T17:00,-5.6,0.00,0.63,0.59,9.7,18.9
2026-02-19T18:00,-5.4,0.00,0.49,0.60,9.3,18.2
2026-02-19T19:00,-5.5,0.00,0.42,0.60,8.2,16.3
2026-02-19T20:00,-5.7,0.00,0.35,0.60,7.6,15.4
2026-02-19T21:00,-5.8,0.00,0.21,0.60,6.1,12.9
2026-02-19T22:00,-5.9,0.00,0.14,0.60,6.0,12.7
2026-02-19T23:00,-6.0,0.00,0.14,0.61,6.4,13.0
2026-02-20T00:00,-6.1,0.00,0.07,0.59,9.5,17.9
2026-02-20T01:00,-6.7,0.00,0.14,0.59,12.2,22.0
2026-02-20T02:00,-7.8,0.00,0.00,0.59,12.5,22.3
2026-02-20T03:00,-8.9,0.00,0.00,0.59,12.0,22.4
2026-02-20T04:00,-9.5,0.00,0.00,0.59,12.2,22.6
2026-02-20T05:00,-9.8,0.00,0.00,0.59,12.3,22.6
2026-02-20T06:00,-9.5,0.00,0.07,0.69,12.2,21.5
2026-02-20T07:00,-9.4,0.00,0.07,0.69,11.8,21.3
2026-02-20T08:00,-9.0,0.00,0.07,0.69,12.3,20.2
2026-02-20T09:00,-8.6,0.00,0.07,0.69,12.3,19.5
2026-02-20T10:00,-8.1,0.00,0.07,0.68,13.9,21.9
2026-02-20T11:00,-7.8,0.00,0.07,0.68,15.4,25.3
2026-02-20T12:00,-7.8,0.00,0.07,0.68,14.6,24.7
2026-02-20T13:00,-8.0,0.00,0.00,0.68,14.6,25.9
2026-02-20T14:00,-8.2,0.00,0.00,0.68,15.0,26.5
2026-02-20T15:00,-8.3,0.00,0.00,0.67,15.2,27.2
2026-02-20T16:00,-8.2,0.00,0.07,0.67,15.7,28.3
2026-02-20T17:00,-8.2,0.00,0.07,0.67,16.4,29.4
2026-02-20T18:00,-7.9,0.00,0.00,0.67,16.7,29.9
2026-02-20T19:00,-7.8,0.00,0.07,0.67,16.2,29.3
2026-02-20T20:00,-7.6,0.00,0.07,0.67,17.3,30.8
2026-02-20T21:00,-7.7,0.00,0.07,0.67,18.4,32.4
2026-02-20T22:00,-7.7,0.00,0.07,0.67,18.8,33.0
2026-02-20T23:00,-7.8,0.00,0.07,0.67,18.2,32.1
2026-02-21T00:00,-8.8,0.00,0.07,0.66,17.5,30.8
2026-02-21T01:00,-8.9,0.00,0.07,0.66,16.7,29.6
2026-02-21T02:00,-8.9,0.00,0.00,0.66,15.8,28.3
2026-02-21T03:00,-9.0,0.00,0.00,0.66,14.3,26.2
2026-02-21T04:00,-8.9,0.00,0.07,0.66,13.6,25.3
2026-02-21T05:00,-8.4,0.00,0.07,0.66,14.2,26.1
2026-02-21T06:00,-7.2,0.00,0.00,0.68,16.0,29.0
2026-02-21T07:00,-6.3,0.00,0.00,0.68,16.8,29.5
2026-02-21T08:00,-5.3,0.00,0.00,0.68,14.2,25.3
2026-02-21T09:00,-4.5,0.00,0.00,0.68,16.2,28.6
2026-02-21T10:00,-3.7,0.00,0.00,0.68,14.5,25.9
2026-02-21T11:00,-3.6,0.00,0.00,0.67,13.6,25.7
2026-02-21T12:00,-3.0,0.00,0.00,0.67,11.3,23.9
2026-02-21T13:00,-2.9,0.00,0.00,0.67,12.4,26.5
2026-02-21T14:00,-3.2,0.00,0.00,0.67,11.5,26.0
2026-02-21T15:00,-4.2,0.00,0.00,0.67,11.0,26.6
2026-02-21T16:00,-4.7,0.00,0.00,0.67,12.7,29.1
2026-02-21T17:00,-5.1,0.00,0.00,0.67,13.0,29.7
2026-02-21T18:00,-4.4,0.00,0.00,0.66,12.5,28.4
2026-02-21T19:00,-4.5,0.00,0.00,0.66,12.5,28.1
2026-02-21T20:00,-5.1,0.00,0.00,0.66,11.8,27.1
2026-02-21T21:00,-5.4,0.00,0.00,0.66,12.1,27.7
2026-02-21T22:00,-5.5,0.00,0.00,0.66,12.2,27.6
2026-02-21T23:00,-5.9,0.00,0.00,0.66,12.1,27.9
2026-02-22T00:00,-6.1,0.00,0.00,0.65,12.8,28.8
2026-02-22T01:00,-5.8,0.00,0.00,0.65,14.0,30.4
2026-02-22T02:00,-5.6,0.00,0.00,0.65,14.6,31.0
2026-02-22T03:00,-5.3,0.00,0.00,0.65,16.5,33.7
2026-02-22T04:00,-5.2,0.00,0.00,0.65,16.7,33.3
2026-02-22T05:00,-5.4,0.00,0.00,0.65,16.7,33.2
2026-02-22T06:00,-5.3,0.00,0.00,0.67,18.6,36.1
2026-02-22T07:00,-5.0,0.00,0.00,0.67,19.0,35.7
2026-02-22T08:00,-4.1,0.00,0.00,0.67,19.3,36.5
2026-02-22T09:00,-3.3,0.00,0.00,0.66,21.5,39.0
2026-02-22T10:00,-3.0,0.00,0.00,0.66,24.3,43.8
2026-02-22T11:00,-2.9,0.00,0.07,0.66,24.1,43.3
2026-02-22T12:00,-1.7,0.00,0.14,0.66,20.7,37.7
2026-02-22T13:00,-1.5,0.00,0.00,0.66,21.5,39.0
2026-02-22T14:00,-1.5,0.00,0.00,0.66,22.2,39.5
2026-02-22T15:00,-1.7,0.00,0.14,0.66,20.9,37.3
2026-02-22T16:00,-1.8,0.00,0.35,0.66,20.8,37.0
2026-02-22T17:00,-1.6,0.00,0.07,0.66,19.9,35.6
2026-02-22T18:00,-1.0,0.00,0.00,0.66,18.9,33.3
2026-02-22T19:00,-0.9,0.00,0.00,0.66,17.9,31.6
2026-02-22T20:00,-0.9,0.00,0.14,0.66,21.3,36.5
2026-02-22T21:00,-1.2,0.00,0.07,0.66,19.0,33.7
2026-02-22T22:00,-1.4,0.00,0.00,0.66,18.5,33.8
2026-02-22T23:00,-2.0,0.00,0.00,0.66,16.9,31.0
2026-02-23T00:00,-2.3,0.00,0.00,0.65,15.3,29.6
2026-02-23T01:00,-3.3,0.00,0.00,0.65,13.2,27.2
2026-02-23T02:00,-4.7,0.00,0.00,0.65,13.6,28.4
2026-02-23T03:00,-5.4,0.00,0.00,0.65,14.3,29.0
2026-02-23T04:00,-4.9,0.00,0.00,0.65,14.4,27.0
2026-02-23T05:00,-4.9,0.00,0.00,0.65,13.0,24.5
2026-02-23T06:00,-4.6,0.00,0.00,0.65,10.1,22.0
2026-02-23T07:00,-5.1,0.00,0.00,0.65,9.7,21.5
2026-02-23T08:00,-4.9,0.00,0.00,0.65,9.1,19.6
2026-02-23T09:00,-4.4,0.00,0.00,0.65,7.4,17.6
2026-02-23T10:00,-3.8,0.00,0.00,0.65,5.5,15.0
2026-02-23T11:00,-3.3,0.00,0.00,0.65,3.9,12.2
2026-02-23T12:00,-2.7,0.00,0.00,0.64,2.6,7.5
2026-02-23T13:00,-3.2,0.00,0.00,0.64,1.9,6.2
2026-02-23T14:00,-5.5,0.00,0.00,0.64,3.1,6.2
2026-02-23T15:00,-7.3,0.00,0.00,0.64,6.2,10.9
2026-02-23T16:00,-8.7,0.00,0.00,0.64,7.1,16.4
2026-02-23T17:00,-9.5,0.00,0.00,0.64,6.9,17.5
2026-02-23T18:00,-9.7,0.00,0.00,0.64,7.2,19.4
2026-02-23T19:00,-10.4,0.00,0.00,0.64,6.8,19.9
2026-02-23T20:00,-11.1,0.00,0.00,0.64,6.0,18.5
2026-02-23T21:00,-11.1,0.00,0.00,0.64,6.2,17.7
2026-02-23T22:00,-10.5,0.00,0.00,0.64,6.6,19.5
2026-02-23T23:00,-9.7,0.00,0.00,0.64,6.5,20.0
2026-02-24T00:00,-10.4,0.00,0.00,0.64,6.7,20.2
2026-02-24T01:00,-8.1,0.00,0.00,0.63,8.3,21.0
2026-02-24T02:00,-6.5,0.00,0.00,0.63,10.1,21.9
2026-02-24T03:00,-5.6,0.00,0.00,0.63,10.6,22.1
2026-02-24T04:00,-5.1,0.00,0.00,0.63,11.0,21.4
2026-02-24T05:00,-5.0,0.00,0.07,0.63,11.5,21.4
2026-02-24T06:00,-5.0,0.00,0.07,0.63,12.2,23.2
2026-02-24T07:00,-5.0,0.00,0.14,0.63,11.8,19.9
2026-02-24T08:00,-5.0,0.00,0.21,0.63,13.1,21.2
2026-02-24T09:00,-4.8,0.00,0.21,0.63,12.5,20.3
2026-02-24T10:00,-4.6,0.00,0.28,0.64,13.1,20.9
2026-02-24T11:00,-4.6,0.00,0.42,0.64,12.5,20.5
2026-02-24T12:00,-4.4,0.00,0.28,0.64,11.7,20.1
2026-02-24T13:00,-4.5,0.00,0.42,0.65,11.9,21.3
2026-02-24T14:00,-4.7,0.00,0.49,0.65,11.5,21.0
2026-02-24T15:00,-4.7,0.00,0.56,0.66,11.6,21.6
2026-02-24T16:00,-4.8,0.00,0.49,0.66,12.3,22.8
2026-02-24T17:00,-4.9,0.00,0.42,0.67,12.4,23.0
2026-02-24T18:00,-5.0,0.00,0.42,0.67,11.6,21.4
2026-02-24T19:00,-5.2,0.00,0.28,0.67,11.0,20.4
2026-02-24T20:00,-5.3,0.00,0.21,0.67,11.0,20.4
2026-02-24T21:00,-5.4,0.00,0.21,0.68,10.8,20.3
2026-02-24T22:00,-5.5,0.00,0.14,0.68,10.3,19.7
2026-02-24T23:00,-5.5,0.00,0.14,0.68,9.8,18.9
2026-02-25T00:00,-6.4,0.00,0.14,0.68,8.6,16.8
2026-02-25T01:00,-6.3,0.00,0.14,0.68,8.6,16.2
2026-02-25T02:00,-6.3,0.00,0.14,0.68,7.7,15.2
2026-02-25T03:00,-6.2,0.00,0.14,0.68,7.8,15.1
2026-02-25T04:00,-6.1,0.00,0.14,0.68,7.8,15.5
2026-02-25T05:00,-6.1,0.00,0.07,0.68,8.1,15.7
2026-02-25T06:00,-6.0,0.00,0.07,0.72,8.0,13.1
2026-02-25T07:00,-5.8,0.00,0.07,0.72,7.3,11.2
2026-02-25T08:00,-5.4,0.00,0.00,0.72,7.5,10.4
2026-02-25T09:00,-4.9,0.00,0.00,0.72,7.8,11.1
2026-02-25T10:00,-4.5,0.00,0.00,0.72,7.8,11.9
2026-02-25T11:00,-4.1,0.00,0.07,0.72,8.3,12.9
2026-02-25T12:00,-4.7,0.00,0.07,0.72,8.3,12.9
2026-02-25T13:00,-4.6,0.00,0.07,0.72,7.5,13.7
2026-02-25T14:00,-4.6,0.00,0.07,0.72,7.6,15.0
2026-02-25T15:00,-4.7,0.00,0.07,0.72,8.6,16.5
2026-02-25T16:00,-4.9,0.00,0.07,0.71,9.0,17.3
2026-02-25T17:00,-5.1,0.00,0.00,0.71,8.7,16.9
2026-02-25T18:00,-5.2,0.00,0.00,0.71,8.1,16.2
2026-02-25T19:00,-5.5,0.00,0.00,0.71,8.3,16.5
2026-02-25T20:00,-5.7,0.00,0.00,0.71,8.6,17.3
2026-02-25T21:00,-6.0,0.00,0.00,0.71,8.5,16.9
2026-02-25T22:00,-6.6,0.00,0.00,0.71,8.8,18.5
2026-02-25T23:00,-7.4,0.00,0.00,0.71,8.3,19.2
2026-02-26T00:00,-8.0,0.00,0.00,0.71,8.6,19.6
2026-02-26T01:00,-7.5,0.00,0.00,0.70,8.6,18.5
2026-02-26T02:00,-7.2,0.00,0.00,0.70,8.7,17.1
2026-02-26T03:00,-7.2,0.00,0.00,0.70,8.5,16.3
2026-02-26T04:00,-7.3,0.00,0.00,0.70,9.0,16.7
2026-02-26T05:00,-7.5,0.00,0.00,0.70,8.4,15.4
2026-02-26T06:00,-6.7,0.00,0.00,0.72,8.0,13.6
2026-02-26T07:00,-6.8,0.00,0.00,0.72,7.9,12.5
2026-02-26T08:00,-6.7,0.00,0.00,0.72,7.4,11.0
2026-02-26T09:00,-6.4,0.00,0.00,0.72,5.9,8.6
2026-02-26T10:00,-6.1,0.00,0.00,0.72,4.9,7.0
2026-02-26T11:00,-5.8,0.00,0.00,0.72,5.4,7.6
2026-02-26T12:00,-5.1,0.00,0.00,0.71,7.2,10.7
2026-02-26T13:00,-5.0,0.00,0.00,0.71,6.3,9.9
2026-02-26T14:00,-5.0,0.00,0.00,0.71,4.0,8.6
2026-02-26T15:00,-5.4,0.00,0.00,0.71,4.1,9.6
2026-02-26T16:00,-5.8,0.00,0.00,0.71,3.1,8.6
2026-02-26T17:00,-6.0,0.00,0.00,0.71,2.8,8.1
2026-02-26T18:00,-5.4,0.00,0.00,0.71,3.4,9.6
2026-02-26T19:00,-5.4,0.00,0.00,0.71,5.1,11.9
2026-02-26T20:00,-5.6,0.00,0.00,0.71,5.9,13.8
2026-02-26T21:00,-5.5,0.00,0.00,0.71,6.6,14.9
2026-02-26T22:00,-5.6,0.00,0.00,0.70,6.1,14.4
2026-02-26T23:00,-5.6,0.00,0.00,0.70,6.5,15.1
2026-02-27T00:00,-5.4,0.00,0.00,0.70,6.4,13.2
2026-02-27T01:00,-5.6,0.00,0.00,0.70,6.0,12.8
2026-02-27T02:00,-5.6,0.00,0.00,0.70,7.0,14.5
2026-02-27T03:00,-5.4,0.00,0.00,0.70,9.3,17.9
2026-02-27T04:00,-5.7,0.00,0.00,0.70,11.1,19.7
2026-02-27T05:00,-5.8,0.00,0.00,0.70,11.3,20.4
2026-02-27T06:00,-5.3,0.00,0.00,0.71,12.8,21.9
2026-02-27T07:00,-5.4,0.00,0.00,0.70,12.2,20.1
2026-02-27T08:00,-5.0,0.00,0.00,0.70,12.9,19.6
2026-02-27T09:00,-4.5,0.00,0.00,0.70,14.7,22.8
2026-02-27T10:00,-4.2,0.00,0.00,0.70,13.4,21.5
2026-02-27T11:00,-3.8,0.00,0.00,0.70,13.1,21.1
2026-02-27T12:00,-2.8,0.00,0.07,0.70,12.2,21.8
2026-02-27T13:00,-2.7,0.00,0.14,0.70,12.9,24.0
2026-02-27T14:00,-2.6,0.00,0.07,0.70,12.6,24.1
2026-02-27T15:00,-2.5,0.00,0.00,0.70,14.6,27.5
2026-02-27T16:00,-2.3,0.00,0.00,0.70,15.3,28.9
2026-02-27T17:00,-2.3,0.00,0.00,0.70,15.3,28.9
2026-02-27T18:00,-1.5,0.00,0.00,0.70,16.5,31.5
2026-02-27T19:00,-1.5,0.00,0.00,0.70,16.3,31.4
2026-02-27T20:00,-1.3,0.00,0.00,0.70,15.9,30.3
2026-02-27T21:00,-1.2,0.00,0.00,0.70,16.3,30.5
2026-02-27T22:00,-1.1,0.00,0.00,0.70,15.3,28.7
2026-02-27T23:00,-1.1,0.20,0.00,0.69,15.4,28.5
2026-02-28T00:00,-1.5,0.20,0.00,0.70,14.1,27.1
2026-02-28T01:00,-1.5,0.00,0.00,0.70,14.4,27.9
2026-02-28T02:00,-1.7,0.00,0.00,0.70,14.6,28.3
2026-02-28T03:00,-1.6,0.00,0.00,0.69,15.0,28.8
2026-02-28T04:00,-2.0,0.00,0.00,0.69,14.3,28.3
2026-02-28T05:00,-1.6,0.00,0.00,0.69,14.5,28.1
2026-02-28T06:00,-0.8,0.00,0.00,0.68,14.1,26.6
2026-02-28T07:00,-0.2,0.50,0.00,0.68,12.5,24.1
2026-02-28T08:00,0.6,0.20,0.00,0.68,13.4,25.2
2026-02-28T09:00,0.8,0.10,0.00,0.68,14.3,27.0
2026-02-28T10:00,1.2,0.30,0.14,0.68,12.6,24.5
2026-02-28T11:00,1.6,0.30,0.00,0.68,12.1,23.6
2026-02-28T12:00,1.2,0.20,0.00,0.68,11.3,22.0
2026-02-28T13:00,1.4,0.00,0.00,0.68,11.7,23.2
2026-02-28T14:00,1.5,0.00,0.00,0.67,11.1,22.4
2026-02-28T15:00,1.6,0.00,0.00,0.67,10.9,22.5
2026-02-28T16:00,1.7,0.00,0.00,0.67,10.5,22.2
2026-02-28T17:00,1.7,0.00,0.00,0.67,10.6,22.4
2026-02-28T18:00,1.8,0.00,0.00,0.67,9.5,21.1
2026-02-28T19:00,1.7,0.00,0.00,0.67,9.0,20.7
2026-02-28T20:00,1.7,0.00,0.00,0.66,9.0,20.7
2026-02-28T21:00,1.8,0.00,0.00,0.66,9.4,21.2
2026-02-28T22:00,1.9,0.00,0.00,0.66,9.1,21.0
2026-02-28T23:00,1.9,0.00,0.00,0.66,8.6,20.1
2026-03-01T00:00,1.6,0.00,0.00,0.65,6.9,16.6
2026-03-01T01:00,1.5,0.00,0.00,0.65,6.8,16.4
2026-03-01T02:00,1.4,0.00,0.00,0.64,6.1,15.1
2026-03-01T03:00,1.3,0.00,0.00,0.64,5.2,13.7
2026-03-01T04:00,1.2,0.00,0.00,0.64,4.3,11.3
2026-03-01T05:00,1.1,0.00,0.00,0.64,4.5,10.9
2026-03-01T06:00,1.3,0.00,0.00,0.62,4.0,10.0
2026-03-01T07:00,1.4,0.00,0.00,0.62,3.1,8.3
2026-03-01T08:00,1.7,0.00,0.00,0.61,2.4,6.4
2026-03-01T09:00,2.1,0.00,0.00,0.61,2.3,7.1
2026-03-01T10:00,2.2,0.00,0.00,0.61,2.2,5.1
2026-03-01T11:00,2.2,0.00,0.00,0.60,3.1,6.6
2026-03-01T12:00,2.2,0.10,0.00,0.60,2.5,4.5
2026-03-01T13:00,2.2,0.00,0.00,0.60,3.2,6.9
2026-03-01T14:00,1.8,0.00,0.00,0.60,5.6,12.4
2026-03-01T15:00,1.5,0.00,0.00,0.60,6.2,16.2
2026-03-01T16:00,1.6,0.00,0.00,0.60,5.9,15.7
2026-03-01T17:00,1.7,0.00,0.00,0.60,6.3,15.9
2026-03-01T18:00,2.2,0.00,0.00,0.59,7.2,18.0
2026-03-01T19:00,2.1,0.00,0.00,0.59,7.8,19.5
2026-03-01T20:00,1.6,0.00,0.00,0.59,7.6,19.5
2026-03-01T21:00,1.0,0.00,0.00,0.59,7.2,19.2
2026-03-01T22:00,0.9,0.00,0.00,0.59,8.0,20.5
2026-03-01T23:00,0.9,0.00,0.00,0.59,8.0,20.7
2026-03-02T00:00,1.5,0.00,0.00,0.59,8.0,20.5
2026-03-02T01:00,1.1,0.00,0.00,0.59,8.4,21.5
2026-03-02T02:00,0.9,0.00,0.00,0.59,9.3,22.4
2026-03-02T03:00,0.6,0.00,0.00,0.59,10.4,23.6
2026-03-02T04:00,0.3,0.00,0.00,0.59,10.9,24.3
2026-03-02T05:00,0.1,0.00,0.00,0.59,11.1,24.1
2026-03-02T06:00,0.9,0.00,0.00,0.56,10.8,22.9
2026-03-02T07:00,1.4,0.00,0.00,0.56,10.2,22.1
2026-03-02T08:00,2.1,0.00,0.00,0.56,9.9,21.7
2026-03-02T09:00,2.5,0.00,0.00,0.55,10.4,22.4
2026-03-02T10:00,2.4,0.10,0.00,0.55,10.9,22.6
2026-03-02T11:00,2.4,0.00,0.00,0.55,11.6,23.7
2026-03-02T12:00,2.1,0.00,0.00,0.54,10.3,22.4
2026-03-02T13:00,1.6,0.60,0.42,0.54,13.1,24.8
2026-03-02T14:00,1.0,0.50,0.28,0.54,13.8,26.7
2026-03-02T15:00,1.0,0.30,0.49,0.55,13.8,26.9
2026-03-02T16:00,1.1,0.20,0.21,0.55,14.8,28.4
2026-03-02T17:00,1.0,0.20,0.28,0.55,14.2,27.1
2026-03-02T18:00,0.9,0.10,0.42,0.55,13.0,25.3
2026-03-02T19:00,0.9,0.20,0.56,0.55,12.4,24.3
2026-03-02T20:00,0.9,0.10,0.70,0.56,11.9,23.5
2026-03-02T21:00,0.9,0.20,0.49,0.56,12.0,23.8
2026-03-02T22:00,0.9,0.10,0.28,0.56,13.2,25.6
2026-03-02T23:00,0.9,0.10,0.07,0.56,13.3,25.3
2026-03-03T00:00,0.8,0.00,0.00,0.56,11.5,21.5
2026-03-03T01:00,0.8,0.00,0.00,0.56,11.9,22.7
2026-03-03T02:00,0.8,0.00,0.00,0.56,12.0,22.6
2026-03-03T03:00,0.7,0.00,0.00,0.56,12.7,23.5
2026-03-03T04:00,0.6,0.00,0.00,0.56,13.5,24.1
2026-03-03T05:00,0.2,0.00,0.00,0.56,13.5,23.8
2026-03-03T06:00,0.3,0.00,0.00,0.53,13.3,23.9
2026-03-03T07:00,0.5,0.00,0.00,0.53,12.9,22.8
2026-03-03T08:00,0.6,0.00,0.00,0.53,12.8,22.8
2026-03-03T09:00,0.7,0.00,0.00,0.53,13.5,23.6
2026-03-03T10:00,0.7,0.00,0.00,0.53,14.0,24.1
2026-03-03T11:00,0.8,0.00,0.00,0.52,12.0,22.0
2026-03-03T12:00,0.6,0.00,0.00,0.52,10.6,19.6
2026-03-03T13:00,0.9,0.00,0.00,0.52,10.7,20.3
2026-03-03T14:00,0.6,0.00,0.00,0.52,12.1,22.2
2026-03-03T15:00,0.3,0.00,0.00,0.52,12.2,22.7
2026-03-03T16:00,0.1,0.00,0.00,0.52,9.7,18.9
2026-03-03T17:00,-0.3,0.00,0.00,0.52,8.9,17.3
2026-03-03T18:00,0.4,0.00,0.07,0.52,11.5,21.6
2026-03-03T19:00,-0.6,0.00,0.00,0.52,9.1,19.1
2026-03-03T20:00,-1.1,0.00,0.00,0.52,7.1,16.6
2026-03-03T21:00,-1.6,0.00,0.00,0.52,6.5,14.6
2026-03-03T22:00,-2.0,0.00,0.00,0.52,4.9,12.2
2026-03-03T23:00,-2.1,0.00,0.00,0.52,4.1,9.8
2026-03-04T00:00,-3.1,0.00,0.00,0.52,3.5,8.6
2026-03-04T01:00,-3.1,0.00,0.00,0.52,3.4,7.9
2026-03-04T02:00,-3.4,0.00,0.00,0.52,1.2,2.9
2026-03-04T03:00,-3.3,0.00,0.00,0.52,5.0,8.0
2026-03-04T04:00,-2.9,0.00,0.00,0.52,7.2,15.7
2026-03-04T05:00,-2.8,0.00,0.00,0.52,8.1,16.3
2026-03-04T06:00,-1.7,0.00,0.00,0.51,8.4,16.9
2026-03-04T07:00,-1.2,0.00,0.07,0.51,10.1,18.3
2026-03-04T08:00,-1.1,0.00,0.28,0.51,12.3,22.1
2026-03-04T09:00,-0.9,0.00,0.42,0.51,12.3,22.2
2026-03-04T10:00,-0.7,0.10,0.21,0.51,11.9,21.6
2026-03-04T11:00,-0.2,0.00,0.28,0.52,11.2,21.0
2026-03-04T12:00,-0.2,0.00,0.35,0.52,10.2,18.2
2026-03-04T13:00,0.2,0.10,0.00,0.52,9.1,16.4
2026-03-04T14:00,0.5,0.00,0.07,0.52,8.0,16.9
2026-03-04T15:00,0.6,0.00,0.07,0.52,9.3,18.7
2026-03-04T16:00,0.6,0.00,0.07,0.52,9.6,19.5
2026-03-04T17:00,0.7,0.10,0.07,0.52,10.8,21.3
2026-03-04T18:00,0.8,0.00,0.35,0.53,11.9,23.7
2026-03-04T19:00,1.0,0.10,0.00,0.53,13.5,26.4
2026-03-04T20:00,1.0,0.00,0.00,0.53,12.0,24.5
2026-03-04T21:00,0.2,0.00,0.00,0.53,9.7,22.0
2026-03-04T22:00,-1.0,0.00,0.00,0.52,10.0,23.6
2026-03-04T23:00,-1.3,0.00,0.00,0.52,9.9,22.6
2026-03-05T00:00,-0.9,0.00,0.00,0.53,8.1,18.6
2026-03-05T01:00,-1.9,0.00,0.00,0.53,8.5,20.1
2026-03-05T02:00,-2.5,0.00,0.00,0.52,8.5,21.5
2026-03-05T03:00,-2.4,0.00,0.00,0.52,8.5,20.8
2026-03-05T04:00,-3.1,0.00,0.00,0.52,9.3,22.1
2026-03-05T05:00,-3.6,0.00,0.00,0.52,9.0,22.0
2026-03-05T06:00,-1.6,0.00,0.00,0.52,6.5,17.6
2026-03-05T07:00,-0.4,0.00,0.00,0.52,6.6,16.0
2026-03-05T08:00,0.7,0.00,0.00,0.52,5.9,12.5
2026-03-05T09:00,1.3,0.10,0.00,0.52,5.2,11.1
2026-03-05T10:00,1.5,0.00,0.00,0.52,6.2,12.2
2026-03-05T11:00,1.8,0.00,0.14,0.52,5.6,12.7
2026-03-05T12:00,1.2,0.10,0.00,0.52,4.9,11.6
2026-03-05T13:00,1.3,0.00,0.00,0.52,5.4,13.1
2026-03-05T14:00,1.1,0.00,0.00,0.52,5.5,14.3
2026-03-05T15:00,0.6,0.00,0.00,0.52,4.9,12.6
2026-03-05T16:00,-0.4,0.00,0.00,0.52,5.4,13.6
2026-03-05T17:00,-0.1,0.00,0.00,0.52,6.5,14.7
2026-03-05T18:00,-1.4,0.00,0.00,0.52,6.0,17.0
2026-03-05T19:00,-2.1,0.00,0.00,0.52,7.2,18.6
2026-03-05T20:00,-3.9,0.00,0.00,0.52,6.1,17.4
2026-03-05T21:00,-4.6,0.00,0.00,0.52,5.9,17.7
2026-03-05T22:00,-3.3,0.00,0.00,0.52,6.9,18.7
2026-03-05T23:00,-5.0,0.00,0.00,0.52,5.5,16.4
2026-03-06T00:00,-3.4,0.00,0.00,0.52,4.2,11.4
2026-03-06T01:00,-5.1,0.00,0.00,0.52,7.0,18.1
2026-03-06T02:00,-6.5,0.00,0.00,0.52,7.1,19.0
2026-03-06T03:00,-8.9,0.00,0.00,0.52,5.7,17.4
2026-03-06T04:00,-10.3,0.00,0.00,0.52,4.9,15.4
2026-03-06T05:00,-10.5,0.00,0.00,0.52,4.2,14.4
2026-03-06T06:00,-6.5,0.00,0.00,0.50,5.0,14.3
2026-03-06T07:00,-5.1,0.00,0.00,0.50,3.2,12.6
2026-03-06T08:00,-3.7,0.00,0.00,0.50,3.3,7.2
2026-03-06T09:00,-2.7,0.00,0.00,0.50,3.1,4.7
2026-03-06T10:00,-1.9,0.00,0.00,0.50,2.4,4.1
2026-03-06T11:00,-1.1,0.00,0.00,0.50,3.2,4.7
2026-03-06T12:00,-0.6,0.00,0.00,0.50,4.6,8.1
2026-03-06T13:00,-0.2,0.00,0.00,0.50,5.7,11.7
2026-03-06T14:00,-0.5,0.00,0.00,0.50,5.7,12.7
2026-03-06T15:00,-1.2,0.00,0.00,0.50,4.6,12.7
2026-03-06T16:00,-1.7,0.00,0.00,0.50,4.3,11.5
2026-03-06T17:00,-1.8,0.00,0.00,0.50,5.6,13.7
2026-03-06T18:00,-1.8,0.00,0.00,0.50,5.8,15.9
2026-03-06T19:00,-1.7,0.00,0.00,0.50,7.6,19.3
2026-03-06T20:00,-1.4,0.00,0.00,0.50,8.5,19.9
2026-03-06T21:00,-1.5,0.00,0.00,0.50,7.2,16.9
2026-03-06T22:00,-2.1,0.00,0.00,0.50,6.9,15.8
2026-03-06T23:00,-3.7,0.00,0.00,0.50,7.6,18.1
2026-03-07T00:00,-3.8,0.00,0.00,0.50,9.2,21.1
2026-03-07T01:00,-3.4,0.00,0.00,0.50,8.9,21.1
2026-03-07T02:00,-3.8,0.00,0.00,0.50,10.6,24.0
2026-03-07T03:00,-4.2,0.00,0.00,0.50,11.8,25.9
2026-03-07T04:00,-4.4,0.00,0.00,0.50,12.9,28.0
2026-03-07T05:00,-4.2,0.00,0.00,0.50,13.4,28.7
2026-03-07T06:00,-2.8,0.00,0.00,0.49,14.4,30.7
2026-03-07T07:00,-1.4,0.00,0.00,0.49,18.0,31.6
2026-03-07T08:00,0.0,0.00,0.00,0.49,21.1,36.0
2026-03-07T09:00,0.7,0.00,0.00,0.49,15.7,28.6
2026-03-07T10:00,1.3,0.00,0.00,0.49,15.2,28.2
2026-03-07T11:00,1.9,0.00,0.00,0.49,15.0,27.7
2026-03-07T12:00,1.6,0.00,0.00,0.49,12.3,23.3
2026-03-07T13:00,1.8,0.00,0.00,0.49,12.2,24.5
2026-03-07T14:00,1.9,0.00,0.00,0.49,14.5,29.1
2026-03-07T15:00,1.7,0.00,0.00,0.49,15.9,31.9
2026-03-07T16:00,1.6,0.00,0.00,0.49,17.1,33.6
2026-03-07T17:00,1.5,0.00,0.00,0.49,17.7,34.5
2026-03-07T18:00,1.7,0.00,0.00,0.49,16.3,32.5
2026-03-07T19:00,1.1,0.00,0.00,0.49,15.3,31.2
2026-03-07T20:00,0.4,0.00,0.00,0.48,13.5,28.6
2026-03-07T21:00,-0.5,0.00,0.00,0.48,12.0,26.7
2026-03-07T22:00,-1.6,0.00,0.00,0.48,9.8,24.6
2026-03-07T23:00,-2.4,0.00,0.00,0.48,9.5,24.1
2026-03-08T00:00,-1.9,0.00,0.00,0.48,10.2,24.0
2026-03-08T01:00,-1.6,0.00,0.00,0.48,11.2,24.9
2026-03-08T02:00,-2.3,0.00,0.00,0.48,11.8,26.8
2026-03-08T03:00,-2.3,0.00,0.00,0.48,12.3,27.0
2026-03-08T04:00,-2.3,0.00,0.00,0.48,12.0,26.0
2026-03-08T05:00,-2.3,0.00,0.00,0.48,12.4,25.9
2026-03-08T06:00,-0.6,0.00,0.00,0.48,13.3,25.9
2026-03-08T07:00,-0.2,0.00,0.00,0.48,12.8,24.9
2026-03-08T08:00,0.7,0.00,0.00,0.48,11.4,21.5
2026-03-08T09:00,1.3,0.00,0.00,0.48,12.4,23.1
2026-03-08T10:00,1.6,0.00,0.00,0.48,12.6,23.9
2026-03-08T11:00,1.9,0.00,0.00,0.47,12.5,23.7
2026-03-08T12:00,2.1,0.00,0.00,0.47,12.0,22.9
2026-03-08T13:00,2.0,0.00,0.00,0.47,10.4,21.0
2026-03-08T14:00,1.6,0.10,0.00,0.47,9.3,19.4
2026-03-08T15:00,1.3,0.10,0.00,0.47,10.0,21.1
2026-03-08T16:00,-0.9,0.10,0.28,0.47,15.1,24.1
2026-03-08T17:00,-3.6,0.00,0.21,0.47,9.8,16.6
2026-03-08T18:00,-3.0,0.00,0.21,0.48,11.6,19.0
2026-03-08T19:00,-4.2,0.00,0.21,0.48,11.2,18.5
2026-03-08T20:00,-5.1,0.00,0.21,0.48,9.7,16.0
2026-03-08T21:00,-5.7,0.00,0.07,0.48,9.1,15.5
2026-03-08T22:00,-6.2,0.00,0.07,0.48,9.4,15.7
2026-03-08T23:00,-6.6,0.00,0.00,0.48,8.1,14.4
2026-03-09T00:00,-6.7,0.00,0.07,0.48,7.3,14.0
2026-03-09T01:00,-6.8,0.00,0.07,0.48,7.8,14.2
2026-03-09T02:00,-6.9,0.00,0.07,0.48,8.8,15.7
2026-03-09T03:00,-7.0,0.00,0.00,0.48,9.4,16.5
2026-03-09T04:00,-7.2,0.00,0.07,0.48,9.4,16.5
2026-03-09T05:00,-7.3,0.00,0.07,0.49,9.0,15.5
2026-03-09T06:00,-6.5,0.00,0.00,0.48,9.4,15.8
2026-03-09T07:00,-5.8,0.00,0.00,0.48,8.3,13.7
2026-03-09T08:00,-4.9,0.00,0.00,0.48,8.2,12.7
2026-03-09T09:00,-3.7,0.00,0.00,0.48,7.2,10.8
2026-03-09T10:00,-2.6,0.00,0.00,0.48,5.4,9.4
2026-03-09T11:00,-1.4,0.00,0.00,0.48,4.4,9.2
2026-03-09T12:00,-2.2,0.00,0.00,0.48,4.3,6.9
2026-03-09T13:00,-1.5,0.00,0.00,0.48,6.2,12.5
2026-03-09T14:00,-0.9,0.00,0.00,0.48,7.7,15.2
2026-03-09T15:00,0.4,0.00,0.00,0.48,6.0,14.7
2026-03-09T16:00,1.4,0.00,0.00,0.48,6.3,17.1
2026-03-09T17:00,1.4,0.00,0.00,0.48,9.5,23.5
2026-03-09T18:00,1.0,0.00,0.00,0.48,6.6,20.2
2026-03-09T19:00,2.1,0.00,0.00,0.48,10.2,24.3
2026-03-09T20:00,2.4,0.00,0.00,0.47,12.4,27.9
2026-03-09T21:00,2.5,0.00,0.00,0.47,13.9,29.9
2026-03-09T22:00,2.6,0.00,0.00,0.47,11.9,26.7
2026-03-09T23:00,2.3,0.00,0.00,0.47,11.5,25.6
2026-03-10T00:00,2.5,0.00,0.00,0.47,9.6,22.6
2026-03-10T01:00,1.8,0.00,0.00,0.47,12.9,28.7
2026-03-10T02:00,1.3,0.00,0.00,0.47,13.5,29.7
2026-03-10T03:00,1.4,0.00,0.00,0.47,14.1,29.8
2026-03-10T04:00,1.7,0.00,0.00,0.47,13.7,28.7
2026-03-10T05:00,1.7,0.00,0.00,0.47,14.0,28.8
2026-03-10T06:00,2.9,0.00,0.00,0.47,12.3,26.0
2026-03-10T07:00,3.1,0.00,0.00,0.47,11.2,23.8
2026-03-10T08:00,3.5,0.00,0.00,0.47,9.6,22.5
2026-03-10T09:00,4.0,0.00,0.00,0.46,8.5,20.9
2026-03-10T10:00,4.3,0.00,0.00,0.46,7.4,19.1
2026-03-10T11:00,4.5,0.00,0.00,0.45,7.0,18.9
2026-03-10T12:00,5.7,0.00,0.00,0.45,6.8,19.0
2026-03-10T13:00,5.3,0.00,0.00,0.45,8.9,24.2
2026-03-10T14:00,4.9,0.00,0.00,0.45,9.4,24.9
2026-03-10T15:00,4.3,0.00,0.00,0.45,11.2,27.8
2026-03-10T16:00,3.8,0.00,0.00,0.45,11.9,28.8
2026-03-10T17:00,3.1,0.00,0.00,0.45,11.7,28.5
2026-03-10T18:00,3.6,0.00,0.00,0.45,10.6,27.2
2026-03-10T19:00,3.0,0.00,0.00,0.45,10.6,27.2
2026-03-10T20:00,2.6,0.00,0.00,0.45,11.0,27.4
2026-03-10T21:00,2.2,0.00,0.00,0.45,11.4,27.4
2026-03-10T22:00,1.7,0.00,0.00,0.45,11.2,26.8
2026-03-10T23:00,1.3,0.00,0.00,0.45,11.3,26.9
2026-03-11T00:00,1.9,0.00,0.00,0.45,10.9,26.6
2026-03-11T01:00,1.3,0.00,0.00,0.45,10.4,25.6
2026-03-11T02:00,0.6,0.00,0.00,0.45,9.9,24.8
2026-03-11T03:00,0.0,0.00,0.00,0.45,9.8,24.5
2026-03-11T04:00,-0.5,0.00,0.00,0.45,9.9,24.8
2026-03-11T05:00,-0.5,0.00,0.00,0.45,9.8,24.2
2026-03-11T06:00,1.5,0.00,0.00,0.45,9.3,23.0
2026-03-11T07:00,2.5,0.00,0.00,0.45,10.1,23.4
2026-03-11T08:00,3.6,0.00,0.00,0.44,10.3,25.0
2026-03-11T09:00,4.5,0.00,0.00,0.44,10.3,26.3
2026-03-11T10:00,5.2,0.00,0.00,0.44,10.6,27.2
2026-03-11T11:00,5.7,0.00,0.00,0.43,9.7,25.8
2026-03-11T12:00,6.4,0.00,0.00,0.43,9.8,25.8
2026-03-11T13:00,6.1,0.00,0.00,0.43,10.5,28.0
2026-03-11T14:00,5.8,0.00,0.00,0.42,11.5,29.4
2026-03-11T15:00,5.3,0.00,0.00,0.42,12.5,31.0
2026-03-11T16:00,4.8,0.00,0.00,0.42,13.6,32.6
2026-03-11T17:00,4.4,0.00,0.00,0.42,12.7,30.8
2026-03-11T18:00,5.0,0.00,0.00,0.42,12.3,30.4
2026-03-11T19:00,4.5,0.00,0.00,0.42,12.2,30.2
2026-03-11T20:00,3.6,0.00,0.00,0.41,11.7,28.1
2026-03-11T21:00,3.0,0.00,0.00,0.41,11.5,27.2
2026-03-11T22:00,2.8,0.00,0.00,0.41,10.6,25.2
2026-03-11T23:00,2.3,0.00,0.00,0.41,8.5,22.0
2026-03-12T00:00,3.3,0.00,0.00,0.42,9.0,23.5
2026-03-12T01:00,2.5,0.00,0.00,0.42,10.1,24.6
2026-03-12T02:00,2.5,0.00,0.00,0.42,10.5,24.9
2026-03-12T03:00,2.0,0.00,0.00,0.42,7.4,19.8
2026-03-12T04:00,1.6,0.00,0.00,0.42,9.6,23.5
2026-03-12T05:00,1.6,0.00,0.00,0.42,9.1,22.3
2026-03-12T06:00,2.9,0.00,0.00,0.42,8.1,21.0
2026-03-12T07:00,3.4,0.00,0.00,0.41,7.6,20.5
2026-03-12T08:00,4.2,0.00,0.00,0.41,6.9,21.3
2026-03-12T09:00,5.1,0.00,0.00,0.41,6.7,21.1
2026-03-12T10:00,5.8,0.00,0.00,0.40,6.7,20.4
2026-03-12T11:00,6.2,0.00,0.00,0.40,6.5,19.8
2026-03-12T12:00,7.8,0.00,0.00,0.39,5.7,15.4
2026-03-12T13:00,7.4,0.00,0.00,0.39,6.1,15.7
2026-03-12T14:00,6.5,0.00,0.00,0.39,6.8,17.0
2026-03-12T15:00,5.6,0.00,0.00,0.39,8.5,22.5
2026-03-12T16:00,4.5,0.00,0.00,0.39,8.9,24.5
2026-03-12T17:00,3.9,0.00,0.00,0.39,8.7,23.6
2026-03-12T18:00,3.0,0.00,0.00,0.39,8.0,22.2
2026-03-12T19:00,3.8,0.00,0.00,0.39,9.2,24.4
2026-03-12T20:00,3.6,0.00,0.00,0.39,8.9,24.0
2026-03-12T21:00,3.5,0.00,0.00,0.39,9.9,25.4
2026-03-12T22:00,3.3,0.00,0.00,0.39,10.2,25.7
2026-03-12T23:00,3.1,0.00,0.00,0.39,10.4,25.9
2026-03-13T00:00,3.3,0.00,0.00,0.39,10.2,25.2
2026-03-13T01:00,2.9,0.00,0.00,0.39,10.7,25.7
2026-03-13T02:00,2.5,0.00,0.00,0.39,10.4,25.6
2026-03-13T03:00,2.1,0.00,0.00,0.39,10.1,24.9
2026-03-13T04:00,1.6,0.00,0.00,0.39,9.4,23.8
2026-03-13T05:00,1.5,0.00,0.00,0.39,9.1,22.5
2026-03-13T06:00,2.9,0.00,0.00,0.39,8.8,22.3
2026-03-13T07:00,3.5,0.00,0.00,0.39,8.0,21.4
2026-03-13T08:00,4.2,0.00,0.00,0.39,7.0,21.3
2026-03-13T09:00,5.0,0.00,0.00,0.38,7.2,22.5
2026-03-13T10:00,5.7,0.00,0.00,0.38,7.5,23.6
2026-03-13T11:00,6.3,0.00,0.00,0.37,8.8,24.6
2026-03-13T12:00,7.4,0.00,0.00,0.37,8.4,22.2
2026-03-13T13:00,6.7,0.00,0.00,0.36,9.4,25.5
2026-03-13T14:00,6.2,0.00,0.00,0.36,9.8,26.5
2026-03-13T15:00,5.5,0.00,0.00,0.36,10.1,27.2
2026-03-13T16:00,4.8,0.00,0.00,0.36,10.3,27.5
2026-03-13T17:00,4.1,0.00,0.00,0.36,9.7,26.1
2026-03-13T18:00,4.4,0.00,0.00,0.36,9.2,26.1
2026-03-13T19:00,3.9,0.00,0.00,0.36,9.3,25.6
2026-03-13T20:00,3.3,0.00,0.00,0.36,8.9,24.6
2026-03-13T21:00,2.7,0.00,0.00,0.36,8.8,23.9
2026-03-13T22:00,2.2,0.00,0.00,0.36,8.9,23.9
2026-03-13T23:00,1.9,0.00,0.00,0.36,8.6,23.4
2026-03-14T00:00,-0.1,0.00,0.00,0.36,8.0,23.1
2026-03-14T01:00,1.4,0.00,0.00,0.36,8.6,23.3
2026-03-14T02:00,1.1,0.00,0.00,0.36,8.9,23.1
2026-03-14T03:00,0.6,0.00,0.00,0.36,9.1,23.0
2026-03-14T04:00,0.1,0.00,0.00,0.36,9.3,23.2
2026-03-14T05:00,0.3,0.00,0.00,0.36,9.3,22.8
2026-03-14T06:00,2.3,0.00,0.00,0.37,9.2,22.9
2026-03-14T07:00,2.9,0.00,0.00,0.37,9.6,22.7
2026-03-14T08:00,3.5,0.00,0.00,0.37,9.4,23.4
2026-03-14T09:00,4.2,0.00,0.00,0.37,9.4,24.1
2026-03-14T10:00,4.9,0.00,0.00,0.36,9.0,24.4
2026-03-14T11:00,5.5,0.00,0.00,0.36,9.2,24.8
2026-03-14T12:00,5.9,0.00,0.00,0.36,9.2,24.3
2026-03-14T13:00,5.6,0.00,0.00,0.35,9.9,26.3
2026-03-14T14:00,5.2,0.00,0.00,0.35,11.3,28.3
2026-03-14T15:00,4.6,0.00,0.00,0.35,11.6,29.0
2026-03-14T16:00,3.9,0.00,0.00,0.35,11.5,28.6
2026-03-14T17:00,3.0,0.00,0.00,0.35,11.5,28.2
2026-03-14T18:00,3.9,0.00,0.00,0.35,11.9,29.2
2026-03-14T19:00,2.8,0.00,0.00,0.35,11.5,28.7
2026-03-14T20:00,1.8,0.00,0.00,0.35,11.0,27.5
2026-03-14T21:00,1.1,0.00,0.00,0.35,10.1,26.0
2026-03-14T22:00,0.4,0.00,0.00,0.35,9.6,25.3
2026-03-14T23:00,-0.2,0.00,0.00,0.35,9.2,24.5
2026-03-15T00:00,-0.5,0.00,0.00,0.35,8.4,22.9
2026-03-15T01:00,-1.2,0.00,0.00,0.35,7.5,21.6
2026-03-15T02:00,-2.4,0.00,0.00,0.35,6.9,20.6
2026-03-15T03:00,-3.8,0.00,0.00,0.35,7.0,20.3
2026-03-15T04:00,-4.5,0.00,0.00,0.35,7.0,20.7
2026-03-15T05:00,-3.5,0.00,0.00,0.35,6.7,20.4
2026-03-15T06:00,-0.1,0.00,0.00,0.36,7.7,19.4
2026-03-15T07:00,1.0,0.00,0.00,0.36,8.0,20.4
2026-03-15T08:00,1.9,0.00,0.00,0.36,7.7,21.2
2026-03-15T09:00,2.9,0.00,0.00,0.36,8.0,21.2
2026-03-15T10:00,3.7,0.00,0.00,0.35,7.8,21.3
2026-03-15T11:00,4.4,0.00,0.00,0.35,7.7,21.5
2026-03-15T12:00,5.2,0.00,0.00,0.35,8.1,21.8
2026-03-15T13:00,4.9,0.00,0.00,0.35,8.0,22.1
2026-03-15T14:00,4.3,0.00,0.00,0.35,9.1,23.5
2026-03-15T15:00,3.6,0.00,0.00,0.34,9.2,24.2
2026-03-15T16:00,2.6,0.00,0.00,0.34,9.6,24.6
2026-03-15T17:00,2.1,0.00,0.00,0.34,9.5,24.7
2026-03-15T18:00,2.6,0.00,0.00,0.35,10.1,25.8
2026-03-15T19:00,1.9,0.00,0.00,0.34,9.1,24.5
2026-03-15T20:00,1.2,0.00,0.00,0.34,8.8,23.8
2026-03-15T21:00,0.5,0.00,0.00,0.34,8.1,22.7
2026-03-15T22:00,-0.2,0.00,0.00,0.34,7.6,21.4
2026-03-15T23:00,-1.5,0.00,0.00,0.34,6.5,19.5
2026-03-16T00:00,-3.0,0.00,0.00,0.35,5.4,16.7
2026-03-16T01:00,-3.6,0.00,0.00,0.35,5.4,16.5
2026-03-16T02:00,-4.2,0.00,0.00,0.35,5.1,15.2
2026-03-16T03:00,-4.7,0.00,0.00,0.35,6.0,15.5
2026-03-16T04:00,-4.8,0.00,0.00,0.35,6.6,17.6
2026-03-16T05:00,-3.6,0.00,0.00,0.35,6.8,18.5
2026-03-16T06:00,-0.8,0.00,0.00,0.34,6.6,18.7
2026-03-16T07:00,1.0,0.00,0.00,0.34,5.7,16.6
2026-03-16T08:00,1.9,0.00,0.00,0.34,5.0,17.3
2026-03-16T09:00,2.7,0.00,0.00,0.34,5.7,18.2
2026-03-16T10:00,3.5,0.00,0.00,0.34,5.0,16.8
2026-03-16T11:00,4.0,0.00,0.00,0.33,4.7,14.8
2026-03-16T12:00,4.6,0.00,0.00,0.33,5.3,15.3
2026-03-16T13:00,4.7,0.00,0.00,0.33,6.0,16.8
2026-03-16T14:00,4.2,0.00,0.00,0.33,7.2,19.7
2026-03-16T15:00,3.1,0.00,0.00,0.33,8.0,21.9
2026-03-16T16:00,1.7,0.00,0.00,0.33,8.2,22.6
2026-03-16T17:00,0.5,0.00,0.00,0.33,7.3,20.9
2026-03-16T18:00,0.1,0.00,0.00,0.33,7.3,20.3
2026-03-16T19:00,-1.7,0.00,0.00,0.33,6.7,19.9
2026-03-16T20:00,-2.7,0.00,0.00,0.33,6.6,20.5
2026-03-16T21:00,-3.4,0.00,0.00,0.33,6.3,19.7
2026-03-16T22:00,-4.0,0.00,0.00,0.33,6.2,19.2
2026-03-16T23:00,-4.5,0.00,0.00,0.33,6.5,19.8
2026-03-17T00:00,-4.3,0.00,0.00,0.33,5.9,16.3
2026-03-17T01:00,-4.7,0.00,0.00,0.33,4.9,15.0
2026-03-17T02:00,-5.4,0.00,0.00,0.33,5.0,13.5
2026-03-17T03:00,-5.7,0.00,0.00,0.33,4.9,13.8
2026-03-17T04:00,-5.5,0.00,0.00,0.33,5.4,16.3
2026-03-17T05:00,-3.2,0.00,0.00,0.33,5.8,18.4
2026-03-17T06:00,0.1,0.00,0.00,0.33,7.2,19.3
2026-03-17T07:00,1.6,0.00,0.00,0.33,8.1,20.5
2026-03-17T08:00,2.8,0.00,0.00,0.33,7.6,20.9
2026-03-17T09:00,4.0,0.00,0.00,0.33,7.5,21.5
2026-03-17T10:00,4.8,0.00,0.00,0.32,7.4,21.1
2026-03-17T11:00,5.1,0.00,0.00,0.32,6.6,20.0
2026-03-17T12:00,5.7,0.00,0.00,0.32,6.0,16.6
2026-03-17T13:00,5.7,0.00,0.00,0.32,6.3,16.6
2026-03-17T14:00,5.0,0.00,0.00,0.32,6.3,16.9
2026-03-17T15:00,3.1,0.00,0.00,0.31,6.9,18.1
2026-03-17T16:00,1.7,0.00,0.00,0.31,7.5,19.8
2026-03-17T17:00,1.3,0.00,0.00,0.31,8.1,22.7
2026-03-17T18:00,1.9,0.00,0.00,0.31,8.6,23.9
2026-03-17T19:00,0.2,0.00,0.00,0.31,7.3,21.4
2026-03-17T20:00,-1.4,0.00,0.00,0.31,6.4,19.3
2026-03-17T21:00,-2.3,0.00,0.00,0.31,6.0,17.8
2026-03-17T22:00,-2.9,0.00,0.00,0.31,6.1,18.1
2026-03-17T23:00,-2.3,0.00,0.00,0.31,5.6,17.6
2026-03-18T00:00,-2.0,0.00,0.00,0.31,6.6,18.3
2026-03-18T01:00,-1.0,0.00,0.00,0.31,6.2,18.7
2026-03-18T02:00,-1.8,0.00,0.00,0.31,6.3,19.4
2026-03-18T03:00,-2.2,0.00,0.00,0.31,6.4,19.7
2026-03-18T04:00,-3.4,0.00,0.00,0.31,6.6,20.1
2026-03-18T05:00,-2.2,0.00,0.00,0.31,6.6,20.3
2026-03-18T06:00,1.3,0.00,0.00,0.32,7.3,19.8
2026-03-18T07:00,2.5,0.00,0.00,0.32,7.0,18.7
2026-03-18T08:00,3.7,0.00,0.00,0.31,5.8,18.8
2026-03-18T09:00,4.9,0.00,0.00,0.31,5.3,16.9
2026-03-18T10:00,5.9,0.00,0.00,0.31,5.3,15.0
2026-03-18T11:00,6.4,0.00,0.00,0.30,5.9,15.6
2026-03-18T12:00,6.8,0.00,0.00,0.30,5.7,15.1
2026-03-18T13:00,6.7,0.00,0.00,0.30,4.9,14.9
2026-03-18T14:00,6.2,0.00,0.00,0.30,4.4,13.6
2026-03-18T15:00,4.4,0.00,0.00,0.30,6.1,15.2
2026-03-18T16:00,2.7,0.00,0.00,0.30,7.5,20.4
2026-03-18T17:00,2.4,0.00,0.00,0.30,8.2,22.3
2026-03-18T18:00,1.5,0.00,0.00,0.30,7.2,21.1
2026-03-18T19:00,0.2,0.00,0.00,0.30,6.7,19.5
2026-03-18T20:00,-0.9,0.00,0.00,0.30,6.0,18.8
2026-03-18T21:00,-1.7,0.00,0.00,0.30,5.9,18.4
2026-03-18T22:00,-2.3,0.00,0.00,0.30,5.2,17.1
2026-03-18T23:00,-3.0,0.00,0.00,0.30,5.3,16.7
2026-03-19T00:00,-2.7,0.00,0.00,0.30,4.6,14.9
2026-03-19T01:00,-3.4,0.00,0.00,0.30,4.4,13.5
2026-03-19T02:00,-4.2,0.00,0.00,0.30,4.4,13.5
2026-03-19T03:00,-4.8,0.00,0.00,0.30,4.3,13.6
2026-03-19T04:00,-5.2,0.00,0.00,0.30,3.9,13.6
2026-03-19T05:00,-4.1,0.00,0.00,0.30,4.9,14.6
2026-03-19T06:00,-0.1,0.00,0.00,0.30,5.0,16.2
2026-03-19T07:00,1.9,0.00,0.00,0.30,4.0,14.3
2026-03-19T08:00,3.5,0.00,0.00,0.30,1.5,13.7
2026-03-19T09:00,4.6,0.00,0.00,0.30,0.6,8.7
2026-03-19T10:00,5.2,0.00,0.00,0.30,0.4,5.0
2026-03-19T11:00,5.4,0.00,0.00,0.29,0.7,0.7
2026-03-19T12:00,6.3,0.00,0.00,0.29,1.7,1.6
2026-03-19T13:00,5.8,0.00,0.00,0.29,2.0,2.5
2026-03-19T14:00,5.0,0.00,0.00,0.29,2.5,3.4
2026-03-19T15:00,3.1,0.00,0.00,0.29,3.6,5.9
2026-03-19T16:00,1.6,0.00,0.00,0.29,3.5,7.1
2026-03-19T17:00,0.8,0.00,0.00,0.29,4.9,9.7
2026-03-19T18:00,2.9,0.00,0.00,0.29,7.9,21.3
2026-03-19T19:00,2.9,0.00,0.00,0.29,9.3,23.3
2026-03-19T20:00,2.5,0.00,0.00,0.29,8.0,21.0
2026-03-19T21:00,2.0,0.00,0.00,0.29,6.4,18.0
2026-03-19T22:00,1.3,0.00,0.00,0.29,5.1,15.1
2026-03-19T23:00,-0.2,0.00,0.00,0.29,5.2,13.7
2026-03-20T00:00,-2.4,0.00,0.00,0.29,5.2,12.4
2026-03-20T01:00,-3.1,0.00,0.00,0.29,5.2,12.0
2026-03-20T02:00,-3.7,0.00,0.00,0.29,5.1,12.9
2026-03-20T03:00,-4.1,0.00,0.00,0.29,5.7,13.7
2026-03-20T04:00,-4.8,0.00,0.00,0.29,4.9,15.1
2026-03-20T05:00,-3.7,0.00,0.00,0.29,4.7,14.3
2026-03-20T06:00,-0.6,0.00,0.00,0.29,4.7,13.2
2026-03-20T07:00,0.6,0.00,0.00,0.29,3.6,13.1
2026-03-20T08:00,1.5,0.00,0.00,0.28,2.7,10.6
2026-03-20T09:00,2.2,0.00,0.00,0.28,3.3,9.1
2026-03-20T10:00,2.9,0.00,0.00,0.28,3.2,8.7
2026-03-20T11:00,3.5,0.00,0.00,0.27,3.6,8.1
2026-03-20T12:00,4.2,0.00,0.00,0.27,3.7,5.1
2026-03-20T13:00,4.1,0.00,0.00,0.27,5.1,7.8
2026-03-20T14:00,3.6,0.00,0.00,0.27,6.2,11.3
2026-03-20T15:00,1.6,0.00,0.00,0.27,5.0,11.9
2026-03-20T16:00,0.9,0.00,0.00,0.27,2.9,11.1
2026-03-20T17:00,1.8,0.00,0.00,0.27,5.8,13.4
2026-03-20T18:00,2.9,0.00,0.00,0.27,9.7,24.3
2026-03-20T19:00,2.5,0.00,0.00,0.27,9.9,24.5
2026-03-20T20:00,1.4,0.00,0.00,0.27,8.8,22.3
2026-03-20T21:00,0.3,0.00,0.00,0.27,7.7,20.5
2026-03-20T22:00,-0.5,0.00,0.00,0.27,7.8,20.0
2026-03-20T23:00,-1.2,0.00,0.00,0.27,6.6,18.8
2026-03-21T00:00,0.1,0.00,0.00,0.27,9.2,20.9
2026-03-21T01:00,-0.7,0.00,0.00,0.27,8.6,20.2
2026-03-21T02:00,-0.7,0.00,0.00,0.27,8.1,18.1
2026-03-21T03:00,-0.8,0.00,0.00,0.27,6.9,15.8
2026-03-21T04:00,-1.2,0.00,0.00,0.27,6.0,12.8
2026-03-21T05:00,-1.3,0.00,0.00,0.27,5.0,8.7
2026-03-21T06:00,-0.5,0.00,0.00,0.28,4.2,6.3
2026-03-21T07:00,-0.3,0.00,0.00,0.27,4.4,6.5
2026-03-21T08:00,0.1,0.00,0.00,0.27,4.2,6.3
2026-03-21T09:00,1.1,0.00,0.00,0.27,3.9,5.5
2026-03-21T10:00,2.3,0.00,0.00,0.27,2.3,5.9
2026-03-21T11:00,3.2,0.00,0.00,0.26,2.8,6.9
2026-03-21T12:00,5.3,0.00,0.00,0.26,2.7,8.7
2026-03-21T13:00,5.4,0.00,0.00,0.26,2.5,10.2
2026-03-21T14:00,5.1,0.00,0.00,0.26,2.8,10.5
2026-03-21T15:00,3.3,0.00,0.00,0.26,2.9,9.9
2026-03-21T16:00,1.3,0.00,0.00,0.26,3.6,10.0
2026-03-21T17:00,0.0,0.00,0.00,0.26,4.6,10.8
2026-03-21T18:00,0.1,0.00,0.00,0.26,5.6,14.0
2026-03-21T19:00,-1.1,0.00,0.00,0.26,5.3,14.0
2026-03-21T20:00,-2.0,0.00,0.00,0.26,4.9,12.6
2026-03-21T21:00,-2.2,0.00,0.00,0.26,5.1,10.6
2026-03-21T22:00,-2.7,0.00,0.00,0.26,6.4,9.9
2026-03-21T23:00,-2.9,0.00,0.00,0.26,7.9,12.0
2026-03-22T00:00,-2.0,0.00,0.00,0.26,8.3,13.8
2026-03-22T01:00,-2.4,0.00,0.00,0.26,8.1,15.9
2026-03-22T02:00,-2.9,0.00,0.00,0.26,8.0,15.7
2026-03-22T03:00,-3.4,0.00,0.00,0.26,7.7,15.1
2026-03-22T04:00,-3.6,0.00,0.00,0.26,7.9,15.1
2026-03-22T05:00,-2.8,0.00,0.00,0.26,7.6,14.9
2026-03-22T06:00,-0.1,0.00,0.00,0.25,6.9,16.1
2026-03-22T07:00,1.4,0.00,0.00,0.25,6.1,17.4
2026-03-22T08:00,2.9,0.00,0.00,0.25,4.8,17.1
2026-03-22T09:00,4.5,0.00,0.00,0.25,4.0,14.1
2026-03-22T10:00,5.9,0.00,0.00,0.24,3.1,11.6
2026-03-22T11:00,6.6,0.00,0.00,0.24,2.5,10.7
2026-03-22T12:00,7.3,0.00,0.00,0.24,3.1,11.0
2026-03-22T13:00,6.9,0.00,0.00,0.23,3.5,11.2
2026-03-22T14:00,6.4,0.00,0.00,0.23,3.1,12.0
2026-03-22T15:00,4.3,0.00,0.00,0.23,5.1,13.0
2026-03-22T16:00,1.9,0.00,0.00,0.23,6.5,15.3
2026-03-22T17:00,0.8,0.00,0.00,0.23,6.7,16.7
2026-03-22T18:00,0.7,0.00,0.00,0.23,7.0,17.5
2026-03-22T19:00,-0.5,0.00,0.00,0.23,7.2,18.4
2026-03-22T20:00,-1.4,0.00,0.00,0.23,7.0,18.7
2026-03-22T21:00,-2.2,0.00,0.00,0.23,6.7,17.5
2026-03-22T22:00,-2.6,0.00,0.00,0.23,7.0,17.3
2026-03-22T23:00,-2.8,0.00,0.00,0.23,7.0,19.1
2026-03-23T00:00,-0.7,0.00,0.00,0.23,8.5,18.6
2026-03-23T01:00,-1.1,0.00,0.00,0.23,8.0,17.7
2026-03-23T02:00,-1.8,0.00,0.00,0.23,7.1,15.8
2026-03-23T03:00,-2.3,0.00,0.00,0.23,7.0,15.2
2026-03-23T04:00,-2.5,0.00,0.00,0.23,7.2,15.3
2026-03-23T05:00,-1.7,0.00,0.00,0.23,6.8,16.0
2026-03-23T06:00,0.9,0.00,0.00,0.23,5.1,14.1
2026-03-23T07:00,1.9,0.00,0.00,0.23,3.7,13.3
2026-03-23T08:00,3.2,0.00,0.00,0.23,2.7,11.6
2026-03-23T09:00,4.4,0.00,0.00,0.22,2.7,8.6
2026-03-23T10:00,5.2,0.00,0.00,0.22,3.6,7.9
2026-03-23T11:00,5.7,0.00,0.00,0.22,5.0,10.8
2026-03-23T12:00,6.4,0.00,0.00,0.21,6.6,16.8
2026-03-23T13:00,6.2,0.00,0.00,0.21,7.4,19.6
2026-03-23T14:00,5.5,0.00,0.00,0.21,9.2,23.3
2026-03-23T15:00,4.6,0.00,0.00,0.20,8.7,23.6
2026-03-23T16:00,3.8,0.00,0.00,0.20,9.1,23.9
2026-03-23T17:00,3.4,0.00,0.00,0.20,9.5,24.9
2026-03-23T18:00,3.5,0.00,0.00,0.20,9.8,25.3
2026-03-23T19:00,3.0,0.00,0.00,0.20,10.2,26.5
2026-03-23T20:00,2.4,0.00,0.00,0.20,9.8,25.7
2026-03-23T21:00,1.7,0.00,0.00,0.20,9.5,25.2
2026-03-23T22:00,1.1,0.00,0.00,0.20,9.9,25.3
2026-03-23T23:00,0.5,0.00,0.00,0.20,9.7,24.6
2026-03-24T00:00,0.2,0.00,0.00,0.20,9.8,24.0
2026-03-24T01:00,-0.6,0.00,0.00,0.20,9.3,23.1
2026-03-24T02:00,-1.2,0.00,0.00,0.20,8.4,21.8
2026-03-24T03:00,-1.6,0.00,0.00,0.20,8.7,21.9
2026-03-24T04:00,-1.8,0.00,0.00,0.20,8.9,21.9
2026-03-24T05:00,-1.1,0.00,0.00,0.20,8.5,20.2
2026-03-24T06:00,1.3,0.00,0.00,0.20,7.8,19.3
2026-03-24T07:00,2.4,0.00,0.00,0.20,5.5,18.9
2026-03-24T08:00,3.7,0.00,0.00,0.20,5.1,17.8
2026-03-24T09:00,4.7,0.00,0.00,0.20,4.8,15.7
2026-03-24T10:00,5.5,0.00,0.00,0.19,4.9,15.3
2026-03-24T11:00,6.2,0.00,0.00,0.19,4.4,14.3
2026-03-24T12:00,7.7,0.00,0.00,0.18,3.1,10.3
2026-03-24T13:00,7.6,0.00,0.00,0.18,2.0,8.2
2026-03-24T14:00,6.8,0.00,0.00,0.18,2.6,6.9
2026-03-24T15:00,4.4,0.00,0.00,0.18,5.8,10.9
2026-03-24T16:00,4.0,0.00,0.00,0.18,9.1,20.2
2026-03-24T17:00,3.2,0.00,0.00,0.18,9.6,23.4
2026-03-24T18:00,3.5,0.00,0.00,0.18,8.3,16.2
2026-03-24T19:00,3.1,0.00,0.00,0.18,8.7,18.8
2026-03-24T20:00,2.8,0.00,0.00,0.18,7.2,19.2
2026-03-24T21:00,1.6,0.00,0.00,0.18,5.8,17.3
2026-03-24T22:00,0.9,0.00,0.00,0.18,5.5,15.7
2026-03-24T23:00,-0.2,0.00,0.00,0.18,6.0,16.3
2026-03-25T00:00,-1.0,0.00,0.00,0.18,6.0,15.9
2026-03-25T01:00,-1.4,0.00,0.00,0.18,6.4,17.8
2026-03-25T02:00,-1.6,0.00,0.00,0.18,5.7,17.7
2026-03-25T03:00,-1.9,0.00,0.00,0.18,6.1,18.2
2026-03-25T04:00,-2.0,0.00,0.00,0.18,6.8,20.7
2026-03-25T05:00,0.1,0.00,0.00,0.18,6.0,19.3
2026-03-25T06:00,2.2,0.00,0.00,0.18,5.5,17.3
2026-03-25T07:00,3.3,0.00,0.00,0.18,5.4,17.5
2026-03-25T08:00,4.3,0.00,0.00,0.17,5.3,18.2
2026-03-25T09:00,5.3,0.00,0.00,0.17,5.9,18.4
2026-03-25T10:00,6.0,0.00,0.00,0.16,6.6,19.2
2026-03-25T11:00,6.5,0.00,0.00,0.16,7.7,20.4
2026-03-25T12:00,7.4,0.00,0.00,0.16,8.5,23.0
2026-03-25T13:00,6.8,0.00,0.00,0.15,8.9,23.5
2026-03-25T14:00,6.1,0.00,0.00,0.15,9.0,24.1
2026-03-25T15:00,5.2,0.00,0.00,0.15,9.1,24.5
2026-03-25T16:00,4.1,0.00,0.00,0.15,9.1,24.8
2026-03-25T17:00,3.2,0.00,0.00,0.15,10.2,26.3
2026-03-25T18:00,3.3,0.00,0.00,0.15,9.9,25.7
2026-03-25T19:00,2.7,0.00,0.00,0.15,9.7,25.6
2026-03-25T20:00,2.3,0.00,0.00,0.15,9.7,25.4
2026-03-25T21:00,1.8,0.00,0.00,0.15,9.1,24.8
2026-03-25T22:00,1.3,0.00,0.00,0.15,8.4,23.4
2026-03-25T23:00,0.7,0.00,0.00,0.15,7.2,21.6
2026-03-26T00:00,-0.3,0.00,0.00,0.15,6.8,19.8
2026-03-26T01:00,-0.7,0.00,0.00,0.15,6.8,19.7
2026-03-26T02:00,-1.5,0.00,0.00,0.15,6.4,19.1
2026-03-26T03:00,-1.9,0.00,0.00,0.15,6.7,19.6
2026-03-26T04:00,-1.8,0.00,0.00,0.15,6.7,19.6
2026-03-26T05:00,-0.6,0.00,0.00,0.15,7.3,17.9
2026-03-26T06:00,1.3,0.00,0.00,0.15,7.8,19.3
2026-03-26T07:00,1.8,0.00,0.00,0.15,6.2,26.4
2026-03-26T08:00,2.9,0.00,0.00,0.14,6.2,25.7
2026-03-26T09:00,4.1,0.00,0.00,0.14,5.6,23.9
2026-03-26T10:00,5.2,0.00,0.00,0.14,6.5,21.1
2026-03-26T11:00,6.0,0.00,0.00,0.13,5.9,18.1
2026-03-26T12:00,6.9,0.00,0.00,0.14,6.5,18.7
2026-03-26T13:00,6.3,0.00,0.00,0.13,7.8,21.9
2026-03-26T14:00,5.5,0.00,0.00,0.13,8.3,23.1
2026-03-26T15:00,4.5,0.00,0.00,0.13,7.8,22.6
2026-03-26T16:00,2.8,0.00,0.00,0.13,7.4,22.1
2026-03-26T17:00,1.7,0.00,0.00,0.13,7.1,21.8
2026-03-26T18:00,2.7,0.00,0.00,0.13,7.7,23.4
2026-03-26T19:00,1.2,0.00,0.00,0.13,7.1,21.3
2026-03-26T20:00,0.9,0.00,0.00,0.13,6.6,20.1
2026-03-26T21:00,0.6,0.00,0.00,0.12,5.3,17.8
2026-03-26T22:00,0.3,0.00,0.00,0.13,4.6,15.2
2026-03-26T23:00,-0.5,0.00,0.00,0.13,4.5,13.2
2026-03-27T00:00,-0.8,0.00,0.00,0.12,4.2,11.9
2026-03-27T01:00,-0.7,0.00,0.00,0.12,3.8,10.7
2026-03-27T02:00,-0.8,0.00,0.00,0.12,4.5,11.4
2026-03-27T03:00,-0.7,0.00,0.00,0.12,4.5,13.2
2026-03-27T04:00,-0.3,0.00,0.00,0.12,5.0,15.4
2026-03-27T05:00,1.2,0.00,0.00,0.12,4.4,15.0
2026-03-27T06:00,2.8,0.00,0.00,0.12,3.2,13.7
2026-03-27T07:00,3.5,0.00,0.00,0.12,2.7,15.7
2026-03-27T08:00,4.9,0.00,0.00,0.12,0.4,8.8
2026-03-27T09:00,6.0,0.00,0.00,0.12,0.4,2.7
2026-03-27T10:00,7.0,0.00,0.00,0.11,0.2,2.3
2026-03-27T11:00,7.4,0.00,0.00,0.11,0.4,3.1
2026-03-27T12:00,9.8,0.00,0.00,0.11,0.6,3.6
2026-03-27T13:00,9.0,0.00,0.00,0.11,0.4,2.2
2026-03-27T14:00,8.5,0.00,0.00,0.10,0.8,2.5
2026-03-27T15:00,6.8,0.00,0.00,0.10,1.7,1.3
2026-03-27T16:00,5.0,0.00,0.00,0.10,2.4,3.8
2026-03-27T17:00,4.1,0.00,0.00,0.10,2.2,6.8
2026-03-27T18:00,5.0,0.00,0.00,0.10,3.9,7.9
2026-03-27T19:00,3.5,0.00,0.00,0.10,3.3,7.3
2026-03-27T20:00,2.9,0.00,0.00,0.10,4.3,9.7
2026-03-27T21:00,3.7,0.00,0.00,0.10,5.6,14.9
2026-03-27T22:00,4.0,0.00,0.00,0.10,3.5,13.9
2026-03-27T23:00,3.6,0.00,0.00,0.10,4.3,13.7
2026-03-28T00:00,3.7,0.00,0.00,0.10,6.0,16.6
2026-03-28T01:00,3.6,0.00,0.00,0.10,6.5,20.1
2026-03-28T02:00,3.5,0.00,0.00,0.09,6.3,19.8
2026-03-28T03:00,3.4,0.00,0.00,0.09,5.8,18.2
2026-03-28T04:00,3.5,0.00,0.00,0.09,6.2,18.8
2026-03-28T05:00,3.9,0.00,0.00,0.09,6.5,20.2
2026-03-28T06:00,5.9,0.00,0.00,0.09,7.0,19.6
2026-03-28T07:00,5.9,0.00,0.00,0.09,4.9,22.0
2026-03-28T08:00,6.9,0.00,0.00,0.09,3.6,16.8
2026-03-28T09:00,7.8,0.00,0.00,0.08,3.4,11.2
2026-03-28T10:00,8.3,0.00,0.00,0.08,2.3,8.5
2026-03-28T11:00,8.9,0.00,0.00,0.08,1.6,6.9
2026-03-28T12:00,10.5,0.00,0.00,0.07,4.3,10.6
2026-03-28T13:00,9.1,0.00,0.00,0.07,4.2,11.6
2026-03-28T14:00,9.4,0.00,0.00,0.06,2.6,12.5
2026-03-28T15:00,8.6,0.00,0.00,0.06,3.4,14.1
2026-03-28T16:00,6.6,0.00,0.00,0.06,6.5,18.6
2026-03-28T17:00,6.7,0.00,0.00,0.06,7.0,21.4
2026-03-28T18:00,7.9,0.00,0.00,0.06,7.2,21.5
2026-03-28T19:00,6.7,0.00,0.00,0.06,7.4,22.8
2026-03-28T20:00,5.9,0.00,0.00,0.06,6.9,21.5
2026-03-28T21:00,5.4,0.00,0.00,0.06,6.5,20.1
2026-03-28T22:00,5.0,0.00,0.00,0.06,5.9,18.2
2026-03-28T23:00,4.8,0.00,0.00,0.06,6.5,19.6
2026-03-29T00:00,4.7,0.00,0.00,0.06,6.8,19.7
2026-03-29T01:00,3.0,0.00,0.00,0.06,6.7,19.8
2026-03-29T02:00,2.2,0.00,0.00,0.06,6.1,18.7
2026-03-29T03:00,1.7,0.00,0.00,0.06,6.2,18.2
2026-03-29T04:00,2.7,0.00,0.00,0.06,6.2,19.4
2026-03-29T05:00,3.2,0.00,0.00,0.06,5.0,17.0
2026-03-29T06:00,6.5,0.00,0.00,0.06,2.7,17.6
2026-03-29T07:00,6.9,0.00,0.00,0.06,1.2,13.2
2026-03-29T08:00,8.4,0.00,0.00,0.05,0.9,5.8
2026-03-29T09:00,9.8,0.00,0.00,0.05,1.2,5.2
2026-03-29T10:00,10.6,0.00,0.00,0.05,2.5,7.8
2026-03-29T11:00,10.8,0.00,0.00,0.04,4.8,11.1
2026-03-29T12:00,14.3,0.00,0.00,0.04,4.0,9.5
2026-03-29T13:00,11.3,0.00,0.00,0.04,3.8,9.9
2026-03-29T14:00,15.2,0.00,0.00,0.04,4.3,10.6
2026-03-29T15:00,13.7,0.00,0.00,0.03,5.8,13.9
2026-03-29T16:00,11.8,0.00,0.00,0.03,8.7,19.3
2026-03-29T17:00,10.2,0.00,0.00,0.03,10.1,23.3
2026-03-29T18:00,8.3,0.00,0.00,0.03,6.8,21.1
2026-03-29T19:00,9.2,0.00,0.00,0.03,7.6,20.3
2026-03-29T20:00,8.2,0.00,0.00,0.03,7.2,20.1
2026-03-29T21:00,7.2,0.00,0.00,0.03,6.0,18.5
2026-03-29T22:00,6.0,0.00,0.00,0.03,5.3,16.2
2026-03-29T23:00,4.8,0.00,0.00,0.03,5.0,14.7
2026-03-30T00:00,3.4,0.00,0.00,0.04,5.0,14.3
2026-03-30T01:00,1.7,0.00,0.00,0.04,5.9,16.6
2026-03-30T02:00,1.4,0.00,0.00,0.04,6.2,18.5
2026-03-30T03:00,1.3,0.00,0.00,0.04,6.2,19.6
2026-03-30T04:00,2.1,0.00,0.00,0.04,5.8,18.8
2026-03-30T05:00,3.5,0.00,0.00,0.04,5.0,17.5
2026-03-30T06:00,7.2,0.00,0.00,0.04,4.5,19.8
2026-03-30T07:00,9.7,0.00,0.00,0.03,4.5,20.3
2026-03-30T08:00,11.8,0.00,0.00,0.03,4.7,9.8
2026-03-30T09:00,13.7,0.00,0.00,0.03,6.6,10.6
2026-03-30T10:00,14.7,0.00,0.00,0.03,9.4,14.6
2026-03-30T11:00,15.2,0.00,0.00,0.02,10.1,15.6
2026-03-30T12:00,15.5,0.00,0.00,0.02,9.5,16.4
2026-03-30T13:00,15.6,0.00,0.00,0.02,9.9,17.2
2026-03-30T14:00,14.9,0.00,0.00,0.02,9.6,18.3
2026-03-30T15:00,13.5,0.00,0.00,0.02,10.1,21.2
2026-03-30T16:00,11.6,0.00,0.00,0.02,10.3,23.7
2026-03-30T17:00,10.3,0.00,0.00,0.02,11.0,25.5
2026-03-30T18:00,10.0,0.00,0.00,0.02,10.6,26.1
2026-03-30T19:00,9.1,0.00,0.00,0.02,10.7,25.6
2026-03-30T20:00,8.1,0.00,0.00,0.02,10.7,25.0
2026-03-30T21:00,7.2,0.00,0.00,0.01,9.5,23.1
2026-03-30T22:00,6.3,0.00,0.00,0.01,8.9,21.5
2026-03-30T23:00,5.6,0.00,0.00,0.01,8.4,20.4
2026-03-31T00:00,5.8,0.00,0.00,0.03,8.6,21.6
2026-03-31T01:00,5.0,0.00,0.00,0.03,9.2,22.0
2026-03-31T02:00,4.3,0.00,0.00,0.03,9.6,22.1
2026-03-31T03:00,3.7,0.00,0.00,0.02,9.4,21.5
2026-03-31T04:00,3.6,0.00,0.00,0.02,9.3,20.6
2026-03-31T05:00,4.1,0.00,0.00,0.02,9.2,19.3
2026-03-31T06:00,7.6,0.00,0.00,0.02,7.1,22.5
2026-03-31T07:00,9.3,0.00,0.00,0.02,7.5,12.9
2026-03-31T08:00,10.8,0.00,0.00,0.02,7.3,11.5
2026-03-31T09:00,12.4,0.00,0.00,0.02,7.1,10.9
2026-03-31T10:00,13.9,0.00,0.00,0.02,6.7,10.4
2026-03-31T11:00,15.1,0.00,0.00,0.01,7.0,10.6
2026-03-31T12:00,15.5,0.00,0.00,0.01,6.4,10.0
2026-03-31T13:00,15.8,0.00,0.00,0.01,7.1,11.9
2026-03-31T14:00,15.6,0.00,0.00,0.01,5.4,12.0
2026-03-31T15:00,14.7,0.00,0.00,0.01,5.6,14.5
2026-03-31T16:00,13.0,0.00,0.00,0.01,6.1,17.2
2026-03-31T17:00,12.2,0.00,0.00,0.01,8.5,20.7
2026-03-31T18:00,11.6,0.00,0.00,0.01,7.2,19.9
2026-03-31T19:00,11.1,0.00,0.00,0.01,8.1,20.0
2026-03-31T20:00,10.3,0.00,0.00,0.01,8.6,20.7
2026-03-31T21:00,9.5,0.00,0.00,0.01,7.7,18.7
2026-03-31T22:00,8.7,0.00,0.00,0.01,6.6,16.1
2026-03-31T23:00,8.2,0.00,0.00,0.01,6.1,14.8
2026-04-01T00:00,6.9,0.00,0.00,0.02,4.4,12.0
2026-04-01T01:00,6.5,0.00,0.00,0.02,3.9,7.9
2026-04-01T02:00,5.7,0.00,0.00,0.02,4.5,10.7
2026-04-01T03:00,5.1,0.00,0.00,0.02,6.3,12.3
2026-04-01T04:00,4.9,0.00,0.00,0.02,5.2,13.5
2026-04-01T05:00,5.7,0.00,0.00,0.02,4.9,12.1
2026-04-01T06:00,8.5,0.00,0.00,0.02,3.1,12.7
2026-04-01T07:00,10.4,0.00,0.00,0.01,2.2,6.9
2026-04-01T08:00,12.5,0.00,0.00,0.01,2.2,3.8
2026-04-01T09:00,14.1,0.00,0.00,0.01,2.9,4.7
2026-04-01T10:00,15.4,0.00,0.00,0.01,4.0,6.2
2026-04-01T11:00,15.8,0.00,0.00,0.01,5.0,7.7
2026-04-01T12:00,16.5,0.00,0.00,0.01,4.0,6.0
2026-04-01T13:00,17.0,0.00,0.00,0.01,4.5,7.1
2026-04-01T14:00,16.7,0.00,0.00,0.01,3.4,8.3
2026-04-01T15:00,15.6,0.00,0.00,0.01,4.3,10.7
2026-04-01T16:00,13.0,0.00,0.00,0.01,4.7,12.4
2026-04-01T17:00,11.4,0.00,0.00,0.01,1.9,6.5
2026-04-01T18:00,11.1,0.00,0.00,0.01,4.8,14.2
2026-04-01T19:00,10.9,0.00,0.00,0.01,10.1,22.5
2026-04-01T20:00,9.9,0.00,0.00,0.01,10.4,22.7
2026-04-01T21:00,9.1,0.00,0.00,0.01,10.1,23.1
2026-04-01T22:00,8.4,0.00,0.00,0.01,10.2,23.4
2026-04-01T23:00,7.8,0.00,0.00,0.00,9.8,22.5
2026-04-02T00:00,7.6,0.00,0.00,0.01,10.3,23.3
2026-04-02T01:00,6.7,0.00,0.00,0.01,11.0,24.3
2026-04-02T02:00,6.2,0.00,0.00,0.01,10.5,23.6
2026-04-02T03:00,5.8,0.00,0.00,0.01,10.0,22.1
2026-04-02T04:00,5.7,0.00,0.00,0.01,9.5,20.6
2026-04-02T05:00,6.1,0.00,0.00,0.01,8.5,20.0
2026-04-02T06:00,6.8,0.00,0.00,0.01,8.8,20.0
2026-04-02T07:00,7.4,0.00,0.00,0.01,7.5,16.7
2026-04-02T08:00,8.8,0.00,0.00,0.01,7.9,14.1
2026-04-02T09:00,9.4,0.00,0.00,0.01,8.0,13.9
2026-04-02T10:00,9.2,0.30,0.00,0.01,9.4,16.2
2026-04-02T11:00,9.1,0.20,0.00,0.01,11.3,21.8
2026-04-02T12:00,9.0,0.00,0.00,0.01,10.1,21.4
2026-04-02T13:00,9.4,0.00,0.00,0.01,9.6,20.7
2026-04-02T14:00,9.5,0.00,0.00,0.01,11.0,21.8
2026-04-02T15:00,9.4,0.00,0.00,0.01,11.0,21.7
2026-04-02T16:00,8.8,0.00,0.00,0.01,9.5,19.3
2026-04-02T17:00,8.3,0.00,0.00,0.01,9.1,18.8
2026-04-02T18:00,8.9,0.00,0.00,0.00,7.4,17.1
2026-04-02T19:00,8.5,0.00,0.00,0.00,7.6,17.5
2026-04-02T20:00,7.9,0.30,0.00,0.00,7.7,17.2
2026-04-02T21:00,7.3,0.50,0.00,0.00,7.8,16.4
2026-04-02T22:00,6.9,0.50,0.00,0.00,7.5,15.5
2026-04-02T23:00,6.7,0.20,0.00,0.00,7.9,16.6
2026-04-03T00:00,6.3,0.00,0.00,0.01,8.6,19.6
2026-04-03T01:00,5.2,0.00,0.00,0.01,8.7,20.5
2026-04-03T02:00,4.4,0.00,0.00,0.01,8.0,19.4
2026-04-03T03:00,4.0,0.00,0.00,0.01,7.8,19.5
2026-04-03T04:00,4.6,0.00,0.00,0.01,8.9,19.1
2026-04-03T05:00,5.9,0.00,0.00,0.01,9.2,19.8
2026-04-03T06:00,8.1,0.00,0.00,0.01,7.0,16.0
2026-04-03T07:00,9.6,0.00,0.00,0.01,7.3,11.6
2026-04-03T08:00,11.2,0.00,0.00,0.01,6.9,10.7
2026-04-03T09:00,12.5,0.00,0.00,0.00,7.6,11.7
2026-04-03T10:00,13.6,0.00,0.00,0.00,9.6,14.7
2026-04-03T11:00,14.1,0.00,0.00,0.00,10.2,15.7
2026-04-03T12:00,14.4,0.00,0.00,0.00,10.2,15.6
2026-04-03T13:00,14.3,0.00,0.00,0.00,10.1,16.0
2026-04-03T14:00,14.0,0.00,0.00,0.00,8.6,15.3
2026-04-03T15:00,13.0,0.00,0.00,0.00,7.1,15.1
2026-04-03T16:00,11.5,0.00,0.00,0.00,8.1,18.3
2026-04-03T17:00,10.1,0.00,0.00,0.00,7.8,18.5
2026-04-03T18:00,8.7,0.00,0.00,0.00,5.7,17.4
2026-04-03T19:00,8.4,0.00,0.00,0.00,6.6,17.2
2026-04-03T20:00,7.7,0.00,0.00,0.00,6.9,17.5
2026-04-03T21:00,6.9,0.00,0.00,0.00,4.9,14.2
2026-04-03T22:00,5.8,0.00,0.00,0.00,3.9,11.5
2026-04-03T23:00,5.5,0.00,0.00,0.00,5.4,9.7
2026-04-04T00:00,3.5,0.00,0.00,0.00,3.5,6.0
2026-04-04T01:00,3.6,0.00,0.00,0.00,4.8,8.5
2026-04-04T02:00,3.0,0.00,0.00,0.00,5.1,10.1
2026-04-04T03:00,2.3,0.00,0.00,0.00,4.2,10.5
2026-04-04T04:00,2.4,0.00,0.00,0.00,3.6,8.7
2026-04-04T05:00,3.7,0.00,0.00,0.00,2.3,7.2
2026-04-04T06:00,7.0,0.00,0.00,0.00,1.9,7.1
2026-04-04T07:00,9.6,0.00,0.00,0.00,1.5,3.5
2026-04-04T08:00,11.1,0.00,0.00,0.00,3.3,5.1
2026-04-04T09:00,11.7,0.00,0.00,0.00,3.0,4.2
2026-04-04T10:00,12.4,0.00,0.00,0.00,3.7,5.5
2026-04-04T11:00,13.0,0.00,0.00,0.00,6.3,9.3
2026-04-04T12:00,13.5,0.00,0.00,0.00,5.1,7.4
2026-04-04T13:00,13.6,0.00,0.00,0.00,6.7,10.1
2026-04-04T14:00,13.1,0.00,0.00,0.00,3.9,8.7
2026-04-04T15:00,12.3,0.00,0.00,0.00,3.5,9.9
2026-04-04T16:00,11.4,0.00,0.00,0.00,7.5,16.6
2026-04-04T17:00,9.3,0.00,0.00,0.00,4.4,13.3
2026-04-04T18:00,8.4,0.00,0.00,0.00,2.5,4.6
2026-04-04T19:00,8.6,0.00,0.00,0.00,5.8,13.1
2026-04-04T20:00,7.1,0.00,0.00,0.00,13.3,27.9
2026-04-04T21:00,5.4,0.00,0.00,0.00,11.1,23.7
2026-04-04T22:00,4.6,0.00,0.00,0.00,9.3,20.0
2026-04-04T23:00,4.1,0.00,0.00,0.00,6.3,13.9
2026-04-05T00:00,5.1,0.00,0.00,0.00,5.6,13.5
2026-04-05T01:00,4.8,0.00,0.00,0.00,7.7,16.6
2026-04-05T02:00,4.4,0.00,0.00,0.00,8.3,17.6
2026-04-05T03:00,4.1,0.00,0.00,0.00,7.9,16.4
2026-04-05T04:00,4.0,0.00,0.00,0.00,8.2,15.7
2026-04-05T05:00,4.2,0.00,0.00,0.00,11.7,19.0
2026-04-05T06:00,4.5,0.00,0.00,0.00,13.1,21.4
2026-04-05T07:00,5.4,0.10,0.00,0.00,13.4,21.1
2026-04-05T08:00,6.5,0.00,0.00,0.00,12.8,20.2
2026-04-05T09:00,5.9,0.20,0.00,0.00,15.2,24.0
2026-04-05T10:00,6.5,0.20,0.07,0.00,12.8,20.2
2026-04-05T11:00,7.3,0.00,0.00,0.00,13.0,20.3
2026-04-05T12:00,6.7,0.00,0.00,0.00,11.4,17.6
2026-04-05T13:00,7.5,0.00,0.00,0.00,11.4,18.1
2026-04-05T14:00,5.2,0.60,0.70,0.01,9.2,15.9
2026-04-05T15:00,5.1,0.30,0.28,0.01,11.1,20.0
2026-04-05T16:00,2.7,0.30,1.33,0.02,10.2,22.5
2026-04-05T17:00,2.8,0.20,0.70,0.02,12.1,26.8
2026-04-05T18:00,4.1,0.00,0.00,0.02,11.3,23.5
2026-04-05T19:00,3.5,0.00,0.00,0.02,13.2,28.0
2026-04-05T20:00,3.5,0.00,0.00,0.01,14.7,29.2
2026-04-05T21:00,3.3,0.00,0.00,0.01,14.9,29.4
2026-04-05T22:00,2.9,0.00,0.00,0.01,13.5,27.2
2026-04-05T23:00,2.4,0.00,0.00,0.01,12.2,25.1
2026-04-06T00:00,2.7,0.00,0.00,0.00,10.5,22.6
2026-04-06T01:00,2.2,0.00,0.00,0.00,11.0,23.1
2026-04-06T02:00,1.7,0.00,0.00,0.00,9.9,21.3
2026-04-06T03:00,1.1,0.00,0.00,0.00,8.2,18.4
2026-04-06T04:00,1.3,0.00,0.00,0.00,7.3,15.7
2026-04-06T05:00,2.2,0.00,0.00,0.00,6.0,15.2
2026-04-06T06:00,4.1,0.00,0.00,0.00,4.5,8.0
2026-04-06T07:00,5.8,0.00,0.00,0.00,5.4,8.6
2026-04-06T08:00,7.1,0.00,0.00,0.00,8.1,12.8
2026-04-06T09:00,8.1,0.00,0.00,0.00,9.4,14.4
2026-04-06T10:00,7.5,0.30,0.00,0.00,10.3,17.6
2026-04-06T11:00,6.8,0.40,0.00,0.00,8.7,15.0
2026-04-06T12:00,6.8,0.20,0.00,0.00,8.6,14.3
2026-04-06T13:00,6.6,1.00,0.00,0.00,9.0,16.2
2026-04-06T14:00,5.7,0.30,0.00,0.00,11.0,17.8
2026-04-06T15:00,5.0,0.00,0.00,0.00,10.1,17.6
2026-04-06T16:00,4.7,0.00,0.00,0.00,11.4,20.2
2026-04-06T17:00,4.2,0.00,0.00,0.00,10.9,21.4
2026-04-06T18:00,4.6,0.00,0.00,0.00,10.2,19.9
2026-04-06T19:00,3.6,0.00,0.00,0.00,8.6,18.9
2026-04-06T20:00,3.1,0.00,0.00,0.00,5.0,11.9
2026-04-06T21:00,2.6,0.00,0.00,0.00,5.3,10.9
2026-04-06T22:00,2.0,0.00,0.00,0.00,5.1,11.7
2026-04-06T23:00,0.5,0.00,0.00,0.00,3.6,11.7
2026-04-07T00:00,1.3,0.00,0.00,0.00,4.1,12.5
2026-04-07T01:00,1.2,0.00,0.00,0.00,7.0,15.8
2026-04-07T02:00,1.1,0.00,0.00,0.00,8.7,19.0
2026-04-07T03:00,1.0,0.00,0.00,0.00,9.4,20.4
2026-04-07T04:00,1.2,0.00,0.00,0.00,9.5,19.9
2026-04-07T05:00,2.3,0.00,0.00,0.00,11.0,19.8
2026-04-07T06:00,3.4,0.00,0.00,0.00,11.7,18.0
2026-04-07T07:00,4.2,0.10,0.00,0.00,10.7,16.4
2026-04-07T08:00,4.9,0.10,0.00,0.00,10.4,16.0
2026-04-07T09:00,6.2,0.00,0.00,0.00,9.1,14.0
2026-04-07T10:00,7.6,0.00,0.00,0.00,10.1,15.3
2026-04-07T11:00,8.2,0.10,0.00,0.00,11.8,17.8
2026-04-07T12:00,7.4,0.10,0.00,0.00,11.3,16.8
2026-04-07T13:00,7.5,0.10,0.00,0.00,11.2,17.3
2026-04-07T14:00,7.5,0.10,0.00,0.00,11.4,17.8
2026-04-07T15:00,7.0,0.00,0.00,0.00,9.8,17.4
2026-04-07T16:00,5.9,0.00,0.00,0.00,10.5,19.7
2026-04-07T17:00,5.1,0.00,0.00,0.00,10.2,20.5
2026-04-07T18:00,4.0,0.00,0.00,0.00,8.8,18.8
2026-04-07T19:00,3.6,0.00,0.00,0.00,8.9,17.6
2026-04-07T20:00,3.0,0.00,0.00,0.00,8.8,17.9
2026-04-07T21:00,2.4,0.00,0.00,0.00,8.5,17.0
2026-04-07T22:00,2.5,0.00,0.00,0.00,7.7,14.5
2026-04-07T23:00,2.6,0.00,0.00,0.00,7.4,12.3
2026-04-08T00:00,2.5,0.00,0.00,0.00,7.9,13.9
2026-04-08T01:00,2.4,0.10,0.00,0.00,7.4,11.0
2026-04-08T02:00,1.7,0.20,0.00,0.00,7.1,12.9
2026-04-08T03:00,1.1,0.30,0.07,0.00,8.3,15.5
2026-04-08T04:00,1.3,0.20,0.07,0.00,8.9,16.0
2026-04-08T05:00,2.1,0.10,0.00,0.00,6.8,10.5
2026-04-08T06:00,2.5,0.20,0.00,0.00,5.6,8.3
2026-04-08T07:00,3.5,0.20,0.00,0.00,4.9,7.1
2026-04-08T08:00,4.1,0.10,0.00,0.00,5.0,7.2
2026-04-08T09:00,5.0,0.10,0.00,0.00,4.0,5.5
2026-04-08T10:00,5.6,0.00,0.00,0.00,4.3,5.7
2026-04-08T11:00,6.0,0.00,0.00,0.00,4.0,5.5
2026-04-08T12:00,5.3,0.10,0.00,0.00,5.5,8.0
2026-04-08T13:00,5.5,0.10,0.00,0.00,7.6,11.4
2026-04-08T14:00,5.3,0.00,0.00,0.00,7.2,10.9
2026-04-08T15:00,5.1,0.00,0.00,0.00,9.8,14.9
2026-04-08T16:00,3.3,0.00,0.00,0.00,11.3,18.5
2026-04-08T17:00,2.4,0.00,0.00,0.00,10.3,18.7
2026-04-08T18:00,2.5,0.00,0.00,0.00,11.2,21.5
2026-04-08T19:00,1.9,0.00,0.00,0.00,10.9,21.1
2026-04-08T20:00,1.5,0.00,0.00,0.00,10.2,19.8
2026-04-08T21:00,1.2,0.00,0.00,0.00,10.1,19.4
2026-04-08T22:00,0.8,0.00,0.00,0.00,9.6,19.7
2026-04-08T23:00,0.7,0.00,0.00,0.00,10.1,19.5
2026-04-09T00:00,0.9,0.00,0.00,0.00,11.2,23.1
2026-04-09T01:00,1.0,0.10,0.21,0.00,9.3,20.9
2026-04-09T02:00,1.0,0.00,0.07,0.00,11.5,22.0
2026-04-09T03:00,1.1,0.00,0.00,0.00,10.9,21.5
2026-04-09T04:00,1.8,0.00,0.00,0.00,13.5,24.0
2026-04-09T05:00,2.3,0.20,0.28,0.00,14.4,23.0
2026-04-09T06:00,3.2,0.00,0.00,0.00,17.1,29.0
2026-04-09T07:00,3.4,0.10,0.00,0.00,19.8,32.6
2026-04-09T08:00,3.3,0.10,0.00,0.00,19.6,32.5
2026-04-09T09:00,2.5,0.10,0.00,0.00,18.0,30.3
2026-04-09T10:00,2.0,0.10,0.07,0.00,17.8,30.3
2026-04-09T11:00,1.7,0.10,0.42,0.00,16.6,28.2
2026-04-09T12:00,1.5,0.10,0.63,0.01,20.9,33.9
2026-04-09T13:00,1.3,0.00,0.14,0.01,19.5,32.6
2026-04-09T14:00,1.3,0.00,0.35,0.01,19.2,32.2
2026-04-09T15:00,1.2,0.00,0.28,0.01,16.0,28.5
2026-04-09T16:00,1.2,0.00,0.14,0.01,16.9,30.1
2026-04-09T17:00,1.4,0.00,0.07,0.01,16.3,29.7
2026-04-09T18:00,1.0,0.00,0.07,0.01,15.7,28.4
2026-04-09T19:00,1.3,0.00,0.00,0.01,15.0,27.3
2026-04-09T20:00,1.6,0.00,0.00,0.01,14.7,27.0
2026-04-09T21:00,1.7,0.00,0.00,0.01,14.6,26.9
2026-04-09T22:00,1.7,0.00,0.00,0.01,14.2,26.4
2026-04-09T23:00,1.6,0.00,0.00,0.01,14.8,27.3
2026-04-10T00:00,1.0,0.00,0.00,0.00,15.7,28.6
2026-04-10T01:00,0.9,0.00,0.00,0.00,16.0,29.0
2026-04-10T02:00,0.8,0.00,0.00,0.00,16.5,29.9
2026-04-10T03:00,0.6,0.00,0.00,0.00,16.9,30.5
2026-04-10T04:00,0.4,0.00,0.07,0.00,17.0,30.4
2026-04-10T05:00,0.1,0.00,0.07,0.00,18.3,32.5
2026-04-10T06:00,0.0,0.00,0.07,0.00,15.6,26.8
2026-04-10T07:00,0.5,0.00,0.07,0.00,14.1,24.4
2026-04-10T08:00,1.3,0.00,0.07,0.00,18.3,30.8
2026-04-10T09:00,1.8,0.00,0.07,0.00,20.6,33.1
2026-04-10T10:00,1.7,0.00,0.14,0.00,14.7,26.1
2026-04-10T11:00,2.4,0.10,0.07,0.00,14.6,26.1
2026-04-10T12:00,4.4,0.00,0.00,0.01,13.2,23.9
2026-04-10T13:00,5.4,0.10,0.00,0.01,20.4,35.2
2026-04-10T14:00,5.4,0.00,0.00,0.01,18.9,33.9
2026-04-10T15:00,5.3,0.00,0.00,0.00,20.1,35.7
2026-04-10T16:00,4.9,0.00,0.00,0.00,18.7,33.8
2026-04-10T17:00,4.6,0.10,0.00,0.00,19.2,34.7
2026-04-10T18:00,4.7,0.00,0.00,0.00,17.7,32.2
2026-04-10T19:00,4.7,0.00,0.00,0.00,17.5,32.2
2026-04-10T20:00,4.3,0.00,0.00,0.00,16.6,30.6
2026-04-10T21:00,3.5,0.00,0.00,0.00,16.4,30.7
2026-04-10T22:00,3.4,0.00,0.00,0.00,15.6,29.2
2026-04-10T23:00,3.3,0.00,0.00,0.00,14.5,27.0
2026-04-11T00:00,2.5,0.00,0.00,0.01,12.5,25.6
2026-04-11T01:00,2.1,0.00,0.00,0.01,12.2,25.2
2026-04-11T02:00,2.0,0.10,0.00,0.01,13.2,26.2
2026-04-11T03:00,2.3,0.00,0.00,0.00,12.7,24.6
2026-04-11T04:00,2.4,0.00,0.00,0.00,11.6,21.6
2026-04-11T05:00,2.7,0.00,0.00,0.00,12.8,21.3
2026-04-11T06:00,2.7,0.10,0.00,0.00,14.9,25.0
2026-04-11T07:00,3.4,0.00,0.00,0.00,14.3,22.5
2026-04-11T08:00,4.4,0.10,0.00,0.00,15.8,24.5
2026-04-11T09:00,5.1,0.10,0.00,0.00,16.6,25.8
2026-04-11T10:00,5.9,0.00,0.00,0.00,16.7,26.7
2026-04-11T11:00,6.3,0.10,0.00,0.00,16.5,26.6
2026-04-11T12:00,5.4,0.10,0.00,0.00,17.5,27.5
2026-04-11T13:00,5.4,0.30,0.00,0.00,17.4,27.3
2026-04-11T14:00,4.5,0.20,0.00,0.00,13.4,21.7
2026-04-11T15:00,4.7,0.00,0.00,0.00,10.3,17.5
2026-04-11T16:00,4.4,0.10,0.00,0.00,9.8,17.5
2026-04-11T17:00,4.0,0.00,0.00,0.00,7.6,15.9
2026-04-11T18:00,4.2,0.10,0.00,0.00,8.5,19.5
2026-04-11T19:00,4.0,0.20,0.00,0.00,7.4,17.6
2026-04-11T20:00,3.2,0.00,0.00,0.00,6.9,17.7
2026-04-11T21:00,3.4,0.10,0.00,0.00,7.2,17.1
2026-04-11T22:00,3.1,0.00,0.00,0.00,6.5,15.2
2026-04-11T23:00,2.0,0.00,0.00,0.00,6.1,15.9
2026-04-12T00:00,2.0,0.00,0.00,0.00,7.2,16.6
2026-04-12T01:00,1.5,0.10,0.00,0.00,4.9,15.0
2026-04-12T02:00,2.2,0.00,0.00,0.00,5.3,14.2
2026-04-12T03:00,2.4,0.00,0.00,0.00,5.0,12.0
2026-04-12T04:00,2.8,0.00,0.00,0.00,5.7,9.1
2026-04-12T05:00,3.4,0.00,0.00,0.00,4.6,6.6
2026-04-12T06:00,4.2,0.00,0.00,0.00,6.7,9.7
2026-04-12T07:00,5.5,0.00,0.00,0.00,7.4,10.6
2026-04-12T08:00,6.9,0.00,0.00,0.00,6.9,10.4
2026-04-12T09:00,8.2,0.00,0.00,0.00,7.4,11.1
2026-04-12T10:00,9.1,0.00,0.00,0.00,8.5,12.8
2026-04-12T11:00,9.8,0.00,0.00,0.00,7.6,11.2
2026-04-12T12:00,9.8,0.00,0.00,0.00,7.9,11.6
2026-04-12T13:00,10.0,0.00,0.00,0.00,7.4,11.2
2026-04-12T14:00,10.2,0.00,0.00,0.00,7.3,11.4
2026-04-12T15:00,10.1,0.00,0.00,0.00,4.5,8.8
2026-04-12T16:00,9.2,0.00,0.00,0.00,2.3,6.3
2026-04-12T17:00,8.3,0.00,0.00,0.00,7.9,16.7
2026-04-12T18:00,7.4,0.00,0.00,0.00,7.2,17.4
2026-04-12T19:00,6.9,0.00,0.00,0.00,8.9,19.4
2026-04-12T20:00,6.0,0.00,0.00,0.00,7.6,17.4
2026-04-12T21:00,5.3,0.00,0.00,0.00,7.3,16.6
2026-04-12T22:00,4.6,0.00,0.00,0.00,7.9,17.6
2026-04-12T23:00,4.0,0.00,0.00,0.00,8.3,18.6
2026-04-13T00:00,2.6,0.00,0.00,0.00,5.6,15.4
2026-04-13T01:00,2.3,0.00,0.00,0.00,6.1,14.8
2026-04-13T02:00,1.9,0.00,0.00,0.00,6.4,15.2
2026-04-13T03:00,1.6,0.00,0.00,0.00,7.0,16.9
2026-04-13T04:00,2.2,0.00,0.00,0.00,6.8,15.4
2026-04-13T05:00,3.3,0.00,0.00,0.00,4.8,18.2
2026-04-13T06:00,4.7,0.00,0.00,0.00,3.2,7.2
2026-04-13T07:00,6.8,0.00,0.00,0.00,4.0,7.0
2026-04-13T08:00,8.7,0.00,0.00,0.00,6.6,10.3
2026-04-13T09:00,10.1,0.00,0.00,0.00,9.7,14.5
2026-04-13T10:00,11.0,0.00,0.00,0.00,11.1,16.8
2026-04-13T11:00,11.2,0.00,0.00,0.00,11.8,18.3
2026-04-13T12:00,11.3,0.00,0.00,0.00,10.2,15.7
2026-04-13T13:00,11.4,0.00,0.00,0.00,10.9,16.9
2026-04-13T14:00,11.6,0.00,0.00,0.00,11.4,18.4
2026-04-13T15:00,11.0,0.00,0.00,0.00,9.4,17.4
2026-04-13T16:00,9.9,0.00,0.00,0.00,5.9,14.3
2026-04-13T17:00,8.7,0.00,0.00,0.00,7.2,16.5
2026-04-13T18:00,8.4,0.00,0.00,0.00,9.6,21.3
2026-04-13T19:00,7.7,0.00,0.00,0.00,8.8,20.0
2026-04-13T20:00,6.9,0.00,0.00,0.00,10.5,23.5
2026-04-13T21:00,6.3,0.00,0.00,0.00,10.8,24.2
2026-04-13T22:00,5.6,0.00,0.00,0.00,9.7,22.0
2026-04-13T23:00,5.2,0.00,0.00,0.00,10.2,22.9
2026-04-14T00:00,5.5,0.00,0.00,0.00,11.5,26.1
2026-04-14T01:00,5.2,0.00,0.00,0.00,12.4,27.4
2026-04-14T02:00,4.7,0.00,0.00,0.00,12.6,27.5
2026-04-14T03:00,4.4,0.00,0.00,0.00,12.6,27.2
2026-04-14T04:00,4.9,0.00,0.00,0.00,13.0,27.3
2026-04-14T05:00,5.8,0.00,0.00,0.00,13.7,27.3
2026-04-14T06:00,7.5,0.00,0.00,0.00,12.5,31.6
2026-04-14T07:00,9.9,0.00,0.00,0.00,12.1,21.3
2026-04-14T08:00,11.8,0.00,0.00,0.00,14.1,23.1
2026-04-14T09:00,12.8,0.00,0.00,0.00,15.0,25.5
2026-04-14T10:00,13.0,0.00,0.00,0.00,15.1,27.2
2026-04-14T11:00,12.3,0.00,0.00,0.00,16.3,30.3
2026-04-14T12:00,10.0,0.10,0.00,0.00,16.2,29.3
2026-04-14T13:00,9.1,1.40,0.00,0.00,14.1,26.2
2026-04-14T14:00,8.4,0.50,0.00,0.00,14.3,26.0
2026-04-14T15:00,7.7,0.70,0.00,0.00,14.5,27.3
2026-04-14T16:00,8.0,0.10,0.00,0.00,12.3,24.7
2026-04-14T17:00,8.6,0.00,0.00,0.00,12.0,25.0
2026-04-14T18:00,8.7,0.00,0.00,0.00,9.5,21.5
2026-04-14T19:00,8.8,0.00,0.00,0.00,8.3,19.1
2026-04-14T20:00,8.9,0.00,0.00,0.00,10.0,22.2
2026-04-14T21:00,9.3,0.00,0.00,0.00,10.6,23.9
2026-04-14T22:00,9.4,0.00,0.00,0.00,11.3,25.1
2026-04-14T23:00,9.4,0.00,0.00,0.00,11.4,25.1
2026-04-15T00:00,9.0,0.00,0.00,0.00,9.3,22.2
2026-04-15T01:00,9.0,0.00,0.00,0.00,10.8,24.5
2026-04-15T02:00,8.8,0.00,0.00,0.00,12.1,26.9
2026-04-15T03:00,9.0,0.00,0.00,0.00,9.7,22.2
2026-04-15T04:00,8.8,0.40,0.00,0.00,13.4,26.4
2026-04-15T05:00,8.5,0.10,0.00,0.00,12.3,24.3
2026-04-15T06:00,7.2,0.90,0.00,0.00,12.7,25.1
2026-04-15T07:00,7.9,0.10,0.00,0.00,12.1,23.1
2026-04-15T08:00,10.7,0.00,0.00,0.00,10.7,17.4
2026-04-15T09:00,11.1,0.10,0.00,0.00,11.5,19.0
2026-04-15T10:00,11.2,0.00,0.00,0.00,11.4,18.3
2026-04-15T11:00,12.4,0.00,0.00,0.00,11.7,18.3
2026-04-15T12:00,13.2,0.00,0.00,0.00,10.6,16.6
2026-04-15T13:00,13.9,0.00,0.00,0.00,13.6,21.4
2026-04-15T14:00,13.7,0.00,0.00,0.00,11.0,18.3
2026-04-15T15:00,13.3,0.00,0.00,0.00,9.1,16.6
2026-04-15T16:00,12.5,0.00,0.00,0.00,5.8,12.1
2026-04-15T17:00,11.5,0.00,0.00,0.00,2.4,8.3
2026-04-15T18:00,10.9,0.00,0.00,0.00,3.6,10.8
2026-04-15T19:00,10.8,0.00,0.00,0.00,2.2,7.3
2026-04-15T20:00,10.5,0.00,0.00,0.00,1.3,2.2
2026-04-15T21:00,10.1,0.00,0.00,0.00,2.8,2.7
2026-04-15T22:00,9.0,0.00,0.00,0.00,3.1,5.9
2026-04-15T23:00,8.7,0.00,0.00,0.00,5.0,9.2
2026-04-16T00:00,8.5,0.00,0.00,0.00,0.3,6.2
2026-04-16T01:00,8.5,0.00,0.00,0.00,3.9,2.9
2026-04-16T02:00,7.7,0.00,0.00,0.00,4.7,5.3
2026-04-16T03:00,7.2,0.20,0.00,0.00,5.1,7.9
2026-04-16T04:00,7.3,0.10,0.00,0.00,5.8,16.2
2026-04-16T05:00,8.3,0.00,0.00,0.00,5.3,10.8
2026-04-16T06:00,9.7,0.00,0.00,0.00,5.1,8.3
2026-04-16T07:00,10.6,0.00,0.00,0.00,4.8,7.2
2026-04-16T08:00,11.2,0.00,0.00,0.00,4.8,7.1
2026-04-16T09:00,11.6,0.00,0.00,0.00,4.8,7.3
2026-04-16T10:00,12.0,0.00,0.00,0.00,4.8,7.2
2026-04-16T11:00,12.4,0.00,0.00,0.00,5.3,8.1
2026-04-16T12:00,12.9,0.00,0.00,0.00,8.3,12.6
2026-04-16T13:00,13.0,0.00,0.00,0.00,10.9,17.0
2026-04-16T14:00,12.3,0.00,0.00,0.00,11.9,19.3
2026-04-16T15:00,11.2,0.00,0.00,0.00,8.2,14.0
2026-04-16T16:00,10.7,0.00,0.00,0.00,3.9,8.8
2026-04-16T17:00,9.8,0.00,0.00,0.00,3.6,8.6
2026-04-16T18:00,10.1,0.00,0.00,0.00,5.8,14.9
2026-04-16T19:00,9.9,0.00,0.00,0.00,6.2,13.0
2026-04-16T20:00,9.5,0.00,0.00,0.00,4.9,12.4
2026-04-16T21:00,8.7,0.00,0.00,0.00,6.3,10.8
2026-04-16T22:00,8.0,0.00,0.00,0.00,5.1,12.9
2026-04-16T23:00,7.2,0.00,0.00,0.00,4.0,12.0
2026-04-17T00:00,6.4,0.00,0.00,0.00,4.9,14.1
2026-04-17T01:00,6.7,0.00,0.00,0.00,6.3,14.4
2026-04-17T02:00,6.2,0.00,0.00,0.00,6.5,16.6
2026-04-17T03:00,6.0,0.00,0.00,0.00,7.1,16.9
2026-04-17T04:00,6.6,0.00,0.00,0.00,7.3,17.2
2026-04-17T05:00,7.4,0.00,0.00,0.00,7.9,24.3
2026-04-17T06:00,8.8,0.00,0.00,0.00,8.7,14.4
2026-04-17T07:00,9.3,0.00,0.00,0.00,6.9,10.7
2026-04-17T08:00,10.6,0.10,0.00,0.00,9.3,13.6
2026-04-17T09:00,10.1,0.30,0.00,0.00,9.8,15.0
2026-04-17T10:00,9.8,0.10,0.00,0.00,10.4,16.3
2026-04-17T11:00,11.0,0.00,0.00,0.00,8.7,13.4
2026-04-17T12:00,12.2,0.00,0.00,0.00,11.1,17.3
2026-04-17T13:00,12.2,0.00,0.00,0.00,11.5,17.5
2026-04-17T14:00,12.0,0.00,0.00,0.00,9.9,16.4
2026-04-17T15:00,11.5,0.00,0.00,0.00,7.5,14.3
2026-04-17T16:00,10.8,0.00,0.00,0.00,5.2,12.1
2026-04-17T17:00,10.0,0.00,0.00,0.00,4.2,10.8
2026-04-17T18:00,8.4,0.00,0.00,0.00,4.3,12.7
2026-04-17T19:00,8.5,0.00,0.00,0.00,7.8,18.0
2026-04-17T20:00,7.2,0.00,0.00,0.00,7.2,16.5
2026-04-17T21:00,6.1,0.00,0.00,0.00,6.5,14.8
2026-04-17T22:00,5.2,0.00,0.00,0.00,6.7,14.8
2026-04-17T23:00,4.6,0.00,0.00,0.00,7.2,16.2
2026-04-18T00:00,5.1,0.00,0.00,0.00,4.2,9.3
2026-04-18T01:00,5.3,0.00,0.00,0.00,3.8,8.3
2026-04-18T02:00,4.5,0.00,0.00,0.00,5.1,9.5
2026-04-18T03:00,3.9,0.00,0.00,0.00,6.3,12.1
2026-04-18T04:00,4.3,0.00,0.00,0.00,7.9,16.7
2026-04-18T05:00,5.7,0.00,0.00,0.00,5.5,17.9
2026-04-18T06:00,7.3,0.00,0.00,0.00,4.6,7.4
2026-04-18T07:00,8.9,0.00,0.00,0.00,6.3,9.5
2026-04-18T08:00,10.1,0.00,0.00,0.00,7.7,11.7
2026-04-18T09:00,10.2,0.00,0.00,0.00,10.4,15.7
2026-04-18T10:00,8.8,0.10,0.00,0.00,12.2,18.6
2026-04-18T11:00,7.8,0.10,0.00,0.00,17.3,27.7
2026-04-18T12:00,7.7,0.40,0.00,0.00,15.9,24.6
2026-04-18T13:00,6.9,0.00,0.00,0.00,16.6,26.2
2026-04-18T14:00,6.5,0.00,0.00,0.00,16.8,27.3
2026-04-18T15:00,5.7,0.20,0.00,0.00,15.9,25.8
2026-04-18T16:00,4.4,0.50,0.00,0.00,14.4,23.8
2026-04-18T17:00,3.8,0.40,0.00,0.00,13.9,24.0
2026-04-18T18:00,4.1,0.30,0.00,0.00,14.2,25.8
2026-04-18T19:00,3.8,0.10,0.00,0.00,12.0,22.3
2026-04-18T20:00,4.0,0.10,0.00,0.00,11.4,21.1
2026-04-18T21:00,3.8,0.10,0.00,0.00,11.0,20.1
2026-04-18T22:00,3.5,0.00,0.00,0.00,11.2,20.7
2026-04-18T23:00,3.4,0.00,0.00,0.00,11.4,20.9
2026-04-19T00:00,2.4,0.00,0.00,0.00,12.0,23.4
2026-04-19T01:00,2.0,0.00,0.00,0.00,11.3,22.2
2026-04-19T02:00,1.6,0.00,0.00,0.00,11.2,22.0
2026-04-19T03:00,1.5,0.00,0.00,0.00,10.5,20.6
2026-04-19T04:00,1.9,0.00,0.00,0.00,9.7,18.2
2026-04-19T05:00,2.4,0.00,0.00,0.00,9.9,16.6
2026-04-19T06:00,3.7,0.00,0.00,0.00,14.8,23.0
2026-04-19T07:00,4.0,0.00,0.00,0.00,13.5,21.2
2026-04-19T08:00,4.4,0.00,0.00,0.00,13.5,21.3
2026-04-19T09:00,4.7,0.00,0.00,0.00,13.3,20.9
2026-04-19T10:00,4.7,0.00,0.00,0.00,13.5,21.3
2026-04-19T11:00,4.9,0.00,0.00,0.00,13.7,21.7
2026-04-19T12:00,4.7,0.00,0.00,0.00,15.3,23.6
2026-04-19T13:00,4.5,0.00,0.00,0.00,13.5,21.2
2026-04-19T14:00,4.3,0.00,0.00,0.00,13.1,20.6
2026-04-19T15:00,4.0,0.00,0.00,0.00,12.3,18.7
2026-04-19T16:00,3.7,0.00,0.00,0.00,9.8,17.3
2026-04-19T17:00,3.2,0.00,0.00,0.00,9.1,16.7
2026-04-19T18:00,3.1,0.00,0.00,0.00,7.4,14.4
2026-04-19T19:00,2.9,0.00,0.00,0.00,8.2,16.0
2026-04-19T20:00,2.7,0.00,0.00,0.00,9.1,17.6
2026-04-19T21:00,2.1,0.10,0.00,0.00,10.0,18.9
2026-04-19T22:00,1.6,0.00,0.14,0.00,10.2,19.1
2026-04-19T23:00,1.3,0.00,0.07,0.00,10.9,20.6
2026-04-20T00:00,1.2,0.00,0.14,0.00,10.2,20.7
2026-04-20T01:00,1.2,0.00,0.00,0.00,11.5,22.9
2026-04-20T02:00,1.2,0.00,0.00,0.00,12.1,23.7
2026-04-20T03:00,1.3,0.00,0.00,0.00,12.2,23.4
2026-04-20T04:00,1.4,0.00,0.00,0.00,13.8,25.2
2026-04-20T05:00,1.5,0.00,0.00,0.00,13.5,24.0
2026-04-20T06:00,2.4,0.00,0.00,0.00,14.8,24.3
2026-04-20T07:00,3.2,0.00,0.00,0.00,18.7,30.5
2026-04-20T08:00,3.8,0.00,0.00,0.00,20.5,32.7
2026-04-20T09:00,3.5,0.00,0.07,0.00,18.5,30.3
2026-04-20T10:00,4.0,0.00,0.07,0.00,20.9,33.2
2026-04-20T11:00,4.7,0.00,0.07,0.00,21.7,35.1
2026-04-20T12:00,4.8,0.00,0.07,0.00,20.7,31.3
2026-04-20T13:00,4.7,0.00,0.00,0.00,17.7,28.8
2026-04-20T14:00,4.5,0.10,0.00,0.00,13.8,24.3
2026-04-20T15:00,4.1,0.10,0.00,0.00,12.8,23.3
2026-04-20T16:00,3.3,0.00,0.07,0.00,12.4,22.5
2026-04-20T17:00,2.7,0.00,0.07,0.00,13.6,25.0
2026-04-20T18:00,2.4,0.00,0.00,0.00,13.0,24.6
2026-04-20T19:00,2.4,0.00,0.00,0.00,13.5,25.5
2026-04-20T20:00,2.6,0.00,0.00,0.00,13.0,25.3
2026-04-20T21:00,2.6,0.00,0.00,0.00,12.3,24.2
2026-04-20T22:00,2.1,0.00,0.00,0.00,11.8,23.4
2026-04-20T23:00,1.8,0.00,0.00,0.00,12.9,25.2
2026-04-21T00:00,1.7,0.00,0.00,0.00,12.4,24.3
2026-04-21T01:00,1.4,0.00,0.00,0.00,12.7,24.7
2026-04-21T02:00,1.0,0.00,0.00,0.00,12.8,24.5
2026-04-21T03:00,0.8,0.00,0.00,0.00,12.8,24.1
2026-04-21T04:00,1.0,0.00,0.00,0.00,12.8,23.4
2026-04-21T05:00,1.1,0.00,0.00,0.00,13.7,23.2
2026-04-21T06:00,2.8,0.00,0.00,0.00,15.8,25.6
2026-04-21T07:00,3.5,0.00,0.00,0.00,15.0,24.0
2026-04-21T08:00,4.2,0.00,0.00,0.00,14.8,23.7
2026-04-21T09:00,5.4,0.00,0.00,0.00,15.4,24.2
2026-04-21T10:00,6.4,0.00,0.00,0.00,14.9,23.4
2026-04-21T11:00,7.1,0.00,0.00,0.00,15.0,23.8
2026-04-21T12:00,8.3,0.00,0.00,0.00,14.5,22.6
2026-04-21T13:00,8.6,0.00,0.00,0.00,13.9,22.0
2026-04-21T14:00,8.6,0.00,0.00,0.00,13.5,21.9
2026-04-21T15:00,8.2,0.00,0.00,0.00,11.4,20.1
2026-04-21T16:00,7.2,0.00,0.00,0.00,11.3,21.8
2026-04-21T17:00,5.9,0.00,0.00,0.00,11.3,23.8
2026-04-21T18:00,5.3,0.00,0.00,0.00,9.6,22.8
2026-04-21T19:00,4.8,0.00,0.00,0.00,9.1,21.3
2026-04-21T20:00,4.1,0.00,0.00,0.00,8.3,19.9
2026-04-21T21:00,3.2,0.00,0.00,0.00,6.9,17.7
2026-04-21T22:00,2.5,0.00,0.00,0.00,5.8,15.6
2026-04-21T23:00,1.9,0.00,0.00,0.00,5.5,15.0
2026-04-22T00:00,1.0,0.00,0.00,0.00,5.2,15.5
2026-04-22T01:00,0.8,0.00,0.00,0.00,6.1,15.1
2026-04-22T02:00,0.4,0.00,0.00,0.00,6.0,14.8
2026-04-22T03:00,0.4,0.00,0.00,0.00,6.5,15.5
2026-04-22T04:00,1.2,0.00,0.00,0.00,6.5,14.3
2026-04-22T05:00,2.8,0.00,0.00,0.00,3.8,14.6
2026-04-22T06:00,5.7,0.00,0.00,0.00,3.4,6.8
2026-04-22T07:00,8.1,0.00,0.00,0.00,3.6,5.4
2026-04-22T08:00,9.7,0.00,0.00,0.00,5.1,7.8
2026-04-22T09:00,10.4,0.00,0.00,0.00,4.7,7.3
2026-04-22T10:00,11.0,0.00,0.00,0.00,6.1,9.2
2026-04-22T11:00,12.1,0.00,0.00,0.00,8.1,12.4
2026-04-22T12:00,12.4,0.00,0.00,0.00,6.8,10.4
2026-04-22T13:00,14.7,0.00,0.00,0.00,5.1,7.8
2026-04-22T14:00,12.5,0.00,0.00,0.00,10.4,16.9
2026-04-22T15:00,11.3,0.00,0.00,0.00,11.0,19.9
2026-04-22T16:00,10.2,0.00,0.00,0.00,7.7,16.6
2026-04-22T17:00,9.3,0.00,0.00,0.00,9.3,20.4
2026-04-22T18:00,9.3,0.00,0.00,0.00,10.8,24.4
2026-04-22T19:00,9.3,0.00,0.00,0.00,12.0,25.7
2026-04-22T20:00,9.2,0.00,0.00,0.00,14.1,28.7
2026-04-22T21:00,8.6,0.00,0.00,0.00,12.5,25.7
2026-04-22T22:00,7.9,0.00,0.00,0.00,10.5,22.1
2026-04-22T23:00,7.1,0.10,0.00,0.00,11.2,22.2
2026-04-23T00:00,7.4,0.30,0.00,0.00,11.6,23.1
2026-04-23T01:00,6.9,0.10,0.00,0.00,10.2,19.3
2026-04-23T02:00,6.0,0.20,0.00,0.00,6.0,11.5
2026-04-23T03:00,4.9,0.80,0.00,0.00,7.3,10.9
2026-04-23T04:00,3.9,1.30,0.00,0.00,6.6,11.1
2026-04-23T05:00,3.6,0.80,0.00,0.00,8.6,13.6
2026-04-23T06:00,3.8,0.90,0.00,0.00,10.2,14.8
2026-04-23T07:00,4.3,0.40,0.00,0.00,9.3,13.8
2026-04-23T08:00,5.2,0.30,0.00,0.00,9.7,14.7
2026-04-23T09:00,5.1,0.50,0.00,0.00,12.5,19.5
2026-04-23T10:00,4.8,0.60,0.00,0.00,17.2,27.6
2026-04-23T11:00,3.1,1.00,0.00,0.00,23.1,39.0
2026-04-23T12:00,4.0,0.40,0.00,0.00,21.6,34.6
2026-04-23T13:00,4.2,0.00,0.00,0.00,24.5,39.1
2026-04-23T14:00,3.5,0.10,0.00,0.00,19.7,33.5
2026-04-23T15:00,2.6,0.30,0.00,0.00,17.7,28.8
2026-04-23T16:00,2.9,0.10,0.00,0.00,17.3,29.4
2026-04-23T17:00,3.1,0.00,0.00,0.00,18.0,32.1
2026-04-23T18:00,3.4,0.00,0.00,0.00,15.5,28.0
2026-04-23T19:00,3.1,0.00,0.00,0.00,15.2,28.0
2026-04-23T20:00,2.5,0.00,0.00,0.00,14.9,27.9
2026-04-23T21:00,2.5,0.00,0.00,0.00,14.8,26.8
2026-04-23T22:00,1.9,0.00,0.00,0.00,15.5,28.0
2026-04-23T23:00,1.5,0.00,0.00,0.00,15.4,28.6
2026-04-24T00:00,1.0,0.00,0.00,0.00,14.6,27.7
2026-04-24T01:00,0.6,0.00,0.00,0.00,14.9,28.0
2026-04-24T02:00,0.1,0.00,0.00,0.00,14.1,26.9
2026-04-24T03:00,-0.2,0.00,0.00,0.00,14.1,26.3
2026-04-24T04:00,0.5,0.00,0.00,0.00,12.0,21.7
2026-04-24T05:00,1.5,0.00,0.00,0.00,14.8,24.2
2026-04-24T06:00,2.1,0.00,0.00,0.00,17.1,27.7
2026-04-24T07:00,3.0,0.00,0.00,0.00,19.6,31.0
2026-04-24T08:00,3.3,0.00,0.00,0.00,18.6,29.3
2026-04-24T09:00,3.7,0.00,0.00,0.00,18.2,28.7
2026-04-24T10:00,4.0,0.00,0.00,0.00,19.4,30.3
2026-04-24T11:00,4.3,0.00,0.00,0.00,19.5,30.6
2026-04-24T12:00,4.2,0.00,0.00,0.00,19.7,31.1
2026-04-24T13:00,4.4,0.00,0.00,0.00,18.6,29.9
2026-04-24T14:00,4.8,0.00,0.00,0.00,19.5,29.9
2026-04-24T15:00,4.8,0.00,0.00,0.00,14.2,25.1
2026-04-24T16:00,4.5,0.00,0.00,0.00,12.7,23.1
2026-04-24T17:00,3.9,0.00,0.00,0.00,9.0,18.2
2026-04-24T18:00,3.0,0.00,0.00,0.00,6.6,16.3
2026-04-24T19:00,3.1,0.00,0.00,0.00,8.5,18.8
2026-04-24T20:00,2.8,0.00,0.00,0.00,9.2,20.2
2026-04-24T21:00,2.4,0.00,0.00,0.00,9.9,21.5
2026-04-24T22:00,1.8,0.00,0.00,0.00,11.0,23.4
2026-04-24T23:00,1.1,0.00,0.00,0.00,11.7,25.1
2026-04-25T00:00,1.1,0.00,0.00,0.00,11.5,25.3
2026-04-25T01:00,0.9,0.00,0.00,0.00,11.0,23.5
2026-04-25T02:00,0.5,0.00,0.00,0.00,10.4,22.5
2026-04-25T03:00,0.9,0.00,0.00,0.00,9.3,19.1
2026-04-25T04:00,1.4,0.00,0.00,0.00,10.2,17.8
2026-04-25T05:00,1.9,0.00,0.00,0.00,10.0,15.8
2026-04-25T06:00,3.3,0.00,0.00,0.00,9.2,13.9
2026-04-25T07:00,4.2,0.00,0.00,0.00,8.2,12.4
2026-04-25T08:00,5.5,0.00,0.00,0.00,10.5,15.4
2026-04-25T09:00,6.3,0.00,0.00,0.00,9.8,14.7
2026-04-25T10:00,7.3,0.00,0.00,0.00,10.0,14.7
2026-04-25T11:00,7.8,0.00,0.00,0.00,9.0,13.2
2026-04-25T12:00,8.2,0.00,0.00,0.00,5.7,8.6
2026-04-25T13:00,10.5,0.00,0.00,0.00,13.4,18.9
2026-04-25T14:00,8.7,0.00,0.00,0.00,11.8,19.5
2026-04-25T15:00,8.9,0.00,0.00,0.00,7.1,13.5
2026-04-25T16:00,8.9,0.00,0.00,0.00,9.4,18.8
2026-04-25T17:00,8.4,0.00,0.00,0.00,6.5,14.0
2026-04-25T18:00,7.8,0.00,0.00,0.00,6.1,15.2
2026-04-25T19:00,7.8,0.00,0.00,0.00,9.6,20.7
2026-04-25T20:00,7.1,0.10,0.00,0.00,4.7,13.4
2026-04-25T21:00,6.7,0.10,0.00,0.00,7.6,15.4
2026-04-25T22:00,6.5,0.00,0.00,0.00,11.1,23.2
2026-04-25T23:00,6.3,0.00,0.00,0.00,12.8,26.1
2026-04-26T00:00,6.6,0.00,0.00,0.00,15.5,30.3
2026-04-26T01:00,7.1,0.00,0.00,0.00,15.2,29.6
2026-04-26T02:00,6.9,0.00,0.00,0.00,14.5,28.3
2026-04-26T03:00,6.9,0.20,0.00,0.00,14.4,27.0
2026-04-26T04:00,6.8,0.70,0.00,0.00,14.7,27.4
2026-04-26T05:00,7.2,0.30,0.00,0.00,14.7,26.6
2026-04-26T06:00,7.2,0.60,0.00,0.00,14.1,25.0
2026-04-26T07:00,8.2,0.20,0.00,0.00,13.8,22.7
2026-04-26T08:00,9.7,0.10,0.00,0.00,15.4,24.5
2026-04-26T09:00,10.3,0.20,0.00,0.00,13.8,22.1
2026-04-26T10:00,8.0,1.70,0.00,0.00,12.8,20.4
2026-04-26T11:00,8.8,0.50,0.00,0.00,6.2,10.0
2026-04-26T12:00,9.8,0.30,0.00,0.00,3.5,5.3
2026-04-26T13:00,9.8,0.00,0.00,0.00,4.2,6.2
2026-04-26T14:00,9.0,0.50,0.00,0.00,7.5,12.1
2026-04-26T15:00,7.1,1.80,0.00,0.00,13.0,21.6
2026-04-26T16:00,5.6,1.40,0.00,0.00,14.3,24.7
2026-04-26T17:00,4.9,0.30,0.00,0.00,14.7,25.8
2026-04-26T18:00,4.1,0.60,0.00,0.00,15.8,26.1
2026-04-26T19:00,2.7,1.20,0.00,0.00,15.8,27.3
2026-04-26T20:00,1.9,0.60,0.07,0.00,18.1,32.5
2026-04-26T21:00,1.6,0.30,0.49,0.00,20.2,35.2
2026-04-26T22:00,1.3,0.10,0.77,0.01,20.1,36.3
2026-04-26T23:00,1.0,0.00,0.91,0.02,21.1,37.4
2026-04-27T00:00,0.4,0.00,1.05,0.02,19.5,34.8
2026-04-27T01:00,0.1,0.00,0.63,0.02,21.1,37.3
2026-04-27T02:00,0.1,0.00,0.84,0.03,23.3,41.2
2026-04-27T03:00,0.2,0.00,0.98,0.04,24.4,42.9
2026-04-27T04:00,0.5,0.00,0.91,0.05,26.0,45.7
2026-04-27T05:00,0.9,0.00,0.84,0.05,27.7,48.4
2026-04-27T06:00,1.0,0.00,0.70,0.05,29.1,50.4
2026-04-27T07:00,1.3,0.00,0.77,0.06,30.5,52.9
2026-04-27T08:00,1.6,0.10,0.42,0.06,31.6,54.7
2026-04-27T09:00,1.8,0.10,0.28,0.05,28.8,50.3
2026-04-27T10:00,1.8,0.20,0.35,0.05,27.2,47.9
2026-04-27T11:00,1.8,0.10,0.63,0.05,28.9,50.6
2026-04-27T12:00,1.6,0.30,0.70,0.08,30.1,52.0
2026-04-27T13:00,1.7,0.20,0.42,0.08,29.4,51.0
2026-04-27T14:00,1.6,0.30,0.49,0.08,30.6,53.0
2026-04-27T15:00,1.4,0.20,0.77,0.08,30.4,52.8
2026-04-27T16:00,1.4,0.10,0.77,0.08,30.8,53.4
2026-04-27T17:00,1.3,0.20,0.63,0.09,31.0,53.5
2026-04-27T18:00,1.1,0.10,0.56,0.09,29.1,50.1
2026-04-27T19:00,0.9,0.10,0.56,0.09,29.6,50.9
2026-04-27T20:00,0.9,0.00,0.63,0.10,29.0,49.9
2026-04-27T21:00,1.0,0.00,0.49,0.10,27.9,48.1
2026-04-27T22:00,1.1,0.00,0.28,0.10,26.8,46.2
2026-04-27T23:00,0.9,0.00,0.28,0.10,26.6,46.0
2026-04-28T00:00,0.3,0.00,0.28,0.05,22.4,36.8
2026-04-28T01:00,0.3,0.00,0.21,0.05,21.7,36.6
2026-04-28T02:00,0.0,0.00,0.14,0.06,21.4,37.6
2026-04-28T03:00,-0.2,0.00,0.21,0.06,21.4,36.9
2026-04-28T04:00,-0.1,0.00,0.21,0.06,22.9,38.3
2026-04-28T05:00,0.2,0.00,0.14,0.06,23.8,40.2
2026-04-28T06:00,0.7,0.00,0.14,0.06,25.3,43.1
2026-04-28T07:00,1.0,0.00,0.14,0.06,24.2,41.8
2026-04-28T08:00,1.3,0.00,0.07,0.06,23.7,40.9
2026-04-28T09:00,1.2,0.00,0.21,0.06,23.9,41.3
2026-04-28T10:00,1.5,0.00,0.21,0.06,23.9,41.4
2026-04-28T11:00,1.7,0.00,0.14,0.06,21.3,38.0
2026-04-28T12:00,1.8,0.10,0.07,0.07,23.5,40.9
2026-04-28T13:00,1.7,0.00,0.07,0.06,21.2,37.3
2026-04-28T14:00,1.7,0.00,0.07,0.06,19.8,35.0
2026-04-28T15:00,1.6,0.00,0.21,0.06,19.7,35.3
2026-04-28T16:00,1.4,0.00,0.07,0.06,19.8,35.3
2026-04-28T17:00,1.0,0.00,0.00,0.06,18.7,33.9
2026-04-28T18:00,1.2,0.00,0.00,0.06,17.0,31.5
2026-04-28T19:00,0.9,0.00,0.00,0.06,16.5,30.8
2026-04-28T20:00,0.5,0.00,0.00,0.06,15.6,29.4
2026-04-28T21:00,0.6,0.00,0.07,0.06,15.8,29.2
2026-04-28T22:00,0.7,0.00,0.07,0.06,16.4,30.0
2026-04-28T23:00,0.6,0.00,0.07,0.06,16.9,30.5
2026-04-29T00:00,0.2,0.00,0.07,0.00,14.9,27.6
2026-04-29T01:00,0.4,0.00,0.00,0.00,14.2,26.5
2026-04-29T02:00,0.2,0.00,0.00,0.00,13.8,26.0
2026-04-29T03:00,0.7,0.00,0.00,0.00,13.0,24.1
2026-04-29T04:00,1.0,0.00,0.07,0.00,10.5,18.8
2026-04-29T05:00,1.6,0.00,0.07,0.00,13.7,22.8
2026-04-29T06:00,2.3,0.10,0.00,0.00,14.5,23.1
2026-04-29T07:00,2.2,0.00,0.14,0.00,11.8,20.4
2026-04-29T08:00,2.3,0.10,0.00,0.00,11.4,19.8
2026-04-29T09:00,3.1,0.00,0.07,0.00,13.5,22.3
2026-04-29T10:00,3.2,0.00,0.07,0.00,14.7,24.2
2026-04-29T11:00,4.0,0.10,0.00,0.00,17.1,26.3
2026-04-29T12:00,4.6,0.10,0.00,0.00,14.8,22.4
2026-04-29T13:00,4.2,0.00,0.00,0.00,14.7,22.6
2026-04-29T14:00,3.6,0.00,0.00,0.00,14.3,22.1
2026-04-29T15:00,3.0,0.00,0.00,0.00,11.4,18.2
2026-04-29T16:00,2.6,0.00,0.00,0.00,9.7,16.3
2026-04-29T17:00,1.9,0.00,0.00,0.00,8.6,15.6
2026-04-29T18:00,1.6,0.00,0.00,0.00,7.4,15.3
2026-04-29T19:00,0.7,0.00,0.00,0.00,7.8,16.5
2026-04-29T20:00,0.3,0.00,0.00,0.00,8.8,18.4
2026-04-29T21:00,0.3,0.00,0.00,0.00,8.0,17.1
2026-04-29T22:00,-0.1,0.00,0.00,0.00,7.6,16.3
2026-04-29T23:00,-0.5,0.00,0.00,0.00,7.3,15.9
2026-04-30T00:00,-0.5,0.00,0.00,0.00,5.7,13.6
2026-04-30T01:00,-0.6,0.00,0.00,0.00,6.1,13.4
2026-04-30T02:00,-0.9,0.00,0.00,0.00,6.9,15.5
2026-04-30T03:00,-0.5,0.00,0.00,0.00,7.2,16.2
2026-04-30T04:00,0.6,0.00,0.00,0.00,4.8,17.6
2026-04-30T05:00,1.9,0.00,0.00,0.00,4.6,8.2
2026-04-30T06:00,3.0,0.00,0.00,0.00,2.6,3.8
2026-04-30T07:00,3.7,0.10,0.00,0.00,5.4,7.8
2026-04-30T08:00,4.1,0.00,0.00,0.00,6.9,10.0
2026-04-30T09:00,4.8,0.00,0.00,0.00,7.1,10.0
2026-04-30T10:00,5.5,0.10,0.00,0.00,7.0,10.1
2026-04-30T11:00,5.7,0.10,0.00,0.00,6.6,9.3
2026-04-30T12:00,5.9,0.00,0.00,0.00,7.7,10.8
2026-04-30T13:00,5.8,0.00,0.00,0.00,8.7,12.8
2026-04-30T14:00,5.5,0.00,0.00,0.00,9.9,14.8
2026-04-30T15:00,5.0,0.00,0.00,0.00,9.6,14.4
2026-04-30T16:00,4.5,0.00,0.00,0.00,7.9,12.9
2026-04-30T17:00,4.0,0.00,0.00,0.00,5.3,10.2
2026-04-30T18:00,3.7,0.00,0.00,0.00,2.1,6.3
2026-04-30T19:00,3.6,0.00,0.00,0.00,2.3,5.8
2026-04-30T20:00,3.1,0.00,0.00,0.00,3.3,6.0
2026-04-30T21:00,2.5,0.00,0.00,0.00,3.1,7.2
2026-04-30T22:00,2.3,0.00,0.00,0.00,3.7,6.8
2026-04-30T23:00,1.7,0.00,0.00,0.00,5.3,10.8
2026-05-01T00:00,1.3,0.00,0.00,0.00,3.6,11.0
2026-05-01T01:00,1.6,0.00,0.00,0.00,4.6,11.4
2026-05-01T02:00,1.5,0.00,0.00,0.00,5.1,12.8
2026-05-01T03:00,1.8,0.00,0.00,0.00,5.6,13.1
2026-05-01T04:00,2.3,0.00,0.00,0.00,6.2,15.8
2026-05-01T05:00,2.4,0.00,0.00,0.00,4.2,17.6
2026-05-01T06:00,4.2,0.00,0.00,0.00,6.1,10.5
2026-05-01T07:00,5.9,0.00,0.00,0.00,6.2,9.3
2026-05-01T08:00,7.2,0.00,0.00,0.00,5.0,7.6
2026-05-01T09:00,8.1,0.00,0.00,0.00,5.0,7.6
2026-05-01T10:00,7.4,0.00,0.00,0.00,7.4,11.1
2026-05-01T11:00,6.2,0.30,0.00,0.00,6.0,9.6
2026-05-01T12:00,9.0,0.10,0.00,0.00,10.6,15.7
2026-05-01T13:00,8.9,0.00,0.00,0.00,10.3,15.4
2026-05-01T14:00,8.3,0.00,0.00,0.00,11.1,17.1
2026-05-01T15:00,8.0,0.00,0.00,0.00,7.4,11.7
2026-05-01T16:00,7.6,0.00,0.00,0.00,3.9,7.2
2026-05-01T17:00,7.3,0.00,0.00,0.00,1.8,5.1
2026-05-01T18:00,7.4,0.00,0.00,0.00,2.3,4.7
2026-05-01T19:00,7.2,0.10,0.00,0.00,4.0,7.2
2026-05-01T20:00,6.4,0.10,0.00,0.00,6.9,13.1
2026-05-01T21:00,5.6,0.00,0.00,0.00,6.8,15.7
2026-05-01T22:00,4.8,0.00,0.00,0.00,6.5,14.5
2026-05-01T23:00,4.2,0.00,0.00,0.00,6.2,14.0
2026-05-02T00:00,4.3,0.00,0.00,0.00,5.7,15.2
2026-05-02T01:00,4.0,0.00,0.00,0.00,6.9,16.3
2026-05-02T02:00,3.3,0.00,0.00,0.00,7.8,17.4
2026-05-02T03:00,3.2,0.00,0.00,0.00,8.1,18.0
2026-05-02T04:00,4.0,0.00,0.00,0.00,7.0,20.8
2026-05-02T05:00,5.4,0.00,0.00,0.00,6.8,12.4
2026-05-02T06:00,8.1,0.00,0.00,0.00,7.2,11.6
2026-05-02T07:00,10.3,0.00,0.00,0.00,8.2,12.9
2026-05-02T08:00,11.9,0.00,0.00,0.00,11.3,17.4
2026-05-02T09:00,12.8,0.00,0.00,0.00,11.4,17.5
2026-05-02T10:00,13.9,0.00,0.00,0.00,10.2,15.5
2026-05-02T11:00,14.2,0.00,0.00,0.00,11.2,17.1
2026-05-02T12:00,14.5,0.00,0.00,0.00,10.2,15.6
2026-05-02T13:00,14.9,0.00,0.00,0.00,11.2,17.3
2026-05-02T14:00,14.9,0.00,0.00,0.00,11.3,18.2
2026-05-02T15:00,14.5,0.00,0.00,0.00,10.3,18.5
2026-05-02T16:00,13.6,0.00,0.00,0.00,10.1,20.0
2026-05-02T17:00,12.3,0.00,0.00,0.00,12.7,25.1
2026-05-02T18:00,12.2,0.00,0.00,0.00,12.9,27.4
2026-05-02T19:00,11.9,0.00,0.00,0.00,13.5,28.1
2026-05-02T20:00,11.4,0.00,0.00,0.00,13.5,28.2
2026-05-02T21:00,10.9,0.00,0.00,0.00,13.4,28.3
2026-05-02T22:00,10.4,0.00,0.00,0.00,13.3,28.3
2026-05-02T23:00,9.7,0.00,0.00,0.00,12.7,26.9
2026-05-03T00:00,9.4,0.00,0.00,0.00,11.8,25.7
2026-05-03T01:00,9.2,0.00,0.00,0.00,11.5,24.7
2026-05-03T02:00,8.7,0.00,0.00,0.00,11.1,23.8
2026-05-03T03:00,8.8,0.00,0.00,0.00,11.5,23.9
2026-05-03T04:00,9.5,0.00,0.00,0.00,8.6,23.0
2026-05-03T05:00,10.7,0.00,0.00,0.00,9.4,16.4
2026-05-03T06:00,13.3,0.00,0.00,0.00,10.4,16.8
2026-05-03T07:00,14.8,0.00,0.00,0.00,11.2,17.5
2026-05-03T08:00,16.3,0.00,0.00,0.00,12.3,19.1
2026-05-03T09:00,17.4,0.00,0.00,0.00,12.8,19.9
2026-05-03T10:00,18.3,0.00,0.00,0.00,13.0,19.9
2026-05-03T11:00,18.8,0.00,0.00,0.00,12.7,19.7
2026-05-03T12:00,20.0,0.00,0.00,0.00,10.0,15.3
2026-05-03T13:00,20.3,0.00,0.00,0.00,9.3,14.4
2026-05-03T14:00,20.4,0.00,0.00,0.00,9.8,15.5
2026-05-03T15:00,19.9,0.00,0.00,0.00,9.3,16.3
2026-05-03T16:00,18.7,0.00,0.00,0.00,10.1,19.8
2026-05-03T17:00,17.1,0.00,0.00,0.00,10.1,22.1
2026-05-03T18:00,16.5,0.00,0.00,0.00,10.8,24.4
2026-05-03T19:00,15.9,0.00,0.00,0.00,10.3,23.2
2026-05-03T20:00,15.1,0.00,0.00,0.00,10.4,23.4
2026-05-03T21:00,14.2,0.00,0.00,0.00,9.8,22.3
2026-05-03T22:00,13.4,0.00,0.00,0.00,9.3,21.2
2026-05-03T23:00,12.6,0.00,0.00,0.00,8.8,20.4
2026-05-04T00:00,12.0,0.00,0.00,0.00,8.1,20.0
2026-05-04T01:00,11.3,0.00,0.00,0.00,8.7,19.9
2026-05-04T02:00,10.6,0.00,0.00,0.00,8.1,18.9
2026-05-04T03:00,10.6,0.00,0.00,0.00,7.3,17.0
2026-05-04T04:00,11.4,0.00,0.00,0.00,6.7,19.1
2026-05-04T05:00,12.9,0.00,0.00,0.00,4.7,13.3
2026-05-04T06:00,16.1,0.00,0.00,0.00,4.5,7.9
2026-05-04T07:00,18.5,0.00,0.00,0.00,5.8,9.6
2026-05-04T08:00,19.9,0.00,0.00,0.00,4.9,8.0
2026-05-04T09:00,21.2,0.00,0.00,0.00,3.2,5.3
2026-05-04T10:00,22.6,0.00,0.00,0.00,11.2,17.3
2026-05-04T11:00,23.0,0.00,0.00,0.00,14.2,22.3
2026-05-04T12:00,24.2,0.00,0.00,0.00,16.1,24.9
2026-05-04T13:00,24.0,0.00,0.00,0.00,15.0,23.6
2026-05-04T14:00,24.0,0.00,0.00,0.00,10.5,16.5
2026-05-04T15:00,22.2,0.00,0.00,0.00,15.9,25.4
2026-05-04T16:00,19.9,0.00,0.00,0.00,2.8,6.3
2026-05-04T17:00,19.5,0.00,0.00,0.00,6.0,10.3
2026-05-04T18:00,19.2,0.00,0.00,0.00,8.8,20.1
2026-05-04T19:00,19.3,0.00,0.00,0.00,10.9,23.2
2026-05-04T20:00,18.8,0.00,0.00,0.00,13.0,26.9
2026-05-04T21:00,17.6,0.00,0.00,0.00,12.0,25.4
2026-05-04T22:00,16.9,0.00,0.00,0.00,11.8,25.3
2026-05-04T23:00,16.2,0.00,0.00,0.00,11.8,25.6
2026-05-05T00:00,16.3,0.00,0.00,0.00,12.0,26.8
2026-05-05T01:00,15.8,0.00,0.00,0.00,12.0,26.8
2026-05-05T02:00,15.0,0.00,0.00,0.00,12.1,26.7
2026-05-05T03:00,14.9,0.00,0.00,0.00,11.7,24.8
2026-05-05T04:00,15.6,0.00,0.00,0.00,9.4,22.9
2026-05-05T05:00,16.7,0.00,0.00,0.00,8.7,15.7
2026-05-05T06:00,20.3,0.00,0.00,0.00,8.0,12.7
2026-05-05T07:00,21.9,0.00,0.00,0.00,6.5,9.9
2026-05-05T08:00,23.3,0.00,0.00,0.00,6.6,9.8
2026-05-05T09:00,24.3,0.00,0.00,0.00,10.6,15.9
2026-05-05T10:00,25.4,0.00,0.00,0.00,12.1,18.5
2026-05-05T11:00,20.8,0.80,0.00,0.00,10.5,18.0
2026-05-05T12:00,21.4,0.00,0.00,0.00,11.5,19.0
2026-05-05T13:00,23.3,0.00,0.00,0.00,13.2,20.9
2026-05-05T14:00,21.9,0.00,0.00,0.00,17.5,27.0
2026-05-05T15:00,21.4,0.00,0.00,0.00,11.0,17.5
2026-05-05T16:00,20.7,0.00,0.00,0.00,9.1,15.7
2026-05-05T17:00,19.7,0.00,0.00,0.00,9.4,17.9
2026-05-05T18:00,19.3,0.00,0.00,0.00,7.5,16.0
2026-05-05T19:00,18.8,0.00,0.00,0.00,8.1,16.3
2026-05-05T20:00,18.3,0.00,0.00,0.00,8.1,17.5
2026-05-05T21:00,17.6,0.00,0.00,0.00,6.9,15.6
2026-05-05T22:00,17.0,0.00,0.00,0.00,8.4,18.6
2026-05-05T23:00,16.5,0.00,0.00,0.00,8.3,19.0
2026-05-06T00:00,13.9,0.00,0.00,0.00,3.6,9.7
2026-05-06T01:00,13.7,0.00,0.00,0.00,4.4,10.5
2026-05-06T02:00,13.2,0.00,0.00,0.00,4.2,10.7
2026-05-06T03:00,13.3,0.00,0.00,0.00,4.4,10.0
2026-05-06T04:00,14.7,0.00,0.00,0.00,3.1,10.5
2026-05-06T05:00,16.9,0.00,0.00,0.00,3.1,11.2
2026-05-06T06:00,19.6,0.00,0.00,0.00,4.7,8.0
2026-05-06T07:00,20.3,0.00,0.00,0.00,5.2,8.0
2026-05-06T08:00,21.7,0.00,0.00,0.00,7.8,11.4
2026-05-06T09:00,22.7,0.00,0.00,0.00,9.8,14.6
2026-05-06T10:00,23.6,0.00,0.00,0.00,10.7,15.9
2026-05-06T11:00,23.9,0.10,0.00,0.00,14.9,22.0
2026-05-06T12:00,25.1,0.00,0.00,0.00,12.4,18.5
2026-05-06T13:00,24.9,0.00,0.00,0.00,13.3,20.0
2026-05-06T14:00,24.5,0.00,0.00,0.00,11.6,17.2
2026-05-06T15:00,23.7,0.00,0.00,0.00,11.8,17.4
2026-05-06T16:00,22.5,0.00,0.00,0.00,10.0,15.6
2026-05-06T17:00,21.5,0.00,0.00,0.00,7.6,13.3
2026-05-06T18:00,20.6,0.00,0.00,0.00,8.4,15.6
2026-05-06T19:00,18.9,0.00,0.00,0.00,10.5,19.3
2026-05-06T20:00,17.8,0.00,0.00,0.00,9.4,17.7
2026-05-06T21:00,16.6,0.00,0.00,0.00,10.1,18.5
2026-05-06T22:00,15.5,0.00,0.00,0.00,10.0,18.7
2026-05-06T23:00,14.7,0.00,0.00,0.00,10.7,20.3
2026-05-07T00:00,14.2,0.10,0.00,0.00,10.6,21.6
2026-05-07T01:00,13.9,0.00,0.00,0.00,11.5,22.9
2026-05-07T02:00,13.6,0.00,0.00,0.00,11.9,24.0
2026-05-07T03:00,14.1,0.00,0.00,0.00,9.8,26.3
2026-05-07T04:00,15.2,0.00,0.00,0.00,7.5,19.4
2026-05-07T05:00,17.4,0.00,0.00,0.00,6.9,12.8
2026-05-07T06:00,21.8,0.00,0.00,0.00,8.2,13.5
2026-05-07T07:00,24.4,0.00,0.00,0.00,9.1,14.8
2026-05-07T08:00,26.4,0.00,0.00,0.00,9.9,15.2
2026-05-07T09:00,27.2,0.10,0.00,0.00,16.0,23.8
2026-05-07T10:00,26.4,0.00,0.00,0.00,20.5,31.5
2026-05-07T11:00,26.7,0.00,0.00,0.00,22.7,36.0
2026-05-07T12:00,27.1,0.50,0.00,0.00,18.2,28.7
2026-05-07T13:00,26.4,0.00,0.00,0.00,20.1,31.5
2026-05-07T14:00,26.2,0.00,0.00,0.00,17.5,27.4
2026-05-07T15:00,25.7,0.00,0.00,0.00,14.9,23.4
2026-05-07T16:00,24.8,0.00,0.00,0.00,13.3,22.7
2026-05-07T17:00,23.1,0.00,0.00,0.00,11.0,18.9
2026-05-07T18:00,20.8,0.00,0.00,0.00,3.4,8.4
2026-05-07T19:00,21.1,0.00,0.00,0.00,1.1,1.1
2026-05-07T20:00,20.9,0.00,0.00,0.00,5.8,11.5
2026-05-07T21:00,20.6,0.00,0.00,0.00,6.5,14.4
2026-05-07T22:00,19.6,0.00,0.00,0.00,7.1,15.7
2026-05-07T23:00,18.6,0.00,0.00,0.00,10.2,21.0
2026-05-08T00:00,16.8,0.00,0.00,0.00,10.6,21.7
2026-05-08T01:00,15.7,0.00,0.00,0.00,11.0,22.0
2026-05-08T02:00,14.9,0.00,0.00,0.00,10.1,20.1
2026-05-08T03:00,14.7,0.00,0.00,0.00,8.0,19.7
2026-05-08T04:00,14.7,1.80,0.00,0.00,10.6,16.9
2026-05-08T05:00,14.4,0.40,0.00,0.00,11.0,17.4
2026-05-08T06:00,13.6,0.00,0.00,0.00,12.7,19.4
2026-05-08T07:00,13.2,0.00,0.00,0.00,10.3,16.0
2026-05-08T08:00,14.7,0.00,0.00,0.00,11.1,16.3
2026-05-08T09:00,15.5,0.00,0.00,0.00,11.3,16.6
2026-05-08T10:00,15.2,0.00,0.00,0.00,11.8,17.4
2026-05-08T11:00,15.5,0.00,0.00,0.00,12.3,18.4
2026-05-08T12:00,13.2,0.00,0.00,0.00,13.8,20.5
2026-05-08T13:00,13.4,0.00,0.00,0.00,15.8,23.9
2026-05-08T14:00,11.7,0.00,0.00,0.00,14.8,23.0
2026-05-08T15:00,11.4,0.20,0.00,0.00,14.9,23.6
2026-05-08T16:00,11.2,0.00,0.00,0.00,15.0,24.1
2026-05-08T17:00,11.2,0.00,0.00,0.00,12.6,20.4
2026-05-08T18:00,10.4,0.00,0.00,0.00,9.3,15.7
2026-05-08T19:00,10.5,0.00,0.00,0.00,6.9,13.2
2026-05-08T20:00,10.8,0.00,0.00,0.00,7.3,13.9
2026-05-08T21:00,10.7,0.00,0.00,0.00,5.9,11.9
2026-05-08T22:00,10.6,0.00,0.00,0.00,6.2,12.3
2026-05-08T23:00,10.4,0.00,0.00,0.00,7.1,14.3
2026-05-09T00:00,10.3,0.00,0.00,0.00,7.0,14.9
2026-05-09T01:00,9.8,0.00,0.00,0.00,10.1,20.0
2026-05-09T02:00,9.6,0.00,0.00,0.00,11.5,22.5
2026-05-09T03:00,9.5,0.00,0.00,0.00,11.4,21.6
2026-05-09T04:00,9.1,0.00,0.00,0.00,11.2,19.5
2026-05-09T05:00,9.2,0.00,0.00,0.00,11.0,18.3
2026-05-09T06:00,9.9,0.00,0.00,0.00,11.4,18.4
2026-05-09T07:00,10.7,0.00,0.00,0.00,12.4,19.9
2026-05-09T08:00,11.5,0.00,0.00,0.00,13.7,21.5
2026-05-09T09:00,11.9,0.00,0.00,0.00,14.0,21.7
2026-05-09T10:00,12.3,0.00,0.00,0.00,13.0,20.3
2026-05-09T11:00,12.9,0.00,0.00,0.00,12.6,19.5
2026-05-09T12:00,12.9,0.00,0.00,0.00,13.1,20.2
2026-05-09T13:00,13.1,0.00,0.00,0.00,13.3,20.7
2026-05-09T14:00,12.8,0.00,0.00,0.00,13.1,21.0
2026-05-09T15:00,12.6,0.00,0.00,0.00,13.6,22.4
2026-05-09T16:00,12.3,0.00,0.00,0.00,13.1,22.3
2026-05-09T17:00,12.0,0.00,0.00,0.00,12.6,22.5
2026-05-09T18:00,11.7,0.00,0.00,0.00,10.8,20.2
2026-05-09T19:00,11.4,0.00,0.00,0.00,11.1,20.8
2026-05-09T20:00,11.1,0.00,0.00,0.00,12.0,22.4
2026-05-09T21:00,10.7,0.00,0.00,0.00,13.4,24.5
2026-05-09T22:00,10.3,0.10,0.00,0.00,12.6,23.8
2026-05-09T23:00,10.0,0.00,0.00,0.00,13.4,24.7
2026-05-10T00:00,10.0,0.00,0.00,0.00,13.7,25.4
2026-05-10T01:00,9.7,0.00,0.00,0.00,13.7,25.3
2026-05-10T02:00,9.0,0.00,0.00,0.00,14.2,26.1
2026-05-10T03:00,8.9,0.00,0.00,0.00,13.5,24.5
2026-05-10T04:00,9.0,0.00,0.00,0.00,13.5,23.1
2026-05-10T05:00,9.0,0.10,0.00,0.00,13.5,22.5
2026-05-10T06:00,9.6,0.00,0.00,0.00,14.0,22.7
2026-05-10T07:00,9.6,0.50,0.00,0.00,12.8,21.1
2026-05-10T08:00,10.1,0.00,0.00,0.00,13.2,22.3
2026-05-10T09:00,11.5,0.00,0.00,0.00,15.1,24.3
2026-05-10T10:00,12.4,0.00,0.00,0.00,17.5,27.9
2026-05-10T11:00,13.2,0.00,0.00,0.00,17.5,28.1
2026-05-10T12:00,14.3,0.00,0.00,0.00,16.5,25.7
2026-05-10T13:00,14.3,0.00,0.00,0.00,16.7,26.2
2026-05-10T14:00,14.1,0.00,0.00,0.00,16.2,25.5
2026-05-10T15:00,13.8,0.00,0.00,0.00,15.6,25.1
2026-05-10T16:00,13.3,0.00,0.00,0.00,14.4,24.0
2026-05-10T17:00,13.0,0.00,0.00,0.00,12.3,21.5
2026-05-10T18:00,12.6,0.00,0.00,0.00,13.4,23.3
2026-05-10T19:00,12.1,0.00,0.00,0.00,13.1,23.6
2026-05-10T20:00,12.1,0.00,0.00,0.00,13.6,25.0
2026-05-10T21:00,11.8,0.00,0.00,0.00,13.5,24.8
2026-05-10T22:00,11.4,0.00,0.00,0.00,12.9,23.5
2026-05-10T23:00,10.8,0.00,0.00,0.00,13.8,24.5
2026-05-11T00:00,9.6,0.00,0.00,0.00,10.7,19.5
2026-05-11T01:00,9.1,0.10,0.00,0.00,10.7,19.1
2026-05-11T02:00,8.7,0.10,0.00,0.00,10.2,17.9
2026-05-11T03:00,9.0,0.00,0.00,0.00,12.1,19.7
2026-05-11T04:00,9.4,0.00,0.00,0.00,10.7,16.9
2026-05-11T05:00,10.0,0.00,0.00,0.00,8.3,12.4
2026-05-11T06:00,9.6,0.00,0.00,0.00,6.8,9.7
2026-05-11T07:00,10.5,0.00,0.00,0.00,6.1,8.8
2026-05-11T08:00,11.8,0.00,0.00,0.00,5.4,7.7
2026-05-11T09:00,12.5,0.00,0.00,0.00,4.4,6.1
2026-05-11T10:00,13.7,0.00,0.00,0.00,3.3,4.7
2026-05-11T11:00,14.9,0.00,0.00,0.00,3.2,4.5
2026-05-11T12:00,11.4,0.00,0.00,0.00,6.6,9.4
2026-05-11T13:00,12.7,0.10,0.00,0.00,6.2,8.8
2026-05-11T14:00,13.1,0.00,0.00,0.00,5.9,8.6
2026-05-11T15:00,13.3,0.00,0.00,0.00,4.9,7.0
2026-05-11T16:00,13.1,0.00,0.00,0.00,6.5,9.6
2026-05-11T17:00,12.8,0.00,0.00,0.00,6.3,9.3
2026-05-11T18:00,11.7,0.00,0.00,0.00,6.6,9.9
2026-05-11T19:00,11.5,0.00,0.00,0.00,7.3,11.9
2026-05-11T20:00,11.2,0.00,0.00,0.00,8.4,14.6
2026-05-11T21:00,10.9,0.00,0.00,0.00,8.2,14.4
2026-05-11T22:00,10.7,0.00,0.00,0.00,7.6,13.7
2026-05-11T23:00,10.5,0.00,0.00,0.00,7.8,14.7
2026-05-12T00:00,10.1,0.00,0.00,0.00,6.9,13.3
2026-05-12T01:00,10.0,0.00,0.00,0.00,6.5,16.9
2026-05-12T02:00,9.6,0.00,0.00,0.00,8.4,17.0
2026-05-12T03:00,10.3,0.00,0.00,0.00,8.5,14.9
2026-05-12T04:00,11.3,0.00,0.00,0.00,9.4,14.7
2026-05-12T05:00,12.0,0.00,0.00,0.00,9.7,14.9
2026-05-12T06:00,11.6,0.00,0.00,0.00,8.6,13.3
2026-05-12T07:00,12.1,0.00,0.00,0.00,8.1,12.4
2026-05-12T08:00,13.4,0.00,0.00,0.00,7.9,11.9
2026-05-12T09:00,14.2,0.00,0.00,0.00,8.1,12.4
2026-05-12T10:00,15.1,0.10,0.00,0.00,8.9,13.6
2026-05-12T11:00,15.8,0.10,0.00,0.00,7.1,10.8
2026-05-12T12:00,15.4,0.00,0.00,0.00,6.1,8.9
2026-05-12T13:00,15.8,0.00,0.00,0.00,6.6,10.0
2026-05-12T14:00,16.1,0.00,0.00,0.00,6.7,10.2
2026-05-12T15:00,16.5,0.00,0.00,0.00,6.9,10.6
2026-05-12T16:00,16.2,0.00,0.00,0.00,7.7,12.3
2026-05-12T17:00,15.6,0.00,0.00,0.00,7.2,13.5
2026-05-12T18:00,15.1,0.00,0.00,0.00,8.7,17.2
2026-05-12T19:00,14.4,0.00,0.00,0.00,9.7,18.5
2026-05-12T20:00,13.4,0.10,0.00,0.00,8.6,17.4
2026-05-12T21:00,12.8,0.00,0.00,0.00,7.4,15.9
2026-05-12T22:00,12.5,0.00,0.00,0.00,6.8,14.8
2026-05-12T23:00,12.3,0.00,0.00,0.00,7.2,15.0
2026-05-13T00:00,12.5,0.00,0.00,0.00,6.7,15.4
2026-05-13T01:00,12.1,0.00,0.00,0.00,7.3,16.3
2026-05-13T02:00,11.9,0.00,0.00,0.00,7.1,14.6
2026-05-13T03:00,12.1,0.00,0.00,0.00,6.0,14.5
2026-05-13T04:00,12.5,0.00,0.00,0.00,5.8,11.5
2026-05-13T05:00,12.9,0.10,0.00,0.00,6.0,9.5
2026-05-13T06:00,14.0,0.00,0.00,0.00,6.5,9.5
2026-05-13T07:00,15.5,0.10,0.00,0.00,6.9,10.2
2026-05-13T08:00,16.6,0.10,0.00,0.00,6.7,10.0
2026-05-13T09:00,18.0,0.20,0.00,0.00,7.5,11.1
2026-05-13T10:00,18.8,0.10,0.00,0.00,7.3,10.7
2026-05-13T11:00,19.7,0.00,0.00,0.00,8.5,12.3
2026-05-13T12:00,20.9,0.30,0.00,0.00,8.1,11.9
2026-05-13T13:00,20.7,0.00,0.00,0.00,9.1,13.6
2026-05-13T14:00,20.6,0.00,0.00,0.00,8.9,13.8
2026-05-13T15:00,20.6,0.00,0.00,0.00,8.8,13.9
2026-05-13T16:00,20.0,0.00,0.00,0.00,7.6,14.1
2026-05-13T17:00,18.6,0.00,0.00,0.00,7.7,16.9
2026-05-13T18:00,18.2,0.00,0.00,0.00,8.0,18.8
2026-05-13T19:00,17.2,0.00,0.00,0.00,8.9,20.2
2026-05-13T20:00,16.2,0.00,0.00,0.00,9.3,20.8
2026-05-13T21:00,15.4,0.00,0.00,0.00,8.2,19.0
2026-05-13T22:00,14.7,0.00,0.00,0.00,7.3,17.2
2026-05-13T23:00,13.9,0.00,0.00,0.00,6.5,14.8
2026-05-14T00:00,13.4,0.00,0.00,0.00,5.7,14.2
2026-05-14T01:00,12.7,0.00,0.00,0.00,6.0,14.4
2026-05-14T02:00,12.6,0.00,0.00,0.00,6.3,14.7
2026-05-14T03:00,13.4,0.00,0.00,0.00,6.0,14.3
2026-05-14T04:00,14.3,0.00,0.00,0.00,3.6,14.6
2026-05-14T05:00,15.5,0.00,0.00,0.00,2.5,8.1
2026-05-14T06:00,18.2,0.00,0.00,0.00,3.1,5.4
2026-05-14T07:00,20.2,0.00,0.00,0.00,4.5,6.7
2026-05-14T08:00,21.6,0.00,0.00,0.00,6.4,9.5
2026-05-14T09:00,22.2,0.00,0.00,0.00,6.8,9.8
2026-05-14T10:00,22.2,0.00,0.00,0.00,6.0,8.6
2026-05-14T11:00,22.6,0.00,0.00,0.00,7.4,10.4
2026-05-14T12:00,24.0,0.00,0.00,0.00,5.9,8.4
2026-05-14T13:00,23.7,0.00,0.00,0.00,4.6,6.8
2026-05-14T14:00,23.1,0.00,0.00,0.00,3.4,5.0
2026-05-14T15:00,22.1,0.00,0.00,0.00,3.7,5.6
2026-05-14T16:00,21.1,0.00,0.00,0.00,4.5,6.8
2026-05-14T17:00,19.1,0.20,0.00,0.00,8.1,14.5
2026-05-14T18:00,18.3,0.10,0.00,0.00,10.2,19.3
2026-05-14T19:00,17.6,0.00,0.00,0.00,8.8,19.1
2026-05-14T20:00,17.0,0.00,0.00,0.00,6.5,13.5
2026-05-14T21:00,16.4,0.00,0.00,0.00,5.1,10.5
2026-05-14T22:00,16.1,0.00,0.00,0.00,5.7,12.0
2026-05-14T23:00,16.0,0.00,0.00,0.00,5.3,12.2
2026-05-15T00:00,14.3,0.00,0.00,0.00,5.1,12.8
2026-05-15T01:00,13.7,0.00,0.00,0.00,5.8,13.7
2026-05-15T02:00,13.9,0.00,0.00,0.00,5.2,12.7
2026-05-15T03:00,14.5,0.00,0.00,0.00,5.8,14.6
2026-05-15T04:00,15.0,0.10,0.00,0.00,5.0,15.6
2026-05-15T05:00,15.9,0.10,0.00,0.00,1.9,5.9
2026-05-15T06:00,19.7,0.00,0.00,0.00,3.6,5.4
2026-05-15T07:00,20.8,0.00,0.00,0.00,7.3,10.8
2026-05-15T08:00,21.6,0.10,0.00,0.00,10.2,15.0
2026-05-15T09:00,22.1,0.20,0.00,0.00,11.2,16.9
2026-05-15T10:00,22.8,0.00,0.00,0.00,12.5,18.9
2026-05-15T11:00,23.1,0.00,0.00,0.00,10.9,16.5
2026-05-15T12:00,22.7,0.00,0.00,0.00,12.2,18.6
2026-05-15T13:00,22.8,0.00,0.00,0.00,13.5,20.7
2026-05-15T14:00,22.5,0.00,0.00,0.00,13.6,20.9
2026-05-15T15:00,21.8,0.00,0.00,0.00,12.1,19.1
2026-05-15T16:00,21.2,0.00,0.00,0.00,10.8,17.4
2026-05-15T17:00,20.5,0.00,0.00,0.00,8.4,14.7
2026-05-15T18:00,20.7,0.00,0.00,0.00,8.5,15.8
2026-05-15T19:00,19.9,0.00,0.00,0.00,6.7,12.2
2026-05-15T20:00,19.2,0.00,0.00,0.00,5.1,10.0
2026-05-15T21:00,18.6,0.00,0.00,0.00,4.5,7.8
2026-05-15T22:00,17.9,0.00,0.00,0.00,5.5,10.2
2026-05-15T23:00,17.3,0.00,0.00,0.00,6.0,11.7
2026-05-16T00:00,16.7,0.00,0.00,0.00,5.2,12.0
2026-05-16T01:00,15.8,0.00,0.00,0.00,5.2,11.0
2026-05-16T02:00,15.3,0.20,0.00,0.00,5.0,9.6
2026-05-16T03:00,15.6,0.00,0.00,0.00,3.1,7.5
2026-05-16T04:00,16.4,0.00,0.00,0.00,5.3,8.4
2026-05-16T05:00,17.4,0.00,0.00,0.00,5.5,8.1
2026-05-16T06:00,19.4,0.00,0.00,0.00,7.6,11.1
2026-05-16T07:00,20.3,0.00,0.00,0.00,9.0,13.2
2026-05-16T08:00,21.2,0.00,0.00,0.00,9.4,13.7
2026-05-16T09:00,21.8,0.00,0.00,0.00,9.7,14.0
2026-05-16T10:00,22.2,0.00,0.00,0.00,9.2,13.2
2026-05-16T11:00,22.8,0.00,0.00,0.00,7.3,10.4
2026-05-16T12:00,24.1,0.00,0.00,0.00,6.0,8.2
2026-05-16T13:00,24.3,0.00,0.00,0.00,6.9,9.5
2026-05-16T14:00,23.9,0.00,0.00,0.00,10.1,14.3
2026-05-16T15:00,22.7,0.00,0.00,0.00,13.4,19.8
2026-05-16T16:00,21.5,0.00,0.00,0.00,12.4,18.4
2026-05-16T17:00,20.6,0.00,0.00,0.00,9.8,15.9
2026-05-16T18:00,20.0,0.00,0.00,0.00,8.0,14.8
2026-05-16T19:00,18.9,0.00,0.00,0.00,6.5,12.7
2026-05-16T20:00,17.9,0.00,0.00,0.00,5.9,11.7
2026-05-16T21:00,17.0,0.00,0.00,0.00,6.8,13.9
2026-05-16T22:00,16.2,0.00,0.00,0.00,7.5,16.1
2026-05-16T23:00,15.7,0.00,0.00,0.00,8.4,18.1
2026-05-17T00:00,15.1,0.00,0.00,0.00,9.2,20.0
2026-05-17T01:00,14.4,0.00,0.00,0.00,9.6,20.3
2026-05-17T02:00,14.2,0.00,0.00,0.00,9.1,19.4
2026-05-17T03:00,14.8,0.00,0.00,0.00,6.8,20.6
2026-05-17T04:00,16.2,0.00,0.00,0.00,7.3,13.6
2026-05-17T05:00,18.4,0.00,0.00,0.00,7.4,12.3
2026-05-17T06:00,21.4,0.00,0.00,0.00,7.6,12.0
2026-05-17T07:00,23.6,0.00,0.00,0.00,10.7,16.5
2026-05-17T08:00,24.7,0.00,0.00,0.00,11.7,17.6
2026-05-17T09:00,25.7,0.00,0.00,0.00,11.3,16.8
2026-05-17T10:00,26.7,0.00,0.00,0.00,11.0,16.3
2026-05-17T11:00,27.1,0.00,0.00,0.00,10.6,15.6
2026-05-17T12:00,27.9,0.00,0.00,0.00,9.7,13.8
2026-05-17T13:00,27.7,0.00,0.00,0.00,10.5,15.7
2026-05-17T14:00,26.9,0.00,0.00,0.00,11.0,16.8
2026-05-17T15:00,26.6,0.10,0.00,0.00,11.3,16.9
2026-05-17T16:00,26.1,0.00,0.00,0.00,7.9,12.0
2026-05-17T17:00,24.5,0.00,0.00,0.00,6.8,10.7
2026-05-17T18:00,22.7,0.00,0.00,0.00,5.1,10.4
2026-05-17T19:00,20.0,1.30,0.00,0.00,6.9,11.7
2026-05-17T20:00,19.1,0.90,0.00,0.00,9.5,17.6
2026-05-17T21:00,18.8,0.20,0.00,0.00,5.7,15.2
2026-05-17T22:00,18.3,0.00,0.00,0.00,7.2,14.9
2026-05-17T23:00,18.0,0.00,0.00,0.00,6.4,13.2
2026-05-18T00:00,17.5,0.00,0.00,0.00,7.8,17.1
2026-05-18T01:00,17.0,0.00,0.00,0.00,8.6,18.1
2026-05-18T02:00,16.8,0.00,0.00,0.00,8.4,17.4
2026-05-18T03:00,17.2,0.00,0.00,0.00,6.4,17.5
2026-05-18T04:00,18.4,0.00,0.00,0.00,6.2,11.5
2026-05-18T05:00,20.5,0.00,0.00,0.00,6.5,10.9
2026-05-18T06:00,23.6,0.00,0.00,0.00,6.9,10.5
2026-05-18T07:00,25.6,0.00,0.00,0.00,7.3,11.0
2026-05-18T08:00,27.7,0.00,0.00,0.00,9.1,13.5
2026-05-18T09:00,28.9,0.00,0.00,0.00,13.5,20.6
2026-05-18T10:00,29.5,0.00,0.00,0.00,13.5,20.5
2026-05-18T11:00,29.7,0.00,0.00,0.00,12.6,19.0
2026-05-18T12:00,30.4,0.00,0.00,0.00,12.0,17.8
2026-05-18T13:00,30.1,0.00,0.00,0.00,11.8,17.7
2026-05-18T14:00,29.8,0.00,0.00,0.00,11.8,17.7
2026-05-18T15:00,29.4,0.00,0.00,0.00,11.6,17.6
2026-05-18T16:00,28.8,0.00,0.00,0.00,12.7,19.2
2026-05-18T17:00,27.8,0.00,0.00,0.00,8.8,14.6
2026-05-18T18:00,27.1,0.00,0.00,0.00,7.2,15.1
2026-05-18T19:00,25.9,0.00,0.00,0.00,7.5,15.1
2026-05-18T20:00,24.3,0.00,0.00,0.00,6.5,12.9
2026-05-18T21:00,22.8,0.00,0.00,0.00,7.3,14.4
2026-05-18T22:00,21.6,0.00,0.00,0.00,6.7,14.7
2026-05-18T23:00,20.9,0.00,0.00,0.00,8.0,17.1
2026-05-19T00:00,20.5,0.00,0.00,0.00,7.6,17.3
2026-05-19T01:00,19.2,0.00,0.00,0.00,8.1,17.5
2026-05-19T02:00,18.7,0.00,0.00,0.00,7.8,16.9
2026-05-19T03:00,19.3,0.00,0.00,0.00,6.2,17.1
2026-05-19T04:00,20.4,0.00,0.00,0.00,5.8,11.2
2026-05-19T05:00,22.2,0.00,0.00,0.00,5.8,9.6
2026-05-19T06:00,25.6,0.00,0.00,0.00,6.3,9.5
2026-05-19T07:00,27.7,0.00,0.00,0.00,7.4,11.2
2026-05-19T08:00,29.2,0.00,0.00,0.00,11.9,18.0
2026-05-19T09:00,29.8,0.00,0.00,0.00,11.7,17.3
2026-05-19T10:00,30.4,0.00,0.00,0.00,10.8,15.9
2026-05-19T11:00,30.7,0.00,0.00,0.00,10.2,15.0
2026-05-19T12:00,31.4,0.00,0.00,0.00,11.3,16.4
2026-05-19T13:00,31.1,0.00,0.00,0.00,11.2,16.4
2026-05-19T14:00,30.7,0.00,0.00,0.00,11.4,16.5
2026-05-19T15:00,30.1,0.00,0.00,0.00,12.5,18.7
2026-05-19T16:00,29.4,0.00,0.00,0.00,13.1,19.8
2026-05-19T17:00,28.8,0.00,0.00,0.00,9.4,15.0
2026-05-19T18:00,28.3,0.00,0.00,0.00,7.8,14.9
2026-05-19T19:00,27.0,0.00,0.00,0.00,6.5,13.2
2026-05-19T20:00,25.9,0.00,0.00,0.00,5.5,11.1
2026-05-19T21:00,25.0,0.00,0.00,0.00,3.4,6.7
2026-05-19T22:00,24.0,0.00,0.00,0.00,3.4,5.6
2026-05-19T23:00,22.9,0.00,0.00,0.00,6.6,13.2
2026-05-20T00:00,21.7,0.00,0.00,0.00,4.9,10.7
2026-05-20T01:00,20.3,0.00,0.00,0.00,6.3,13.0
2026-05-20T02:00,20.1,0.00,0.00,0.00,6.0,13.2
2026-05-20T03:00,20.6,0.00,0.00,0.00,5.1,15.3
2026-05-20T04:00,21.5,0.00,0.00,0.00,4.4,12.6
2026-05-20T05:00,22.9,0.00,0.00,0.00,5.5,9.0
2026-05-20T06:00,25.6,0.00,0.00,0.00,5.6,8.6
2026-05-20T07:00,28.1,0.00,0.00,0.00,8.1,12.2
2026-05-20T08:00,29.2,0.00,0.00,0.00,11.1,16.7
2026-05-20T09:00,29.8,0.00,0.00,0.00,13.8,20.9
2026-05-20T10:00,30.0,0.00,0.00,0.00,13.5,20.5
2026-05-20T11:00,30.6,0.00,0.00,0.00,12.2,18.4
2026-05-20T12:00,31.6,0.00,0.00,0.00,12.6,18.7
2026-05-20T13:00,31.1,0.00,0.00,0.00,12.5,18.8
2026-05-20T14:00,30.9,0.00,0.00,0.00,11.4,17.2
2026-05-20T15:00,30.0,0.00,0.00,0.00,14.5,22.2
2026-05-20T16:00,29.3,0.00,0.00,0.00,14.0,21.4
2026-05-20T17:00,28.8,0.00,0.00,0.00,9.3,14.7
2026-05-20T18:00,28.2,0.00,0.00,0.00,7.8,14.4
2026-05-20T19:00,27.0,0.00,0.00,0.00,5.1,9.9
2026-05-20T20:00,26.3,0.00,0.00,0.00,3.9,7.5
2026-05-20T21:00,25.2,0.00,0.00,0.00,4.3,8.5
2026-05-20T22:00,23.8,0.00,0.00,0.00,5.3,9.7
2026-05-20T23:00,22.4,0.00,0.00,0.00,5.7,10.9
2026-05-21T00:00,21.4,0.00,0.00,0.00,6.1,13.5
2026-05-21T01:00,20.3,0.00,0.00,0.00,8.1,16.9
2026-05-21T02:00,20.0,0.00,0.00,0.00,7.6,16.0
2026-05-21T03:00,20.6,0.00,0.00,0.00,5.8,17.3
2026-05-21T04:00,21.9,0.00,0.00,0.00,5.3,9.9
2026-05-21T05:00,23.7,0.00,0.00,0.00,5.6,9.1
2026-05-21T06:00,26.7,0.00,0.00,0.00,5.5,8.2
2026-05-21T07:00,28.5,0.00,0.00,0.00,6.5,9.6
2026-05-21T08:00,29.3,0.00,0.00,0.00,7.4,10.8
2026-05-21T09:00,30.1,0.00,0.00,0.00,7.4,10.9
2026-05-21T10:00,30.9,0.00,0.00,0.00,9.2,13.4
2026-05-21T11:00,30.3,0.10,0.00,0.00,9.7,14.1
2026-05-21T12:00,31.2,0.00,0.00,0.00,10.3,15.2
2026-05-21T13:00,31.0,0.00,0.00,0.00,10.6,15.4
2026-05-21T14:00,30.5,0.00,0.00,0.00,10.0,14.8
2026-05-21T15:00,30.0,0.00,0.00,0.00,10.3,15.4
2026-05-21T16:00,29.1,0.00,0.00,0.00,12.0,18.0
2026-05-21T17:00,28.4,0.00,0.00,0.00,12.2,18.0
2026-05-21T18:00,28.1,0.00,0.00,0.00,11.0,17.2
2026-05-21T19:00,27.1,0.00,0.00,0.00,8.8,14.1
2026-05-21T20:00,25.9,0.00,0.00,0.00,8.1,14.0
2026-05-21T21:00,24.7,0.00,0.00,0.00,7.2,13.5
2026-05-21T22:00,23.8,0.00,0.00,0.00,6.8,13.6
2026-05-21T23:00,23.1,0.00,0.00,0.00,6.5,13.4
2026-05-22T00:00,22.3,0.00,0.00,0.00,6.7,14.0
2026-05-22T01:00,21.0,0.00,0.00,0.00,6.9,13.8
2026-05-22T02:00,20.5,0.00,0.00,0.00,6.3,13.0
2026-05-22T03:00,20.8,0.00,0.00,0.00,5.4,11.7
2026-05-22T04:00,21.9,0.00,0.00,0.00,5.0,8.4
2026-05-22T05:00,23.7,0.00,0.00,0.00,5.6,8.8
2026-05-22T06:00,26.4,0.00,0.00,0.00,6.1,8.9
2026-05-22T07:00,28.0,0.00,0.00,0.00,8.3,12.2
2026-05-22T08:00,29.1,0.00,0.00,0.00,12.4,18.5
2026-05-22T09:00,29.7,0.00,0.00,0.00,13.7,20.4
2026-05-22T10:00,30.3,0.00,0.00,0.00,13.8,20.7
2026-05-22T11:00,30.5,0.00,0.00,0.00,13.0,19.6
2026-05-22T12:00,31.2,0.20,0.00,0.00,12.4,18.6
2026-05-22T13:00,28.3,0.90,0.00,0.00,13.2,20.4
2026-05-22T14:00,29.0,0.10,0.00,0.00,14.1,21.3
2026-05-22T15:00,28.4,0.00,0.00,0.00,13.3,20.6
2026-05-22T16:00,27.9,0.00,0.00,0.00,13.9,21.8
2026-05-22T17:00,27.0,0.00,0.00,0.00,12.4,20.2
2026-05-22T18:00,25.2,0.00,0.00,0.00,12.4,20.2
2026-05-22T19:00,24.1,0.00,0.00,0.00,3.8,8.1
2026-05-22T20:00,23.2,0.00,0.00,0.00,8.6,15.7
2026-05-22T21:00,21.4,0.00,0.00,0.00,12.1,20.6
2026-05-22T22:00,19.9,0.00,0.00,0.00,12.3,20.7
2026-05-22T23:00,18.6,0.00,0.00,0.00,11.2,19.0
2026-05-23T00:00,17.7,0.00,0.00,0.00,11.6,19.1
2026-05-23T01:00,16.7,0.00,0.00,0.00,10.7,17.8
2026-05-23T02:00,16.1,0.00,0.00,0.00,9.8,16.1
2026-05-23T03:00,16.0,0.00,0.00,0.00,10.4,16.5
2026-05-23T04:00,16.6,0.00,0.00,0.00,9.1,14.1
2026-05-23T05:00,17.5,0.00,0.00,0.00,7.8,11.6
2026-05-23T06:00,18.0,0.00,0.00,0.00,7.8,11.3
2026-05-23T07:00,18.9,0.00,0.00,0.00,8.6,12.7
2026-05-23T08:00,19.8,0.00,0.00,0.00,8.6,12.6
2026-05-23T09:00,20.6,0.00,0.00,0.00,10.1,14.9
2026-05-23T10:00,21.1,0.00,0.00,0.00,10.7,15.9
2026-05-23T11:00,22.3,0.00,0.00,0.00,11.8,17.7
2026-05-23T12:00,22.1,0.00,0.00,0.00,12.0,17.7
2026-05-23T13:00,21.7,0.00,0.00,0.00,12.7,19.2
2026-05-23T14:00,21.7,0.00,0.00,0.00,12.9,19.8
2026-05-23T15:00,20.5,0.00,0.00,0.00,15.2,24.0
2026-05-23T16:00,19.9,0.00,0.00,0.00,13.9,21.9
2026-05-23T17:00,19.1,0.00,0.00,0.00,13.2,21.3
2026-05-23T18:00,18.4,0.00,0.00,0.00,9.6,17.8
2026-05-23T19:00,17.4,0.00,0.00,0.00,8.8,17.3
2026-05-23T20:00,16.6,0.00,0.00,0.00,9.1,18.4
2026-05-23T21:00,15.9,0.00,0.00,0.00,8.8,18.1
2026-05-23T22:00,15.2,0.00,0.00,0.00,8.3,17.2
2026-05-23T23:00,14.7,0.00,0.00,0.00,8.1,16.9
2026-05-24T00:00,14.6,0.00,0.00,0.00,7.6,16.0
2026-05-24T01:00,13.8,0.00,0.00,0.00,7.4,15.5
2026-05-24T02:00,13.7,0.00,0.00,0.00,7.4,15.9
2026-05-24T03:00,14.2,0.00,0.00,0.00,5.8,15.5
2026-05-24T04:00,15.4,0.00,0.00,0.00,5.8,10.0
2026-05-24T05:00,17.0,0.00,0.00,0.00,5.4,8.6
2026-05-24T06:00,19.3,0.00,0.00,0.00,5.7,8.1
2026-05-24T07:00,20.5,0.00,0.00,0.00,7.9,11.9
2026-05-24T08:00,20.7,0.00,0.00,0.00,10.3,15.5
2026-05-24T09:00,21.2,0.00,0.00,0.00,10.1,14.9
2026-05-24T10:00,21.8,0.00,0.00,0.00,9.5,14.4
2026-05-24T11:00,22.5,0.00,0.00,0.00,9.4,14.1
2026-05-24T12:00,22.9,0.40,0.00,0.00,9.5,14.0
2026-05-24T13:00,22.5,0.00,0.00,0.00,10.3,15.2
2026-05-24T14:00,22.1,0.00,0.00,0.00,8.4,12.7
2026-05-24T15:00,22.3,0.00,0.00,0.00,8.4,12.7
2026-05-24T16:00,19.7,0.30,0.00,0.00,13.0,20.5
2026-05-24T17:00,17.9,0.30,0.00,0.00,8.5,15.1
2026-05-24T18:00,18.0,0.10,0.00,0.00,8.6,18.3
2026-05-24T19:00,17.5,0.00,0.00,0.00,8.8,16.0
2026-05-24T20:00,16.6,0.00,0.00,0.00,9.7,16.7
2026-05-24T21:00,15.9,0.10,0.00,0.00,7.7,14.7
2026-05-24T22:00,15.4,0.10,0.00,0.00,8.4,15.9
2026-05-24T23:00,14.9,0.00,0.00,0.00,7.8,14.8
2026-05-25T00:00,14.6,0.00,0.00,0.00,8.9,16.8
2026-05-25T01:00,13.8,0.00,0.00,0.00,9.6,17.1
2026-05-25T02:00,13.4,0.00,0.00,0.00,9.4,15.9
2026-05-25T03:00,13.9,0.00,0.00,0.00,11.8,19.4
2026-05-25T04:00,14.2,0.00,0.00,0.00,11.7,18.7
2026-05-25T05:00,14.9,0.00,0.00,0.00,11.6,18.1
2026-05-25T06:00,15.4,0.00,0.00,0.00,10.9,16.7
2026-05-25T07:00,16.4,0.00,0.00,0.00,11.6,17.7
2026-05-25T08:00,17.1,0.10,0.00,0.00,12.5,19.0
2026-05-25T09:00,17.4,0.10,0.00,0.00,13.2,20.1
2026-05-25T10:00,17.8,0.10,0.00,0.00,12.2,18.4
2026-05-25T11:00,18.4,0.20,0.00,0.00,15.2,23.4
2026-05-25T12:00,18.8,0.30,0.00,0.00,14.6,22.9
2026-05-25T13:00,19.1,0.00,0.00,0.00,15.0,24.0
2026-05-25T14:00,18.6,0.10,0.00,0.00,17.0,27.0
2026-05-25T15:00,17.8,0.20,0.00,0.00,16.8,27.8
2026-05-25T16:00,16.8,0.00,0.00,0.00,13.0,22.3
2026-05-25T17:00,15.9,0.00,0.00,0.00,13.5,24.3
2026-05-25T18:00,14.9,0.00,0.00,0.00,14.1,25.6
2026-05-25T19:00,13.3,0.40,0.00,0.00,11.6,20.7
2026-05-25T20:00,12.8,0.20,0.00,0.00,9.6,17.6
2026-05-25T21:00,12.4,0.10,0.00,0.00,12.3,22.4
2026-05-25T22:00,11.0,0.80,0.00,0.00,12.0,21.9
2026-05-25T23:00,10.7,0.10,0.00,0.00,14.2,25.4
2026-05-26T00:00,9.7,0.00,0.00,0.00,9.7,18.1
2026-05-26T01:00,9.1,0.00,0.00,0.00,11.5,22.1
2026-05-26T02:00,9.1,0.00,0.00,0.00,13.6,25.1
2026-05-26T03:00,9.5,0.00,0.00,0.00,11.9,20.4
2026-05-26T04:00,10.1,0.00,0.00,0.00,15.6,25.3
2026-05-26T05:00,10.7,0.00,0.00,0.00,17.4,28.2
2026-05-26T06:00,10.2,0.10,0.00,0.00,15.9,25.3
2026-05-26T07:00,11.9,0.20,0.00,0.00,19.5,30.7
2026-05-26T08:00,11.8,0.70,0.00,0.00,15.8,25.2
2026-05-26T09:00,11.9,0.40,0.00,0.00,20.2,31.4
2026-05-26T10:00,13.1,0.30,0.00,0.00,14.6,23.2
2026-05-26T11:00,14.0,0.00,0.00,0.00,17.3,27.4
2026-05-26T12:00,13.7,0.20,0.00,0.00,21.2,34.0
2026-05-26T13:00,13.8,0.10,0.00,0.00,19.5,31.6
2026-05-26T14:00,13.4,0.00,0.00,0.00,20.9,34.0
2026-05-26T15:00,11.7,0.20,0.00,0.00,14.6,24.3
2026-05-26T16:00,11.2,0.00,0.00,0.00,15.6,26.2
2026-05-26T17:00,10.6,0.10,0.00,0.00,13.5,23.4
2026-05-26T18:00,10.4,0.00,0.00,0.00,13.7,24.6
2026-05-26T19:00,10.0,0.00,0.00,0.00,12.7,23.1
2026-05-26T20:00,9.8,0.00,0.00,0.00,10.3,18.4
2026-05-26T21:00,9.2,0.00,0.00,0.00,10.3,19.2
2026-05-26T22:00,8.6,0.10,0.00,0.00,11.8,22.2
2026-05-26T23:00,8.0,0.00,0.00,0.00,10.8,21.8
2026-05-27T00:00,8.2,0.00,0.00,0.00,10.0,21.4
2026-05-27T01:00,7.8,0.00,0.00,0.00,11.6,24.0
2026-05-27T02:00,7.9,0.00,0.00,0.00,11.2,23.1
2026-05-27T03:00,8.6,0.00,0.00,0.00,8.2,25.4
2026-05-27T04:00,9.8,0.00,0.00,0.00,9.0,15.9
2026-05-27T05:00,11.1,0.00,0.00,0.00,13.0,20.9
2026-05-27T06:00,11.7,0.20,0.00,0.00,9.7,14.9
2026-05-27T07:00,11.9,0.20,0.00,0.00,11.1,17.0
2026-05-27T08:00,12.1,0.30,0.00,0.00,11.0,16.8
2026-05-27T09:00,11.4,0.60,0.00,0.00,12.4,18.9
2026-05-27T10:00,11.2,0.50,0.00,0.00,9.4,14.5
2026-05-27T11:00,12.8,0.10,0.00,0.00,9.4,14.1
2026-05-27T12:00,13.4,0.10,0.00,0.00,8.0,12.2
2026-05-27T13:00,13.5,0.10,0.00,0.00,8.2,12.3
2026-05-27T14:00,13.6,0.10,0.00,0.00,10.3,15.9
2026-05-27T15:00,13.1,0.10,0.00,0.00,12.4,19.4
2026-05-27T16:00,11.5,0.00,0.00,0.00,13.3,20.9
2026-05-27T17:00,10.5,0.00,0.00,0.00,8.2,13.6
2026-05-27T18:00,9.7,0.00,0.00,0.00,8.9,16.1
2026-05-27T19:00,9.0,0.20,0.00,0.00,5.4,10.4
2026-05-27T20:00,8.6,0.00,0.00,0.00,7.1,12.9
2026-05-27T21:00,8.0,0.00,0.00,0.00,8.6,15.5
2026-05-27T22:00,7.4,0.00,0.00,0.00,9.6,17.8
2026-05-27T23:00,7.0,0.00,0.00,0.00,9.9,18.7
2026-05-28T00:00,6.7,0.00,0.00,0.00,8.9,18.1
2026-05-28T01:00,6.1,0.00,0.00,0.00,10.3,19.2
2026-05-28T02:00,6.0,0.10,0.00,0.00,11.6,20.6
2026-05-28T03:00,6.3,0.10,0.00,0.00,13.0,22.5
2026-05-28T04:00,6.0,0.20,0.00,0.00,13.3,22.1
2026-05-28T05:00,6.8,0.10,0.00,0.00,14.0,22.4
2026-05-28T06:00,7.4,0.10,0.00,0.00,14.1,22.0
2026-05-28T07:00,7.8,0.20,0.00,0.00,14.9,23.6
2026-05-28T08:00,8.7,0.20,0.00,0.00,14.7,23.3
2026-05-28T09:00,9.1,0.20,0.00,0.00,16.4,25.7
2026-05-28T10:00,8.8,0.10,0.00,0.00,15.3,24.4
2026-05-28T11:00,10.5,0.10,0.00,0.00,12.2,18.8
2026-05-28T12:00,10.4,0.00,0.00,0.00,13.1,20.1
2026-05-28T13:00,10.1,0.00,0.00,0.00,12.7,19.9
2026-05-28T14:00,10.5,0.00,0.00,0.00,11.6,18.1
2026-05-28T15:00,10.3,0.00,0.00,0.00,10.8,17.0
2026-05-28T16:00,10.0,0.00,0.00,0.00,10.0,16.1
2026-05-28T17:00,9.3,0.00,0.00,0.00,9.1,14.8
2026-05-28T18:00,8.3,0.00,0.00,0.00,7.7,14.5
2026-05-28T19:00,7.6,0.00,0.00,0.00,6.2,11.5
2026-05-28T20:00,6.8,0.20,0.00,0.00,7.5,13.8
2026-05-28T21:00,6.6,0.10,0.00,0.00,7.8,14.4
2026-05-28T22:00,6.3,0.00,0.00,0.00,8.0,14.0
2026-05-28T23:00,6.2,0.00,0.00,0.00,7.1,12.7
2026-05-29T00:00,6.3,0.10,0.00,0.00,9.8,16.8
2026-05-29T01:00,5.9,0.00,0.00,0.00,7.7,13.7
2026-05-29T02:00,5.8,0.10,0.00,0.00,8.0,13.0
2026-05-29T03:00,5.9,0.30,0.00,0.00,7.6,11.7
2026-05-29T04:00,6.1,0.30,0.00,0.00,6.8,10.1
2026-05-29T05:00,6.7,0.20,0.00,0.00,5.9,8.5
2026-05-29T06:00,6.9,0.30,0.00,0.00,5.5,8.3
2026-05-29T07:00,6.8,0.60,0.00,0.00,4.5,6.6
2026-05-29T08:00,7.2,0.50,0.00,0.00,5.3,7.8
2026-05-29T09:00,7.8,0.30,0.00,0.00,5.9,8.4
2026-05-29T10:00,8.6,0.30,0.00,0.00,6.4,9.2
2026-05-29T11:00,9.1,0.20,0.00,0.00,6.6,9.7
2026-05-29T12:00,9.9,0.10,0.00,0.00,5.1,8.0
2026-05-29T13:00,10.6,0.10,0.00,0.00,5.8,8.7
2026-05-29T14:00,11.0,0.00,0.00,0.00,7.5,11.3
2026-05-29T15:00,11.1,0.00,0.00,0.00,7.2,11.1
2026-05-29T16:00,10.7,0.00,0.00,0.00,6.9,9.9
2026-05-29T17:00,9.1,0.10,0.00,0.00,6.5,12.3
2026-05-29T18:00,8.6,0.00,0.00,0.00,6.1,9.4
2026-05-29T19:00,8.1,0.00,0.00,0.00,6.4,11.5
2026-05-29T20:00,7.7,0.00,0.00,0.00,7.3,14.2
2026-05-29T21:00,7.2,0.00,0.00,0.00,6.0,12.3
2026-05-29T22:00,6.7,0.00,0.00,0.00,6.6,13.6
2026-05-29T23:00,6.4,0.00,0.00,0.00,6.2,13.0
2026-05-30T00:00,6.3,0.00,0.00,0.00,5.9,14.5
2026-05-30T01:00,5.7,0.00,0.00,0.00,6.0,13.4
2026-05-30T02:00,6.0,0.00,0.00,0.00,6.5,13.7
2026-05-30T03:00,6.9,0.00,0.00,0.00,4.2,14.2
2026-05-30T04:00,8.2,0.00,0.00,0.00,3.6,7.4
2026-05-30T05:00,9.9,0.00,0.00,0.00,3.7,6.0
2026-05-30T06:00,11.1,0.10,0.00,0.00,3.1,4.4
2026-05-30T07:00,12.0,0.00,0.00,0.00,2.0,3.0
2026-05-30T08:00,12.6,0.00,0.00,0.00,0.9,1.5
2026-05-30T09:00,13.1,0.00,0.00,0.00,1.3,1.7
2026-05-30T10:00,12.6,0.00,0.00,0.00,2.6,3.3
2026-05-30T11:00,11.9,0.00,0.00,0.00,3.1,4.0
2026-05-30T12:00,14.1,0.00,0.00,0.00,0.2,0.3
2026-05-30T13:00,14.3,0.10,0.00,0.00,0.2,0.4
2026-05-30T14:00,14.0,0.10,0.00,0.00,1.9,2.7
2026-05-30T15:00,13.9,0.00,0.00,0.00,3.9,5.8
2026-05-30T16:00,12.1,0.40,0.00,0.00,8.4,13.3
2026-05-30T17:00,11.4,0.10,0.00,0.00,3.3,8.0
2026-05-30T18:00,11.0,0.00,0.00,0.00,4.3,11.2
2026-05-30T19:00,10.6,0.00,0.00,0.00,6.8,14.1
2026-05-30T20:00,10.1,0.00,0.00,0.00,7.0,14.4
2026-05-30T21:00,9.2,0.00,0.00,0.00,5.1,11.3
2026-05-30T22:00,8.5,0.00,0.00,0.00,5.1,10.7
2026-05-30T23:00,8.1,0.00,0.00,0.00,5.5,11.9
2026-05-31T00:00,8.5,0.00,0.00,0.00,0.8,7.2
2026-05-31T01:00,7.8,0.00,0.00,0.00,3.5,4.7
2026-05-31T02:00,8.0,0.00,0.00,0.00,3.9,4.7
2026-05-31T03:00,8.8,0.00,0.00,0.00,4.4,8.3
2026-05-31T04:00,10.0,0.00,0.00,0.00,3.9,6.9
2026-05-31T05:00,11.5,0.00,0.00,0.00,4.0,6.5
2026-05-31T06:00,13.3,0.00,0.00,0.00,5.4,8.3
2026-05-31T07:00,14.4,0.10,0.00,0.00,5.2,7.9
2026-05-31T08:00,15.3,0.10,0.00,0.00,5.4,8.0
2026-05-31T09:00,15.2,0.10,0.00,0.00,4.8,7.3
2026-05-31T10:00,14.6,0.00,0.00,0.00,2.8,4.5
2026-05-31T11:00,15.0,0.10,0.00,0.00,8.0,11.2
2026-05-31T12:00,16.8,3.60,0.00,0.00,3.1,4.7
2026-05-31T13:00,16.7,0.00,0.00,0.00,5.0,7.4
2026-05-31T14:00,16.6,0.00,0.00,0.00,5.4,8.0
2026-05-31T15:00,16.3,0.00,0.00,0.00,7.2,11.1
2026-05-31T16:00,16.0,0.00,0.00,0.00,8.5,14.0
2026-05-31T17:00,14.4,0.00,0.00,0.00,10.0,17.4
2026-05-31T18:00,13.3,0.00,0.00,0.00,6.8,14.5
2026-05-31T19:00,12.3,0.00,0.00,0.00,6.4,13.1
2026-05-31T20:00,11.7,0.00,0.00,0.00,7.0,14.6
2026-05-31T21:00,10.9,0.00,0.00,0.00,6.3,13.7
2026-05-31T22:00,10.2,0.00,0.00,0.00,5.2,11.7
2026-05-31T23:00,9.7,0.00,0.00,0.00,4.9,11.2
2026-06-01T00:00,9.8,0.00,0.00,0.00,4.5,13.2
2026-06-01T01:00,9.4,0.00,0.00,0.00,5.1,12.6
2026-06-01T02:00,9.6,0.00,0.00,0.00,5.0,12.0
2026-06-01T03:00,10.5,0.00,0.00,0.00,5.6,14.0
2026-06-01T04:00,12.0,0.00,0.00,0.00,3.9,13.5
2026-06-01T05:00,14.0,0.00,0.00,0.00,3.8,6.4
2026-06-01T06:00,16.2,0.00,0.00,0.00,5.2,8.1
2026-06-01T07:00,17.3,0.00,0.00,0.00,9.5,14.2
2026-06-01T08:00,17.7,0.00,0.00,0.00,9.8,15.0
2026-06-01T09:00,18.0,0.00,0.00,0.00,12.2,18.6
2026-06-01T10:00,18.3,0.00,0.00,0.00,11.7,18.0
2026-06-01T11:00,18.0,0.00,0.00,0.00,13.5,20.7
2026-06-01T12:00,18.9,0.00,0.00,0.00,13.3,20.2
2026-06-01T13:00,19.2,0.00,0.00,0.00,10.4,16.0
2026-06-01T14:00,18.4,0.00,0.00,0.00,14.9,23.4
2026-06-01T15:00,17.8,0.00,0.00,0.00,13.1,20.8
2026-06-01T16:00,17.2,0.00,0.00,0.00,11.3,18.5
2026-06-01T17:00,16.4,0.00,0.00,0.00,8.2,15.3
2026-06-01T18:00,15.2,0.00,0.00,0.00,11.5,22.1
2026-06-01T19:00,13.9,0.00,0.00,0.00,8.6,17.8
2026-06-01T20:00,13.1,0.00,0.00,0.00,7.5,16.3
2026-06-01T21:00,12.2,0.00,0.00,0.00,7.5,16.3
2026-06-01T22:00,11.3,0.00,0.00,0.00,7.3,16.3
2026-06-01T23:00,10.8,0.00,0.00,0.00,7.6,16.6
2026-06-02T00:00,10.7,0.00,0.00,0.00,6.4,15.8
2026-06-02T01:00,10.2,0.00,0.00,0.00,7.4,16.8
2026-06-02T02:00,10.6,0.00,0.00,0.00,7.7,17.0
2026-06-02T03:00,11.1,0.00,0.00,0.00,6.5,18.1
2026-06-02T04:00,12.2,0.00,0.00,0.00,7.1,14.4
2026-06-02T05:00,13.3,0.00,0.00,0.00,8.4,13.6
2026-06-02T06:00,14.6,0.00,0.00,0.00,11.6,18.1
2026-06-02T07:00,15.0,0.20,0.00,0.00,11.6,17.9
2026-06-02T08:00,16.1,0.10,0.00,0.00,10.5,16.0
2026-06-02T09:00,16.7,0.00,0.00,0.00,11.1,16.8
2026-06-02T10:00,17.8,0.00,0.00,0.00,12.1,18.3
2026-06-02T11:00,18.0,0.00,0.00,0.00,11.0,16.8
2026-06-02T12:00,18.9,0.00,0.00,0.00,8.7,12.9
2026-06-02T13:00,18.8,0.00,0.00,0.00,9.0,13.5
2026-06-02T14:00,19.0,0.00,0.00,0.00,8.8,13.3
2026-06-02T15:00,18.9,0.00,0.00,0.00,8.6,13.2
2026-06-02T16:00,18.6,0.00,0.00,0.00,7.9,12.1
2026-06-02T17:00,18.4,0.00,0.00,0.00,5.3,9.6
2026-06-02T18:00,17.0,0.00,0.00,0.00,3.0,9.0
2026-06-02T19:00,16.2,0.00,0.00,0.00,5.5,11.8
2026-06-02T20:00,15.3,0.00,0.00,0.00,6.4,15.1
2026-06-02T21:00,14.6,0.00,0.00,0.00,6.2,15.4
2026-06-02T22:00,13.9,0.00,0.00,0.00,5.9,15.2
2026-06-02T23:00,13.3,0.00,0.00,0.00,6.0,15.5
2026-06-03T00:00,13.0,0.00,0.00,0.00,7.2,18.6
2026-06-03T01:00,12.3,0.00,0.00,0.00,8.0,19.7
2026-06-03T02:00,12.6,0.00,0.00,0.00,7.8,19.1
2026-06-03T03:00,13.5,0.00,0.00,0.00,6.4,18.2
2026-06-03T04:00,14.8,0.00,0.00,0.00,5.3,13.3
2026-06-03T05:00,16.7,0.00,0.00,0.00,5.1,8.9
2026-06-03T06:00,18.6,0.00,0.00,0.00,5.5,8.6
2026-06-03T07:00,19.4,0.00,0.00,0.00,6.2,9.6
2026-06-03T08:00,20.6,0.00,0.00,0.00,7.3,10.8
2026-06-03T09:00,22.1,0.00,0.00,0.00,8.7,13.0
2026-06-03T10:00,22.4,0.00,0.00,0.00,9.5,14.2
2026-06-03T11:00,21.8,0.00,0.00,0.00,10.2,15.4
2026-06-03T12:00,23.6,0.00,0.00,0.00,9.5,13.9
2026-06-03T13:00,24.3,0.00,0.00,0.00,7.8,11.7
2026-06-03T14:00,24.4,0.00,0.00,0.00,9.0,13.4
2026-06-03T15:00,23.5,0.00,0.00,0.00,12.4,18.9
2026-06-03T16:00,22.5,0.00,0.00,0.00,13.0,21.3
2026-06-03T17:00,21.6,0.00,0.00,0.00,10.9,20.2
2026-06-03T18:00,20.9,0.00,0.00,0.00,10.0,20.8
2026-06-03T19:00,19.8,0.00,0.00,0.00,7.7,16.2
2026-06-03T20:00,18.4,0.00,0.00,0.00,5.1,11.2
2026-06-03T21:00,17.4,0.00,0.00,0.00,3.2,5.9
2026-06-03T22:00,16.4,0.00,0.00,0.00,5.0,6.9
2026-06-03T23:00,15.6,0.00,0.00,0.00,4.5,8.3
2026-06-04T00:00,14.5,0.00,0.00,0.00,0.5,5.8
2026-06-04T01:00,13.8,0.00,0.00,0.00,1.3,4.6
2026-06-04T02:00,14.0,0.00,0.00,0.00,3.9,6.8
2026-06-04T03:00,14.6,0.00,0.00,0.00,3.3,7.9
2026-06-04T04:00,16.4,0.00,0.00,0.00,1.5,4.4
2026-06-04T05:00,18.7,0.00,0.00,0.00,1.8,2.7
2026-06-04T06:00,21.0,0.00,0.00,0.00,2.1,3.0
2026-06-04T07:00,22.3,0.00,0.00,0.00,3.9,5.4
2026-06-04T08:00,23.2,0.00,0.00,0.00,5.9,8.5
2026-06-04T09:00,23.5,0.00,0.00,0.00,6.8,9.9
2026-06-04T10:00,23.8,0.00,0.00,0.00,7.2,10.4
2026-06-04T11:00,24.4,0.10,0.00,0.00,6.5,9.4
2026-06-04T12:00,25.1,0.00,0.00,0.00,8.0,11.4
2026-06-04T13:00,24.8,0.00,0.00,0.00,7.2,10.2
2026-06-04T14:00,24.7,0.00,0.00,0.00,6.8,9.6
2026-06-04T15:00,24.2,0.00,0.00,0.00,8.1,11.3
2026-06-04T16:00,23.5,0.00,0.00,0.00,8.4,11.2
2026-06-04T17:00,23.0,0.00,0.00,0.00,9.1,13.3
2026-06-04T18:00,22.5,0.00,0.00,0.00,9.2,15.4
2026-06-04T19:00,21.0,0.00,0.00,0.00,9.7,16.1
2026-06-04T20:00,20.0,0.00,0.00,0.00,8.1,14.1
2026-06-04T21:00,19.0,0.00,0.00,0.00,6.1,10.4
2026-06-04T22:00,18.0,0.00,0.00,0.00,5.9,10.6
2026-06-04T23:00,17.0,0.00,0.00,0.00,5.5,10.3
2026-06-05T00:00,15.8,0.00,0.00,0.00,4.7,10.2
2026-06-05T01:00,14.8,0.00,0.00,0.00,5.6,11.3
2026-06-05T02:00,14.7,0.00,0.00,0.00,5.6,12.4
2026-06-05T03:00,15.4,0.00,0.00,0.00,4.9,11.1
2026-06-05T04:00,16.8,0.00,0.00,0.00,4.4,7.6
2026-06-05T05:00,18.7,0.00,0.00,0.00,4.7,7.4
2026-06-05T06:00,21.2,0.00,0.00,0.00,4.6,6.6
2026-06-05T07:00,22.3,0.20,0.00,0.00,4.2,6.1
2026-06-05T08:00,22.8,0.00,0.00,0.00,5.5,7.9
2026-06-05T09:00,23.9,0.00,0.00,0.00,5.8,8.2
2026-06-05T10:00,24.4,0.00,0.00,0.00,7.5,10.6
2026-06-05T11:00,24.8,0.00,0.00,0.00,8.1,11.6
2026-06-05T12:00,25.8,0.00,0.00,0.00,8.6,12.1
2026-06-05T13:00,25.7,0.00,0.00,0.00,9.0,13.0
2026-06-05T14:00,25.4,0.00,0.00,0.00,9.9,14.2
2026-06-05T15:00,24.6,0.00,0.00,0.00,11.2,16.1
2026-06-05T16:00,23.8,0.00,0.00,0.00,10.5,15.4
2026-06-05T17:00,22.8,0.00,0.00,0.00,10.7,15.8
2026-06-05T18:00,22.0,0.00,0.00,0.00,9.0,15.4
2026-06-05T19:00,20.9,0.00,0.00,0.00,7.3,12.1
2026-06-05T20:00,19.8,0.00,0.00,0.00,8.7,14.1
2026-06-05T21:00,18.7,0.00,0.00,0.00,7.8,13.4
2026-06-05T22:00,17.6,0.00,0.00,0.00,7.0,12.1
2026-06-05T23:00,16.8,0.00,0.00,0.00,6.3,11.5
2026-06-06T00:00,15.8,0.00,0.00,0.00,5.8,11.6
2026-06-06T01:00,14.9,0.00,0.00,0.00,6.8,13.2
2026-06-06T02:00,14.8,0.00,0.00,0.00,5.9,13.4
2026-06-06T03:00,15.2,0.00,0.00,0.00,5.4,9.0
2026-06-06T04:00,16.5,0.00,0.00,0.00,4.5,7.6
2026-06-06T05:00,18.3,0.00,0.00,0.00,5.1,7.8
2026-06-06T06:00,20.5,0.00,0.00,0.00,6.5,9.3
2026-06-06T07:00,21.4,0.00,0.00,0.00,5.8,8.4
2026-06-06T08:00,22.3,0.00,0.00,0.00,5.8,8.4
2026-06-06T09:00,23.3,0.00,0.00,0.00,5.9,8.3
2026-06-06T10:00,24.0,0.00,0.00,0.00,6.1,8.6
2026-06-06T11:00,24.6,0.00,0.00,0.00,6.2,8.7
2026-06-06T12:00,25.5,0.00,0.00,0.00,6.2,8.4
2026-06-06T13:00,25.6,0.00,0.00,0.00,6.4,9.0
2026-06-06T14:00,25.6,0.00,0.00,0.00,6.9,9.6
2026-06-06T15:00,25.2,0.00,0.00,0.00,7.6,10.9
2026-06-06T16:00,24.7,0.00,0.00,0.00,8.1,11.7
2026-06-06T17:00,24.0,0.00,0.00,0.00,8.1,11.3
2026-06-06T18:00,23.1,0.00,0.00,0.00,7.3,11.1
2026-06-06T19:00,21.6,0.00,0.00,0.00,8.8,14.5
2026-06-06T20:00,20.5,0.00,0.00,0.00,9.2,16.1
2026-06-06T21:00,19.6,0.00,0.00,0.00,7.7,14.1
2026-06-06T22:00,18.8,0.00,0.00,0.00,6.9,13.0
2026-06-06T23:00,17.9,0.00,0.00,0.00,6.9,13.4
2026-06-07T00:00,17.3,0.00,0.00,0.00,5.3,12.9
2026-06-07T01:00,16.5,0.00,0.00,0.00,6.4,13.8
2026-06-07T02:00,16.6,0.00,0.00,0.00,5.7,12.2
2026-06-07T03:00,17.1,0.00,0.00,0.00,4.1,11.0
2026-06-07T04:00,18.5,0.00,0.00,0.00,3.4,4.9
2026-06-07T05:00,20.6,0.00,0.00,0.00,3.4,5.2
2026-06-07T06:00,23.0,0.00,0.00,0.00,3.6,5.1
2026-06-07T07:00,24.1,0.00,0.00,0.00,2.8,4.1
2026-06-07T08:00,25.0,0.00,0.00,0.00,2.4,3.2
2026-06-07T09:00,25.7,0.00,0.00,0.00,3.3,4.5
2026-06-07T10:00,26.4,0.00,0.00,0.00,4.5,6.0
2026-06-07T11:00,26.9,0.00,0.00,0.00,5.2,6.9
2026-06-07T12:00,27.4,0.00,0.00,0.00,5.0,6.7
2026-06-07T13:00,27.4,0.00,0.00,0.00,6.3,8.7
2026-06-07T14:00,27.1,0.00,0.00,0.00,7.3,9.9
2026-06-07T15:00,26.7,0.00,0.00,0.00,8.7,12.3
2026-06-07T16:00,26.1,0.00,0.00,0.00,9.5,13.9
2026-06-07T17:00,25.4,0.00,0.00,0.00,9.0,13.6
2026-06-07T18:00,24.7,0.00,0.00,0.00,7.0,11.9
2026-06-07T19:00,23.2,0.00,0.00,0.00,4.1,8.6
2026-06-07T20:00,22.4,0.00,0.00,0.00,2.6,5.8
2026-06-07T21:00,21.3,0.00,0.00,0.00,3.5,7.1
2026-06-07T22:00,20.3,0.00,0.00,0.00,4.1,8.5
2026-06-07T23:00,19.5,0.00,0.00,0.00,5.0,10.5
2026-06-08T00:00,18.9,0.00,0.00,0.00,4.2,11.3
2026-06-08T01:00,17.6,0.00,0.00,0.00,3.8,9.0
2026-06-08T02:00,17.6,0.00,0.00,0.00,3.8,7.2
2026-06-08T03:00,18.1,0.00,0.00,0.00,3.7,10.7
2026-06-08T04:00,19.8,0.00,0.00,0.00,3.2,8.8
2026-06-08T05:00,22.1,0.00,0.00,0.00,3.6,6.1
2026-06-08T06:00,24.6,0.00,0.00,0.00,6.3,9.2
2026-06-08T07:00,25.7,0.00,0.00,0.00,5.2,7.3
2026-06-08T08:00,26.6,0.00,0.00,0.00,5.3,7.3
2026-06-08T09:00,27.5,0.00,0.00,0.00,5.3,7.5
2026-06-08T10:00,28.3,0.00,0.00,0.00,6.8,9.4
2026-06-08T11:00,25.6,0.00,0.00,0.00,17.7,26.4
2026-06-08T12:00,26.5,0.00,0.00,0.00,14.8,21.8
2026-06-08T13:00,26.0,0.00,0.00,0.00,11.4,16.9
2026-06-08T14:00,25.4,0.00,0.00,0.00,8.6,12.6
2026-06-08T15:00,25.8,0.00,0.00,0.00,6.4,9.0
2026-06-08T16:00,25.5,0.00,0.00,0.00,5.5,7.7
2026-06-08T17:00,24.9,0.00,0.00,0.00,5.4,7.2
2026-06-08T18:00,24.2,0.00,0.00,0.00,5.2,7.1
2026-06-08T19:00,22.8,0.00,0.00,0.00,6.7,11.1
2026-06-08T20:00,22.0,0.00,0.00,0.00,5.2,9.1
2026-06-08T21:00,21.6,0.00,0.00,0.00,3.7,6.7
2026-06-08T22:00,21.1,0.00,0.00,0.00,3.8,6.5
2026-06-08T23:00,20.6,0.00,0.00,0.00,5.2,9.0
2026-06-09T00:00,20.2,0.00,0.00,0.00,4.6,9.9
2026-06-09T01:00,19.2,0.00,0.00,0.00,5.3,10.1
2026-06-09T02:00,19.1,0.00,0.00,0.00,4.3,9.2
2026-06-09T03:00,19.8,0.00,0.00,0.00,3.3,9.4
2026-06-09T04:00,21.5,0.00,0.00,0.00,2.3,4.1
2026-06-09T05:00,23.6,0.00,0.00,0.00,2.4,3.5
2026-06-09T06:00,25.0,0.00,0.00,0.00,1.4,1.8
2026-06-09T07:00,26.3,0.00,0.00,0.00,1.3,1.8
2026-06-09T08:00,27.5,0.00,0.00,0.00,1.5,2.0
2026-06-09T09:00,28.4,0.00,0.00,0.00,1.9,2.4
2026-06-09T10:00,28.9,0.00,0.00,0.00,2.7,3.5
2026-06-09T11:00,27.8,0.00,0.00,0.00,2.5,3.3
2026-06-09T12:00,28.8,4.50,0.00,0.00,3.9,5.2
2026-06-09T13:00,29.1,0.00,0.00,0.00,2.3,3.1
2026-06-09T14:00,29.1,0.00,0.00,0.00,2.3,3.2
2026-06-09T15:00,28.5,0.00,0.00,0.00,4.4,6.1
2026-06-09T16:00,27.9,0.00,0.00,0.00,4.8,6.7
2026-06-09T17:00,27.3,0.00,0.00,0.00,5.2,7.4
2026-06-09T18:00,26.2,0.00,0.00,0.00,7.2,11.2
2026-06-09T19:00,25.1,0.00,0.00,0.00,8.4,14.5
2026-06-09T20:00,24.3,0.00,0.00,0.00,7.6,13.3
2026-06-09T21:00,23.3,0.00,0.00,0.00,6.4,12.3
2026-06-09T22:00,22.5,0.00,0.00,0.00,6.2,12.0
2026-06-09T23:00,21.6,0.00,0.00,0.00,6.2,12.7
2026-06-10T00:00,20.1,0.00,0.00,0.00,2.6,7.7
2026-06-10T01:00,19.2,0.00,0.00,0.00,2.8,6.8
2026-06-10T02:00,19.3,0.00,0.00,0.00,3.5,6.5
2026-06-10T03:00,19.8,0.00,0.00,0.00,3.3,8.0
2026-06-10T04:00,21.2,0.00,0.00,0.00,1.8,7.7
2026-06-10T05:00,23.4,0.00,0.00,0.00,1.8,3.8
2026-06-10T06:00,25.9,0.00,0.00,0.00,5.4,8.1
2026-06-10T07:00,27.2,0.00,0.00,0.00,5.0,7.4
2026-06-10T08:00,27.9,0.00,0.00,0.00,4.3,6.3
2026-06-10T09:00,28.5,0.00,0.00,0.00,4.8,7.1
2026-06-10T10:00,29.2,0.00,0.00,0.00,6.0,8.8
2026-06-10T11:00,29.8,0.00,0.00,0.00,6.6,9.6
2026-06-10T12:00,30.3,0.00,0.00,0.00,7.4,10.5
2026-06-10T13:00,30.5,0.00,0.00,0.00,7.7,11.2
2026-06-10T14:00,30.4,0.00,0.00,0.00,7.8,11.2
2026-06-10T15:00,30.1,0.00,0.00,0.00,8.0,11.5
2026-06-10T16:00,29.7,0.00,0.00,0.00,9.5,13.5
2026-06-10T17:00,28.5,0.00,0.00,0.00,12.4,19.0
2026-06-10T18:00,26.6,0.00,0.00,0.00,8.7,15.7
2026-06-10T19:00,25.3,0.00,0.00,0.00,6.4,16.8
2026-06-10T20:00,24.2,0.00,0.00,0.00,5.2,16.0
2026-06-10T21:00,23.3,0.00,0.00,0.00,5.2,12.1
2026-06-10T22:00,22.4,0.00,0.00,0.00,5.0,8.7
2026-06-10T23:00,21.6,0.00,0.00,0.00,4.9,8.8
2026-06-11T00:00,20.9,0.00,0.00,0.00,4.0,10.8
2026-06-11T01:00,20.0,0.00,0.00,0.00,4.5,9.5
2026-06-11T02:00,20.1,0.00,0.00,0.00,3.1,7.0
2026-06-11T03:00,20.8,0.00,0.00,0.00,1.7,5.7
2026-06-11T04:00,22.3,0.00,0.00,0.00,1.9,4.2
2026-06-11T05:00,24.1,0.00,0.00,0.00,2.2,3.4
2026-06-11T06:00,26.0,0.00,0.00,0.00,1.8,2.5
2026-06-11T07:00,28.1,0.00,0.00,0.00,0.4,0.4
2026-06-11T08:00,29.3,0.00,0.00,0.00,2.1,3.0
2026-06-11T09:00,30.1,0.00,0.00,0.00,4.0,5.5
2026-06-11T10:00,28.5,0.00,0.00,0.00,6.2,8.4
2026-06-11T11:00,26.1,1.00,0.00,0.00,6.2,9.2
2026-06-11T12:00,29.3,0.20,0.00,0.00,2.3,2.9
2026-06-11T13:00,30.0,0.00,0.00,0.00,2.8,3.8
2026-06-11T14:00,28.8,0.00,0.00,0.00,8.9,12.3
2026-06-11T15:00,27.7,0.00,0.00,0.00,11.6,17.1
2026-06-11T16:00,27.2,0.00,0.00,0.00,9.9,15.4
2026-06-11T17:00,26.8,0.00,0.00,0.00,9.0,14.4
2026-06-11T18:00,26.4,0.00,0.00,0.00,9.1,16.6
2026-06-11T19:00,25.2,0.00,0.00,0.00,8.6,16.0
2026-06-11T20:00,24.0,0.00,0.00,0.00,8.4,15.8
2026-06-11T21:00,23.0,0.00,0.00,0.00,8.5,17.1
2026-06-11T22:00,22.2,0.00,0.00,0.00,7.6,15.4
2026-06-11T23:00,21.4,0.00,0.00,0.00,7.7,15.5
2026-06-12T00:00,21.4,0.00,0.00,0.00,7.2,15.8
2026-06-12T01:00,20.5,0.00,0.00,0.00,7.6,16.2
2026-06-12T02:00,20.6,0.00,0.00,0.00,6.8,15.0
2026-06-12T03:00,21.1,0.00,0.00,0.00,5.3,14.3
2026-06-12T04:00,22.1,0.00,0.00,0.00,4.8,8.4
2026-06-12T05:00,23.7,0.00,0.00,0.00,4.2,6.9
2026-06-12T06:00,26.2,0.00,0.00,0.00,4.5,6.8
2026-06-12T07:00,28.2,0.00,0.00,0.00,5.8,8.4
2026-06-12T08:00,29.4,0.00,0.00,0.00,6.0,8.5
2026-06-12T09:00,30.4,0.00,0.00,0.00,5.0,7.3
2026-06-12T10:00,30.5,0.00,0.00,0.00,5.0,6.9
2026-06-12T11:00,31.0,0.00,0.00,0.00,5.0,7.1
2026-06-12T12:00,30.9,0.00,0.00,0.00,11.4,16.2
2026-06-12T13:00,28.4,0.80,0.00,0.00,6.1,9.5
2026-06-12T14:00,27.8,0.50,0.00,0.00,5.8,8.5
2026-06-12T15:00,27.7,0.30,0.00,0.00,2.7,4.1
2026-06-12T16:00,27.5,0.10,0.00,0.00,2.6,3.9
2026-06-12T17:00,27.0,0.00,0.00,0.00,2.4,3.4
2026-06-12T18:00,26.2,0.00,0.00,0.00,3.8,8.1
2026-06-12T19:00,25.1,0.00,0.00,0.00,4.8,9.3
2026-06-12T20:00,24.4,0.00,0.00,0.00,4.7,9.6
2026-06-12T21:00,23.8,0.00,0.00,0.00,6.0,12.1
2026-06-12T22:00,23.0,0.00,0.00,0.00,7.4,14.7
2026-06-12T23:00,22.0,0.00,0.00,0.00,7.9,16.1
2026-06-13T00:00,21.7,0.00,0.00,0.00,2.2,5.7
2026-06-13T01:00,20.7,0.00,0.00,0.00,3.3,7.7
2026-06-13T02:00,20.5,0.00,0.00,0.00,3.4,8.1
2026-06-13T03:00,20.8,0.00,0.00,0.00,3.7,10.1
2026-06-13T04:00,22.0,0.00,0.00,0.00,4.7,7.7
2026-06-13T05:00,23.7,0.00,0.00,0.00,5.6,8.7
2026-06-13T06:00,26.1,0.00,0.00,0.00,6.3,9.0
2026-06-13T07:00,26.5,0.00,0.00,0.00,3.1,4.5
2026-06-13T08:00,26.7,0.00,0.00,0.00,6.6,9.5
2026-06-13T09:00,27.0,0.10,0.00,0.00,5.0,7.1
2026-06-13T10:00,27.8,0.00,0.00,0.00,4.4,6.5
2026-06-13T11:00,28.4,0.00,0.00,0.00,6.8,10.1
2026-06-13T12:00,29.6,0.10,0.00,0.00,9.3,13.4
2026-06-13T13:00,28.1,0.20,0.00,0.00,15.5,23.4
2026-06-13T14:00,25.9,0.50,0.00,0.00,11.8,18.3
2026-06-13T15:00,25.4,0.00,0.00,0.00,9.5,14.5
2026-06-13T16:00,24.5,0.00,0.00,0.00,9.0,13.5
2026-06-13T17:00,23.4,0.00,0.00,0.00,8.1,12.3
2026-06-13T18:00,20.0,0.00,0.00,0.00,10.7,16.8
2026-06-13T19:00,18.9,0.00,0.00,0.00,11.2,17.9
2026-06-13T20:00,18.7,0.00,0.00,0.00,9.5,15.1
2026-06-13T21:00,18.4,0.00,0.00,0.00,8.7,13.5
2026-06-13T22:00,18.0,0.00,0.00,0.00,8.3,12.5
2026-06-13T23:00,17.4,0.00,0.00,0.00,10.0,15.4
2026-06-14T00:00,16.2,0.00,0.00,0.00,12.0,20.1
2026-06-14T01:00,15.4,0.00,0.00,0.00,10.3,17.7
2026-06-14T02:00,15.2,0.00,0.00,0.00,10.1,16.8
2026-06-14T03:00,15.3,0.00,0.00,0.00,10.6,17.1
2026-06-14T04:00,15.7,0.00,0.00,0.00,8.7,13.8
2026-06-14T05:00,16.3,0.00,0.00,0.00,7.5,11.5
2026-06-14T06:00,16.6,0.00,0.00,0.00,7.8,11.5
2026-06-14T07:00,16.8,0.00,0.00,0.00,9.4,14.0
2026-06-14T08:00,16.1,0.80,0.00,0.00,9.2,13.5
2026-06-14T09:00,15.8,0.80,0.00,0.00,9.3,14.0
2026-06-14T10:00,14.7,1.20,0.00,0.00,10.5,15.6
2026-06-14T11:00,15.2,0.40,0.00,0.00,8.0,12.3
2026-06-14T12:00,16.7,0.00,0.00,0.00,7.8,11.6
2026-06-14T13:00,17.5,0.00,0.00,0.00,7.4,11.1
2026-06-14T14:00,18.1,0.00,0.00,0.00,4.8,7.4
2026-06-14T15:00,18.5,0.00,0.00,0.00,3.8,5.8
2026-06-14T16:00,18.5,0.00,0.00,0.00,3.3,5.1
2026-06-14T17:00,17.7,0.10,0.00,0.00,3.7,5.7
2026-06-14T18:00,16.2,0.00,0.00,0.00,1.5,3.5
2026-06-14T19:00,15.5,0.00,0.00,0.00,4.0,7.3
2026-06-14T20:00,15.0,0.00,0.00,0.00,3.4,7.2
2026-06-14T21:00,14.6,0.00,0.00,0.00,4.1,8.7
2026-06-14T22:00,14.1,0.00,0.00,0.00,5.0,11.7
2026-06-14T23:00,13.7,0.00,0.00,0.00,4.6,11.2
2026-06-15T00:00,13.3,0.00,0.00,0.00,2.6,7.3
2026-06-15T01:00,12.9,0.00,0.00,0.00,4.3,9.1
2026-06-15T02:00,13.4,0.00,0.00,0.00,3.6,9.6
2026-06-15T03:00,14.3,0.00,0.00,0.00,1.7,6.1
2026-06-15T04:00,15.7,0.00,0.00,0.00,1.0,3.4
2026-06-15T05:00,17.5,0.00,0.00,0.00,2.4,4.0
2026-06-15T06:00,19.1,0.00,0.00,0.00,4.6,6.7
2026-06-15T07:00,19.9,0.00,0.00,0.00,5.6,8.2
2026-06-15T08:00,20.5,0.00,0.00,0.00,6.6,9.5
2026-06-15T09:00,21.1,0.10,0.00,0.00,6.7,10.0
2026-06-15T10:00,21.6,0.10,0.00,0.00,6.6,10.0
2026-06-15T11:00,21.8,0.00,0.00,0.00,8.0,12.0
2026-06-15T12:00,20.0,0.50,0.00,0.00,12.9,19.6
2026-06-15T13:00,18.5,0.80,0.00,0.00,12.5,19.3
2026-06-15T14:00,17.6,0.70,0.00,0.00,5.2,7.6
2026-06-15T15:00,17.8,0.00,0.00,0.00,6.0,8.8
2026-06-15T16:00,17.2,0.00,0.00,0.00,7.7,11.9
2026-06-15T17:00,16.0,0.80,0.00,0.00,8.1,14.0
2026-06-15T18:00,15.1,1.40,0.00,0.00,11.0,19.3
2026-06-15T19:00,14.3,0.70,0.00,0.00,11.0,19.6
2026-06-15T20:00,13.8,1.10,0.00,0.00,11.7,20.6
2026-06-15T21:00,13.1,0.80,0.00,0.00,13.5,24.0
2026-06-15T22:00,12.7,0.50,0.00,0.00,15.2,27.0
2026-06-15T23:00,12.7,0.80,0.00,0.00,16.3,28.7
2026-06-16T00:00,11.6,0.70,0.00,0.00,13.5,24.4
2026-06-16T01:00,11.5,0.40,0.00,0.00,12.6,22.9
2026-06-16T02:00,11.7,0.70,0.00,0.00,13.8,24.7
2026-06-16T03:00,12.1,0.30,0.00,0.00,14.2,25.9
2026-06-16T04:00,12.1,0.60,0.00,0.00,14.6,26.3
2026-06-16T05:00,12.1,1.00,0.00,0.00,13.5,24.5
2026-06-16T06:00,12.8,0.50,0.00,0.00,15.4,26.8
2026-06-16T07:00,14.4,0.20,0.00,0.00,13.4,21.4
2026-06-16T08:00,15.5,0.30,0.00,0.00,17.2,27.2
2026-06-16T09:00,14.4,1.00,0.00,0.00,14.0,22.7
2026-06-16T10:00,16.5,0.10,0.00,0.00,16.3,25.8
2026-06-16T11:00,17.1,0.10,0.00,0.00,13.9,21.3
2026-06-16T12:00,17.3,0.80,0.00,0.00,13.0,20.3
2026-06-16T13:00,16.9,0.00,0.00,0.00,12.8,20.8
2026-06-16T14:00,17.3,0.00,0.00,0.00,14.1,23.0
2026-06-16T15:00,17.2,0.20,0.00,0.00,12.8,21.7
2026-06-16T16:00,17.2,0.10,0.00,0.00,15.1,26.2
2026-06-16T17:00,16.3,0.00,0.00,0.00,12.0,22.4
2026-06-16T18:00,15.2,0.00,0.00,0.00,10.8,21.1
2026-06-16T19:00,14.5,0.00,0.00,0.00,10.1,20.8
2026-06-16T20:00,13.9,0.00,0.00,0.00,11.2,22.5
2026-06-16T21:00,13.3,0.00,0.00,0.00,11.7,23.1
2026-06-16T22:00,12.7,0.00,0.00,0.00,11.2,22.7
2026-06-16T23:00,12.2,0.00,0.00,0.00,11.6,22.9
2026-06-17T00:00,11.8,0.00,0.00,0.00,10.6,21.5
2026-06-17T01:00,11.4,0.00,0.00,0.00,10.6,21.1
2026-06-17T02:00,11.4,0.00,0.00,0.00,10.1,19.9
2026-06-17T03:00,12.0,0.00,0.00,0.00,10.6,17.7
2026-06-17T04:00,13.0,0.00,0.00,0.00,12.8,20.2
2026-06-17T05:00,13.8,0.00,0.00,0.00,11.8,18.6
2026-06-17T06:00,14.4,0.00,0.00,0.00,13.1,20.5
2026-06-17T07:00,14.6,0.30,0.00,0.00,14.7,23.3
2026-06-17T08:00,15.9,0.10,0.00,0.00,14.7,22.8
2026-06-17T09:00,16.3,1.70,0.00,0.00,14.6,23.1
2026-06-17T10:00,14.8,0.30,0.00,0.00,13.6,21.7
2026-06-17T11:00,17.0,0.50,0.00,0.00,12.8,20.4
2026-06-17T12:00,17.9,0.30,0.00,0.00,13.9,21.5
2026-06-17T13:00,17.9,0.30,0.00,0.00,14.8,23.2
2026-06-17T14:00,17.5,0.20,0.00,0.00,15.5,25.1
2026-06-17T15:00,17.3,0.00,0.00,0.00,13.8,22.3
2026-06-17T16:00,16.8,0.00,0.00,0.00,12.5,20.8
2026-06-17T17:00,16.1,0.00,0.00,0.00,11.2,19.9
2026-06-17T18:00,15.5,0.00,0.00,0.00,10.7,20.6
2026-06-17T19:00,14.7,0.00,0.00,0.00,10.8,21.2
2026-06-17T20:00,13.9,0.00,0.00,0.00,11.0,21.6
2026-06-17T21:00,13.2,0.00,0.00,0.00,10.7,21.3
2026-06-17T22:00,12.6,0.00,0.00,0.00,10.0,20.2
2026-06-17T23:00,12.0,0.00,0.00,0.00,10.2,20.3
2026-06-18T00:00,12.0,0.00,0.00,0.00,10.2,20.7
2026-06-18T01:00,11.8,0.00,0.00,0.00,10.1,20.4
2026-06-18T02:00,11.8,0.00,0.00,0.00,10.3,20.4
2026-06-18T03:00,12.5,0.00,0.00,0.00,12.2,20.3
2026-06-18T04:00,13.0,0.00,0.00,0.00,12.2,19.9
2026-06-18T05:00,13.7,0.00,0.00,0.00,12.6,19.7
2026-06-18T06:00,14.9,0.10,0.00,0.00,13.2,20.9
2026-06-18T07:00,15.8,0.20,0.00,0.00,15.1,23.9
2026-06-18T08:00,15.3,0.30,0.00,0.00,15.1,24.4
2026-06-18T09:00,14.7,0.60,0.00,0.00,13.8,22.9
2026-06-18T10:00,14.7,0.10,0.00,0.00,13.3,22.1
2026-06-18T11:00,15.5,0.00,0.00,0.00,13.9,22.4
2026-06-18T12:00,16.4,0.00,0.00,0.00,17.6,28.2
2026-06-18T13:00,16.5,0.10,0.00,0.00,16.8,26.7
2026-06-18T14:00,15.8,0.20,0.00,0.00,13.0,21.6
2026-06-18T15:00,15.8,0.10,0.00,0.00,15.1,24.3
2026-06-18T16:00,15.7,0.00,0.00,0.00,14.6,23.9
2026-06-18T17:00,15.2,0.00,0.00,0.00,11.6,21.0
2026-06-18T18:00,15.0,0.20,0.00,0.00,11.5,21.1
2026-06-18T19:00,14.9,0.00,0.00,0.00,11.1,20.7
2026-06-18T20:00,14.7,0.00,0.00,0.00,11.1,20.7
2026-06-18T21:00,14.7,0.00,0.00,0.00,10.9,20.4
2026-06-18T22:00,14.6,0.10,0.00,0.00,10.6,20.1
2026-06-18T23:00,14.4,0.00,0.00,0.00,10.7,20.8
2026-06-19T00:00,13.9,0.00,0.00,0.00,10.4,20.8
2026-06-19T01:00,13.3,0.00,0.00,0.00,10.1,20.9
2026-06-19T02:00,13.4,0.00,0.00,0.00,10.1,20.8
2026-06-19T03:00,14.0,0.00,0.00,0.00,8.5,21.0
2026-06-19T04:00,15.1,0.00,0.00,0.00,9.0,15.7
2026-06-19T05:00,16.5,0.00,0.00,0.00,9.0,14.5
2026-06-19T06:00,18.0,0.00,0.00,0.00,10.4,16.1
2026-06-19T07:00,18.9,0.00,0.00,0.00,10.7,16.5
2026-06-19T08:00,19.7,0.00,0.00,0.00,10.9,16.7
2026-06-19T09:00,20.2,0.00,0.00,0.00,9.6,14.8
2026-06-19T10:00,20.4,0.10,0.00,0.00,9.3,14.0
2026-06-19T11:00,19.0,0.80,0.00,0.00,13.6,20.1
2026-06-19T12:00,20.1,0.90,0.00,0.00,7.1,10.5
2026-06-19T13:00,20.6,0.10,0.00,0.00,7.9,11.9
2026-06-19T14:00,16.3,2.10,0.00,0.00,16.1,25.9
2026-06-19T15:00,15.4,1.60,0.00,0.00,2.8,9.6
2026-06-19T16:00,16.8,0.10,0.00,0.00,6.6,10.8
2026-06-19T17:00,16.3,0.00,0.00,0.00,8.0,13.7
2026-06-19T18:00,16.0,0.00,0.00,0.00,7.4,14.7
2026-06-19T19:00,15.2,0.00,0.00,0.00,7.5,15.4
2026-06-19T20:00,14.7,0.00,0.00,0.00,6.4,13.3
2026-06-19T21:00,14.2,0.00,0.00,0.00,6.3,12.9
2026-06-19T22:00,13.7,0.00,0.00,0.00,6.9,14.6
2026-06-19T23:00,13.3,0.00,0.00,0.00,7.1,15.3
2026-06-20T00:00,13.3,0.00,0.00,0.00,7.2,16.4
2026-06-20T01:00,12.8,0.00,0.00,0.00,7.3,15.5
2026-06-20T02:00,13.0,0.00,0.00,0.00,7.3,15.0
2026-06-20T03:00,13.6,0.00,0.00,0.00,6.5,16.6
2026-06-20T04:00,14.7,0.00,0.00,0.00,7.4,12.3
2026-06-20T05:00,16.3,0.00,0.00,0.00,9.2,14.1
2026-06-20T06:00,17.0,0.00,0.00,0.00,9.3,14.0
2026-06-20T07:00,17.7,0.20,0.00,0.00,11.5,17.9
2026-06-20T08:00,18.6,0.00,0.00,0.00,12.8,19.7
2026-06-20T09:00,18.9,0.00,0.00,0.00,14.8,22.5
2026-06-20T10:00,19.2,0.00,0.00,0.00,14.4,22.2
2026-06-20T11:00,19.5,0.00,0.00,0.00,15.0,23.4
2026-06-20T12:00,19.8,0.00,0.00,0.00,14.0,21.9
2026-06-20T13:00,19.9,0.00,0.00,0.00,16.9,26.6
2026-06-20T14:00,19.4,0.00,0.00,0.00,16.0,25.9
2026-06-20T15:00,18.8,0.00,0.00,0.00,15.9,25.1
2026-06-20T16:00,18.1,0.00,0.00,0.00,12.7,21.6
2026-06-20T17:00,17.3,0.00,0.00,0.00,9.1,16.6
2026-06-20T18:00,16.4,0.00,0.00,0.00,4.7,13.3
2026-06-20T19:00,15.7,0.00,0.00,0.00,3.7,9.7
2026-06-20T20:00,14.9,0.00,0.00,0.00,3.2,8.0
2026-06-20T21:00,14.2,0.00,0.00,0.00,3.2,5.2
2026-06-20T22:00,13.4,0.00,0.00,0.00,4.0,6.9
2026-06-20T23:00,12.9,0.00,0.00,0.00,4.1,8.8
2026-06-21T00:00,12.2,0.00,0.00,0.00,3.4,10.1
2026-06-21T01:00,11.8,0.00,0.00,0.00,5.8,13.4
2026-06-21T02:00,12.2,0.00,0.00,0.00,6.5,15.7
2026-06-21T03:00,13.1,0.00,0.00,0.00,6.8,18.2
2026-06-21T04:00,15.0,0.00,0.00,0.00,5.6,17.5
2026-06-21T05:00,16.7,0.00,0.00,0.00,7.5,12.2
2026-06-21T06:00,18.6,0.00,0.00,0.00,7.4,11.4
2026-06-21T07:00,19.5,0.00,0.00,0.00,7.6,11.7
2026-06-21T08:00,20.5,0.00,0.00,0.00,8.9,13.6
2026-06-21T09:00,21.3,0.00,0.00,0.00,10.6,16.3
2026-06-21T10:00,22.1,0.00,0.00,0.00,12.5,19.2
2026-06-21T11:00,22.5,0.00,0.00,0.00,11.6,17.8
2026-06-21T12:00,23.5,0.00,0.00,0.00,9.1,13.9
2026-06-21T13:00,23.7,0.00,0.00,0.00,9.5,14.6
2026-06-21T14:00,23.8,0.00,0.00,0.00,11.4,17.9
2026-06-21T15:00,23.6,0.00,0.00,0.00,11.8,18.9
2026-06-21T16:00,23.0,0.00,0.00,0.00,8.8,15.5
2026-06-21T17:00,22.0,0.00,0.00,0.00,4.9,10.9
2026-06-21T18:00,20.7,0.00,0.00,0.00,3.3,9.7
2026-06-21T19:00,19.7,0.00,0.00,0.00,1.7,5.1
2026-06-21T20:00,19.1,0.00,0.00,0.00,2.5,4.3
2026-06-21T21:00,18.5,0.00,0.00,0.00,4.2,8.0
2026-06-21T22:00,18.0,0.00,0.00,0.00,4.4,9.4
2026-06-21T23:00,17.4,0.00,0.00,0.00,5.7,12.9
2026-06-22T00:00,17.0,0.00,0.00,0.00,6.1,13.1
2026-06-22T01:00,16.6,0.00,0.00,0.00,6.6,14.0
2026-06-22T02:00,16.9,0.00,0.00,0.00,7.4,17.4
2026-06-22T03:00,17.6,0.00,0.00,0.00,7.7,19.8
2026-06-22T04:00,18.7,0.00,0.00,0.00,5.8,12.0
2026-06-22T05:00,19.9,0.00,0.00,0.00,5.0,8.2
2026-06-22T06:00,22.5,0.00,0.00,0.00,6.7,10.2
2026-06-22T07:00,22.1,0.30,0.00,0.00,7.5,11.7
2026-06-22T08:00,21.5,0.60,0.00,0.00,9.2,13.6
2026-06-22T09:00,21.8,1.70,0.00,0.00,4.8,7.2
2026-06-22T10:00,23.3,0.30,0.00,0.00,8.5,13.0
2026-06-22T11:00,21.1,1.80,0.00,0.00,9.2,14.5
2026-06-22T12:00,23.8,0.30,0.00,0.00,9.0,13.6
2026-06-22T13:00,24.2,0.00,0.00,0.00,9.7,14.8
2026-06-22T14:00,24.2,0.00,0.00,0.00,9.8,15.2
2026-06-22T15:00,23.7,0.00,0.00,0.00,11.1,17.3
2026-06-22T16:00,22.5,0.00,0.00,0.00,10.2,16.5
2026-06-22T17:00,21.2,0.00,0.00,0.00,11.1,18.2
2026-06-22T18:00,20.0,0.00,0.00,0.00,9.6,18.4
2026-06-22T19:00,18.9,0.00,0.00,0.00,10.9,20.9
2026-06-22T20:00,18.1,0.00,0.00,0.00,10.5,20.5
2026-06-22T21:00,17.7,0.00,0.00,0.00,10.1,20.1
2026-06-22T22:00,17.3,0.00,0.00,0.00,9.6,19.4
2026-06-22T23:00,16.8,0.00,0.00,0.00,9.2,19.1
2026-06-23T00:00,16.7,0.00,0.00,0.00,10.2,21.3
2026-06-23T01:00,16.5,0.00,0.00,0.00,11.3,22.9
2026-06-23T02:00,16.5,0.00,0.00,0.00,11.1,21.6
2026-06-23T03:00,16.6,0.00,0.00,0.00,10.2,17.8
2026-06-23T04:00,17.0,0.00,0.00,0.00,10.7,17.8
2026-06-23T05:00,17.7,0.00,0.00,0.00,11.2,17.7
2026-06-23T06:00,19.0,0.00,0.00,0.00,12.1,18.7
2026-06-23T07:00,19.9,0.00,0.00,0.00,12.5,19.5
2026-06-23T08:00,20.9,0.00,0.00,0.00,13.2,20.3
2026-06-23T09:00,21.5,0.00,0.00,0.00,14.3,21.7
2026-06-23T10:00,21.6,0.00,0.00,0.00,15.1,23.3
2026-06-23T11:00,21.8,0.00,0.00,0.00,16.4,25.6
2026-06-23T12:00,22.5,0.00,0.00,0.00,15.7,24.3
2026-06-23T13:00,22.5,0.00,0.00,0.00,16.7,26.2
2026-06-23T14:00,22.0,0.00,0.00,0.00,17.0,26.9
2026-06-23T15:00,21.5,0.00,0.00,0.00,16.6,26.9
2026-06-23T16:00,20.7,0.00,0.00,0.00,14.8,24.7
2026-06-23T17:00,19.7,0.00,0.00,0.00,11.9,21.1
2026-06-23T18:00,18.6,0.00,0.00,0.00,9.6,18.9
2026-06-23T19:00,17.6,0.00,0.00,0.00,8.6,17.7
2026-06-23T20:00,16.6,0.00,0.00,0.00,7.7,16.5
2026-06-23T21:00,15.9,0.00,0.00,0.00,7.7,16.2
2026-06-23T22:00,15.2,0.00,0.00,0.00,7.8,16.8
2026-06-23T23:00,14.6,0.00,0.00,0.00,7.9,17.3
2026-06-24T00:00,14.0,0.00,0.00,0.00,6.5,15.9
2026-06-24T01:00,13.3,0.00,0.00,0.00,7.4,16.7
2026-06-24T02:00,13.6,0.00,0.00,0.00,7.0,16.4
2026-06-24T03:00,14.2,0.00,0.00,0.00,5.5,14.5
2026-06-24T04:00,15.2,0.00,0.00,0.00,5.1,9.2
2026-06-24T05:00,16.6,0.00,0.00,0.00,4.9,7.8
2026-06-24T06:00,18.2,0.00,0.00,0.00,7.5,11.3
2026-06-24T07:00,19.4,0.00,0.00,0.00,10.3,15.7
2026-06-24T08:00,20.4,0.00,0.00,0.00,13.6,20.6
2026-06-24T09:00,20.3,0.00,0.00,0.00,13.3,20.0
2026-06-24T10:00,20.4,0.00,0.00,0.00,12.5,19.0
2026-06-24T11:00,20.6,0.00,0.00,0.00,12.0,18.1
2026-06-24T12:00,22.0,0.00,0.00,0.00,12.2,18.3
2026-06-24T13:00,21.3,0.00,0.00,0.00,13.0,20.0
2026-06-24T14:00,21.4,0.00,0.00,0.00,12.5,19.4
2026-06-24T15:00,21.2,0.00,0.00,0.00,12.2,18.8
2026-06-24T16:00,20.6,0.00,0.00,0.00,11.5,18.2
2026-06-24T17:00,20.1,0.00,0.00,0.00,8.7,13.8
2026-06-24T18:00,19.0,0.00,0.00,0.00,5.4,10.7
2026-06-24T19:00,18.3,0.00,0.00,0.00,5.4,10.4
2026-06-24T20:00,16.1,0.20,0.00,0.00,12.0,20.3
2026-06-24T21:00,15.1,0.50,0.00,0.00,7.8,13.5
2026-06-24T22:00,14.5,0.60,0.00,0.00,4.0,7.3
2026-06-24T23:00,14.3,0.10,0.00,0.00,5.3,8.7
2026-06-25T00:00,13.9,0.00,0.00,0.00,4.3,7.1
2026-06-25T01:00,13.8,0.00,0.00,0.00,5.2,9.3
2026-06-25T02:00,13.9,0.00,0.00,0.00,4.7,9.0
2026-06-25T03:00,14.0,0.00,0.00,0.00,4.8,8.4
2026-06-25T04:00,14.0,0.00,0.00,0.00,5.1,7.6
2026-06-25T05:00,14.1,0.10,0.00,0.00,5.6,8.7
2026-06-25T06:00,14.1,0.00,0.00,0.00,6.2,9.4
2026-06-25T07:00,15.0,0.00,0.00,0.00,5.1,7.3
2026-06-25T08:00,16.0,0.00,0.00,0.00,6.0,8.7
2026-06-25T09:00,17.1,0.00,0.00,0.00,6.1,9.0
2026-06-25T10:00,18.0,0.00,0.00,0.00,7.1,10.3
2026-06-25T11:00,19.0,0.00,0.00,0.00,5.7,8.3
2026-06-25T12:00,18.1,0.00,0.00,0.00,5.3,7.4
2026-06-25T13:00,18.8,0.10,0.00,0.00,6.4,9.3
2026-06-25T14:00,19.3,0.20,0.00,0.00,9.9,14.6
2026-06-25T15:00,16.7,0.60,0.00,0.00,11.4,18.1
2026-06-25T16:00,16.8,0.00,0.00,0.00,9.1,14.0
2026-06-25T17:00,16.3,0.00,0.00,0.00,9.1,14.2
2026-06-25T18:00,15.4,0.00,0.00,0.00,8.1,14.4
2026-06-25T19:00,14.8,0.00,0.00,0.00,6.7,12.9
2026-06-25T20:00,14.2,0.00,0.00,0.00,6.6,13.2
2026-06-25T21:00,13.5,0.00,0.00,0.00,6.9,14.3
2026-06-25T22:00,13.1,0.00,0.00,0.00,7.1,15.5
2026-06-25T23:00,12.7,0.00,0.00,0.00,7.6,16.9
2026-06-26T00:00,12.3,0.00,0.00,0.00,6.7,15.7
2026-06-26T01:00,11.7,0.00,0.00,0.00,6.3,14.2
2026-06-26T02:00,11.9,0.00,0.00,0.00,6.0,13.1
2026-06-26T03:00,12.6,0.00,0.00,0.00,4.3,12.0
2026-06-26T04:00,13.8,0.00,0.00,0.00,4.2,7.5
2026-06-26T05:00,15.3,0.00,0.00,0.00,4.5,7.0
2026-06-26T06:00,17.2,0.00,0.00,0.00,6.4,9.5
2026-06-26T07:00,18.1,0.00,0.00,0.00,5.9,8.9
2026-06-26T08:00,18.9,0.00,0.00,0.00,6.6,9.9
2026-06-26T09:00,19.6,0.00,0.00,0.00,8.2,12.3
2026-06-26T10:00,19.9,0.00,0.00,0.00,9.2,13.6
2026-06-26T11:00,19.8,0.10,0.00,0.00,9.4,14.0
2026-06-26T12:00,20.3,0.40,0.00,0.00,10.5,15.4
2026-06-26T13:00,18.4,0.60,0.00,0.00,15.5,23.5
2026-06-26T14:00,18.0,0.70,0.00,0.00,6.8,10.3
2026-06-26T15:00,18.6,0.00,0.00,0.00,8.1,12.2
2026-06-26T16:00,18.4,0.00,0.00,0.00,9.4,14.3
2026-06-26T17:00,17.5,0.10,0.00,0.00,7.6,12.6
2026-06-26T18:00,16.4,0.00,0.00,0.00,5.4,9.8
2026-06-26T19:00,15.7,0.00,0.00,0.00,4.4,8.1
2026-06-26T20:00,15.0,0.00,0.00,0.00,5.0,10.2
2026-06-26T21:00,14.4,0.00,0.00,0.00,5.3,11.7
2026-06-26T22:00,13.8,0.00,0.00,0.00,5.3,11.6
2026-06-26T23:00,13.3,0.00,0.00,0.00,5.6,12.4
2026-06-27T00:00,12.8,0.00,0.00,0.00,2.8,9.3
2026-06-27T01:00,12.5,0.00,0.00,0.00,3.0,8.0
2026-06-27T02:00,12.8,0.00,0.00,0.00,3.4,8.2
2026-06-27T03:00,13.6,0.00,0.00,0.00,0.8,4.9
2026-06-27T04:00,15.2,0.00,0.00,0.00,1.2,2.7
2026-06-27T05:00,16.8,0.00,0.00,0.00,1.1,1.8
2026-06-27T06:00,18.1,0.00,0.00,0.00,2.2,3.1
2026-06-27T07:00,19.1,0.00,0.00,0.00,3.6,5.2
2026-06-27T08:00,19.5,0.10,0.00,0.00,6.4,9.5
2026-06-27T09:00,20.1,0.00,0.00,0.00,5.6,8.5
2026-06-27T10:00,19.2,0.20,0.00,0.00,10.6,15.2
2026-06-27T11:00,16.5,0.70,0.00,0.00,7.1,11.3
2026-06-27T12:00,20.6,0.00,0.00,0.00,7.4,10.9
2026-06-27T13:00,20.3,0.00,0.00,0.00,10.1,14.9
2026-06-27T14:00,19.9,0.10,0.00,0.00,12.6,19.5
2026-06-27T15:00,18.8,0.00,0.00,0.00,13.0,20.7
2026-06-27T16:00,17.9,0.00,0.00,0.00,10.9,17.4
2026-06-27T17:00,17.4,0.00,0.00,0.00,8.7,14.6
2026-06-27T18:00,16.8,0.00,0.00,0.00,8.2,14.8
2026-06-27T19:00,16.4,0.00,0.00,0.00,5.9,10.8
2026-06-27T20:00,16.1,0.00,0.00,0.00,5.9,11.5
2026-06-27T21:00,15.7,0.10,0.00,0.00,6.6,12.6
2026-06-27T22:00,14.9,0.00,0.00,0.00,7.6,15.3
2026-06-27T23:00,14.4,0.00,0.00,0.00,7.5,15.5
2026-06-28T00:00,14.0,0.00,0.00,0.00,7.0,15.7
2026-06-28T01:00,13.5,0.00,0.00,0.00,7.3,15.7
2026-06-28T02:00,13.6,0.00,0.00,0.00,7.4,15.3
2026-06-28T03:00,14.3,0.00,0.00,0.00,6.5,12.6
2026-06-28T04:00,15.5,0.00,0.00,0.00,6.0,10.1
2026-06-28T05:00,17.1,0.00,0.00,0.00,8.7,13.5
2026-06-28T06:00,18.4,0.00,0.00,0.00,9.6,14.8
2026-06-28T07:00,19.5,0.00,0.00,0.00,9.5,14.2
2026-06-28T08:00,20.5,0.00,0.00,0.00,9.9,14.7
2026-06-28T09:00,21.3,0.00,0.00,0.00,10.6,15.8
2026-06-28T10:00,22.1,0.10,0.00,0.00,12.8,19.4
2026-06-28T11:00,22.5,0.10,0.00,0.00,15.0,23.0
2026-06-28T12:00,22.8,0.10,0.00,0.00,15.7,24.6
2026-06-28T13:00,22.6,0.10,0.00,0.00,16.8,26.4
2026-06-28T14:00,22.6,0.00,0.00,0.00,17.2,27.3
2026-06-28T15:00,22.2,0.00,0.00,0.00,16.6,25.9
2026-06-28T16:00,21.5,0.00,0.00,0.00,14.9,23.9
2026-06-28T17:00,20.6,0.00,0.00,0.00,12.6,21.0
2026-06-28T18:00,20.1,0.00,0.00,0.00,11.8,21.8
2026-06-28T19:00,19.2,0.00,0.00,0.00,11.2,21.9
2026-06-28T20:00,18.5,0.00,0.00,0.00,10.4,21.1
2026-06-28T21:00,17.9,0.00,0.00,0.00,9.8,20.1
2026-06-28T22:00,17.3,0.00,0.00,0.00,8.9,18.0
2026-06-28T23:00,16.8,0.00,0.00,0.00,8.7,17.9
2026-06-29T00:00,16.4,0.00,0.00,0.00,6.9,16.3
2026-06-29T01:00,15.7,0.00,0.00,0.00,7.5,15.6
2026-06-29T02:00,15.7,0.00,0.00,0.00,7.8,16.1
2026-06-29T03:00,16.3,0.00,0.00,0.00,6.7,18.4
2026-06-29T04:00,17.4,0.00,0.00,0.00,5.8,13.7
2026-06-29T05:00,18.8,0.00,0.00,0.00,5.4,9.2
2026-06-29T06:00,19.8,0.00,0.00,0.00,5.8,9.2
2026-06-29T07:00,21.2,0.00,0.00,0.00,7.4,11.6
2026-06-29T08:00,21.3,0.00,0.00,0.00,10.4,16.2
2026-06-29T09:00,21.3,0.00,0.00,0.00,12.0,18.4
2026-06-29T10:00,21.2,0.00,0.00,0.00,12.0,18.6
2026-06-29T11:00,21.3,0.00,0.00,0.00,12.0,18.5
2026-06-29T12:00,22.4,0.00,0.00,0.00,11.2,16.8
2026-06-29T13:00,21.9,0.00,0.00,0.00,8.7,12.9
2026-06-29T14:00,22.0,0.00,0.00,0.00,8.3,12.2
2026-06-29T15:00,21.2,0.00,0.00,0.00,7.7,11.7
2026-06-29T16:00,20.3,0.10,0.00,0.00,7.3,11.2
2026-06-29T17:00,19.9,0.00,0.00,0.00,5.5,8.7
2026-06-29T18:00,19.5,0.00,0.00,0.00,3.6,6.9
2026-06-29T19:00,18.7,0.00,0.00,0.00,5.3,10.4
2026-06-29T20:00,18.0,0.00,0.00,0.00,5.3,11.0
2026-06-29T21:00,17.3,0.00,0.00,0.00,5.4,11.4
2026-06-29T22:00,16.6,0.00,0.00,0.00,4.4,10.1
2026-06-29T23:00,16.1,0.00,0.00,0.00,3.6,8.0
2026-06-30T00:00,15.3,0.00,0.00,0.00,4.0,10.7
2026-06-30T01:00,14.7,0.00,0.00,0.00,4.8,11.0
2026-06-30T02:00,15.0,0.00,0.00,0.00,4.8,10.6
2026-06-30T03:00,15.8,0.00,0.00,0.00,3.1,10.4
2026-06-30T04:00,17.4,0.00,0.00,0.00,2.8,7.0
2026-06-30T05:00,19.3,0.00,0.00,0.00,3.1,5.0
2026-06-30T06:00,21.1,0.00,0.00,0.00,5.2,7.5
2026-06-30T07:00,22.5,0.00,0.00,0.00,8.4,12.5
2026-06-30T08:00,23.0,0.00,0.00,0.00,8.6,13.0
2026-06-30T09:00,24.0,0.00,0.00,0.00,10.3,15.6
2026-06-30T10:00,24.4,0.00,0.00,0.00,10.5,16.0
2026-06-30T11:00,25.2,0.00,0.00,0.00,10.4,15.4
2026-06-30T12:00,25.7,0.00,0.00,0.00,8.0,11.6
2026-06-30T13:00,26.6,0.00,0.00,0.00,9.3,13.8
2026-06-30T14:00,26.7,0.00,0.00,0.00,10.6,15.8
2026-06-30T15:00,26.4,0.00,0.00,0.00,9.6,14.4
2026-06-30T16:00,25.9,0.00,0.00,0.00,9.3,14.2
2026-06-30T17:00,24.9,0.00,0.00,0.00,10.0,17.3
2026-06-30T18:00,23.7,0.00,0.00,0.00,12.0,22.6
2026-06-30T19:00,22.7,0.00,0.00,0.00,9.0,18.1
2026-06-30T20:00,21.8,0.00,0.00,0.00,8.0,16.6
2026-06-30T21:00,21.0,0.00,0.00,0.00,7.9,17.0
2026-06-30T22:00,20.4,0.00,0.00,0.00,7.7,16.4
2026-06-30T23:00,20.0,0.00,0.00,0.00,8.9,19.1
2026-07-01T00:00,19.2,0.00,0.00,0.00,7.3,16.5
2026-07-01T01:00,18.6,0.00,0.00,0.00,7.6,16.1
2026-07-01T02:00,18.5,0.00,0.00,0.00,7.4,16.1
2026-07-01T03:00,19.4,0.00,0.00,0.00,6.3,17.2
2026-07-01T04:00,20.7,0.00,0.00,0.00,6.7,11.8
2026-07-01T05:00,22.1,0.00,0.00,0.00,6.9,10.8
2026-07-01T06:00,24.7,0.00,0.00,0.00,6.4,9.6
2026-07-01T07:00,25.9,0.10,0.00,0.00,7.3,10.8
2026-07-01T08:00,26.7,0.00,0.00,0.00,9.5,13.9
2026-07-01T09:00,27.4,0.00,0.00,0.00,10.7,15.9
2026-07-01T10:00,28.0,0.00,0.00,0.00,11.2,16.5
2026-07-01T11:00,28.3,0.00,0.00,0.00,11.3,16.7
2026-07-01T12:00,29.0,0.00,0.00,0.00,9.6,13.8
2026-07-01T13:00,29.0,0.00,0.00,0.00,8.6,12.4
2026-07-01T14:00,29.0,0.00,0.00,0.00,8.1,11.9
2026-07-01T15:00,28.7,0.00,0.00,0.00,9.3,13.7
2026-07-01T16:00,27.9,0.00,0.00,0.00,10.4,15.0
2026-07-01T17:00,26.7,0.00,0.00,0.00,9.9,15.5
2026-07-01T18:00,25.5,0.00,0.00,0.00,8.2,15.2
2026-07-01T19:00,24.4,0.00,0.00,0.00,7.1,13.8
2026-07-01T20:00,23.5,0.00,0.00,0.00,5.9,12.1
2026-07-01T21:00,22.8,0.00,0.00,0.00,5.3,11.5
2026-07-01T22:00,22.4,0.00,0.00,0.00,3.8,9.7
2026-07-01T23:00,21.8,0.00,0.00,0.00,1.6,6.5
2026-07-02T00:00,20.6,0.00,0.00,0.00,3.7,10.5
2026-07-02T01:00,19.9,0.00,0.00,0.00,4.6,9.5
2026-07-02T02:00,19.6,0.00,0.00,0.00,4.7,9.5
2026-07-02T03:00,20.2,0.00,0.00,0.00,3.8,10.1
2026-07-02T04:00,21.5,0.00,0.00,0.00,3.5,7.9
2026-07-02T05:00,23.7,0.00,0.00,0.00,4.2,7.0
2026-07-02T06:00,26.2,0.00,0.00,0.00,6.2,9.3
2026-07-02T07:00,27.4,0.00,0.00,0.00,8.0,12.0
2026-07-02T08:00,28.3,0.00,0.00,0.00,8.1,12.1
2026-07-02T09:00,29.2,0.00,0.00,0.00,8.1,12.0
2026-07-02T10:00,30.1,0.00,0.00,0.00,8.9,13.1
2026-07-02T11:00,30.5,0.00,0.00,0.00,10.3,15.2
2026-07-02T12:00,31.2,0.00,0.00,0.00,12.1,17.8
2026-07-02T13:00,31.2,0.00,0.00,0.00,11.7,17.6
2026-07-02T14:00,31.0,0.00,0.00,0.00,12.9,19.6
2026-07-02T15:00,30.5,0.00,0.00,0.00,11.7,17.9
2026-07-02T16:00,29.8,0.00,0.00,0.00,15.2,23.2
2026-07-02T17:00,26.2,0.00,0.00,0.00,11.4,18.4
2026-07-02T18:00,25.5,0.00,0.00,0.00,8.2,15.1
2026-07-02T19:00,25.1,0.00,0.00,0.00,10.5,19.5
2026-07-02T20:00,24.3,0.00,0.00,0.00,12.0,21.9
2026-07-02T21:00,23.5,0.00,0.00,0.00,12.3,21.5
2026-07-02T22:00,22.4,0.00,0.00,0.00,11.4,19.7
2026-07-02T23:00,21.5,0.00,0.00,0.00,12.1,20.4
2026-07-03T00:00,20.6,0.00,0.00,0.00,8.8,15.8
2026-07-03T01:00,20.0,0.00,0.00,0.00,8.6,15.1
2026-07-03T02:00,19.6,0.00,0.00,0.00,10.7,17.6
2026-07-03T03:00,19.5,0.00,0.00,0.00,9.8,15.5
2026-07-03T04:00,19.7,0.00,0.00,0.00,8.8,13.6
2026-07-03T05:00,20.4,0.00,0.00,0.00,7.9,12.0
2026-07-03T06:00,21.9,0.00,0.00,0.00,6.6,9.5
2026-07-03T07:00,23.0,0.00,0.00,0.00,6.4,9.1
2026-07-03T08:00,24.1,0.00,0.00,0.00,5.6,8.0
2026-07-03T09:00,25.2,0.00,0.00,0.00,6.4,8.9
2026-07-03T10:00,26.1,0.00,0.00,0.00,6.4,9.2
2026-07-03T11:00,26.5,0.00,0.00,0.00,7.2,10.1
2026-07-03T12:00,27.3,0.00,0.00,0.00,6.2,8.5
2026-07-03T13:00,27.5,0.00,0.00,0.00,7.4,10.6
2026-07-03T14:00,27.7,0.00,0.00,0.00,7.4,10.4
2026-07-03T15:00,27.3,0.00,0.00,0.00,8.3,11.8
2026-07-03T16:00,26.4,0.00,0.00,0.00,9.2,12.9
2026-07-03T17:00,25.6,0.00,0.00,0.00,8.6,12.5
2026-07-03T18:00,25.1,0.00,0.00,0.00,7.9,12.0
2026-07-03T19:00,23.8,0.00,0.00,0.00,8.8,15.7
2026-07-03T20:00,23.2,0.00,0.00,0.00,7.5,13.9
2026-07-03T21:00,22.7,0.00,0.00,0.00,8.3,15.0
2026-07-03T22:00,22.0,0.00,0.00,0.00,6.6,12.2
2026-07-03T23:00,21.3,0.00,0.00,0.00,2.9,7.2
2026-07-04T00:00,19.2,0.00,0.00,0.00,8.1,17.3
2026-07-04T01:00,17.8,1.30,0.00,0.00,10.5,19.7
2026-07-04T02:00,17.6,0.40,0.00,0.00,6.5,14.0
2026-07-04T03:00,17.9,0.20,0.00,0.00,5.0,10.7
2026-07-04T04:00,18.6,0.30,0.00,0.00,3.8,5.4
2026-07-04T05:00,19.6,0.30,0.00,0.00,8.1,12.8
2026-07-04T06:00,20.1,0.10,0.00,0.00,4.8,6.9
2026-07-04T07:00,20.9,0.80,0.00,0.00,4.9,6.8
2026-07-04T08:00,21.9,0.00,0.00,0.00,5.2,7.3
2026-07-04T09:00,21.5,0.20,0.00,0.00,5.1,7.1
2026-07-04T10:00,21.1,0.30,0.00,0.00,4.5,6.2
2026-07-04T11:00,21.8,0.30,0.00,0.00,3.7,5.2
2026-07-04T12:00,21.9,0.10,0.00,0.00,5.3,7.3
2026-07-04T13:00,21.4,0.00,0.00,0.00,8.3,12.1
2026-07-04T14:00,21.1,0.00,0.00,0.00,10.1,15.1
2026-07-04T15:00,21.0,0.00,0.00,0.00,11.8,17.8
2026-07-04T16:00,20.0,0.00,0.00,0.00,12.4,19.7
2026-07-04T17:00,19.0,0.00,0.00,0.00,11.6,18.6
2026-07-04T18:00,18.6,0.00,0.00,0.00,10.6,17.7
2026-07-04T19:00,17.7,0.00,0.00,0.00,9.1,16.1
2026-07-04T20:00,17.1,0.00,0.00,0.00,8.5,15.5
2026-07-04T21:00,16.6,0.00,0.00,0.00,7.6,14.1
2026-07-04T22:00,16.2,0.00,0.00,0.00,7.4,14.3
2026-07-04T23:00,15.9,0.00,0.00,0.00,7.2,13.8
2026-07-05T00:00,16.3,0.00,0.00,0.00,4.9,10.9
2026-07-05T01:00,16.0,0.00,0.00,0.00,5.3,10.7
2026-07-05T02:00,16.2,0.00,0.00,0.00,5.8,14.0
2026-07-05T03:00,16.7,0.00,0.00,0.00,4.9,12.2
2026-07-05T04:00,17.6,0.00,0.00,0.00,5.8,9.6
2026-07-05T05:00,18.2,0.00,0.00,0.00,5.2,8.3
2026-07-05T06:00,18.6,0.00,0.00,0.00,5.8,8.8
2026-07-05T07:00,18.5,0.10,0.00,0.00,4.8,7.5
2026-07-05T08:00,18.9,0.20,0.00,0.00,3.1,4.6
2026-07-05T09:00,19.6,0.00,0.00,0.00,4.0,5.8
2026-07-05T10:00,19.9,0.00,0.00,0.00,4.9,7.4
2026-07-05T11:00,20.1,0.10,0.00,0.00,6.5,9.9
2026-07-05T12:00,21.2,0.00,0.00,0.00,4.0,5.8
2026-07-05T13:00,21.9,0.00,0.00,0.00,6.7,10.0
2026-07-05T14:00,21.8,0.00,0.00,0.00,9.3,14.0
2026-07-05T15:00,21.6,0.00,0.00,0.00,11.1,17.2
2026-07-05T16:00,21.2,0.00,0.00,0.00,11.1,18.1
2026-07-05T17:00,20.0,0.00,0.00,0.00,12.6,20.4
2026-07-05T18:00,18.9,0.00,0.00,0.00,9.1,17.2
2026-07-05T19:00,16.9,0.10,0.00,0.00,11.0,17.4
2026-07-05T20:00,15.8,0.00,0.00,0.00,9.2,16.0
2026-07-05T21:00,15.2,0.00,0.00,0.00,9.0,15.9
2026-07-05T22:00,14.6,0.20,0.00,0.00,10.7,18.4
2026-07-05T23:00,14.3,0.20,0.00,0.00,9.4,17.6
2026-07-06T00:00,14.9,0.00,0.00,0.00,14.7,25.0
2026-07-06T01:00,14.1,0.70,0.00,0.00,6.0,11.7
2026-07-06T02:00,13.9,0.20,0.00,0.00,11.0,19.2
2026-07-06T03:00,13.7,1.10,0.00,0.00,10.8,18.4
2026-07-06T04:00,14.6,0.20,0.00,0.00,13.4,21.9
2026-07-06T05:00,15.6,0.10,0.00,0.00,14.0,22.1
2026-07-06T06:00,16.6,0.10,0.00,0.00,13.0,20.4
2026-07-06T07:00,17.4,0.20,0.00,0.00,15.6,24.2
2026-07-06T08:00,18.6,0.60,0.00,0.00,15.0,23.5
2026-07-06T09:00,20.4,0.10,0.00,0.00,12.9,19.9
2026-07-06T10:00,21.6,0.10,0.00,0.00,13.4,20.8
2026-07-06T11:00,22.4,0.00,0.00,0.00,13.5,20.6
2026-07-06T12:00,23.4,0.00,0.00,0.00,13.4,20.2
2026-07-06T13:00,23.2,0.10,0.00,0.00,16.5,25.3
2026-07-06T14:00,21.7,0.60,0.00,0.00,17.2,27.2
2026-07-06T15:00,19.9,0.20,0.00,0.00,14.6,23.1
2026-07-06T16:00,19.5,0.00,0.00,0.00,13.5,21.3
2026-07-06T17:00,19.1,0.00,0.00,0.00,12.6,20.4
2026-07-06T18:00,18.4,0.00,0.00,0.00,10.1,17.9
2026-07-06T19:00,17.8,0.00,0.00,0.00,9.7,17.0
2026-07-06T20:00,17.1,0.00,0.00,0.00,9.9,17.4
2026-07-06T21:00,16.5,0.00,0.00,0.00,8.9,16.0
2026-07-06T22:00,15.7,0.00,0.00,0.00,8.2,15.1
2026-07-06T23:00,15.3,0.00,0.00,0.00,7.3,13.0
2026-07-07T00:00,14.9,0.00,0.00,0.00,5.1,11.3
2026-07-07T01:00,14.5,0.00,0.00,0.00,6.3,12.5
2026-07-07T02:00,14.2,0.10,0.00,0.00,7.6,13.3
2026-07-07T03:00,14.2,0.00,0.00,0.00,7.3,11.9
2026-07-07T04:00,14.8,0.00,0.00,0.00,10.6,16.5
2026-07-07T05:00,15.7,0.00,0.00,0.00,11.2,17.2
2026-07-07T06:00,17.4,0.10,0.00,0.00,10.5,15.8
2026-07-07T07:00,17.7,0.20,0.00,0.00,15.3,23.4
2026-07-07T08:00,16.8,0.60,0.00,0.00,15.5,24.1
2026-07-07T09:00,17.7,0.60,0.00,0.00,15.4,24.1
2026-07-07T10:00,19.5,0.20,0.00,0.00,15.3,23.7
2026-07-07T11:00,19.8,0.10,0.00,0.00,16.7,26.4
2026-07-07T12:00,21.5,0.00,0.00,0.00,16.9,26.1
2026-07-07T13:00,19.9,0.00,0.00,0.00,18.2,28.4
2026-07-07T14:00,17.6,0.10,0.00,0.00,10.9,17.5
2026-07-07T15:00,17.3,0.00,0.00,0.00,6.0,9.3
2026-07-07T16:00,17.4,0.00,0.00,0.00,8.5,13.3
2026-07-07T17:00,17.2,0.00,0.00,0.00,11.0,18.3
2026-07-07T18:00,16.3,0.10,0.00,0.00,12.2,22.5
2026-07-07T19:00,16.2,0.20,0.00,0.00,13.4,24.5
2026-07-07T20:00,16.2,0.20,0.00,0.00,14.1,26.0
2026-07-07T21:00,15.9,0.70,0.00,0.00,14.7,26.8
2026-07-07T22:00,15.3,0.40,0.00,0.00,13.9,25.6
2026-07-07T23:00,15.4,0.00,0.00,0.00,13.4,24.5
2026-07-08T00:00,15.1,0.00,0.00,0.00,12.0,23.6
2026-07-08T01:00,14.9,0.00,0.00,0.00,11.0,22.1
2026-07-08T02:00,15.0,0.00,0.00,0.00,10.7,21.2
2026-07-08T03:00,15.6,0.00,0.00,0.00,8.0,19.9
2026-07-08T04:00,16.5,0.00,0.00,0.00,9.6,16.8
2026-07-08T05:00,17.5,0.00,0.00,0.00,9.9,16.5
2026-07-08T06:00,19.4,0.00,0.00,0.00,15.2,24.2
2026-07-08T07:00,20.4,0.20,0.00,0.00,15.5,24.5
2026-07-08T08:00,19.3,0.60,0.00,0.00,16.3,26.5
2026-07-08T09:00,19.8,0.10,0.00,0.00,15.3,24.9
2026-07-08T10:00,21.6,0.00,0.00,0.00,15.9,24.8
2026-07-08T11:00,22.5,0.20,0.00,0.00,15.9,25.3
2026-07-08T12:00,23.0,0.70,0.00,0.00,16.2,25.6
2026-07-08T13:00,23.5,0.10,0.00,0.00,17.6,28.4
2026-07-08T14:00,21.3,0.10,0.00,0.00,20.9,34.8
2026-07-08T15:00,20.6,0.00,0.00,0.00,14.6,24.4
2026-07-08T16:00,19.7,0.50,0.00,0.00,20.0,32.6
2026-07-08T17:00,18.5,1.30,0.00,0.00,11.6,21.6
2026-07-08T18:00,19.0,0.00,0.00,0.00,14.2,26.7
2026-07-08T19:00,19.0,0.00,0.00,0.00,14.9,27.5
2026-07-08T20:00,18.9,0.00,0.00,0.00,12.1,23.1
2026-07-08T21:00,17.9,0.40,0.00,0.00,13.1,24.9
2026-07-08T22:00,17.6,0.20,0.00,0.00,9.2,18.5
2026-07-08T23:00,17.2,0.00,0.00,0.00,6.8,14.2
2026-07-09T00:00,17.6,0.10,0.00,0.00,6.9,15.9
2026-07-09T01:00,17.3,0.00,0.00,0.00,8.5,18.8
2026-07-09T02:00,16.5,1.70,0.00,0.00,10.6,21.2
2026-07-09T03:00,16.2,1.90,0.00,0.00,11.8,21.8
2026-07-09T04:00,16.4,0.40,0.00,0.00,9.5,16.7
2026-07-09T05:00,17.5,0.10,0.00,0.00,7.5,11.6
2026-07-09T06:00,18.4,0.20,0.00,0.00,9.5,14.5
2026-07-09T07:00,19.1,0.40,0.00,0.00,12.8,20.1
2026-07-09T08:00,17.4,1.70,0.00,0.00,10.3,16.6
2026-07-09T09:00,17.2,0.70,0.00,0.00,6.7,9.9
2026-07-09T10:00,19.1,0.00,0.00,0.00,5.5,8.2
2026-07-09T11:00,18.5,2.30,0.00,0.00,6.4,9.3
2026-07-09T12:00,21.2,0.20,0.00,0.00,8.2,12.3
2026-07-09T13:00,21.0,0.10,0.00,0.00,7.8,11.7
2026-07-09T14:00,21.1,0.10,0.00,0.00,8.1,12.3
2026-07-09T15:00,20.7,0.20,0.00,0.00,7.3,11.2
2026-07-09T16:00,20.3,0.00,0.00,0.00,3.9,5.7
2026-07-09T17:00,20.0,0.00,0.00,0.00,2.4,4.4
2026-07-09T18:00,19.5,0.00,0.00,0.00,4.9,11.9
2026-07-09T19:00,18.8,0.00,0.00,0.00,3.3,9.0
2026-07-09T20:00,19.0,0.00,0.00,0.00,2.3,6.6
2026-07-09T21:00,16.6,1.90,0.00,0.00,6.0,13.2
2026-07-09T22:00,16.9,2.00,0.00,0.00,3.2,5.6
2026-07-09T23:00,16.4,0.00,0.00,0.00,2.5,4.7
2026-07-10T00:00,17.2,0.00,0.00,0.00,1.3,7.0
2026-07-10T01:00,17.3,0.00,0.00,0.00,1.8,6.8
2026-07-10T02:00,17.6,0.00,0.00,0.00,4.6,9.9
2026-07-10T03:00,18.1,0.20,0.00,0.00,6.3,14.6
2026-07-10T04:00,18.5,1.40,0.00,0.00,9.2,16.6
2026-07-10T05:00,18.3,0.40,0.00,0.00,7.1,12.1
2026-07-10T06:00,20.0,0.50,0.00,0.00,5.2,7.9
2026-07-10T07:00,21.4,0.00,0.00,0.00,9.4,14.6
2026-07-10T08:00,22.4,0.30,0.00,0.00,6.0,9.4
2026-07-10T09:00,22.5,0.10,0.00,0.00,1.0,1.3
2026-07-10T10:00,23.8,0.10,0.00,0.00,8.9,13.8
2026-07-10T11:00,25.7,0.00,0.00,0.00,7.8,12.0
2026-07-10T12:00,27.6,0.00,0.00,0.00,10.2,16.0
2026-07-10T13:00,27.7,0.00,0.00,0.00,14.1,22.9
2026-07-10T14:00,21.8,3.60,0.00,0.00,8.5,15.9
2026-07-10T15:00,22.1,0.10,0.00,0.00,6.5,10.5
2026-07-10T16:00,22.4,0.00,0.00,0.00,6.8,19.9
2026-07-10T17:00,22.9,0.00,0.00,0.00,10.6,22.8
2026-07-10T18:00,23.4,0.00,0.00,0.00,9.3,21.3
2026-07-10T19:00,22.5,0.00,0.00,0.00,6.5,16.2
2026-07-10T20:00,21.8,0.00,0.00,0.00,5.8,14.7
2026-07-10T21:00,21.6,0.00,0.00,0.00,8.7,20.6
2026-07-10T22:00,21.3,0.00,0.00,0.00,11.3,25.4
2026-07-10T23:00,21.5,0.00,0.00,0.00,13.6,28.8
2026-07-11T00:00,20.6,0.00,0.00,0.00,10.9,25.1
2026-07-11T01:00,20.3,0.00,0.00,0.00,11.4,25.1
2026-07-11T02:00,19.8,0.00,0.00,0.00,7.0,17.0
2026-07-11T03:00,20.3,0.00,0.00,0.00,8.3,18.1
2026-07-11T04:00,21.2,0.00,0.00,0.00,9.0,24.8
2026-07-11T05:00,22.4,0.00,0.00,0.00,9.8,17.5
2026-07-11T06:00,24.0,0.00,0.00,0.00,10.7,17.5
2026-07-11T07:00,24.8,0.00,0.00,0.00,10.4,16.3
2026-07-11T08:00,25.8,0.00,0.00,0.00,9.7,15.0
2026-07-11T09:00,26.1,0.00,0.00,0.00,8.5,13.1
2026-07-11T10:00,25.9,0.00,0.00,0.00,8.6,12.9
2026-07-11T11:00,25.0,0.10,0.00,0.00,5.7,8.6
2026-07-11T12:00,26.1,0.00,0.00,0.00,4.3,6.4
2026-07-11T13:00,26.4,0.00,0.00,0.00,3.8,5.4
2026-07-11T14:00,24.5,0.00,0.00,0.00,8.1,11.4
2026-07-11T15:00,18.8,4.50,0.00,0.00,1.8,3.1
2026-07-11T16:00,19.0,0.40,0.00,0.00,6.1,10.4
2026-07-11T17:00,19.1,0.10,0.00,0.00,1.8,4.7
2026-07-11T18:00,19.3,0.40,0.00,0.00,4.7,8.8
2026-07-11T19:00,18.6,0.30,0.00,0.00,4.7,12.6
2026-07-11T20:00,18.4,0.00,0.00,0.00,4.4,9.2
2026-07-11T21:00,18.3,0.00,0.00,0.00,4.9,9.6
2026-07-11T22:00,18.2,0.00,0.00,0.00,3.1,6.3
2026-07-11T23:00,17.8,0.00,0.00,0.00,2.6,6.1
2026-07-12T00:00,17.2,0.00,0.00,0.00,1.2,2.7
2026-07-12T01:00,16.9,0.00,0.00,0.00,3.3,6.7
2026-07-12T02:00,16.6,0.10,0.00,0.00,8.1,16.0
2026-07-12T03:00,16.8,0.30,0.00,0.00,1.5,3.8
2026-07-12T04:00,17.2,0.80,0.00,0.00,3.5,5.6
2026-07-12T05:00,17.3,1.50,0.00,0.00,3.8,6.1
2026-07-12T06:00,18.4,0.00,0.00,0.00,7.7,11.6
2026-07-12T07:00,18.5,0.30,0.00,0.00,5.5,9.2
2026-07-12T08:00,19.6,0.10,0.00,0.00,4.4,6.9
2026-07-12T09:00,19.5,0.70,0.00,0.00,4.8,7.5
2026-07-12T10:00,20.2,0.10,0.00,0.00,4.1,6.5
2026-07-12T11:00,21.0,0.50,0.00,0.00,5.0,7.5
2026-07-12T12:00,19.3,2.00,0.00,0.00,8.2,13.0
2026-07-12T13:00,18.3,1.90,0.00,0.00,6.8,12.5
2026-07-12T14:00,19.2,0.40,0.00,0.00,5.3,8.3
2026-07-12T15:00,18.6,0.30,0.00,0.00,6.8,11.4
2026-07-12T16:00,18.3,0.60,0.00,0.00,5.3,9.9
2026-07-12T17:00,17.9,1.00,0.00,0.00,7.3,13.7
2026-07-12T18:00,17.9,1.70,0.00,0.00,9.0,18.5
2026-07-12T19:00,17.4,0.60,0.00,0.00,10.8,20.7
2026-07-12T20:00,17.4,0.20,0.00,0.00,10.8,20.8
2026-07-12T21:00,17.5,0.10,0.00,0.00,12.8,23.2
2026-07-12T22:00,16.9,0.10,0.00,0.00,12.1,22.3
2026-07-12T23:00,16.5,0.10,0.00,0.00,10.8,20.0
2026-07-13T00:00,16.1,0.10,0.00,0.00,12.6,24.0
2026-07-13T01:00,15.8,0.00,0.00,0.00,12.5,24.0
2026-07-13T02:00,15.8,0.00,0.00,0.00,12.4,23.0
2026-07-13T03:00,16.1,0.10,0.00,0.00,10.9,18.9
2026-07-13T04:00,16.5,0.10,0.00,0.00,10.6,17.3
2026-07-13T05:00,17.5,0.00,0.00,0.00,11.3,18.0
2026-07-13T06:00,18.1,0.10,0.00,0.00,12.9,20.1
2026-07-13T07:00,18.8,0.10,0.00,0.00,12.1,19.1
2026-07-13T08:00,19.8,0.00,0.00,0.00,10.3,16.0
2026-07-13T09:00,20.3,0.00,0.00,0.00,7.7,11.9
2026-07-13T10:00,21.0,0.00,0.00,0.00,4.7,7.3
2026-07-13T11:00,21.7,0.20,0.00,0.00,7.2,10.9
2026-07-13T12:00,22.6,0.10,0.00,0.00,4.3,6.4
2026-07-13T13:00,22.6,0.00,0.00,0.00,3.9,5.3
2026-07-13T14:00,22.1,0.00,0.00,0.00,6.7,9.8
2026-07-13T15:00,20.6,0.20,0.00,0.00,7.6,12.5
2026-07-13T16:00,19.5,1.00,0.00,0.00,5.8,10.5
2026-07-13T17:00,19.0,0.10,0.00,0.00,5.4,9.7
2026-07-13T18:00,18.4,0.00,0.00,0.00,5.6,11.7
2026-07-13T19:00,17.7,0.00,0.00,0.00,6.4,13.5
2026-07-13T20:00,17.3,0.00,0.00,0.00,6.7,14.2
2026-07-13T21:00,17.1,0.00,0.00,0.00,6.7,14.1
2026-07-13T22:00,16.6,0.00,0.00,0.00,6.2,13.1
2026-07-13T23:00,16.3,0.00,0.00,0.00,5.0,14.1
2026-07-14T00:00,16.1,0.00,0.00,0.00,5.4,14.1
2026-07-14T01:00,15.8,0.00,0.00,0.00,6.0,13.7
2026-07-14T02:00,15.9,0.00,0.00,0.00,6.6,14.6
2026-07-14T03:00,16.3,0.00,0.00,0.00,6.0,11.9
2026-07-14T04:00,17.1,0.00,0.00,0.00,5.8,9.2
2026-07-14T05:00,18.8,0.00,0.00,0.00,6.3,9.6
2026-07-14T06:00,19.4,0.00,0.00,0.00,7.6,11.3
2026-07-14T07:00,20.5,0.30,0.00,0.00,9.5,14.2
2026-07-14T08:00,21.4,0.10,0.00,0.00,8.4,12.7
2026-07-14T09:00,22.4,0.00,0.00,0.00,9.0,13.5
2026-07-14T10:00,23.3,0.00,0.00,0.00,8.4,12.8
2026-07-14T11:00,23.7,0.00,0.00,0.00,8.3,12.3
2026-07-14T12:00,24.6,0.10,0.00,0.00,6.6,10.1
2026-07-14T13:00,24.8,0.00,0.00,0.00,8.7,13.1
2026-07-14T14:00,24.6,0.10,0.00,0.00,9.7,15.2
2026-07-14T15:00,24.1,0.40,0.00,0.00,9.9,16.4
2026-07-14T16:00,23.2,0.10,0.00,0.00,10.3,17.9
2026-07-14T17:00,21.8,0.00,0.00,0.00,9.6,17.2
2026-07-14T18:00,20.7,0.00,0.00,0.00,9.6,18.5
2026-07-14T19:00,18.9,0.90,0.00,0.00,4.8,15.0
2026-07-14T20:00,19.1,0.00,0.00,0.00,8.4,17.7
2026-07-14T21:00,18.6,0.00,0.00,0.00,8.2,16.4
2026-07-14T22:00,18.0,0.00,0.00,0.00,8.8,18.1
2026-07-14T23:00,17.8,0.00,0.00,0.00,9.4,19.4
2026-07-15T00:00,17.7,0.00,0.00,0.00,9.3,20.4
2026-07-15T01:00,17.5,0.00,0.00,0.00,9.8,20.5
2026-07-15T02:00,17.3,0.00,0.00,0.00,10.1,20.3
2026-07-15T03:00,17.5,0.00,0.00,0.00,8.5,15.6
2026-07-15T04:00,18.0,0.00,0.00,0.00,9.2,15.2
2026-07-15T05:00,18.8,0.00,0.00,0.00,10.1,16.0
2026-07-15T06:00,19.2,0.00,0.00,0.00,10.6,16.4
2026-07-15T07:00,20.1,0.10,0.00,0.00,12.6,19.6
2026-07-15T08:00,20.7,0.10,0.00,0.00,13.8,21.5
2026-07-15T09:00,21.3,0.10,0.00,0.00,13.4,20.8
2026-07-15T10:00,22.0,0.00,0.00,0.00,12.2,18.6
2026-07-15T11:00,22.4,0.10,0.00,0.00,11.6,17.8
2026-07-15T12:00,22.9,0.00,0.00,0.00,13.1,20.1
2026-07-15T13:00,22.9,0.10,0.00,0.00,13.6,21.3
2026-07-15T14:00,22.7,0.10,0.00,0.00,12.6,20.3
2026-07-15T15:00,22.4,0.00,0.00,0.00,15.2,24.8
2026-07-15T16:00,21.0,0.30,0.00,0.00,14.9,25.2
2026-07-15T17:00,20.2,0.00,0.00,0.00,11.0,20.1
2026-07-15T18:00,20.1,0.00,0.00,0.00,10.7,20.7
2026-07-15T19:00,19.7,0.00,0.00,0.00,9.8,18.8
2026-07-15T20:00,18.8,0.00,0.00,0.00,10.4,20.5
2026-07-15T21:00,18.3,0.00,0.00,0.00,10.1,20.4
2026-07-15T22:00,17.7,0.00,0.00,0.00,10.1,20.3
2026-07-15T23:00,16.9,0.00,0.00,0.00,9.8,20.3
2026-07-16T00:00,16.5,0.00,0.00,0.00,9.7,20.9
2026-07-16T01:00,15.9,0.00,0.00,0.00,10.5,21.9
2026-07-16T02:00,16.1,0.00,0.00,0.00,10.7,21.7
2026-07-16T03:00,16.7,0.00,0.00,0.00,10.4,21.7
2026-07-16T04:00,17.2,0.00,0.00,0.00,11.1,21.5
2026-07-16T05:00,17.4,0.00,0.00,0.00,13.4,22.5
2026-07-16T06:00,16.8,0.20,0.00,0.00,15.1,26.3
2026-07-16T07:00,17.6,0.00,0.00,0.00,16.1,26.3
2026-07-16T08:00,18.1,0.10,0.00,0.00,18.1,29.1
2026-07-16T09:00,18.7,0.10,0.00,0.00,19.1,30.2
2026-07-16T10:00,18.9,0.00,0.00,0.00,20.3,32.0
2026-07-16T11:00,18.2,0.00,0.00,0.00,19.5,30.8
2026-07-16T12:00,18.8,0.00,0.00,0.00,17.9,28.2
2026-07-16T13:00,18.3,0.00,0.00,0.00,17.9,28.3
2026-07-16T14:00,17.5,0.00,0.00,0.00,20.0,31.9
2026-07-16T15:00,16.6,0.00,0.00,0.00,17.4,28.0
2026-07-16T16:00,15.9,0.00,0.00,0.00,16.0,24.1
2026-07-16T17:00,15.1,0.00,0.00,0.00,12.0,20.4
2026-07-16T18:00,14.4,0.00,0.00,0.00,10.3,19.8
2026-07-16T19:00,13.8,0.00,0.00,0.00,10.8,20.7
2026-07-16T20:00,13.3,0.00,0.00,0.00,11.4,21.9
2026-07-16T21:00,12.6,0.00,0.00,0.00,11.0,20.7
2026-07-16T22:00,11.8,0.00,0.00,0.00,11.2,21.1
2026-07-16T23:00,11.2,0.00,0.00,0.00,11.8,22.1
2026-07-17T00:00,10.6,0.00,0.00,0.00,10.8,21.0
2026-07-17T01:00,10.1,0.00,0.00,0.00,10.4,20.7
2026-07-17T02:00,10.0,0.00,0.00,0.00,10.2,20.4
2026-07-17T03:00,10.7,0.00,0.00,0.00,9.1,20.4
2026-07-17T04:00,11.8,0.00,0.00,0.00,9.1,15.9
2026-07-17T05:00,13.1,0.00,0.00,0.00,13.3,21.6
2026-07-17T06:00,14.6,0.00,0.00,0.00,14.2,22.3
2026-07-17T07:00,15.6,0.00,0.00,0.00,14.1,22.0
2026-07-17T08:00,16.8,0.00,0.00,0.00,14.8,23.2
2026-07-17T09:00,17.9,0.00,0.00,0.00,15.6,24.1
2026-07-17T10:00,18.9,0.00,0.00,0.00,15.8,24.4
2026-07-17T11:00,19.6,0.00,0.00,0.00,15.6,24.3
2026-07-17T12:00,20.8,0.00,0.00,0.00,14.7,22.7
2026-07-17T13:00,21.0,0.00,0.00,0.00,14.4,22.6
2026-07-17T14:00,21.0,0.00,0.00,0.00,14.3,22.6
2026-07-17T15:00,20.7,0.00,0.00,0.00,14.2,22.8
2026-07-17T16:00,20.1,0.00,0.00,0.00,12.1,20.7
2026-07-17T17:00,19.1,0.00,0.00,0.00,9.6,18.2
2026-07-17T18:00,18.0,0.00,0.00,0.00,7.2,17.0
2026-07-17T19:00,16.8,0.00,0.00,0.00,7.2,15.9
2026-07-17T20:00,16.0,0.00,0.00,0.00,7.2,16.4
2026-07-17T21:00,15.2,0.00,0.00,0.00,6.5,15.4
2026-07-17T22:00,14.6,0.00,0.00,0.00,5.6,13.9
2026-07-17T23:00,14.1,0.00,0.00,0.00,5.0,12.7
2026-07-18T00:00,13.4,0.00,0.00,0.00,3.7,10.8
2026-07-18T01:00,13.1,0.00,0.00,0.00,4.1,10.6
2026-07-18T02:00,13.0,0.00,0.00,0.00,3.7,10.6
2026-07-18T03:00,14.0,0.00,0.00,0.00,4.2,10.5
2026-07-18T04:00,15.5,0.00,0.00,0.00,2.3,10.4
2026-07-18T05:00,17.5,0.00,0.00,0.00,2.0,4.5
2026-07-18T06:00,19.5,0.00,0.00,0.00,2.3,3.8
2026-07-18T07:00,20.7,0.00,0.00,0.00,3.1,4.7
2026-07-18T08:00,21.7,0.00,0.00,0.00,3.1,4.7
2026-07-18T09:00,22.7,0.00,0.00,0.00,2.9,4.4
2026-07-18T10:00,23.6,0.00,0.00,0.00,3.1,4.9
2026-07-18T11:00,24.3,0.00,0.00,0.00,3.1,4.7
2026-07-18T12:00,24.9,0.00,0.00,0.00,2.1,2.9
2026-07-18T13:00,25.6,0.00,0.00,0.00,0.8,1.1
2026-07-18T14:00,25.6,0.00,0.00,0.00,0.2,0.2
2026-07-18T15:00,25.5,0.00,0.00,0.00,0.6,0.9
2026-07-18T16:00,25.2,0.00,0.00,0.00,1.4,1.8
2026-07-18T17:00,24.4,0.00,0.00,0.00,2.7,4.2
2026-07-18T18:00,22.7,0.00,0.00,0.00,3.4,10.2
2026-07-18T19:00,21.7,0.00,0.00,0.00,5.8,12.7
2026-07-18T20:00,20.5,0.00,0.00,0.00,6.3,13.4
2026-07-18T21:00,19.5,0.00,0.00,0.00,6.8,14.4
2026-07-18T22:00,18.5,0.00,0.00,0.00,5.7,13.9
2026-07-18T23:00,17.9,0.00,0.00,0.00,4.1,11.9
2026-07-19T00:00,16.8,0.00,0.00,0.00,1.9,8.0
2026-07-19T01:00,16.1,0.00,0.00,0.00,2.6,7.6
2026-07-19T02:00,15.9,0.00,0.00,0.00,3.3,6.1
2026-07-19T03:00,16.6,0.00,0.00,0.00,3.2,7.4
2026-07-19T04:00,18.0,0.00,0.00,0.00,2.0,7.9
2026-07-19T05:00,20.1,0.00,0.00,0.00,2.4,4.9
2026-07-19T06:00,22.4,0.00,0.00,0.00,6.0,9.2
2026-07-19T07:00,23.5,0.00,0.00,0.00,6.4,9.4
2026-07-19T08:00,24.4,0.00,0.00,0.00,6.3,9.2
2026-07-19T09:00,25.3,0.00,0.00,0.00,6.3,9.1
2026-07-19T10:00,26.1,0.00,0.00,0.00,6.7,9.7
2026-07-19T11:00,26.6,0.00,0.00,0.00,7.4,10.5
2026-07-19T12:00,27.6,0.00,0.00,0.00,7.4,10.7
2026-07-19T13:00,27.9,0.00,0.00,0.00,8.0,11.6
2026-07-19T14:00,27.7,0.00,0.00,0.00,8.2,11.8
2026-07-19T15:00,27.3,0.00,0.00,0.00,9.2,13.4
2026-07-19T16:00,26.6,0.00,0.00,0.00,9.5,14.1
2026-07-19T17:00,25.9,0.00,0.00,0.00,8.2,12.9
2026-07-19T18:00,24.9,0.00,0.00,0.00,6.7,12.9
2026-07-19T19:00,23.5,0.00,0.00,0.00,6.5,13.1
2026-07-19T20:00,22.3,0.00,0.00,0.00,6.2,12.7
2026-07-19T21:00,21.2,0.00,0.00,0.00,5.8,11.8
2026-07-19T22:00,20.2,0.00,0.00,0.00,5.3,10.7
2026-07-19T23:00,19.5,0.00,0.00,0.00,4.3,8.5
2026-07-20T00:00,18.3,0.00,0.00,0.00,3.3,10.4
2026-07-20T01:00,17.7,0.00,0.00,0.00,4.5,10.3
2026-07-20T02:00,17.5,0.00,0.00,0.00,4.5,9.9
2026-07-20T03:00,18.2,0.00,0.00,0.00,3.4,9.1
2026-07-20T04:00,19.5,0.00,0.00,0.00,2.5,10.0
2026-07-20T05:00,21.6,0.00,0.00,0.00,2.5,6.1
2026-07-20T06:00,24.2,0.00,0.00,0.00,5.0,7.5
2026-07-20T07:00,25.3,0.00,0.00,0.00,6.7,9.9
2026-07-20T08:00,26.2,0.00,0.00,0.00,6.9,10.2
2026-07-20T09:00,27.0,0.00,0.00,0.00,6.5,9.7
2026-07-20T10:00,27.6,0.00,0.00,0.00,7.1,10.2
2026-07-20T11:00,27.8,0.00,0.00,0.00,8.0,11.6
2026-07-20T12:00,28.5,0.00,0.00,0.00,9.4,13.6
2026-07-20T13:00,28.2,0.00,0.00,0.00,8.8,13.1
2026-07-20T14:00,27.9,0.00,0.00,0.00,8.6,12.6
2026-07-20T15:00,27.4,0.00,0.00,0.00,9.7,14.2
2026-07-20T16:00,26.7,0.00,0.00,0.00,9.6,14.5
2026-07-20T17:00,25.9,0.00,0.00,0.00,10.7,17.3
2026-07-20T18:00,24.6,0.00,0.00,0.00,9.7,16.6
2026-07-20T19:00,23.5,0.00,0.00,0.00,8.2,16.0
2026-07-20T20:00,22.9,0.00,0.00,0.00,6.2,12.9
2026-07-20T21:00,22.2,0.00,0.00,0.00,6.0,11.9
2026-07-20T22:00,21.9,0.00,0.00,0.00,5.6,11.9
2026-07-20T23:00,21.6,0.00,0.00,0.00,6.8,14.0
2026-07-21T00:00,20.9,0.00,0.00,0.00,7.0,16.3
2026-07-21T01:00,20.4,0.00,0.00,0.00,8.5,17.9
2026-07-21T02:00,20.0,0.00,0.00,0.00,7.2,15.2
2026-07-21T03:00,20.1,0.00,0.00,0.00,5.4,12.0
2026-07-21T04:00,20.7,0.00,0.00,0.00,4.7,7.4
2026-07-21T05:00,22.0,0.00,0.00,0.00,3.5,5.4
2026-07-21T06:00,20.1,0.00,0.00,0.00,6.5,9.3
2026-07-21T07:00,21.9,0.90,0.00,0.00,6.2,9.3
2026-07-21T08:00,22.9,0.10,0.00,0.00,7.1,10.7
2026-07-21T09:00,23.1,0.20,0.00,0.00,10.4,15.3
2026-07-21T10:00,21.7,1.30,0.00,0.00,9.0,14.1
2026-07-21T11:00,23.7,0.10,0.00,0.00,7.1,10.8
2026-07-21T12:00,24.9,0.00,0.00,0.00,7.9,11.5
2026-07-21T13:00,24.9,0.00,0.00,0.00,8.1,12.0
2026-07-21T14:00,24.8,0.10,0.00,0.00,8.7,12.9
2026-07-21T15:00,23.9,0.00,0.00,0.00,8.7,13.3
2026-07-21T16:00,23.0,0.10,0.00,0.00,10.0,15.9
2026-07-21T17:00,22.1,0.10,0.00,0.00,8.5,14.4
2026-07-21T18:00,21.4,0.00,0.00,0.00,4.9,11.6
2026-07-21T19:00,20.8,0.00,0.00,0.00,6.5,13.2
2026-07-21T20:00,20.0,0.00,0.00,0.00,5.8,12.2
2026-07-21T21:00,19.3,0.00,0.00,0.00,5.9,11.8
2026-07-21T22:00,18.6,0.00,0.00,0.00,6.2,12.7
2026-07-21T23:00,18.2,0.00,0.00,0.00,5.2,10.7
2026-07-22T00:00,17.8,0.00,0.00,0.00,4.2,8.9
2026-07-22T01:00,17.4,0.00,0.00,0.00,5.3,9.9
2026-07-22T02:00,17.1,0.00,0.00,0.00,6.1,12.4
2026-07-22T03:00,17.0,0.00,0.00,0.00,5.5,11.7
2026-07-22T04:00,17.6,0.00,0.00,0.00,4.8,12.5
2026-07-22T05:00,18.9,0.00,0.00,0.00,4.4,8.1
2026-07-22T06:00,20.7,0.00,0.00,0.00,5.8,8.5
2026-07-22T07:00,21.4,0.00,0.00,0.00,6.6,10.0
2026-07-22T08:00,22.2,0.00,0.00,0.00,8.1,12.1
2026-07-22T09:00,23.0,0.00,0.00,0.00,8.6,12.9
2026-07-22T10:00,23.4,0.10,0.00,0.00,9.3,14.0
2026-07-22T11:00,23.9,0.10,0.00,0.00,8.9,13.8
2026-07-22T12:00,24.3,0.20,0.00,0.00,11.7,17.5
2026-07-22T13:00,23.8,0.00,0.00,0.00,11.6,17.8
2026-07-22T14:00,23.8,0.10,0.00,0.00,11.8,18.3
2026-07-22T15:00,22.7,0.00,0.00,0.00,11.3,18.0
2026-07-22T16:00,22.0,0.10,0.00,0.00,9.7,15.9
2026-07-22T17:00,21.3,0.00,0.00,0.00,7.5,13.8
2026-07-22T18:00,20.2,0.00,0.00,0.00,7.3,15.5
2026-07-22T19:00,19.3,0.00,0.00,0.00,7.5,15.7
2026-07-22T20:00,18.6,0.00,0.00,0.00,7.3,14.8
2026-07-22T21:00,17.9,0.00,0.00,0.00,6.7,13.1
2026-07-22T22:00,17.0,0.00,0.00,0.00,6.2,12.6
2026-07-22T23:00,16.2,0.00,0.00,0.00,7.3,15.1
2026-07-23T00:00,16.1,0.00,0.00,0.00,11.5,21.6
2026-07-23T01:00,15.2,0.10,0.00,0.00,8.0,15.2
2026-07-23T02:00,14.8,0.30,0.00,0.00,6.9,11.8
2026-07-23T03:00,14.7,0.10,0.00,0.00,5.5,8.6
2026-07-23T04:00,15.2,0.00,0.00,0.00,8.7,13.5
2026-07-23T05:00,16.1,0.00,0.00,0.00,8.2,12.5
2026-07-23T06:00,16.3,0.00,0.00,0.00,8.6,13.0
2026-07-23T07:00,17.4,0.50,0.00,0.00,11.3,17.1
2026-07-23T08:00,18.3,0.10,0.00,0.00,11.1,16.8
2026-07-23T09:00,19.0,0.10,0.00,0.00,11.4,17.1
2026-07-23T10:00,19.3,0.40,0.00,0.00,12.1,18.4
2026-07-23T11:00,20.5,0.20,0.00,0.00,11.6,17.6
2026-07-23T12:00,21.3,0.10,0.00,0.00,9.3,13.8
2026-07-23T13:00,21.6,0.20,0.00,0.00,7.7,11.5
2026-07-23T14:00,21.6,0.20,0.00,0.00,5.8,8.5
2026-07-23T15:00,21.6,0.00,0.00,0.00,4.6,6.7
2026-07-23T16:00,20.0,0.00,0.00,0.00,5.6,8.1
2026-07-23T17:00,19.0,0.40,0.00,0.00,4.9,8.1
2026-07-23T18:00,18.9,0.00,0.00,0.00,1.8,5.8
2026-07-23T19:00,18.3,0.00,0.00,0.00,2.9,6.6
2026-07-23T20:00,17.8,0.00,0.00,0.00,3.7,7.9
2026-07-23T21:00,16.9,0.00,0.00,0.00,3.8,7.6
2026-07-23T22:00,16.2,0.00,0.00,0.00,3.7,8.3
2026-07-23T23:00,15.8,0.00,0.00,0.00,3.5,8.7
2026-07-24T00:00,15.2,0.00,0.00,0.00,2.7,9.8
2026-07-24T01:00,15.0,0.00,0.00,0.00,4.6,10.9
2026-07-24T02:00,14.8,0.00,0.00,0.00,4.3,10.3
2026-07-24T03:00,15.2,0.00,0.00,0.00,3.9,10.4
2026-07-24T04:00,16.0,0.00,0.00,0.00,3.3,7.3
2026-07-24T05:00,17.3,0.00,0.00,0.00,3.7,6.4
2026-07-24T06:00,19.3,0.00,0.00,0.00,4.5,7.1
2026-07-24T07:00,20.5,0.10,0.00,0.00,6.3,9.6
2026-07-24T08:00,21.1,0.10,0.00,0.00,5.4,8.0
2026-07-24T09:00,21.5,0.10,0.00,0.00,5.8,8.6
2026-07-24T10:00,21.8,0.00,0.00,0.00,5.7,8.5
2026-07-24T11:00,22.0,0.00,0.00,0.00,5.0,7.8
2026-07-24T12:00,23.3,0.00,0.00,0.00,8.3,12.5
2026-07-24T13:00,23.4,0.00,0.00,0.00,8.3,12.5
2026-07-24T14:00,22.8,0.00,0.00,0.00,11.1,17.0
2026-07-24T15:00,21.6,0.00,0.00,0.00,11.1,17.8
2026-07-24T16:00,21.0,0.00,0.00,0.00,10.1,16.4
2026-07-24T17:00,20.3,0.00,0.00,0.00,8.5,15.3
2026-07-24T18:00,19.5,0.00,0.00,0.00,8.8,16.2
2026-07-24T19:00,18.7,0.00,0.00,0.00,7.5,14.1
2026-07-24T20:00,18.1,0.00,0.00,0.00,7.1,13.0
2026-07-24T21:00,17.6,0.00,0.00,0.00,6.3,12.0
2026-07-24T22:00,17.3,0.00,0.00,0.00,5.2,10.2
2026-07-24T23:00,17.1,0.00,0.00,0.00,4.9,9.2
2026-07-25T00:00,16.6,0.00,0.00,0.00,5.5,11.2
2026-07-25T01:00,16.3,0.00,0.00,0.00,5.8,12.1
2026-07-25T02:00,16.2,0.00,0.00,0.00,6.1,12.9
2026-07-25T03:00,16.4,0.00,0.00,0.00,5.4,14.1
2026-07-25T04:00,16.9,0.00,0.00,0.00,5.1,9.2
2026-07-25T05:00,17.8,0.00,0.00,0.00,4.4,7.6
2026-07-25T06:00,18.1,0.00,0.00,0.00,3.6,5.8
2026-07-25T07:00,19.7,0.00,0.00,0.00,4.5,7.1
2026-07-25T08:00,20.1,0.00,0.00,0.00,4.9,7.0
2026-07-25T09:00,19.7,0.10,0.00,0.00,3.5,5.3
2026-07-25T10:00,20.1,0.10,0.00,0.00,3.8,5.6
2026-07-25T11:00,21.2,0.10,0.00,0.00,4.2,6.1
2026-07-25T12:00,21.3,0.00,0.00,0.00,5.1,7.0
2026-07-25T13:00,21.5,0.00,0.00,0.00,3.7,5.4
2026-07-25T14:00,21.5,0.00,0.00,0.00,4.1,6.0
2026-07-25T15:00,21.4,0.00,0.00,0.00,3.0,4.3
2026-07-25T16:00,21.1,0.00,0.00,0.00,3.4,4.8
2026-07-25T17:00,20.3,0.00,0.00,0.00,2.8,4.0
2026-07-25T18:00,18.8,0.00,0.00,0.00,4.1,10.8
2026-07-25T19:00,17.9,0.00,0.00,0.00,6.7,14.0
2026-07-25T20:00,17.0,0.00,0.00,0.00,6.5,13.5
2026-07-25T21:00,16.3,0.00,0.00,0.00,5.7,12.1
2026-07-25T22:00,15.8,0.00,0.00,0.00,5.3,12.2
2026-07-25T23:00,15.3,0.00,0.00,0.00,4.5,10.1
2026-07-26T00:00,15.0,0.00,0.00,0.00,4.6,10.5
2026-07-26T01:00,14.8,0.00,0.00,0.00,6.2,13.4
2026-07-26T02:00,14.8,0.00,0.00,0.00,5.4,11.5
2026-07-26T03:00,15.0,0.30,0.00,0.00,5.2,11.6
2026-07-26T04:00,15.0,1.50,0.00,0.00,6.7,13.7
2026-07-26T05:00,15.5,1.10,0.00,0.00,5.9,14.3
2026-07-26T06:00,16.1,0.30,0.00,0.00,6.6,13.2
2026-07-26T07:00,17.3,0.30,0.00,0.00,8.8,14.6
2026-07-26T08:00,18.7,0.00,0.00,0.00,10.7,17.0
2026-07-26T09:00,18.8,0.00,0.00,0.00,11.3,17.4
2026-07-26T10:00,19.1,0.10,0.00,0.00,11.3,17.6
2026-07-26T11:00,19.0,0.10,0.00,0.00,10.0,15.4
2026-07-26T12:00,19.7,0.50,0.00,0.00,10.9,17.1
2026-07-26T13:00,19.6,0.00,0.00,0.00,12.2,19.1
2026-07-26T14:00,19.0,0.20,0.00,0.00,9.2,14.9
2026-07-26T15:00,18.0,0.30,0.00,0.00,6.0,10.7
2026-07-26T16:00,17.5,0.30,0.00,0.00,7.1,12.6
2026-07-26T17:00,17.3,0.10,0.00,0.00,6.0,11.4
2026-07-26T18:00,17.3,0.00,0.00,0.00,8.7,17.7
2026-07-26T19:00,17.2,0.00,0.00,0.00,7.8,15.9
2026-07-26T20:00,17.0,0.20,0.00,0.00,7.7,14.7
2026-07-26T21:00,16.7,0.10,0.00,0.00,8.0,15.8
2026-07-26T22:00,16.4,0.00,0.00,0.00,9.4,18.5
2026-07-26T23:00,16.2,0.00,0.00,0.00,10.8,21.2
2026-07-27T00:00,15.8,0.00,0.00,0.00,9.6,19.8
2026-07-27T01:00,15.6,0.00,0.00,0.00,9.5,20.9
2026-07-27T02:00,15.6,0.00,0.00,0.00,8.1,18.4
2026-07-27T03:00,16.1,0.00,0.00,0.00,8.7,18.0
2026-07-27T04:00,16.9,0.00,0.00,0.00,7.4,14.3
2026-07-27T05:00,18.1,0.00,0.00,0.00,6.5,10.7
2026-07-27T06:00,19.2,0.00,0.00,0.00,8.0,12.1
2026-07-27T07:00,20.9,0.10,0.00,0.00,7.7,11.9
2026-07-27T08:00,22.2,0.10,0.00,0.00,9.1,13.8
2026-07-27T09:00,23.2,0.10,0.00,0.00,9.8,14.8
2026-07-27T10:00,24.0,0.10,0.00,0.00,10.7,16.4
2026-07-27T11:00,24.2,0.10,0.00,0.00,10.4,15.7
2026-07-27T12:00,24.6,0.00,0.00,0.00,12.1,19.0
2026-07-27T13:00,24.5,0.20,0.00,0.00,11.0,17.5
2026-07-27T14:00,24.7,0.10,0.00,0.00,9.7,15.8
2026-07-27T15:00,24.6,0.10,0.00,0.00,7.5,13.5
2026-07-27T16:00,24.1,0.00,0.00,0.00,6.6,13.4
2026-07-27T17:00,22.7,0.00,0.00,0.00,7.8,17.2
2026-07-27T18:00,21.6,0.00,0.00,0.00,7.4,18.5
2026-07-27T19:00,20.9,0.00,0.00,0.00,7.9,18.0
2026-07-27T20:00,19.9,0.00,0.00,0.00,8.7,19.6
2026-07-27T21:00,19.3,0.00,0.00,0.00,9.1,20.8
2026-07-27T22:00,18.8,0.00,0.00,0.00,9.2,21.5
2026-07-27T23:00,18.4,0.00,0.00,0.00,9.6,22.6
2026-07-28T00:00,18.0,0.00,0.00,0.00,8.1,19.9
2026-07-28T01:00,17.6,0.00,0.00,0.00,8.8,20.4
2026-07-28T02:00,17.2,0.00,0.00,0.00,8.5,19.8
2026-07-28T03:00,17.8,0.00,0.00,0.00,7.7,17.6
2026-07-28T04:00,18.6,0.00,0.00,0.00,6.3,21.3
2026-07-28T05:00,19.9,0.00,0.00,0.00,6.8,13.4
2026-07-28T06:00,22.0,0.00,0.00,0.00,7.0,11.7
2026-07-28T07:00,23.6,0.00,0.00,0.00,8.6,13.7
2026-07-28T08:00,24.8,0.00,0.00,0.00,9.4,14.6
2026-07-28T09:00,25.8,0.00,0.00,0.00,10.8,16.7
2026-07-28T10:00,26.5,0.00,0.00,0.00,11.3,17.7
2026-07-28T11:00,24.9,0.40,0.00,0.00,9.5,15.5
2026-07-28T12:00,28.0,0.30,0.00,0.00,12.5,20.6
2026-07-28T13:00,27.8,0.00,0.00,0.00,17.6,28.3
2026-07-28T14:00,27.0,0.00,0.00,0.00,16.5,26.6
2026-07-28T15:00,26.1,0.00,0.00,0.00,13.3,22.8
2026-07-28T16:00,24.7,0.30,0.00,0.00,11.3,20.1
2026-07-28T17:00,23.6,0.00,0.00,0.00,14.5,26.3
2026-07-28T18:00,21.7,0.00,0.00,0.00,12.7,23.0
2026-07-28T19:00,20.0,0.00,0.00,0.00,10.1,18.0
2026-07-28T20:00,18.7,0.20,0.00,0.00,10.5,18.9
2026-07-28T21:00,18.3,0.00,0.00,0.00,10.5,19.2
2026-07-28T22:00,17.8,0.20,0.00,0.00,8.6,16.1
2026-07-28T23:00,17.2,0.00,0.00,0.00,9.3,17.5
2026-07-29T00:00,16.8,0.00,0.00,0.00,2.8,7.3
2026-07-29T01:00,16.5,0.00,0.00,0.00,7.2,13.5
2026-07-29T02:00,15.9,0.00,0.00,0.00,8.0,12.7
2026-07-29T03:00,15.9,0.00,0.00,0.00,7.1,11.6
2026-07-29T04:00,16.1,0.00,0.00,0.00,9.0,14.2
2026-07-29T05:00,16.5,0.00,0.00,0.00,8.8,13.5
2026-07-29T06:00,16.3,0.10,0.00,0.00,7.9,12.3
2026-07-29T07:00,16.9,0.10,0.00,0.00,6.6,9.9
2026-07-29T08:00,17.7,0.10,0.00,0.00,4.5,6.6
2026-07-29T09:00,18.6,0.00,0.00,0.00,3.2,4.6
2026-07-29T10:00,18.6,0.00,0.00,0.00,2.6,3.8
2026-07-29T11:00,18.6,0.00,0.00,0.00,2.5,3.6
2026-07-29T12:00,19.3,0.10,0.00,0.00,2.3,3.2
2026-07-29T13:00,19.6,0.40,0.00,0.00,3.0,4.3
2026-07-29T14:00,19.5,0.80,0.00,0.00,5.0,7.7
2026-07-29T15:00,19.2,1.30,0.00,0.00,6.2,9.9
2026-07-29T16:00,18.7,0.60,0.00,0.00,6.5,10.1
2026-07-29T17:00,17.8,0.40,0.00,0.00,7.5,12.5
2026-07-29T18:00,17.1,0.10,0.00,0.00,10.1,19.1
2026-07-29T19:00,16.3,6.60,0.00,0.00,9.1,16.4
2026-07-29T20:00,16.0,7.60,0.00,0.00,8.1,15.4
2026-07-29T21:00,16.2,4.60,0.00,0.00,9.3,16.9
2026-07-29T22:00,16.1,1.10,0.00,0.00,8.1,15.9
2026-07-29T23:00,15.9,0.10,0.00,0.00,7.0,15.0
2026-07-30T00:00,15.8,0.00,0.00,0.00,13.1,24.1
2026-07-30T01:00,15.2,0.00,0.00,0.00,10.6,21.6
2026-07-30T02:00,15.0,0.00,0.00,0.00,9.7,20.2
2026-07-30T03:00,15.6,0.00,0.00,0.00,9.4,17.4
2026-07-30T04:00,16.3,0.00,0.00,0.00,9.6,16.1
2026-07-30T05:00,16.9,0.40,0.00,0.00,7.9,13.5
2026-07-30T06:00,17.7,0.20,0.00,0.00,9.8,15.7
2026-07-30T07:00,18.7,0.10,0.00,0.00,6.4,10.1
2026-07-30T08:00,20.1,0.20,0.00,0.00,10.8,16.8
2026-07-30T09:00,20.4,0.30,0.00,0.00,11.5,17.6
2026-07-30T10:00,20.4,0.60,0.00,0.00,11.8,19.0
2026-07-30T11:00,19.7,1.90,0.00,0.00,17.8,27.6
2026-07-30T12:00,22.3,1.00,0.00,0.00,15.9,25.4
2026-07-30T13:00,22.4,0.10,0.00,0.00,16.6,26.9
2026-07-30T14:00,22.9,0.10,0.00,0.00,17.7,29.4
2026-07-30T15:00,22.4,0.10,0.00,0.00,16.6,29.5
2026-07-30T16:00,20.6,0.40,0.00,0.00,16.0,28.6
2026-07-30T17:00,19.4,0.70,0.00,0.00,16.2,30.0
2026-07-30T18:00,18.1,0.20,0.00,0.00,16.3,30.5
2026-07-30T19:00,17.9,0.10,0.00,0.00,15.7,29.4
2026-07-30T20:00,17.8,0.00,0.00,0.00,15.3,29.2
2026-07-30T21:00,17.7,0.10,0.00,0.00,13.9,26.9
2026-07-30T22:00,17.7,0.00,0.00,0.00,14.1,27.1
2026-07-30T23:00,17.5,0.00,0.00,0.00,14.0,26.8
2026-07-31T00:00,17.3,0.00,0.00,0.00,13.1,25.9
2026-07-31T01:00,16.9,0.00,0.00,0.00,12.5,24.6
2026-07-31T02:00,16.5,0.00,0.00,0.00,12.2,24.0
2026-07-31T03:00,16.7,0.00,0.00,0.00,12.5,23.9
2026-07-31T04:00,17.5,0.00,0.00,0.00,11.6,20.4
2026-07-31T05:00,18.3,0.00,0.00,0.00,13.1,21.6
2026-07-31T06:00,20.0,0.00,0.00,0.00,14.6,23.4
2026-07-31T07:00,21.1,0.00,0.00,0.00,13.9,22.0
2026-07-31T08:00,22.3,0.00,0.00,0.00,17.2,27.5
2026-07-31T09:00,23.2,0.20,0.00,0.00,17.4,27.9
2026-07-31T10:00,23.4,0.30,0.00,0.00,18.0,28.9
2026-07-31T11:00,23.7,0.20,0.00,0.00,17.0,27.0
2026-07-31T12:00,24.5,0.20,0.00,0.00,15.8,25.2
2026-07-31T13:00,24.3,0.00,0.00,0.00,15.0,24.3
2026-07-31T14:00,24.1,0.00,0.00,0.00,14.4,23.6
2026-07-31T15:00,23.5,0.00,0.00,0.00,12.7,22.0
2026-07-31T16:00,22.7,0.00,0.00,0.00,11.6,21.5
2026-07-31T17:00,21.6,0.00,0.00,0.00,9.9,20.3
2026-07-31T18:00,20.2,0.00,0.00,0.00,7.9,19.0
2026-07-31T19:00,19.2,0.00,0.00,0.00,8.2,18.8
2026-07-31T20:00,18.5,0.00,0.00,0.00,7.8,17.9
2026-07-31T21:00,17.8,0.00,0.00,0.00,8.0,18.0
2026-07-31T22:00,17.3,0.00,0.00,0.00,7.7,17.9
2026-07-31T23:00,16.8,0.00,0.00,0.00,8.4,18.8
2026-08-01T00:00,16.4,0.00,0.00,0.00,6.9,17.3
2026-08-01T01:00,15.8,0.00,0.00,0.00,6.2,14.7
2026-08-01T02:00,15.4,0.00,0.00,0.00,6.3,14.3
2026-08-01T03:00,16.0,0.00,0.00,0.00,6.3,13.7
2026-08-01T04:00,17.1,0.00,0.00,0.00,5.4,17.2
2026-08-01T05:00,18.9,0.00,0.00,0.00,4.6,12.9
2026-08-01T06:00,21.5,0.00,0.00,0.00,4.6,8.0
2026-08-01T07:00,23.6,0.00,0.00,0.00,7.5,11.6
2026-08-01T08:00,24.4,0.00,0.00,0.00,8.0,12.0
2026-08-01T09:00,25.0,0.00,0.00,0.00,6.7,10.3
2026-08-01T10:00,25.6,0.00,0.00,0.00,6.2,9.3
2026-08-01T11:00,26.0,0.00,0.00,0.00,6.0,9.3
2026-08-01T12:00,26.6,0.00,0.00,0.00,5.0,7.4
2026-08-01T13:00,26.7,0.00,0.00,0.00,4.1,6.2
2026-08-01T14:00,26.7,0.00,0.00,0.00,3.6,5.5
2026-08-01T15:00,26.4,0.00,0.00,0.00,4.5,6.8
2026-08-01T16:00,25.8,0.00,0.00,0.00,4.0,8.1
2026-08-01T17:00,24.3,0.00,0.00,0.00,3.2,8.8
2026-08-01T18:00,22.8,0.00,0.00,0.00,4.2,12.1
2026-08-01T19:00,22.2,0.00,0.00,0.00,6.0,12.8
2026-08-01T20:00,21.3,0.00,0.00,0.00,7.3,17.4
2026-08-01T21:00,20.7,0.00,0.00,0.00,6.4,15.7
2026-08-01T22:00,20.1,0.00,0.00,0.00,7.3,17.7
2026-08-01T23:00,19.8,0.00,0.00,0.00,7.1,17.1
2026-08-02T00:00,19.5,0.00,0.00,0.00,6.8,17.4
2026-08-02T01:00,18.9,0.00,0.00,0.00,6.2,16.1
2026-08-02T02:00,18.7,0.00,0.00,0.00,6.8,17.0
2026-08-02T03:00,19.3,0.00,0.00,0.00,7.3,17.5
2026-08-02T04:00,20.3,0.00,0.00,0.00,6.7,21.8
2026-08-02T05:00,21.4,0.00,0.00,0.00,5.4,12.8
2026-08-02T06:00,23.8,0.00,0.00,0.00,6.7,12.0
2026-08-02T07:00,25.4,0.00,0.00,0.00,8.5,13.7
2026-08-02T08:00,26.9,0.00,0.00,0.00,10.0,16.0
2026-08-02T09:00,28.0,0.00,0.00,0.00,11.1,17.4
2026-08-02T10:00,28.8,0.00,0.00,0.00,11.6,18.2
2026-08-02T11:00,29.4,0.00,0.00,0.00,12.4,19.3
2026-08-02T12:00,30.1,0.00,0.00,0.00,12.2,19.1
2026-08-02T13:00,30.0,0.00,0.00,0.00,12.4,19.6
2026-08-02T14:00,29.7,0.00,0.00,0.00,12.0,19.3
2026-08-02T15:00,28.9,0.00,0.00,0.00,10.9,19.3
2026-08-02T16:00,28.0,0.00,0.00,0.00,9.1,17.0
2026-08-02T17:00,26.2,0.10,0.00,0.00,10.8,19.1
2026-08-02T18:00,23.3,0.00,0.00,0.00,8.0,16.0
2026-08-02T19:00,22.0,0.00,0.00,0.00,10.9,19.8
2026-08-02T20:00,20.9,0.30,0.00,0.00,9.7,17.2
2026-08-02T21:00,20.0,1.00,0.00,0.00,7.9,14.9
2026-08-02T22:00,19.6,5.00,0.00,0.00,9.0,16.7
2026-08-02T23:00,19.5,3.00,0.00,0.00,8.4,17.7
2026-08-03T00:00,18.7,0.10,0.00,0.00,8.8,16.6
2026-08-03T01:00,18.0,0.00,0.00,0.00,7.9,15.8
2026-08-03T02:00,17.2,0.00,0.00,0.00,6.7,15.6
2026-08-03T03:00,17.2,0.00,0.00,0.00,6.6,14.4
2026-08-03T04:00,17.9,0.00,0.00,0.00,5.9,10.0
2026-08-03T05:00,18.9,0.00,0.00,0.00,5.7,9.1
2026-08-03T06:00,20.1,0.00,0.00,0.00,5.6,8.5
2026-08-03T07:00,21.2,0.00,0.00,0.00,4.2,6.3
2026-08-03T08:00,22.4,0.00,0.00,0.00,5.8,8.8
2026-08-03T09:00,23.0,0.00,0.00,0.00,6.5,9.4
2026-08-03T10:00,24.0,0.00,0.00,0.00,6.6,9.7
2026-08-03T11:00,24.6,0.00,0.00,0.00,7.6,11.2
2026-08-03T12:00,24.7,0.00,0.00,0.00,5.0,7.3
2026-08-03T13:00,25.0,0.00,0.00,0.00,6.2,9.2
2026-08-03T14:00,24.8,0.00,0.00,0.00,7.1,10.4
2026-08-03T15:00,24.3,0.00,0.00,0.00,7.8,11.9
2026-08-03T16:00,23.6,0.00,0.00,0.00,8.7,15.1
2026-08-03T17:00,22.0,0.00,0.00,0.00,8.7,16.1
2026-08-03T18:00,20.5,0.00,0.00,0.00,5.4,13.6
2026-08-03T19:00,19.7,0.00,0.00,0.00,4.6,11.7
2026-08-03T20:00,19.1,0.00,0.00,0.00,1.9,7.8
2026-08-03T21:00,18.4,0.00,0.00,0.00,1.9,6.9
2026-08-03T22:00,17.7,0.00,0.00,0.00,3.6,7.1
2026-08-03T23:00,16.8,0.00,0.00,0.00,2.2,6.5
2026-08-04T00:00,15.7,0.00,0.00,0.00,1.8,6.1
2026-08-04T01:00,15.4,0.00,0.00,0.00,0.4,4.3
2026-08-04T02:00,15.1,0.00,0.00,0.00,0.2,2.3
2026-08-04T03:00,15.8,0.00,0.00,0.00,2.1,1.5
2026-08-04T04:00,17.0,0.00,0.00,0.00,1.7,2.4
2026-08-04T05:00,18.6,0.00,0.00,0.00,0.9,1.6
2026-08-04T06:00,21.2,0.00,0.00,0.00,1.5,2.8
2026-08-04T07:00,22.7,0.00,0.00,0.00,1.5,2.1
2026-08-04T08:00,23.1,0.00,0.00,0.00,1.8,2.7
2026-08-04T09:00,23.4,0.00,0.00,0.00,1.7,2.7
2026-08-04T10:00,23.8,0.00,0.00,0.00,2.2,3.4
2026-08-04T11:00,23.9,0.00,0.00,0.00,2.6,4.0
2026-08-04T12:00,25.5,0.00,0.00,0.00,3.7,4.9
2026-08-04T13:00,25.5,0.00,0.00,0.00,4.1,5.7
2026-08-04T14:00,25.2,0.00,0.00,0.00,4.3,6.1
2026-08-04T15:00,24.9,0.00,0.00,0.00,4.7,7.1
2026-08-04T16:00,24.5,0.00,0.00,0.00,4.1,7.0
2026-08-04T17:00,23.4,0.00,0.00,0.00,2.2,3.9
2026-08-04T18:00,22.6,0.00,0.00,0.00,0.4,1.5
2026-08-04T19:00,21.6,0.00,0.00,0.00,1.5,3.3
2026-08-04T20:00,20.5,0.00,0.00,0.00,2.7,6.9
2026-08-04T21:00,19.6,0.00,0.00,0.00,4.8,10.1
2026-08-04T22:00,18.9,0.00,0.00,0.00,4.8,11.8
2026-08-04T23:00,18.3,0.00,0.00,0.00,5.2,13.4
2026-08-05T00:00,17.5,0.00,0.00,0.00,0.2,2.2
2026-08-05T01:00,17.3,0.00,0.00,0.00,4.5,5.6
2026-08-05T02:00,17.2,0.00,0.00,0.00,3.7,10.0
2026-08-05T03:00,18.1,0.00,0.00,0.00,4.1,10.6
2026-08-05T04:00,18.9,0.00,0.00,0.00,4.0,11.6
2026-08-05T05:00,19.7,0.00,0.00,0.00,3.5,11.1
2026-08-05T06:00,21.6,0.00,0.00,0.00,4.2,10.5
2026-08-05T07:00,23.6,0.00,0.00,0.00,5.2,8.5
2026-08-05T08:00,24.9,0.00,0.00,0.00,7.3,11.0
2026-08-05T09:00,25.7,0.00,0.00,0.00,6.8,9.9
2026-08-05T10:00,26.3,0.00,0.00,0.00,6.7,10.1
2026-08-05T11:00,26.7,0.00,0.00,0.00,6.7,9.8
2026-08-05T12:00,27.4,0.00,0.00,0.00,7.2,10.4
2026-08-05T13:00,27.4,0.00,0.00,0.00,6.7,9.7
2026-08-05T14:00,27.5,0.00,0.00,0.00,6.8,10.3
2026-08-05T15:00,26.9,0.00,0.00,0.00,6.9,10.7
2026-08-05T16:00,26.0,0.00,0.00,0.00,4.1,8.1
2026-08-05T17:00,24.7,0.00,0.00,0.00,3.6,7.6
2026-08-05T18:00,23.2,0.00,0.00,0.00,4.4,11.0
2026-08-05T19:00,22.2,0.00,0.00,0.00,5.1,11.3
2026-08-05T20:00,21.3,0.00,0.00,0.00,5.4,9.5
2026-08-05T21:00,20.5,0.00,0.00,0.00,5.4,11.9
2026-08-05T22:00,19.9,0.00,0.00,0.00,5.2,12.7
2026-08-05T23:00,19.4,0.00,0.00,0.00,5.2,13.0
2026-08-06T00:00,18.4,0.00,0.00,0.00,3.2,7.7
2026-08-06T01:00,18.2,0.00,0.00,0.00,5.2,10.6
2026-08-06T02:00,17.9,0.00,0.00,0.00,6.3,14.8
2026-08-06T03:00,18.4,0.00,0.00,0.00,7.0,16.6
2026-08-06T04:00,19.6,0.00,0.00,0.00,7.2,21.5
2026-08-06T05:00,21.1,0.00,0.00,0.00,5.6,14.3
2026-08-06T06:00,23.0,0.00,0.00,0.00,7.5,12.5
2026-08-06T07:00,24.6,0.00,0.00,0.00,10.1,16.0
2026-08-06T08:00,26.0,0.00,0.00,0.00,10.9,17.0
2026-08-06T09:00,27.1,0.00,0.00,0.00,10.6,16.4
2026-08-06T10:00,28.2,0.00,0.00,0.00,11.0,16.7
2026-08-06T11:00,28.8,0.00,0.00,0.00,10.8,16.5
2026-08-06T12:00,30.0,0.10,0.00,0.00,8.6,12.9
2026-08-06T13:00,30.3,0.00,0.00,0.00,10.0,15.2
2026-08-06T14:00,30.0,0.10,0.00,0.00,10.8,16.7
2026-08-06T15:00,29.0,0.10,0.00,0.00,9.4,14.9
2026-08-06T16:00,28.3,0.00,0.00,0.00,7.9,12.7
2026-08-06T17:00,27.0,0.00,0.00,0.00,5.6,11.4
2026-08-06T18:00,26.5,0.00,0.00,0.00,6.4,15.2
2026-08-06T19:00,25.8,0.00,0.00,0.00,7.8,17.1
2026-08-06T20:00,25.1,0.00,0.00,0.00,7.9,17.6
2026-08-06T21:00,24.4,0.00,0.00,0.00,7.7,17.1
2026-08-06T22:00,23.7,0.00,0.00,0.00,8.2,18.5
2026-08-06T23:00,22.9,0.10,0.00,0.00,7.9,17.5
2026-08-07T00:00,21.0,0.00,0.00,0.00,4.5,11.4
2026-08-07T01:00,20.6,0.00,0.00,0.00,5.2,12.4
2026-08-07T02:00,20.3,0.00,0.00,0.00,5.2,12.4
2026-08-07T03:00,20.6,0.00,0.00,0.00,5.3,12.4
2026-08-07T04:00,21.5,0.00,0.00,0.00,4.2,10.9
2026-08-07T05:00,22.9,0.00,0.00,0.00,2.9,6.3
2026-08-07T06:00,24.6,0.00,0.00,0.00,4.7,7.5
2026-08-07T07:00,26.3,0.00,0.00,0.00,6.0,9.2
2026-08-07T08:00,27.8,0.00,0.00,0.00,8.3,12.7
2026-08-07T09:00,27.0,0.70,0.00,0.00,13.3,21.1
2026-08-07T10:00,27.5,0.10,0.00,0.00,10.8,16.8
2026-08-07T11:00,28.8,0.00,0.00,0.00,10.8,16.7
2026-08-07T12:00,28.8,0.00,0.00,0.00,9.2,14.0
2026-08-07T13:00,29.9,0.10,0.00,0.00,12.9,19.7
2026-08-07T14:00,29.1,0.10,0.00,0.00,14.8,23.1
2026-08-07T15:00,27.8,0.30,0.00,0.00,15.2,25.1
2026-08-07T16:00,26.6,0.10,0.00,0.00,13.0,22.2
2026-08-07T17:00,23.7,0.50,0.00,0.00,13.6,23.0
2026-08-07T18:00,23.1,0.10,0.00,0.00,8.3,15.5
2026-08-07T19:00,22.6,0.00,0.00,0.00,9.4,19.1
2026-08-07T20:00,22.0,0.00,0.00,0.00,9.1,18.2
2026-08-07T21:00,21.4,0.40,0.00,0.00,8.1,16.2
2026-08-07T22:00,21.2,0.00,0.00,0.00,8.4,16.2
2026-08-07T23:00,21.0,0.10,0.00,0.00,9.7,16.9
2026-08-08T00:00,20.3,0.30,0.00,0.00,9.0,17.7
2026-08-08T01:00,19.5,0.00,0.00,0.00,8.2,16.8
2026-08-08T02:00,18.9,0.00,0.00,0.00,9.0,17.7
2026-08-08T03:00,18.5,0.00,0.00,0.00,7.8,14.8
2026-08-08T04:00,18.7,0.00,0.00,0.00,6.7,11.3
2026-08-08T05:00,19.6,0.00,0.00,0.00,6.5,10.2
2026-08-08T06:00,20.9,0.00,0.00,0.00,5.0,7.2
2026-08-08T07:00,22.0,0.00,0.00,0.00,5.1,7.4
2026-08-08T08:00,22.8,0.00,0.00,0.00,7.0,10.3
2026-08-08T09:00,23.5,0.00,0.00,0.00,7.0,10.3
2026-08-08T10:00,24.0,0.00,0.00,0.00,6.8,10.1
2026-08-08T11:00,24.6,0.00,0.00,0.00,7.2,10.5
2026-08-08T12:00,24.7,0.00,0.00,0.00,7.9,11.6
2026-08-08T13:00,25.0,0.00,0.00,0.00,6.9,10.3
2026-08-08T14:00,25.0,0.00,0.00,0.00,9.3,13.9
2026-08-08T15:00,23.8,0.00,0.00,0.00,12.5,19.2
2026-08-08T16:00,22.8,0.00,0.00,0.00,10.4,16.8
2026-08-08T17:00,22.1,0.00,0.00,0.00,7.8,14.6
2026-08-08T18:00,21.5,0.00,0.00,0.00,6.7,14.5
2026-08-08T19:00,20.3,0.00,0.00,0.00,9.9,19.7
2026-08-08T20:00,19.1,0.00,0.00,0.00,9.4,18.1
2026-08-08T21:00,18.3,0.00,0.00,0.00,8.4,16.4
2026-08-08T22:00,17.6,0.00,0.00,0.00,7.7,15.2
2026-08-08T23:00,16.9,0.00,0.00,0.00,8.3,16.5
2026-08-09T00:00,16.6,0.00,0.00,0.00,8.1,17.7
2026-08-09T01:00,16.0,0.00,0.00,0.00,8.0,16.5
2026-08-09T02:00,15.5,0.00,0.00,0.00,8.0,16.1
2026-08-09T03:00,15.5,0.00,0.00,0.00,6.8,14.4
2026-08-09T04:00,16.0,0.00,0.00,0.00,6.7,11.1
2026-08-09T05:00,17.1,0.00,0.00,0.00,6.9,10.7
2026-08-09T06:00,18.6,0.00,0.00,0.00,7.7,11.4
2026-08-09T07:00,19.6,0.10,0.00,0.00,9.4,14.1
2026-08-09T08:00,20.2,0.10,0.00,0.00,9.7,14.3
2026-08-09T09:00,20.9,0.10,0.00,0.00,9.6,14.2
2026-08-09T10:00,21.4,0.10,0.00,0.00,10.7,15.8
2026-08-09T11:00,21.2,0.20,0.00,0.00,12.2,18.4
2026-08-09T12:00,22.3,0.10,0.00,0.00,11.7,17.9
2026-08-09T13:00,22.3,0.00,0.00,0.00,12.9,19.7
2026-08-09T14:00,21.9,0.00,0.00,0.00,12.5,19.1
2026-08-09T15:00,21.4,0.00,0.00,0.00,11.5,18.2
2026-08-09T16:00,20.6,0.00,0.00,0.00,10.2,16.9
2026-08-09T17:00,19.5,0.00,0.00,0.00,6.3,12.3
2026-08-09T18:00,18.7,0.00,0.00,0.00,7.4,16.6
2026-08-09T19:00,17.5,0.00,0.00,0.00,6.7,14.8
2026-08-09T20:00,17.0,0.00,0.00,0.00,2.6,9.0
2026-08-09T21:00,16.3,0.00,0.00,0.00,3.4,6.1
2026-08-09T22:00,15.7,0.00,0.00,0.00,4.7,7.9
2026-08-09T23:00,15.1,0.00,0.00,0.00,4.7,9.2
2026-08-10T00:00,14.1,0.00,0.00,0.00,2.7,6.1
2026-08-10T01:00,13.7,0.00,0.00,0.00,4.3,7.5
2026-08-10T02:00,13.3,0.00,0.00,0.00,4.4,8.3
2026-08-10T03:00,13.6,0.00,0.00,0.00,5.0,9.2
2026-08-10T04:00,14.7,0.00,0.00,0.00,4.5,10.9
2026-08-10T05:00,16.6,0.00,0.00,0.00,2.6,9.1
2026-08-10T06:00,19.3,0.00,0.00,0.00,4.0,6.6
2026-08-10T07:00,20.6,0.00,0.00,0.00,6.1,9.1
2026-08-10T08:00,21.3,0.00,0.00,0.00,6.1,9.1
2026-08-10T09:00,22.0,0.00,0.00,0.00,5.9,8.9
2026-08-10T10:00,22.6,0.00,0.00,0.00,5.2,7.8
2026-08-10T11:00,23.0,0.00,0.00,0.00,4.4,6.7
2026-08-10T12:00,23.8,0.00,0.00,0.00,5.3,7.6
2026-08-10T13:00,23.9,0.00,0.00,0.00,6.5,9.5
2026-08-10T14:00,23.7,0.00,0.00,0.00,8.1,11.9
2026-08-10T15:00,23.1,0.00,0.00,0.00,9.2,13.7
2026-08-10T16:00,22.5,0.00,0.00,0.00,8.9,14.8
2026-08-10T17:00,21.2,0.00,0.00,0.00,5.4,10.7
2026-08-10T18:00,20.3,0.00,0.00,0.00,4.2,12.3
2026-08-10T19:00,19.5,0.00,0.00,0.00,8.0,17.2
2026-08-10T20:00,18.5,0.00,0.00,0.00,9.7,20.5
2026-08-10T21:00,17.6,0.00,0.00,0.00,8.8,19.1
2026-08-10T22:00,17.1,0.00,0.00,0.00,8.8,19.5
2026-08-10T23:00,16.7,0.00,0.00,0.00,9.0,19.8
2026-08-11T00:00,16.2,0.00,0.00,0.00,8.9,20.2
2026-08-11T01:00,15.8,0.00,0.00,0.00,9.6,20.9
2026-08-11T02:00,15.4,0.00,0.00,0.00,10.0,21.3
2026-08-11T03:00,15.7,0.00,0.00,0.00,10.3,21.6
2026-08-11T04:00,16.4,0.00,0.00,0.00,8.2,24.9
2026-08-11T05:00,17.7,0.00,0.00,0.00,9.6,17.6
2026-08-11T06:00,20.2,0.00,0.00,0.00,10.8,18.0
2026-08-11T07:00,21.9,0.00,0.00,0.00,12.3,19.4
2026-08-11T08:00,23.2,0.00,0.00,0.00,15.4,24.2
2026-08-11T09:00,24.0,0.00,0.00,0.00,19.0,30.4
2026-08-11T10:00,24.5,0.00,0.00,0.00,19.0,30.6
2026-08-11T11:00,25.0,0.00,0.00,0.00,19.3,30.8
2026-08-11T12:00,25.2,0.00,0.00,0.00,18.6,29.7
2026-08-11T13:00,24.5,0.00,0.00,0.00,17.9,29.2
2026-08-11T14:00,24.6,0.00,0.00,0.00,16.5,26.9
2026-08-11T15:00,23.9,0.00,0.00,0.00,12.0,20.9
2026-08-11T16:00,22.9,0.00,0.00,0.00,13.8,25.0
2026-08-11T17:00,18.8,2.00,0.00,0.00,14.3,25.5
2026-08-11T18:00,17.8,0.50,0.00,0.00,11.5,23.0
2026-08-11T19:00,17.6,0.10,0.00,0.00,11.3,21.8
2026-08-11T20:00,17.0,0.00,0.00,0.00,13.5,24.8
2026-08-11T21:00,16.5,0.00,0.00,0.00,11.8,22.0
2026-08-11T22:00,16.2,0.00,0.00,0.00,13.1,23.7
2026-08-11T23:00,16.0,0.10,0.00,0.00,12.1,20.5
2026-08-12T00:00,15.7,0.10,0.00,0.00,9.7,18.0
2026-08-12T01:00,14.9,0.00,0.00,0.00,10.4,19.1
2026-08-12T02:00,14.1,0.00,0.00,0.00,10.8,20.0
2026-08-12T03:00,14.1,0.00,0.00,0.00,11.9,22.3
2026-08-12T04:00,14.2,0.10,0.00,0.00,15.3,25.3
2026-08-12T05:00,14.6,0.10,0.00,0.00,12.8,20.0
2026-08-12T06:00,14.0,0.00,0.00,0.00,16.1,26.6
2026-08-12T07:00,14.7,0.60,0.00,0.00,17.5,27.8
2026-08-12T08:00,16.2,0.10,0.00,0.00,16.6,26.0
2026-08-12T09:00,15.9,0.10,0.00,0.00,18.5,28.8
2026-08-12T10:00,16.4,0.60,0.00,0.00,16.2,25.7
2026-08-12T11:00,18.1,0.10,0.00,0.00,18.7,29.5
2026-08-12T12:00,18.3,0.10,0.00,0.00,18.2,28.6
2026-08-12T13:00,18.3,0.00,0.00,0.00,19.2,30.9
2026-08-12T14:00,18.3,0.00,0.00,0.00,18.8,30.9
2026-08-12T15:00,17.8,0.00,0.00,0.00,18.7,30.9
2026-08-12T16:00,16.8,0.00,0.00,0.00,15.9,27.4
2026-08-12T17:00,15.6,0.00,0.00,0.00,13.5,24.6
2026-08-12T18:00,14.5,0.00,0.00,0.00,14.3,26.0
2026-08-12T19:00,13.8,0.00,0.00,0.00,14.1,26.1
2026-08-12T20:00,13.1,0.00,0.00,0.00,14.4,26.6
2026-08-12T21:00,12.8,0.00,0.00,0.00,14.1,26.4
2026-08-12T22:00,13.0,0.00,0.00,0.00,14.2,26.2
2026-08-12T23:00,12.7,0.00,0.00,0.00,14.6,26.9
2026-08-13T00:00,11.8,0.00,0.00,0.00,14.5,27.6
2026-08-13T01:00,11.6,0.00,0.00,0.00,15.0,28.3
2026-08-13T02:00,11.3,0.00,0.00,0.00,15.2,28.8
2026-08-13T03:00,11.4,0.00,0.00,0.00,15.5,28.4
2026-08-13T04:00,12.1,0.00,0.00,0.00,13.4,23.9
2026-08-13T05:00,13.0,0.00,0.00,0.00,18.3,30.2
2026-08-13T06:00,13.2,0.00,0.00,0.00,19.0,31.5
2026-08-13T07:00,13.4,0.00,0.00,0.00,17.5,28.8
2026-08-13T08:00,14.6,0.00,0.00,0.00,18.2,29.2
2026-08-13T09:00,14.3,0.10,0.00,0.00,18.1,29.3
2026-08-13T10:00,14.9,0.10,0.00,0.00,19.5,31.7
2026-08-13T11:00,15.4,0.00,0.00,0.00,20.4,32.8
2026-08-13T12:00,14.8,0.00,0.00,0.00,23.1,37.4
2026-08-13T13:00,14.3,0.00,0.00,0.00,20.9,33.3
2026-08-13T14:00,14.1,0.00,0.00,0.00,15.2,25.7
2026-08-13T15:00,14.6,0.00,0.00,0.00,12.9,22.3
2026-08-13T16:00,14.6,0.00,0.00,0.00,12.6,23.0
2026-08-13T17:00,13.9,0.00,0.00,0.00,10.2,20.1
2026-08-13T18:00,13.3,0.00,0.00,0.00,11.7,23.2
2026-08-13T19:00,13.5,0.00,0.00,0.00,13.4,25.5
2026-08-13T20:00,13.2,0.00,0.00,0.00,14.0,26.1
2026-08-13T21:00,12.1,0.00,0.00,0.00,13.6,25.7
2026-08-13T22:00,11.3,0.00,0.00,0.00,13.2,25.6
2026-08-13T23:00,10.7,0.00,0.00,0.00,13.5,26.3
2026-08-14T00:00,10.3,0.00,0.00,0.00,13.0,25.6
2026-08-14T01:00,9.8,0.00,0.00,0.00,13.4,26.1
2026-08-14T02:00,9.5,0.00,0.00,0.00,13.7,26.7
2026-08-14T03:00,9.6,0.00,0.00,0.00,14.4,27.4
2026-08-14T04:00,10.4,0.00,0.00,0.00,12.2,23.6
2026-08-14T05:00,11.5,0.00,0.00,0.00,14.3,24.2
2026-08-14T06:00,13.1,0.00,0.00,0.00,17.8,28.8
2026-08-14T07:00,14.4,0.00,0.00,0.00,23.4,37.6
2026-08-14T08:00,15.2,0.00,0.00,0.00,24.9,40.3
2026-08-14T09:00,16.2,0.00,0.00,0.00,23.9,38.8
2026-08-14T10:00,16.9,0.00,0.00,0.00,24.2,39.3
2026-08-14T11:00,16.9,0.00,0.00,0.00,23.5,38.8
2026-08-14T12:00,18.0,0.00,0.00,0.00,24.2,39.2
2026-08-14T13:00,17.4,0.00,0.00,0.00,23.7,37.4
2026-08-14T14:00,16.4,0.00,0.00,0.00,15.6,27.2
2026-08-14T15:00,15.8,0.00,0.00,0.00,12.5,22.6
2026-08-14T16:00,14.6,0.00,0.00,0.00,11.0,19.4
2026-08-14T17:00,13.7,0.00,0.00,0.00,9.1,17.2
2026-08-14T18:00,13.3,0.00,0.00,0.00,9.7,18.7
2026-08-14T19:00,13.0,0.00,0.00,0.00,9.3,18.1
2026-08-14T20:00,12.5,0.00,0.00,0.00,9.5,18.7
2026-08-14T21:00,12.4,0.00,0.00,0.00,9.3,18.2
2026-08-14T22:00,12.2,0.00,0.00,0.00,9.0,18.0
2026-08-14T23:00,11.8,0.00,0.00,0.00,9.1,18.8
2026-08-15T00:00,10.5,0.00,0.00,0.00,7.7,17.2
2026-08-15T01:00,9.9,0.00,0.00,0.00,8.8,18.4
2026-08-15T02:00,9.1,0.00,0.00,0.00,9.9,20.3
2026-08-15T03:00,9.2,0.00,0.00,0.00,11.7,24.1
2026-08-15T04:00,10.2,0.00,0.00,0.00,10.2,28.5
2026-08-15T05:00,11.6,0.00,0.00,0.00,10.8,18.5
2026-08-15T06:00,13.8,0.00,0.00,0.00,12.4,20.1
2026-08-15T07:00,15.4,0.00,0.00,0.00,15.8,25.1
2026-08-15T08:00,16.6,0.00,0.00,0.00,15.8,24.9
2026-08-15T09:00,17.6,0.00,0.00,0.00,15.7,24.4
2026-08-15T10:00,18.5,0.00,0.00,0.00,15.5,24.4
2026-08-15T11:00,19.2,0.00,0.00,0.00,15.6,24.5
2026-08-15T12:00,19.8,0.00,0.00,0.00,14.6,22.7
2026-08-15T13:00,19.6,0.00,0.00,0.00,14.8,23.3
2026-08-15T14:00,19.0,0.00,0.00,0.00,15.5,24.7
2026-08-15T15:00,17.2,0.00,0.00,0.00,15.4,24.9
2026-08-15T16:00,15.7,0.00,0.00,0.00,12.6,20.9
2026-08-15T17:00,14.7,0.00,0.00,0.00,10.1,18.0
2026-08-15T18:00,14.6,0.00,0.00,0.00,9.5,17.9
2026-08-15T19:00,14.4,0.00,0.00,0.00,8.1,15.7
2026-08-15T20:00,14.2,0.00,0.00,0.00,7.8,15.4
2026-08-15T21:00,14.1,0.00,0.00,0.00,7.2,14.2
2026-08-15T22:00,13.5,0.00,0.00,0.00,6.6,13.3
2026-08-15T23:00,13.0,0.00,0.00,0.00,5.9,12.4
2026-08-16T00:00,12.6,0.00,0.00,0.00,5.7,12.4
2026-08-16T01:00,12.5,0.00,0.00,0.00,6.8,14.8
2026-08-16T02:00,12.1,0.00,0.00,0.00,6.8,15.0
2026-08-16T03:00,12.5,0.00,0.00,0.00,7.0,15.2
2026-08-16T04:00,13.6,0.00,0.00,0.00,6.0,13.1
2026-08-16T05:00,15.3,0.00,0.00,0.00,5.1,9.9
2026-08-16T06:00,17.6,0.00,0.00,0.00,7.5,12.2
2026-08-16T07:00,19.3,0.00,0.00,0.00,10.2,15.8
2026-08-16T08:00,20.9,0.00,0.00,0.00,13.2,20.2
2026-08-16T09:00,22.3,0.00,0.00,0.00,12.8,19.9
2026-08-16T10:00,22.7,0.00,0.00,0.00,12.3,19.0
2026-08-16T11:00,23.3,0.00,0.00,0.00,13.9,21.8
2026-08-16T12:00,24.7,0.00,0.00,0.00,14.1,22.0
2026-08-16T13:00,24.7,0.00,0.00,0.00,14.2,22.4
2026-08-16T14:00,24.5,0.00,0.00,0.00,13.8,22.2
2026-08-16T15:00,23.9,0.00,0.00,0.00,12.5,21.3
2026-08-16T16:00,23.1,0.00,0.00,0.00,9.8,18.8
2026-08-16T17:00,22.1,0.00,0.00,0.00,10.1,21.3
2026-08-16T18:00,21.6,0.00,0.00,0.00,11.6,24.2
2026-08-16T19:00,21.0,0.00,0.00,0.00,11.9,24.7
2026-08-16T20:00,20.7,0.00,0.00,0.00,12.7,26.3
2026-08-16T21:00,20.5,0.00,0.00,0.00,9.4,20.7
2026-08-16T22:00,17.6,1.70,0.00,0.00,7.6,16.4
2026-08-16T23:00,17.2,1.00,0.00,0.00,12.1,24.6
2026-08-17T00:00,17.2,0.50,0.00,0.00,8.3,20.3
2026-08-17T01:00,17.1,0.00,0.00,0.00,11.5,24.8
2026-08-17T02:00,16.4,0.20,0.00,0.00,11.1,23.1
2026-08-17T03:00,16.4,2.70,0.00,0.00,10.3,23.4
2026-08-17T04:00,16.8,0.10,0.00,0.00,8.7,18.8
2026-08-17T05:00,17.7,0.20,0.00,0.00,13.4,23.3
2026-08-17T06:00,18.2,0.40,0.00,0.00,11.3,20.7
2026-08-17T07:00,19.1,0.40,0.00,0.00,11.8,19.9
2026-08-17T08:00,21.0,0.00,0.00,0.00,16.9,26.8
2026-08-17T09:00,21.8,0.00,0.00,0.00,15.2,24.2
2026-08-17T10:00,22.3,0.00,0.00,0.00,13.7,21.3
2026-08-17T11:00,22.7,0.00,0.00,0.00,12.8,19.7
2026-08-17T12:00,23.1,0.20,0.00,0.00,11.7,18.0
2026-08-17T13:00,22.8,0.00,0.00,0.00,11.5,18.1
2026-08-17T14:00,22.5,0.00,0.00,0.00,10.8,16.6
2026-08-17T15:00,22.2,0.00,0.00,0.00,10.0,16.6
2026-08-17T16:00,21.0,0.00,0.00,0.00,9.9,18.1
2026-08-17T17:00,19.4,0.00,0.00,0.00,8.3,17.4
2026-08-17T18:00,18.7,0.00,0.00,0.00,7.1,17.4
2026-08-17T19:00,17.9,0.00,0.00,0.00,7.6,16.6
2026-08-17T20:00,16.8,0.00,0.00,0.00,8.3,17.9
2026-08-17T21:00,16.0,0.00,0.00,0.00,8.3,18.3
2026-08-17T22:00,15.4,0.00,0.00,0.00,8.1,17.8
2026-08-17T23:00,14.9,0.00,0.00,0.00,7.9,17.4
2026-08-18T00:00,14.3,0.00,0.00,0.00,6.4,15.3
2026-08-18T01:00,13.8,0.00,0.00,0.00,6.6,14.8
2026-08-18T02:00,13.3,0.00,0.00,0.00,6.6,14.8
2026-08-18T03:00,13.3,0.00,0.00,0.00,6.7,14.9
2026-08-18T04:00,14.1,0.00,0.00,0.00,4.5,15.1
2026-08-18T05:00,15.4,0.00,0.00,0.00,2.9,10.1
2026-08-18T06:00,17.8,0.00,0.00,0.00,2.8,5.2
2026-08-18T07:00,19.3,0.00,0.00,0.00,4.8,7.7
2026-08-18T08:00,20.4,0.00,0.00,0.00,6.4,9.7
2026-08-18T09:00,21.4,0.00,0.00,0.00,6.6,10.0
2026-08-18T10:00,22.1,0.00,0.00,0.00,8.7,13.0
2026-08-18T11:00,22.1,0.00,0.00,0.00,9.2,13.7
2026-08-18T12:00,22.6,0.00,0.00,0.00,8.7,13.0
2026-08-18T13:00,22.8,0.00,0.00,0.00,10.6,16.4
2026-08-18T14:00,22.3,0.00,0.00,0.00,8.4,13.2
2026-08-18T15:00,21.8,0.00,0.00,0.00,8.7,15.3
2026-08-18T16:00,21.1,0.00,0.00,0.00,10.1,18.9
2026-08-18T17:00,20.1,0.00,0.00,0.00,10.6,21.4
2026-08-18T18:00,19.6,0.00,0.00,0.00,11.9,24.3
2026-08-18T19:00,19.4,0.00,0.00,0.00,14.6,28.8
2026-08-18T20:00,19.0,0.00,0.00,0.00,16.2,31.0
2026-08-18T21:00,18.4,0.00,0.00,0.00,18.3,34.1
2026-08-18T22:00,18.3,0.00,0.00,0.00,15.5,30.2
2026-08-18T23:00,18.9,0.00,0.00,0.00,16.5,32.4
2026-08-19T00:00,19.4,0.00,0.00,0.00,13.6,27.4
2026-08-19T01:00,19.5,0.00,0.00,0.00,12.7,26.3
2026-08-19T02:00,19.0,0.00,0.00,0.00,14.1,27.5
2026-08-19T03:00,18.6,0.00,0.00,0.00,17.9,32.5
2026-08-19T04:00,17.8,0.00,0.00,0.00,20.5,35.0
2026-08-19T05:00,17.2,0.10,0.00,0.00,20.3,33.6
2026-08-19T06:00,17.0,0.10,0.00,0.00,20.3,33.2
2026-08-19T07:00,17.3,0.00,0.00,0.00,20.1,32.9
2026-08-19T08:00,17.9,0.00,0.00,0.00,21.5,34.8
2026-08-19T09:00,17.8,0.00,0.00,0.00,21.6,34.8
2026-08-19T10:00,17.9,0.00,0.00,0.00,22.6,36.7
2026-08-19T11:00,18.9,0.00,0.00,0.00,21.9,35.0
2026-08-19T12:00,18.8,0.00,0.00,0.00,18.6,29.7
2026-08-19T13:00,18.7,0.00,0.00,0.00,16.4,26.6
2026-08-19T14:00,19.2,0.00,0.00,0.00,17.7,28.8
2026-08-19T15:00,19.0,0.00,0.00,0.00,12.4,21.8
2026-08-19T16:00,18.3,0.00,0.00,0.00,13.5,24.6
2026-08-19T17:00,17.2,0.00,0.00,0.00,12.6,24.2
2026-08-19T18:00,16.3,0.00,0.00,0.00,12.1,23.6
2026-08-19T19:00,15.7,0.00,0.00,0.00,11.3,22.9
2026-08-19T20:00,15.1,0.00,0.00,0.00,11.1,22.8
2026-08-19T21:00,14.6,0.00,0.00,0.00,10.3,21.9
2026-08-19T22:00,14.2,0.00,0.00,0.00,9.5,20.7
2026-08-19T23:00,13.7,0.00,0.00,0.00,9.2,20.4
2026-08-20T00:00,13.3,0.00,0.00,0.00,7.8,18.0
2026-08-20T01:00,12.9,0.00,0.00,0.00,8.4,18.9
2026-08-20T02:00,12.7,0.00,0.00,0.00,8.8,19.4
2026-08-20T03:00,12.6,0.00,0.00,0.00,9.4,20.4
2026-08-20T04:00,13.4,0.00,0.00,0.00,6.7,23.3
2026-08-20T05:00,14.4,0.00,0.00,0.00,6.6,13.8
2026-08-20T06:00,16.4,0.00,0.00,0.00,7.3,12.2
2026-08-20T07:00,18.2,0.00,0.00,0.00,8.5,13.5
2026-08-20T08:00,19.4,0.10,0.00,0.00,11.6,18.1
2026-08-20T09:00,20.2,0.10,0.00,0.00,12.6,19.7
2026-08-20T10:00,20.9,0.00,0.00,0.00,13.0,20.4
2026-08-20T11:00,21.5,0.00,0.00,0.00,13.2,20.7
2026-08-20T12:00,21.9,0.00,0.00,0.00,13.3,20.8
2026-08-20T13:00,21.4,0.00,0.00,0.00,15.2,25.0
2026-08-20T14:00,21.0,0.00,0.00,0.00,11.4,19.8
2026-08-20T15:00,20.8,0.00,0.00,0.00,10.3,19.2
2026-08-20T16:00,20.0,0.00,0.00,0.00,10.1,19.9
2026-08-20T17:00,19.0,0.00,0.00,0.00,11.7,23.0
2026-08-20T18:00,18.4,0.20,0.00,0.00,14.7,27.3
2026-08-20T19:00,17.3,0.30,0.00,0.00,13.9,26.5
2026-08-20T20:00,16.2,1.70,0.00,0.00,14.8,28.3
2026-08-20T21:00,15.7,2.40,0.00,0.00,15.2,28.4
2026-08-20T22:00,16.1,0.10,0.00,0.00,16.8,31.5
2026-08-20T23:00,16.8,0.00,0.00,0.00,15.7,29.7
2026-08-21T00:00,15.8,0.00,0.00,0.00,13.3,26.7
2026-08-21T01:00,16.0,0.00,0.00,0.00,14.1,27.1
2026-08-21T02:00,16.2,0.00,0.00,0.00,14.0,26.6
2026-08-21T03:00,16.5,0.00,0.00,0.00,14.1,26.0
2026-08-21T04:00,16.7,0.00,0.00,0.00,14.0,25.2
2026-08-21T05:00,17.1,0.00,0.00,0.00,12.5,20.9
2026-08-21T06:00,18.0,0.20,0.00,0.00,17.3,28.3
2026-08-21T07:00,18.8,0.10,0.00,0.00,16.0,25.3
2026-08-21T08:00,19.6,0.10,0.00,0.00,15.1,23.7
2026-08-21T09:00,20.3,0.10,0.00,0.00,15.5,24.6
2026-08-21T10:00,20.8,0.00,0.00,0.00,16.7,26.8
2026-08-21T11:00,21.5,0.00,0.00,0.00,16.5,26.3
2026-08-21T12:00,21.0,0.00,0.00,0.00,15.7,24.1
2026-08-21T13:00,20.6,0.00,0.00,0.00,14.1,22.7
2026-08-21T14:00,20.1,0.00,0.00,0.00,13.1,22.3
2026-08-21T15:00,19.9,0.00,0.00,0.00,11.3,19.9
2026-08-21T16:00,19.2,0.00,0.00,0.00,9.7,18.9
2026-08-21T17:00,17.9,0.00,0.00,0.00,8.6,18.4
2026-08-21T18:00,17.0,0.00,0.00,0.00,7.5,17.5
2026-08-21T19:00,16.0,0.00,0.00,0.00,7.7,17.1
2026-08-21T20:00,15.3,0.00,0.00,0.00,8.1,18.3
2026-08-21T21:00,14.7,0.00,0.00,0.00,8.3,18.4
2026-08-21T22:00,14.1,0.00,0.00,0.00,8.2,18.2
2026-08-21T23:00,13.7,0.00,0.00,0.00,7.6,17.5
2026-08-22T00:00,13.2,0.00,0.00,0.00,6.3,15.7
2026-08-22T01:00,12.8,0.00,0.00,0.00,6.7,15.3
2026-08-22T02:00,12.4,0.00,0.00,0.00,6.1,14.1
2026-08-22T03:00,12.5,0.00,0.00,0.00,5.4,12.8
2026-08-22T04:00,13.4,0.00,0.00,0.00,5.6,13.2
2026-08-22T05:00,14.9,0.00,0.00,0.00,3.2,11.9
2026-08-22T06:00,17.2,0.00,0.00,0.00,3.1,5.9
2026-08-22T07:00,19.1,0.00,0.00,0.00,5.1,8.0
2026-08-22T08:00,20.3,0.00,0.00,0.00,6.7,10.0
2026-08-22T09:00,21.1,0.00,0.00,0.00,6.4,9.4
2026-08-22T10:00,21.7,0.00,0.00,0.00,7.1,10.4
2026-08-22T11:00,21.6,0.00,0.00,0.00,8.1,12.4
2026-08-22T12:00,22.3,0.00,0.00,0.00,8.7,13.2
2026-08-22T13:00,21.9,0.00,0.00,0.00,11.1,17.6
2026-08-22T14:00,21.0,0.80,0.00,0.00,8.9,16.4
2026-08-22T15:00,21.3,0.00,0.00,0.00,10.9,20.3
2026-08-22T16:00,20.5,0.00,0.00,0.00,13.4,25.7
2026-08-22T17:00,19.6,0.00,0.00,0.00,13.1,26.3
2026-08-22T18:00,19.0,0.00,0.00,0.00,15.3,30.2
2026-08-22T19:00,18.5,0.00,0.00,0.00,15.5,30.7
2026-08-22T20:00,18.2,0.00,0.00,0.00,15.5,30.8
2026-08-22T21:00,18.1,0.00,0.00,0.00,15.0,30.2
2026-08-22T22:00,18.0,0.00,0.00,0.00,14.1,29.0
2026-08-22T23:00,18.1,0.00,0.00,0.00,12.5,26.6
2026-08-23T00:00,17.4,0.00,0.00,0.00,9.9,22.9
2026-08-23T01:00,17.5,0.00,0.00,0.00,9.8,22.5
2026-08-23T02:00,17.5,0.00,0.00,0.00,10.7,22.9
2026-08-23T03:00,17.4,0.00,0.00,0.00,11.1,22.7
2026-08-23T04:00,17.6,0.30,0.00,0.00,11.9,22.4
2026-08-23T05:00,17.0,0.00,0.00,0.00,11.7,21.6
2026-08-23T06:00,16.9,0.00,0.00,0.00,11.6,21.1
2026-08-23T07:00,18.3,0.00,0.00,0.00,11.6,18.6
2026-08-23T08:00,19.8,0.00,0.00,0.00,12.3,19.4
2026-08-23T09:00,20.8,0.00,0.00,0.00,14.0,22.1
2026-08-23T10:00,21.6,0.00,0.00,0.00,15.2,24.1
2026-08-23T11:00,21.8,0.00,0.00,0.00,16.5,26.0
2026-08-23T12:00,22.3,0.00,0.00,0.00,14.9,23.5
2026-08-23T13:00,22.0,0.00,0.00,0.00,16.4,26.2
2026-08-23T14:00,21.3,0.00,0.00,0.00,15.2,23.8
2026-08-23T15:00,20.6,0.00,0.00,0.00,12.4,22.0
2026-08-23T16:00,19.7,0.00,0.00,0.00,11.8,22.2
2026-08-23T17:00,18.7,0.00,0.00,0.00,10.9,21.8
2026-08-23T18:00,17.6,0.00,0.00,0.00,11.7,23.0
2026-08-23T19:00,16.5,0.00,0.00,0.00,12.0,23.6
2026-08-23T20:00,15.9,0.00,0.00,0.00,12.2,24.2
2026-08-23T21:00,15.3,0.00,0.00,0.00,12.0,24.2
2026-08-23T22:00,14.8,0.00,0.00,0.00,12.4,25.0
2026-08-23T23:00,14.4,0.00,0.00,0.00,12.8,25.6
2026-08-24T00:00,13.7,0.00,0.00,0.00,11.9,24.5
2026-08-24T01:00,13.4,0.00,0.00,0.00,12.0,24.7
2026-08-24T02:00,13.0,0.00,0.00,0.00,12.2,24.5
2026-08-24T03:00,12.9,0.00,0.00,0.00,12.5,25.0
2026-08-24T04:00,13.5,0.00,0.00,0.00,11.6,24.3
2026-08-24T05:00,15.0,0.00,0.00,0.00,12.7,21.7
2026-08-24T06:00,15.7,0.00,0.00,0.00,19.1,31.3
2026-08-24T07:00,16.4,0.00,0.00,0.00,18.2,29.7
2026-08-24T08:00,16.9,0.00,0.00,0.00,16.9,27.7
2026-08-24T09:00,17.5,0.00,0.00,0.00,16.6,27.0
2026-08-24T10:00,18.4,0.20,0.00,0.00,18.6,30.0
2026-08-24T11:00,19.1,0.20,0.00,0.00,18.3,29.6
2026-08-24T12:00,19.4,0.20,0.00,0.00,16.7,26.9
2026-08-24T13:00,19.7,0.20,0.00,0.00,17.7,29.1
2026-08-24T14:00,18.6,0.30,0.00,0.00,18.0,30.3
2026-08-24T15:00,17.8,0.00,0.00,0.00,17.2,29.2
2026-08-24T16:00,16.7,0.00,0.00,0.00,14.2,25.9
2026-08-24T17:00,15.8,0.00,0.00,0.00,14.7,26.7
2026-08-24T18:00,14.9,0.00,0.00,0.00,13.3,25.1
2026-08-24T19:00,14.5,0.00,0.00,0.00,13.2,24.8
2026-08-24T20:00,13.7,0.00,0.00,0.00,12.9,23.9
2026-08-24T21:00,13.1,0.00,0.00,0.00,12.1,23.1
2026-08-24T22:00,12.8,0.00,0.00,0.00,11.6,22.4
2026-08-24T23:00,12.6,0.00,0.00,0.00,11.6,22.5
2026-08-25T00:00,12.1,0.00,0.00,0.00,10.3,21.5
2026-08-25T01:00,11.9,0.00,0.00,0.00,10.7,21.6
2026-08-25T02:00,11.6,0.00,0.00,0.00,11.1,22.1
2026-08-25T03:00,11.6,0.00,0.00,0.00,11.4,22.1
2026-08-25T04:00,12.3,0.00,0.00,0.00,11.0,19.7
2026-08-25T05:00,12.9,0.00,0.00,0.00,14.1,23.3
2026-08-25T06:00,13.7,0.00,0.00,0.00,15.0,24.3
2026-08-25T07:00,14.7,0.10,0.00,0.00,15.0,23.9
2026-08-25T08:00,15.1,0.00,0.00,0.00,14.5,23.3
2026-08-25T09:00,15.1,0.20,0.00,0.00,15.5,24.7
2026-08-25T10:00,15.9,0.30,0.00,0.00,16.4,26.4
2026-08-25T11:00,16.8,0.30,0.00,0.00,16.8,27.5
2026-08-25T12:00,17.8,0.00,0.00,0.00,19.0,31.0
2026-08-25T13:00,17.4,0.20,0.00,0.00,18.2,29.9
2026-08-25T14:00,17.2,0.00,0.00,0.00,16.6,27.7
2026-08-25T15:00,15.9,0.40,0.00,0.00,14.3,24.9
2026-08-25T16:00,15.4,0.00,0.00,0.00,12.9,23.5
2026-08-25T17:00,15.2,0.00,0.00,0.00,14.2,25.6
2026-08-25T18:00,14.3,0.00,0.00,0.00,12.9,24.5
2026-08-25T19:00,14.0,0.10,0.00,0.00,12.2,22.7
2026-08-25T20:00,13.7,0.00,0.00,0.00,12.0,22.7
2026-08-25T21:00,13.2,0.00,0.00,0.00,11.7,22.6
2026-08-25T22:00,12.9,0.00,0.00,0.00,11.3,22.0
2026-08-25T23:00,12.6,0.00,0.00,0.00,11.3,21.8
2026-08-26T00:00,12.5,0.00,0.00,0.00,10.7,21.4
2026-08-26T01:00,12.2,0.00,0.00,0.00,10.8,21.3
2026-08-26T02:00,11.7,0.00,0.00,0.00,10.7,21.0
2026-08-26T03:00,12.0,0.00,0.00,0.00,10.3,20.3
2026-08-26T04:00,13.1,0.00,0.00,0.00,9.6,17.5
2026-08-26T05:00,13.7,0.00,0.00,0.00,12.9,21.1
2026-08-26T06:00,13.6,0.10,0.00,0.00,11.4,18.7
2026-08-26T07:00,14.1,0.10,0.00,0.00,11.5,19.3
2026-08-26T08:00,15.2,0.20,0.00,0.00,11.6,18.7
2026-08-26T09:00,15.1,0.10,0.00,0.00,10.8,17.8
2026-08-26T10:00,15.9,0.00,0.00,0.00,11.9,19.3
2026-08-26T11:00,17.0,0.00,0.00,0.00,12.3,19.5
2026-08-26T12:00,17.9,0.00,0.00,0.00,13.0,20.1
2026-08-26T13:00,17.6,0.00,0.00,0.00,11.5,17.8
2026-08-26T14:00,17.5,0.00,0.00,0.00,12.1,18.1
2026-08-26T15:00,16.6,0.00,0.00,0.00,12.9,21.1
2026-08-26T16:00,15.6,0.00,0.00,0.00,9.9,18.2
2026-08-26T17:00,14.6,0.00,0.00,0.00,8.5,17.1
2026-08-26T18:00,14.0,0.00,0.00,0.00,8.5,16.6
2026-08-26T19:00,13.9,0.00,0.00,0.00,7.4,14.5
2026-08-26T20:00,13.7,0.00,0.00,0.00,6.8,13.5
2026-08-26T21:00,13.6,0.00,0.00,0.00,6.2,12.4
2026-08-26T22:00,13.1,0.00,0.00,0.00,5.9,12.2
2026-08-26T23:00,12.6,0.00,0.00,0.00,6.0,12.3
2026-08-27T00:00,11.5,0.00,0.00,0.00,4.4,11.0
2026-08-27T01:00,11.3,0.00,0.00,0.00,5.7,12.8
2026-08-27T02:00,11.0,0.00,0.00,0.00,6.0,13.2
2026-08-27T03:00,10.8,0.00,0.00,0.00,6.0,12.8
2026-08-27T04:00,11.5,0.00,0.00,0.00,4.8,13.6
2026-08-27T05:00,12.6,0.00,0.00,0.00,6.0,10.1
2026-08-27T06:00,13.3,0.00,0.00,0.00,11.5,18.0
2026-08-27T07:00,13.5,0.00,0.00,0.00,11.2,17.6
2026-08-27T08:00,14.3,0.00,0.00,0.00,7.9,12.2
2026-08-27T09:00,14.8,0.00,0.00,0.00,5.6,8.5
2026-08-27T10:00,15.4,0.00,0.00,0.00,7.4,11.1
2026-08-27T11:00,15.8,0.00,0.00,0.00,6.6,10.2
2026-08-27T12:00,16.9,0.00,0.00,0.00,9.4,14.2
2026-08-27T13:00,17.2,0.00,0.00,0.00,9.0,13.5
2026-08-27T14:00,17.5,0.00,0.00,0.00,7.5,11.8
2026-08-27T15:00,17.4,0.00,0.00,0.00,4.8,8.6
2026-08-27T16:00,16.6,0.00,0.00,0.00,2.3,6.0
2026-08-27T17:00,15.8,0.00,0.00,0.00,0.4,1.4
2026-08-27T18:00,14.7,0.00,0.00,0.00,1.5,3.7
2026-08-27T19:00,13.7,0.00,0.00,0.00,2.4,4.9
2026-08-27T20:00,12.8,0.00,0.00,0.00,2.8,5.9
2026-08-27T21:00,12.2,0.00,0.00,0.00,2.7,5.4
2026-08-27T22:00,11.7,0.00,0.00,0.00,3.1,5.8
2026-08-27T23:00,11.2,0.00,0.00,0.00,4.2,8.3
2026-08-28T00:00,10.4,0.00,0.00,0.00,4.5,10.3
2026-08-28T01:00,10.1,0.00,0.00,0.00,6.5,14.1
2026-08-28T02:00,9.9,0.00,0.00,0.00,7.0,16.4
2026-08-28T03:00,10.0,0.00,0.00,0.00,6.7,16.4
2026-08-28T04:00,11.3,0.00,0.00,0.00,5.8,17.7
2026-08-28T05:00,13.0,0.00,0.00,0.00,6.3,16.8
2026-08-28T06:00,15.3,0.00,0.00,0.00,6.6,11.1
2026-08-28T07:00,16.5,0.00,0.00,0.00,5.3,8.5
2026-08-28T08:00,17.6,0.00,0.00,0.00,6.8,10.3
2026-08-28T09:00,18.5,0.00,0.00,0.00,6.7,9.9
2026-08-28T10:00,19.2,0.00,0.00,0.00,7.0,10.5
2026-08-28T11:00,19.8,0.00,0.00,0.00,8.6,12.9
2026-08-28T12:00,20.3,0.00,0.00,0.00,8.1,12.1
2026-08-28T13:00,20.2,0.00,0.00,0.00,7.2,10.6
2026-08-28T14:00,19.9,0.00,0.00,0.00,5.8,8.7
2026-08-28T15:00,19.4,0.00,0.00,0.00,4.8,7.6
2026-08-28T16:00,18.1,0.00,0.00,0.00,3.2,7.6
2026-08-28T17:00,17.0,0.00,0.00,0.00,4.9,13.0
2026-08-28T18:00,15.5,0.00,0.00,0.00,3.9,11.5
2026-08-28T19:00,15.1,0.00,0.00,0.00,2.2,8.3
2026-08-28T20:00,14.4,0.00,0.00,0.00,2.4,8.8
2026-08-28T21:00,14.2,0.00,0.00,0.00,3.0,10.4
2026-08-28T22:00,14.5,0.00,0.00,0.00,4.0,11.8
2026-08-28T23:00,14.0,0.00,0.00,0.00,5.2,13.5
2026-08-29T00:00,12.5,0.00,0.00,0.00,4.6,13.5
2026-08-29T01:00,12.2,0.00,0.00,0.00,5.0,14.0
2026-08-29T02:00,11.7,0.00,0.00,0.00,5.2,13.7
2026-08-29T03:00,11.6,0.00,0.00,0.00,5.9,14.6
2026-08-29T04:00,12.4,0.00,0.00,0.00,4.5,14.7
2026-08-29T05:00,13.5,0.00,0.00,0.00,4.2,8.8
2026-08-29T06:00,13.3,0.00,0.00,0.00,3.9,5.0
2026-08-29T07:00,15.2,0.20,0.00,0.00,4.8,7.8
2026-08-29T08:00,17.2,0.00,0.00,0.00,4.9,7.7
2026-08-29T09:00,19.3,0.00,0.00,0.00,5.1,7.6
2026-08-29T10:00,20.4,0.00,0.00,0.00,5.6,8.4
2026-08-29T11:00,20.5,0.00,0.00,0.00,7.1,10.5
2026-08-29T12:00,21.3,0.00,0.00,0.00,6.6,10.0
2026-08-29T13:00,21.2,0.00,0.00,0.00,6.3,9.4
2026-08-29T14:00,21.1,0.00,0.00,0.00,5.2,8.3
2026-08-29T15:00,20.8,0.00,0.00,0.00,5.4,9.4
2026-08-29T16:00,19.4,0.00,0.00,0.00,8.3,16.4
2026-08-29T17:00,17.9,0.00,0.00,0.00,8.2,18.5
2026-08-29T18:00,16.5,0.00,0.00,0.00,4.9,15.1
2026-08-29T19:00,16.2,0.00,0.00,0.00,6.0,15.7
2026-08-29T20:00,15.7,0.00,0.00,0.00,5.4,15.6
2026-08-29T21:00,15.2,0.00,0.00,0.00,6.0,15.7
2026-08-29T22:00,14.6,0.00,0.00,0.00,6.1,15.9
2026-08-29T23:00,14.1,0.00,0.00,0.00,6.7,17.2
2026-08-30T00:00,13.0,0.00,0.00,0.00,6.2,17.3
2026-08-30T01:00,12.9,0.00,0.00,0.00,7.6,19.0
2026-08-30T02:00,12.6,0.00,0.00,0.00,8.2,20.0
2026-08-30T03:00,12.3,0.00,0.00,0.00,8.2,20.0
2026-08-30T04:00,13.0,0.00,0.00,0.00,7.8,20.0
2026-08-30T05:00,14.1,0.00,0.00,0.00,6.7,17.8
2026-08-30T06:00,16.3,0.00,0.00,0.00,7.7,15.0
2026-08-30T07:00,18.1,0.00,0.00,0.00,8.7,14.9
2026-08-30T08:00,19.7,0.00,0.00,0.00,10.0,15.9
2026-08-30T09:00,20.9,0.00,0.00,0.00,12.2,19.1
2026-08-30T10:00,21.7,0.00,0.00,0.00,14.2,22.5
2026-08-30T11:00,22.0,0.00,0.00,0.00,14.4,23.2
2026-08-30T12:00,22.1,0.00,0.00,0.00,14.8,23.9
2026-08-30T13:00,22.0,0.00,0.00,0.00,15.2,24.6
2026-08-30T14:00,20.8,0.00,0.00,0.00,14.5,24.3
2026-08-30T15:00,19.2,0.10,0.00,0.00,10.0,19.2
2026-08-30T16:00,18.1,0.70,0.00,0.00,9.2,19.3
2026-08-30T17:00,17.3,0.70,0.00,0.00,10.1,21.0
2026-08-30T18:00,16.5,0.40,0.00,0.00,10.6,23.3
2026-08-30T19:00,16.2,1.00,0.00,0.00,10.0,23.1
2026-08-30T20:00,15.9,0.40,0.00,0.00,10.7,22.7
2026-08-30T21:00,15.9,0.00,0.00,0.00,9.5,21.0
2026-08-30T22:00,15.9,0.00,0.00,0.00,8.6,19.3
2026-08-30T23:00,15.9,0.00,0.00,0.00,7.9,17.7
2026-08-31T00:00,14.8,0.00,0.00,0.00,4.3,13.3
2026-08-31T01:00,14.6,0.00,0.00,0.00,4.0,12.0
2026-08-31T02:00,14.1,0.00,0.00,0.00,4.5,13.4
2026-08-31T03:00,13.9,0.00,0.00,0.00,5.1,14.4
2026-08-31T04:00,14.5,0.00,0.00,0.00,5.4,11.7
2026-08-31T05:00,15.2,0.00,0.00,0.00,5.1,8.1
2026-08-31T06:00,16.7,0.00,0.00,0.00,5.8,8.5
2026-08-31T07:00,17.9,0.00,0.00,0.00,5.8,8.7
2026-08-31T08:00,19.0,0.00,0.00,0.00,6.3,9.3
2026-08-31T09:00,19.8,0.00,0.00,0.00,6.6,9.9
2026-08-31T10:00,20.2,0.00,0.00,0.00,6.3,9.5
2026-08-31T11:00,20.8,0.00,0.00,0.00,7.2,11.2
2026-08-31T12:00,20.3,0.00,0.00,0.00,6.9,10.2
2026-08-31T13:00,20.5,0.00,0.00,0.00,6.1,9.3
2026-08-31T14:00,20.7,0.00,0.00,0.00,6.4,10.0
2026-08-31T15:00,20.3,0.00,0.00,0.00,6.2,11.2
2026-08-31T16:00,19.2,0.00,0.00,0.00,5.6,12.0
2026-08-31T17:00,18.2,0.00,0.00,0.00,3.9,10.1
2026-08-31T18:00,17.1,0.00,0.00,0.00,4.3,9.6
2026-08-31T19:00,16.7,0.00,0.00,0.00,6.0,13.7
2026-08-31T20:00,15.9,0.00,0.00,0.00,5.8,13.9
2026-08-31T21:00,15.3,0.00,0.00,0.00,6.2,15.1
2026-08-31T22:00,15.1,0.00,0.00,0.00,6.9,16.8
2026-08-31T23:00,14.9,0.00,0.00,0.00,7.1,17.4
2026-09-01T00:00,14.4,0.00,0.00,0.00,5.6,15.9
2026-09-01T01:00,14.2,0.00,0.00,0.00,6.9,16.5
2026-09-01T02:00,13.9,0.00,0.00,0.00,7.4,17.9
2026-09-01T03:00,13.8,0.00,0.00,0.00,7.6,18.3
2026-09-01T04:00,14.8,0.00,0.00,0.00,7.0,16.9
2026-09-01T05:00,16.0,0.00,0.00,0.00,6.2,22.5
2026-09-01T06:00,18.2,0.00,0.00,0.00,5.6,19.7
2026-09-01T07:00,20.2,0.00,0.00,0.00,6.7,12.1
2026-09-01T08:00,21.5,0.00,0.00,0.00,9.7,15.1
2026-09-01T09:00,22.3,0.00,0.00,0.00,9.4,14.4
2026-09-01T10:00,22.9,0.00,0.00,0.00,8.9,13.5
2026-09-01T11:00,23.1,0.00,0.00,0.00,9.5,14.9
2026-09-01T12:00,24.2,0.00,0.00,0.00,9.6,15.0
2026-09-01T13:00,23.9,0.00,0.00,0.00,9.5,15.5
2026-09-01T14:00,23.5,0.00,0.00,0.00,8.7,15.8
2026-09-01T15:00,22.7,0.00,0.00,0.00,8.2,16.7
2026-09-01T16:00,21.4,0.00,0.00,0.00,7.8,18.5
2026-09-01T17:00,20.5,0.00,0.00,0.00,9.4,21.2
2026-09-01T18:00,20.1,0.00,0.00,0.00,10.5,23.0
2026-09-01T19:00,19.9,0.00,0.00,0.00,11.5,23.9
2026-09-01T20:00,19.4,0.00,0.00,0.00,10.9,22.6
2026-09-01T21:00,18.6,0.00,0.00,0.00,10.7,22.3
2026-09-01T22:00,18.1,0.00,0.00,0.00,11.9,23.3
2026-09-01T23:00,17.5,0.00,0.00,0.00,11.9,22.8
2026-09-02T00:00,17.6,0.60,0.00,0.00,14.5,27.8
2026-09-02T01:00,17.4,0.00,0.00,0.00,12.7,25.0
2026-09-02T02:00,17.0,0.00,0.00,0.00,12.2,23.4
2026-09-02T03:00,16.6,0.10,0.00,0.00,12.9,24.1
2026-09-02T04:00,16.8,0.00,0.00,0.00,12.6,22.3
2026-09-02T05:00,16.9,0.00,0.00,0.00,12.1,20.4
2026-09-02T06:00,17.8,0.00,0.00,0.00,14.8,24.0
2026-09-02T07:00,18.6,0.20,0.00,0.00,15.3,24.4
2026-09-02T08:00,19.1,0.10,0.00,0.00,15.3,24.3
2026-09-02T09:00,19.7,0.20,0.00,0.00,15.3,24.2
2026-09-02T10:00,20.4,0.10,0.00,0.00,16.0,25.5
2026-09-02T11:00,20.5,0.10,0.00,0.00,15.9,25.2
2026-09-02T12:00,20.4,0.10,0.00,0.00,17.4,28.0
2026-09-02T13:00,20.2,0.00,0.00,0.00,17.7,28.9
2026-09-02T14:00,19.9,0.00,0.00,0.00,18.2,30.5
2026-09-02T15:00,19.0,0.00,0.00,0.00,16.3,28.4
2026-09-02T16:00,18.1,0.00,0.00,0.00,14.4,26.7
2026-09-02T17:00,17.3,0.00,0.00,0.00,13.8,26.3
2026-09-02T18:00,16.0,0.00,0.00,0.00,13.2,25.2
2026-09-02T19:00,15.5,0.00,0.00,0.00,12.9,24.4
2026-09-02T20:00,15.2,0.00,0.00,0.00,12.6,24.1
2026-09-02T21:00,14.8,0.00,0.00,0.00,11.4,22.1
2026-09-02T22:00,14.4,0.00,0.00,0.00,10.6,21.3
2026-09-02T23:00,14.1,0.00,0.00,0.00,10.2,21.2
2026-09-03T00:00,13.8,0.00,0.00,0.00,8.5,18.8
2026-09-03T01:00,13.5,0.00,0.00,0.00,8.8,18.7
2026-09-03T02:00,13.1,0.00,0.00,0.00,9.3,19.4
2026-09-03T03:00,12.8,0.00,0.00,0.00,9.1,19.2
2026-09-03T04:00,13.3,0.00,0.00,0.00,7.7,18.2
2026-09-03T05:00,14.3,0.00,0.00,0.00,9.6,15.5
2026-09-03T06:00,15.4,0.00,0.00,0.00,9.5,14.4
2026-09-03T07:00,16.5,0.20,0.00,0.00,11.2,17.8
2026-09-03T08:00,17.5,0.10,0.00,0.00,11.9,18.7
2026-09-03T09:00,18.4,0.10,0.00,0.00,10.3,16.0
2026-09-03T10:00,19.4,0.00,0.00,0.00,11.4,17.6
2026-09-03T11:00,19.4,0.00,0.00,0.00,11.9,18.6
2026-09-03T12:00,19.0,0.10,0.00,0.00,8.8,13.5
2026-09-03T13:00,19.4,0.00,0.00,0.00,7.9,12.1
2026-09-03T14:00,19.2,0.00,0.00,0.00,7.5,11.6
2026-09-03T15:00,18.7,0.00,0.00,0.00,6.9,12.2
2026-09-03T16:00,17.6,0.00,0.00,0.00,5.6,12.5
2026-09-03T17:00,16.8,0.00,0.00,0.00,7.1,16.0
2026-09-03T18:00,16.5,0.00,0.00,0.00,7.3,17.4
2026-09-03T19:00,15.9,0.00,0.00,0.00,7.0,16.0
2026-09-03T20:00,15.1,0.00,0.00,0.00,6.0,14.2
2026-09-03T21:00,14.5,0.00,0.00,0.00,6.0,13.8
2026-09-03T22:00,14.2,0.00,0.00,0.00,6.1,13.7
2026-09-03T23:00,13.7,0.00,0.00,0.00,6.4,14.4
2026-09-04T00:00,13.2,0.00,0.00,0.00,5.6,13.7
2026-09-04T01:00,12.8,0.00,0.00,0.00,5.7,13.2
2026-09-04T02:00,12.5,0.00,0.00,0.00,5.6,12.8
2026-09-04T03:00,12.3,0.00,0.00,0.00,5.7,13.8
2026-09-04T04:00,13.0,0.00,0.00,0.00,5.9,14.7
2026-09-04T05:00,14.1,0.00,0.00,0.00,3.7,14.7
2026-09-04T06:00,15.7,0.00,0.00,0.00,4.0,7.6
2026-09-04T07:00,17.4,0.00,0.00,0.00,7.5,11.7
2026-09-04T08:00,18.4,0.00,0.00,0.00,8.7,13.5
2026-09-04T09:00,19.4,0.10,0.00,0.00,8.9,13.5
2026-09-04T10:00,20.1,0.20,0.00,0.00,8.8,13.4
2026-09-04T11:00,20.5,0.20,0.00,0.00,9.8,14.9
2026-09-04T12:00,20.9,0.30,0.00,0.00,8.9,13.4
2026-09-04T13:00,20.9,0.00,0.00,0.00,9.4,14.4
2026-09-04T14:00,20.6,0.00,0.00,0.00,10.5,16.7
2026-09-04T15:00,19.9,0.00,0.00,0.00,9.8,17.3
2026-09-04T16:00,18.7,0.00,0.00,0.00,8.5,18.4
2026-09-04T17:00,17.7,0.00,0.00,0.00,9.7,20.9
2026-09-04T18:00,17.2,0.00,0.00,0.00,9.7,21.8
2026-09-04T19:00,16.6,0.00,0.00,0.00,11.6,24.2
2026-09-04T20:00,16.2,0.00,0.00,0.00,11.6,24.1
2026-09-04T21:00,15.6,0.00,0.00,0.00,11.8,24.6
2026-09-04T22:00,15.1,0.00,0.00,0.00,11.9,24.9
2026-09-04T23:00,14.8,0.00,0.00,0.00,12.2,25.2
2026-09-05T00:00,14.5,0.00,0.00,0.00,11.7,25.0
2026-09-05T01:00,14.5,0.00,0.00,0.00,12.9,25.9
2026-09-05T02:00,14.3,0.00,0.00,0.00,14.0,27.3
2026-09-05T03:00,13.7,0.80,0.00,0.00,13.9,27.0
2026-09-05T04:00,13.5,1.70,0.00,0.00,17.1,31.5
2026-09-05T05:00,13.9,1.80,0.00,0.00,18.5,35.3
2026-09-05T06:00,14.2,2.60,0.00,0.00,23.6,42.4
2026-09-05T07:00,14.6,3.70,0.00,0.00,26.9,46.8
2026-09-05T08:00,15.2,0.80,0.00,0.00,26.4,45.7
2026-09-05T09:00,15.6,1.20,0.00,0.00,26.8,46.8
2026-09-05T10:00,17.2,0.60,0.00,0.00,24.2,42.1
2026-09-05T11:00,19.5,0.10,0.00,0.00,27.6,46.0
2026-09-05T12:00,18.7,0.00,0.00,0.00,24.8,40.9
2026-09-05T13:00,18.0,0.00,0.00,0.00,23.3,37.8
2026-09-05T14:00,17.8,0.00,0.00,0.00,20.9,35.8
2026-09-05T15:00,17.2,0.00,0.00,0.00,18.2,32.1
2026-09-05T16:00,16.3,0.00,0.00,0.00,15.8,29.1
2026-09-05T17:00,15.6,0.00,0.00,0.00,13.2,25.6
2026-09-05T18:00,15.1,0.00,0.00,0.00,13.4,25.7
2026-09-05T19:00,14.4,0.10,0.00,0.00,12.2,23.9
2026-09-05T20:00,13.9,0.10,0.00,0.00,11.5,23.0
2026-09-05T21:00,13.5,0.10,0.00,0.00,11.9,23.1
2026-09-05T22:00,12.9,0.10,0.00,0.00,11.3,22.2
2026-09-05T23:00,12.5,0.00,0.00,0.00,10.4,20.1
2026-09-06T00:00,12.2,2.30,0.00,0.00,6.3,14.8
2026-09-06T01:00,11.8,0.00,0.00,0.00,7.0,15.4
2026-09-06T02:00,11.4,0.00,0.00,0.00,7.1,15.6
2026-09-06T03:00,11.3,0.00,0.00,0.00,8.5,17.5
2026-09-06T04:00,11.5,0.60,0.00,0.00,8.6,16.3
2026-09-06T05:00,12.1,0.10,0.00,0.00,11.2,18.5
2026-09-06T06:00,13.1,0.10,0.00,0.00,10.0,15.6
2026-09-06T07:00,14.0,0.20,0.00,0.00,11.5,18.0
2026-09-06T08:00,14.8,0.10,0.00,0.00,11.2,17.5
2026-09-06T09:00,15.5,0.10,0.00,0.00,12.3,19.2
2026-09-06T10:00,16.0,0.20,0.00,0.00,12.1,19.3
2026-09-06T11:00,16.2,0.10,0.00,0.00,11.1,17.3
2026-09-06T12:00,16.5,0.60,0.00,0.00,10.5,16.4
2026-09-06T13:00,15.2,0.30,0.00,0.00,12.9,20.3
2026-09-06T14:00,14.7,0.40,0.00,0.00,8.3,13.4
2026-09-06T15:00,14.7,0.00,0.00,0.00,8.8,14.9
2026-09-06T16:00,13.7,0.10,0.00,0.00,9.6,18.7
2026-09-06T17:00,13.0,0.20,0.00,0.00,8.5,16.9
2026-09-06T18:00,12.2,0.00,0.00,0.00,9.6,20.8
2026-09-06T19:00,12.1,0.00,0.00,0.00,9.9,21.6
2026-09-06T20:00,11.7,0.00,0.00,0.00,10.1,21.9
2026-09-06T21:00,11.4,0.00,0.00,0.00,11.6,22.8
2026-09-06T22:00,11.1,0.00,0.00,0.00,11.7,22.8
2026-09-06T23:00,10.7,0.00,0.00,0.00,11.5,22.2
2026-09-07T00:00,10.5,0.00,0.00,0.00,10.3,20.7
2026-09-07T01:00,10.2,0.00,0.00,0.00,11.0,21.7
2026-09-07T02:00,9.8,0.00,0.00,0.00,10.8,21.5
2026-09-07T03:00,9.3,0.00,0.00,0.00,11.4,22.3
2026-09-07T04:00,9.6,0.00,0.00,0.00,12.0,21.3
2026-09-07T05:00,10.3,0.00,0.00,0.00,12.2,20.3
2026-09-07T06:00,10.9,0.20,0.00,0.00,14.5,23.5
2026-09-07T07:00,11.5,0.10,0.00,0.00,16.3,26.0
2026-09-07T08:00,12.6,0.00,0.00,0.00,15.9,25.2
2026-09-07T09:00,13.4,0.00,0.00,0.00,17.2,27.5
2026-09-07T10:00,12.9,0.00,0.00,0.00,17.1,27.5
2026-09-07T11:00,12.6,0.00,0.00,0.00,16.6,26.8
2026-09-07T12:00,12.5,0.00,0.00,0.00,16.5,26.1
2026-09-07T13:00,12.7,0.00,0.00,0.00,16.1,26.4
2026-09-07T14:00,12.3,0.00,0.00,0.00,15.3,25.6
2026-09-07T15:00,11.5,0.00,0.00,0.00,12.4,22.3
2026-09-07T16:00,11.0,0.00,0.00,0.00,14.1,24.3
2026-09-07T17:00,10.5,0.00,0.00,0.00,12.5,22.8
2026-09-07T18:00,9.5,0.00,0.00,0.00,10.6,19.0
2026-09-07T19:00,9.4,0.00,0.00,0.00,10.0,18.2
2026-09-07T20:00,9.4,0.00,0.00,0.00,10.7,19.3
2026-09-07T21:00,9.4,0.00,0.00,0.00,10.8,19.5
2026-09-07T22:00,9.5,0.00,0.00,0.00,10.6,20.0
2026-09-07T23:00,9.5,0.00,0.00,0.00,9.8,18.7
2026-09-08T00:00,8.8,0.00,0.00,0.00,9.6,19.2
2026-09-08T01:00,8.2,0.00,0.00,0.00,9.9,19.7
2026-09-08T02:00,7.6,0.00,0.00,0.00,10.4,20.3
2026-09-08T03:00,7.2,0.00,0.00,0.00,10.7,21.0
2026-09-08T04:00,7.4,0.00,0.00,0.00,9.3,17.4
2026-09-08T05:00,8.1,0.00,0.00,0.00,9.3,15.8
2026-09-08T06:00,9.1,0.00,0.00,0.00,11.2,18.3
2026-09-08T07:00,10.3,0.00,0.00,0.00,13.6,21.6
2026-09-08T08:00,11.2,0.00,0.00,0.00,13.7,21.5
2026-09-08T09:00,11.7,0.00,0.00,0.00,12.9,20.0
2026-09-08T10:00,12.6,0.00,0.00,0.00,11.8,18.5
2026-09-08T11:00,13.1,0.00,0.00,0.00,11.8,18.3
2026-09-08T12:00,14.2,0.00,0.00,0.00,9.4,14.3
2026-09-08T13:00,14.5,0.00,0.00,0.00,8.5,13.1
2026-09-08T14:00,14.4,0.00,0.00,0.00,8.1,13.1
2026-09-08T15:00,13.7,0.00,0.00,0.00,6.5,12.6
2026-09-08T16:00,12.1,0.00,0.00,0.00,6.5,14.7
2026-09-08T17:00,11.1,0.00,0.00,0.00,6.0,14.8
2026-09-08T18:00,10.1,0.00,0.00,0.00,4.1,12.9
2026-09-08T19:00,9.7,0.00,0.00,0.00,4.1,12.1
2026-09-08T20:00,8.9,0.00,0.00,0.00,3.1,10.2
2026-09-08T21:00,8.2,0.00,0.00,0.00,3.0,8.0
2026-09-08T22:00,7.8,0.00,0.00,0.00,5.1,11.5
2026-09-08T23:00,7.3,0.00,0.00,0.00,4.9,12.6
2026-09-09T00:00,6.6,0.00,0.00,0.00,3.6,10.2
2026-09-09T01:00,6.4,0.00,0.00,0.00,3.3,7.6
2026-09-09T02:00,6.2,0.00,0.00,0.00,4.3,9.6
2026-09-09T03:00,6.1,0.00,0.00,0.00,3.8,11.0
2026-09-09T04:00,7.3,0.00,0.00,0.00,3.9,10.6
2026-09-09T05:00,9.0,0.00,0.00,0.00,3.8,11.5
2026-09-09T06:00,11.3,0.00,0.00,0.00,3.2,11.9
2026-09-09T07:00,13.6,0.00,0.00,0.00,2.7,5.6
2026-09-09T08:00,16.0,0.00,0.00,0.00,3.6,5.9
2026-09-09T09:00,17.8,0.00,0.00,0.00,6.3,10.0
2026-09-09T10:00,19.2,0.00,0.00,0.00,9.7,14.9
2026-09-09T11:00,20.2,0.00,0.00,0.00,9.9,15.5
2026-09-09T12:00,20.3,0.00,0.00,0.00,6.7,10.2
2026-09-09T13:00,20.4,0.00,0.00,0.00,7.1,11.1
2026-09-09T14:00,20.2,0.00,0.00,0.00,7.4,13.0
2026-09-09T15:00,19.3,0.00,0.00,0.00,5.4,12.6
2026-09-09T16:00,17.5,0.00,0.00,0.00,4.5,13.0
2026-09-09T17:00,16.7,0.00,0.00,0.00,5.5,13.9
2026-09-09T18:00,16.0,0.00,0.00,0.00,6.0,15.9
2026-09-09T19:00,15.5,0.00,0.00,0.00,7.4,17.5
2026-09-09T20:00,14.9,0.00,0.00,0.00,7.6,18.2
2026-09-09T21:00,14.4,0.00,0.00,0.00,7.6,18.8
2026-09-09T22:00,13.9,0.00,0.00,0.00,7.5,18.7
2026-09-09T23:00,13.5,0.00,0.00,0.00,7.5,18.9
2026-09-10T00:00,12.8,0.00,0.00,0.00,6.5,17.8
2026-09-10T01:00,12.7,0.00,0.00,0.00,7.6,18.7
2026-09-10T02:00,12.3,0.00,0.00,0.00,7.3,18.1
2026-09-10T03:00,12.1,0.00,0.00,0.00,7.7,18.6
2026-09-10T04:00,12.6,0.00,0.00,0.00,7.8,18.4
2026-09-10T05:00,13.8,0.00,0.00,0.00,6.3,21.1
2026-09-10T06:00,16.0,0.00,0.00,0.00,6.1,19.9
2026-09-10T07:00,18.0,0.00,0.00,0.00,6.4,11.9
2026-09-10T08:00,20.0,0.00,0.00,0.00,8.0,13.0
2026-09-10T09:00,21.6,0.00,0.00,0.00,9.2,14.6
2026-09-10T10:00,22.9,0.00,0.00,0.00,10.9,17.0
2026-09-10T11:00,23.6,0.00,0.00,0.00,12.2,19.5
2026-09-10T12:00,24.3,0.00,0.00,0.00,11.9,19.3
2026-09-10T13:00,24.2,0.00,0.00,0.00,11.2,19.2
2026-09-10T14:00,23.8,0.00,0.00,0.00,9.2,17.6
2026-09-10T15:00,22.6,0.00,0.00,0.00,9.2,19.3
2026-09-10T16:00,21.0,0.00,0.00,0.00,10.0,22.1
2026-09-10T17:00,20.0,0.00,0.00,0.00,10.2,23.1
2026-09-10T18:00,19.3,0.00,0.00,0.00,10.4,24.2
2026-09-10T19:00,18.7,0.00,0.00,0.00,10.7,24.3
2026-09-10T20:00,18.1,0.00,0.00,0.00,10.5,23.8
2026-09-10T21:00,17.7,0.00,0.00,0.00,10.3,23.4
2026-09-10T22:00,17.3,0.00,0.00,0.00,10.5,23.6
2026-09-10T23:00,16.9,0.00,0.00,0.00,10.2,23.4
2026-09-11T00:00,16.5,0.00,0.00,0.00,9.5,21.6
2026-09-11T01:00,15.9,0.50,0.00,0.00,10.8,22.7
2026-09-11T02:00,14.9,3.30,0.00,0.00,11.6,22.8
2026-09-11T03:00,14.5,3.30,0.00,0.00,11.9,22.0
2026-09-11T04:00,14.1,1.60,0.00,0.00,12.6,22.0
2026-09-11T05:00,13.5,0.00,0.00,0.00,14.2,23.1
2026-09-11T06:00,13.9,0.00,0.00,0.00,14.3,23.1
2026-09-11T07:00,14.4,0.00,0.00,0.00,15.0,24.0
2026-09-11T08:00,15.1,0.00,0.00,0.00,14.8,23.4
2026-09-11T09:00,15.7,0.00,0.00,0.00,16.5,26.0
2026-09-11T10:00,15.9,0.00,0.00,0.00,16.1,26.0
2026-09-11T11:00,15.5,0.40,0.00,0.00,19.4,31.6
2026-09-11T12:00,13.3,0.30,0.00,0.00,12.5,20.9
2026-09-11T13:00,14.6,0.10,0.00,0.00,12.2,20.0
2026-09-11T14:00,14.8,0.10,0.00,0.00,15.8,26.2
2026-09-11T15:00,14.6,0.00,0.00,0.00,13.0,23.5
2026-09-11T16:00,13.9,0.00,0.00,0.00,14.9,27.2
2026-09-11T17:00,13.0,0.00,0.00,0.00,12.8,24.0
2026-09-11T18:00,12.3,0.00,0.00,0.00,12.1,23.1
2026-09-11T19:00,12.2,0.00,0.00,0.00,12.8,24.2
2026-09-11T20:00,11.8,0.00,0.00,0.00,11.0,21.6
2026-09-11T21:00,11.6,0.00,0.00,0.00,11.2,21.8
2026-09-11T22:00,11.6,0.00,0.00,0.00,12.2,23.1
2026-09-11T23:00,11.2,0.00,0.00,0.00,12.4,23.9
2026-09-12T00:00,10.7,0.00,0.00,0.00,11.2,22.8
2026-09-12T01:00,10.3,0.00,0.00,0.00,11.6,23.6
2026-09-12T02:00,9.9,0.00,0.00,0.00,11.7,23.8
2026-09-12T03:00,9.6,0.00,0.00,0.00,11.5,23.4
2026-09-12T04:00,9.8,0.00,0.00,0.00,11.5,22.5
2026-09-12T05:00,10.6,0.00,0.00,0.00,8.7,18.2
2026-09-12T06:00,12.2,0.00,0.00,0.00,10.8,18.0
2026-09-12T07:00,13.7,0.00,0.00,0.00,12.4,19.9
2026-09-12T08:00,15.1,0.00,0.00,0.00,16.9,27.0
2026-09-12T09:00,15.7,0.00,0.00,0.00,16.6,26.6
2026-09-12T10:00,15.6,0.00,0.00,0.00,14.2,22.9
2026-09-12T11:00,16.2,0.00,0.00,0.00,14.1,22.7
2026-09-12T12:00,16.4,0.00,0.00,0.00,13.2,21.5
2026-09-12T13:00,16.2,0.00,0.00,0.00,10.9,18.4
2026-09-12T14:00,16.1,0.00,0.00,0.00,9.6,16.7
2026-09-12T15:00,15.3,0.00,0.00,0.00,8.2,16.1
2026-09-12T16:00,14.1,0.00,0.00,0.00,7.6,16.7
2026-09-12T17:00,13.2,0.00,0.00,0.00,7.4,17.0
2026-09-12T18:00,12.6,0.00,0.00,0.00,7.4,18.2
2026-09-12T19:00,11.9,0.00,0.00,0.00,8.3,19.1
2026-09-12T20:00,11.2,0.00,0.00,0.00,8.7,19.3
2026-09-12T21:00,10.5,0.00,0.00,0.00,8.6,18.9
2026-09-12T22:00,9.9,0.00,0.00,0.00,8.3,18.3
2026-09-12T23:00,9.4,0.00,0.00,0.00,8.1,17.9
2026-09-13T00:00,8.9,0.00,0.00,0.00,7.6,17.6
2026-09-13T01:00,8.6,0.00,0.00,0.00,7.8,17.3
2026-09-13T02:00,8.2,0.00,0.00,0.00,8.0,18.0
2026-09-13T03:00,7.9,0.00,0.00,0.00,7.8,17.5
2026-09-13T04:00,8.2,0.00,0.00,0.00,7.6,16.2
2026-09-13T05:00,9.2,0.00,0.00,0.00,6.0,19.6
2026-09-13T06:00,10.8,0.00,0.00,0.00,5.6,12.1
2026-09-13T07:00,12.8,0.00,0.00,0.00,5.5,9.4
2026-09-13T08:00,14.5,0.00,0.00,0.00,9.7,15.1
2026-09-13T09:00,15.3,0.00,0.00,0.00,10.5,16.5
2026-09-13T10:00,15.6,0.00,0.00,0.00,11.6,18.3
2026-09-13T11:00,15.6,0.00,0.00,0.00,10.9,17.3
2026-09-13T12:00,15.8,0.00,0.00,0.00,9.7,16.1
2026-09-13T13:00,15.7,0.00,0.00,0.00,8.7,15.2
2026-09-13T14:00,15.7,0.00,0.00,0.00,7.2,13.4
2026-09-13T15:00,15.1,0.00,0.00,0.00,6.8,14.3
2026-09-13T16:00,13.7,0.00,0.00,0.00,7.5,17.5
2026-09-13T17:00,13.5,0.00,0.00,0.00,8.3,19.0
2026-09-13T18:00,12.8,0.00,0.00,0.00,8.3,19.3
2026-09-13T19:00,12.1,0.00,0.00,0.00,6.9,16.2
2026-09-13T20:00,11.4,0.00,0.00,0.00,7.0,16.3
2026-09-13T21:00,11.1,0.00,0.00,0.00,7.6,17.5
2026-09-13T22:00,10.8,0.00,0.00,0.00,7.3,17.1
2026-09-13T23:00,10.3,0.00,0.00,0.00,7.1,16.6
2026-09-14T00:00,9.5,0.00,0.00,0.00,5.4,14.7
2026-09-14T01:00,9.3,0.00,0.00,0.00,6.3,14.1
2026-09-14T02:00,9.2,0.00,0.00,0.00,6.7,15.6
2026-09-14T03:00,9.1,0.00,0.00,0.00,6.7,16.0
2026-09-14T04:00,9.6,0.00,0.00,0.00,7.3,15.9
2026-09-14T05:00,10.7,0.00,0.00,0.00,5.6,17.8
2026-09-14T06:00,12.2,0.00,0.00,0.00,4.1,14.2
2026-09-14T07:00,14.4,0.00,0.00,0.00,4.2,7.3
2026-09-14T08:00,16.1,0.00,0.00,0.00,5.6,8.7
2026-09-14T09:00,17.2,0.00,0.00,0.00,7.2,10.8
2026-09-14T10:00,18.0,0.00,0.00,0.00,7.7,11.7
2026-09-14T11:00,18.1,0.00,0.00,0.00,7.6,11.5
2026-09-14T12:00,18.6,0.00,0.00,0.00,6.7,10.0
2026-09-14T13:00,18.4,0.00,0.00,0.00,5.3,8.4
2026-09-14T14:00,18.3,0.00,0.00,0.00,2.7,5.5
2026-09-14T15:00,17.3,0.00,0.00,0.00,2.2,5.7
2026-09-14T16:00,15.6,0.00,0.00,0.00,3.7,8.1
2026-09-14T17:00,14.7,0.00,0.00,0.00,3.8,9.8
2026-09-14T18:00,13.8,0.00,0.00,0.00,3.8,10.0
2026-09-14T19:00,13.8,0.00,0.00,0.00,4.5,10.1
2026-09-14T20:00,13.0,0.00,0.00,0.00,3.4,7.3
2026-09-14T21:00,12.5,0.00,0.00,0.00,3.0,4.5
2026-09-14T22:00,12.4,0.00,0.00,0.00,4.3,7.7
2026-09-14T23:00,12.3,0.00,0.00,0.00,4.3,9.3
2026-09-15T00:00,10.6,0.00,0.00,0.00,2.5,6.8
2026-09-15T01:00,10.5,0.00,0.00,0.00,3.1,5.1
2026-09-15T02:00,10.2,0.00,0.00,0.00,4.4,7.2
2026-09-15T03:00,10.0,0.00,0.00,0.00,4.2,9.6
2026-09-15T04:00,10.6,0.00,0.00,0.00,4.9,11.5
2026-09-15T05:00,11.8,0.00,0.00,0.00,4.6,13.0
2026-09-15T06:00,13.4,0.00,0.00,0.00,3.7,13.9
2026-09-15T07:00,15.0,0.00,0.00,0.00,4.7,8.1
2026-09-15T08:00,16.2,0.10,0.00,0.00,6.5,9.7
2026-09-15T09:00,17.1,0.10,0.00,0.00,7.1,10.8
2026-09-15T10:00,17.6,0.10,0.00,0.00,8.5,13.0
2026-09-15T11:00,18.1,0.00,0.00,0.00,8.8,13.7
2026-09-15T12:00,18.0,0.00,0.00,0.00,10.4,15.9
2026-09-15T13:00,17.8,0.00,0.00,0.00,10.8,17.0
2026-09-15T14:00,17.2,0.00,0.00,0.00,10.1,16.8
2026-09-15T15:00,16.1,0.00,0.00,0.00,9.5,17.6
2026-09-15T16:00,14.6,0.00,0.00,0.00,9.1,19.3
2026-09-15T17:00,13.8,0.00,0.00,0.00,9.0,20.0
2026-09-15T18:00,13.1,0.00,0.00,0.00,8.0,19.0
2026-09-15T19:00,12.2,0.00,0.00,0.00,7.8,17.6
2026-09-15T20:00,11.4,0.00,0.00,0.00,7.9,18.0
2026-09-15T21:00,10.7,0.00,0.00,0.00,8.1,18.4
2026-09-15T22:00,10.0,0.00,0.00,0.00,7.4,17.4
2026-09-15T23:00,9.5,0.00,0.00,0.00,7.3,16.9
2026-09-16T00:00,8.8,0.00,0.00,0.00,6.1,15.9
2026-09-16T01:00,8.1,0.00,0.00,0.00,7.1,15.9
2026-09-16T02:00,7.7,0.00,0.00,0.00,7.1,16.2
2026-09-16T03:00,7.3,0.00,0.00,0.00,6.5,15.0
2026-09-16T04:00,7.7,0.00,0.00,0.00,6.0,13.7
2026-09-16T05:00,8.9,0.00,0.00,0.00,4.4,15.5
2026-09-16T06:00,10.6,0.00,0.00,0.00,4.1,9.1
2026-09-16T07:00,12.8,0.00,0.00,0.00,4.7,8.0
2026-09-16T08:00,14.0,0.00,0.00,0.00,8.0,12.4
2026-09-16T09:00,14.7,0.00,0.00,0.00,7.6,11.6
2026-09-16T10:00,15.3,0.00,0.00,0.00,6.5,9.7
2026-09-16T11:00,15.8,0.00,0.00,0.00,4.8,7.3
2026-09-16T12:00,16.6,0.00,0.00,0.00,4.0,6.0
2026-09-16T13:00,16.8,0.00,0.00,0.00,3.3,5.4
2026-09-16T14:00,16.8,0.00,0.00,0.00,2.3,4.0
2026-09-16T15:00,15.9,0.00,0.00,0.00,1.5,1.2
2026-09-16T16:00,14.1,0.00,0.00,0.00,2.8,4.2
2026-09-16T17:00,13.3,0.00,0.00,0.00,4.2,7.4
2026-09-16T18:00,12.1,0.00,0.00,0.00,4.4,11.8
2026-09-16T19:00,11.8,0.00,0.00,0.00,5.6,14.9
2026-09-16T20:00,11.4,0.00,0.00,0.00,6.8,17.0
2026-09-16T21:00,11.0,0.00,0.00,0.00,7.3,17.9
2026-09-16T22:00,10.5,0.00,0.00,0.00,7.0,17.2
2026-09-16T23:00,10.1,0.00,0.00,0.00,7.8,18.8
2026-09-17T00:00,9.9,0.00,0.00,0.00,8.6,20.9
2026-09-17T01:00,9.8,0.00,0.00,0.00,9.2,22.0
2026-09-17T02:00,9.7,0.00,0.00,0.00,8.8,21.1
2026-09-17T03:00,9.6,0.00,0.00,0.00,8.8,20.9
2026-09-17T04:00,10.0,0.00,0.00,0.00,9.1,21.3
2026-09-17T05:00,11.3,0.00,0.00,0.00,8.0,23.8
2026-09-17T06:00,13.0,0.00,0.00,0.00,7.6,28.8
2026-09-17T07:00,15.1,0.00,0.00,0.00,7.6,14.4
2026-09-17T08:00,16.7,0.00,0.00,0.00,8.3,13.9
2026-09-17T09:00,18.2,0.00,0.00,0.00,9.4,14.7
2026-09-17T10:00,19.4,0.00,0.00,0.00,11.3,17.6
2026-09-17T11:00,20.1,0.00,0.00,0.00,13.4,21.7
2026-09-17T12:00,20.9,0.00,0.00,0.00,12.6,19.9
2026-09-17T13:00,20.7,0.00,0.00,0.00,12.0,21.1
2026-09-17T14:00,19.8,0.00,0.00,0.00,11.6,22.0
2026-09-17T15:00,18.6,0.00,0.00,0.00,11.0,22.4
2026-09-17T16:00,17.2,0.00,0.00,0.00,11.3,24.3
2026-09-17T17:00,16.4,0.00,0.00,0.00,12.2,26.5
2026-09-17T18:00,16.0,0.00,0.00,0.00,11.9,26.2
2026-09-17T19:00,15.2,0.00,0.00,0.00,11.4,25.5
2026-09-17T20:00,14.5,0.00,0.00,0.00,12.2,26.5
2026-09-17T21:00,14.1,0.00,0.00,0.00,13.2,28.0
2026-09-17T22:00,13.9,0.00,0.00,0.00,13.3,28.5
2026-09-17T23:00,13.8,0.00,0.00,0.00,13.2,28.0
2026-09-18T00:00,14.0,0.00,0.00,0.00,13.4,28.0
2026-09-18T01:00,14.0,0.00,0.00,0.00,12.7,26.2
2026-09-18T02:00,13.6,0.00,0.00,0.00,11.8,24.7
2026-09-18T03:00,13.5,0.00,0.00,0.00,11.0,22.5
2026-09-18T04:00,13.2,0.10,0.00,0.00,9.8,20.0
2026-09-18T05:00,12.8,0.50,0.00,0.00,9.3,19.0
2026-09-18T06:00,12.9,0.20,0.00,0.00,6.6,13.8
2026-09-18T07:00,13.9,0.20,0.00,0.00,6.7,10.4
2026-09-18T08:00,14.0,0.40,0.00,0.00,7.9,13.1
2026-09-18T09:00,14.1,0.20,0.00,0.00,7.7,12.0
2026-09-18T10:00,14.4,0.00,0.00,0.00,5.9,9.3
2026-09-18T11:00,14.6,0.00,0.00,0.00,6.5,10.3
2026-09-18T12:00,15.6,0.00,0.00,0.00,8.4,13.1
2026-09-18T13:00,16.3,0.00,0.00,0.00,7.9,12.3
2026-09-18T14:00,16.0,0.00,0.00,0.00,7.9,13.5
2026-09-18T15:00,15.2,0.10,0.00,0.00,7.0,14.2
2026-09-18T16:00,14.0,0.00,0.00,0.00,6.7,15.0
2026-09-18T17:00,13.4,0.00,0.00,0.00,6.8,15.9
2026-09-18T18:00,12.6,0.00,0.00,0.00,6.8,17.1
2026-09-18T19:00,12.2,0.00,0.00,0.00,7.5,17.6
2026-09-18T20:00,11.7,0.00,0.00,0.00,7.2,16.9
2026-09-18T21:00,11.1,0.00,0.00,0.00,6.9,16.3
2026-09-18T22:00,10.6,0.00,0.00,0.00,6.7,16.3
2026-09-18T23:00,10.3,0.00,0.00,0.00,6.7,16.3
2026-09-19T00:00,9.7,0.00,0.00,0.00,4.6,14.1
2026-09-19T01:00,9.4,0.00,0.00,0.00,6.7,15.5
2026-09-19T02:00,9.2,0.00,0.00,0.00,7.4,17.4
2026-09-19T03:00,8.9,0.00,0.00,0.00,8.0,19.0
2026-09-19T04:00,9.2,0.00,0.00,0.00,8.3,19.2
2026-09-19T05:00,10.5,0.00,0.00,0.00,8.6,21.2
2026-09-19T06:00,11.9,0.00,0.00,0.00,6.4,20.9
2026-09-19T07:00,13.7,0.00,0.00,0.00,7.6,14.1
2026-09-19T08:00,14.6,0.00,0.00,0.00,9.8,15.8
2026-09-19T09:00,14.9,0.00,0.00,0.00,12.0,19.4
2026-09-19T10:00,16.1,0.00,0.00,0.00,14.9,24.0
2026-09-19T11:00,16.5,0.00,0.00,0.00,13.7,21.8
2026-09-19T12:00,17.4,0.00,0.00,0.00,11.5,18.1
2026-09-19T13:00,17.6,0.00,0.00,0.00,12.5,19.9
2026-09-19T14:00,17.3,0.00,0.00,0.00,8.3,15.3
2026-09-19T15:00,16.4,0.00,0.00,0.00,8.4,17.1
2026-09-19T16:00,15.1,0.00,0.00,0.00,10.5,21.9
2026-09-19T17:00,14.3,0.00,0.00,0.00,10.7,23.0
2026-09-19T18:00,13.8,0.00,0.00,0.00,10.2,22.6
2026-09-19T19:00,13.2,0.00,0.00,0.00,9.7,21.8
2026-09-19T20:00,12.7,0.00,0.00,0.00,9.6,21.5
2026-09-19T21:00,12.4,0.00,0.00,0.00,9.5,21.5
2026-09-19T22:00,12.1,0.00,0.00,0.00,9.2,20.7
2026-09-19T23:00,11.6,0.00,0.00,0.00,8.6,19.7
2026-09-20T00:00,10.8,0.00,0.00,0.00,7.2,18.0
2026-09-20T01:00,10.6,0.00,0.00,0.00,7.9,18.2
2026-09-20T02:00,10.3,0.00,0.00,0.00,7.9,18.0
2026-09-20T03:00,10.0,0.00,0.00,0.00,8.0,18.1
2026-09-20T04:00,10.1,0.00,0.00,0.00,8.6,19.0
2026-09-20T05:00,11.1,0.00,0.00,0.00,6.4,23.2
2026-09-20T06:00,12.2,0.00,0.00,0.00,6.8,14.8
2026-09-20T07:00,14.1,0.00,0.00,0.00,7.7,13.1
2026-09-20T08:00,15.9,0.00,0.00,0.00,10.1,16.0
2026-09-20T09:00,17.3,0.00,0.00,0.00,15.2,24.1
2026-09-20T10:00,18.0,0.00,0.00,0.00,15.0,23.9
2026-09-20T11:00,18.2,0.00,0.00,0.00,14.6,23.7
2026-09-20T12:00,19.0,0.00,0.00,0.00,13.2,21.0
2026-09-20T13:00,19.0,0.00,0.00,0.00,14.0,23.4
2026-09-20T14:00,18.3,0.00,0.00,0.00,11.0,20.6
2026-09-20T15:00,17.4,0.00,0.00,0.00,11.8,23.3
2026-09-20T16:00,16.3,0.00,0.00,0.00,11.4,23.6
2026-09-20T17:00,15.5,0.00,0.00,0.00,11.9,24.9
2026-09-20T18:00,15.3,0.00,0.00,0.00,12.9,26.5
2026-09-20T19:00,15.0,0.00,0.00,0.00,13.2,27.0
2026-09-20T20:00,14.7,0.00,0.00,0.00,13.1,27.3
2026-09-20T21:00,14.8,0.00,0.00,0.00,13.7,27.9
2026-09-20T22:00,15.1,0.00,0.00,0.00,13.8,27.9
2026-09-20T23:00,15.2,0.00,0.00,0.00,13.6,27.3
2026-09-21T00:00,14.9,0.00,0.00,0.00,12.7,26.2
2026-09-21T01:00,14.9,0.00,0.00,0.00,12.2,25.6
2026-09-21T02:00,14.9,0.00,0.00,0.00,12.0,25.1
2026-09-21T03:00,14.6,0.00,0.00,0.00,12.9,26.2
2026-09-21T04:00,14.4,0.00,0.00,0.00,12.6,25.7
2026-09-21T05:00,15.0,0.00,0.00,0.00,12.0,25.1
2026-09-21T06:00,15.9,0.00,0.00,0.00,13.4,26.0
2026-09-21T07:00,17.2,0.00,0.00,0.00,11.1,21.6
2026-09-21T08:00,17.7,0.00,0.00,0.00,11.1,22.9
2026-09-21T09:00,18.7,0.00,0.00,0.00,12.6,21.8
2026-09-21T10:00,20.4,0.00,0.00,0.00,14.6,24.1
2026-09-21T11:00,20.7,0.00,0.00,0.00,17.0,28.7
2026-09-21T12:00,21.6,0.00,0.00,0.00,15.8,26.6
2026-09-21T13:00,21.4,0.10,0.00,0.00,14.0,24.7
2026-09-21T14:00,20.5,0.00,0.00,0.00,11.2,22.2
2026-09-21T15:00,19.4,0.00,0.00,0.00,9.0,19.1
2026-09-21T16:00,17.6,0.00,0.00,0.00,7.2,17.9
2026-09-21T17:00,16.7,0.00,0.00,0.00,5.0,15.1
2026-09-21T18:00,15.8,0.00,0.00,0.00,4.2,12.1
2026-09-21T19:00,15.2,0.00,0.00,0.00,3.3,10.1
2026-09-21T20:00,14.8,0.00,0.00,0.00,3.3,8.0
2026-09-21T21:00,14.5,0.00,0.00,0.00,8.4,18.6
2026-09-21T22:00,14.2,0.20,0.00,0.00,3.2,8.0
2026-09-21T23:00,13.6,0.00,0.00,0.00,7.5,16.6
2026-09-22T00:00,13.0,0.20,0.00,0.00,6.9,16.3
2026-09-22T01:00,12.7,0.00,0.00,0.00,7.6,17.5
2026-09-22T02:00,12.6,0.00,0.00,0.00,8.5,21.2
2026-09-22T03:00,12.7,0.20,0.00,0.00,10.5,23.9
2026-09-22T04:00,12.6,0.90,0.00,0.00,13.6,28.5
2026-09-22T05:00,12.3,1.70,0.00,0.00,15.2,30.7
2026-09-22T06:00,12.6,1.50,0.00,0.00,12.5,25.5
2026-09-22T07:00,14.2,1.70,0.00,0.00,10.2,25.4
2026-09-22T08:00,14.4,4.50,0.00,0.00,8.9,25.7
2026-09-22T09:00,15.8,2.30,0.00,0.00,13.0,22.1
2026-09-22T10:00,17.1,0.10,0.00,0.00,12.3,20.3
2026-09-22T11:00,16.3,0.90,0.00,0.00,11.1,19.0
2026-09-22T12:00,17.5,0.50,0.00,0.00,12.0,19.4
2026-09-22T13:00,17.4,0.00,0.00,0.00,11.7,19.8
2026-09-22T14:00,17.3,0.00,0.00,0.00,10.4,20.0
2026-09-22T15:00,15.4,2.70,0.00,0.00,13.3,24.9
2026-09-22T16:00,15.3,0.50,0.00,0.00,13.7,27.1
2026-09-22T17:00,15.0,0.10,0.00,0.00,13.4,26.7
2026-09-22T18:00,15.6,1.00,0.00,0.00,11.1,24.0
2026-09-22T19:00,14.9,3.80,0.00,0.00,11.5,23.6
2026-09-22T20:00,14.9,0.80,0.00,0.00,12.9,25.2
2026-09-22T21:00,14.8,0.40,0.00,0.00,11.2,21.6
2026-09-22T22:00,14.4,0.00,0.00,0.00,7.6,15.8
2026-09-22T23:00,13.9,0.00,0.00,0.00,7.0,15.0
2026-09-23T00:00,12.5,0.00,0.00,0.00,4.0,9.8
2026-09-23T01:00,12.0,0.00,0.00,0.00,3.3,6.4
2026-09-23T02:00,11.4,0.00,0.00,0.00,4.2,8.5
2026-09-23T03:00,11.2,0.00,0.00,0.00,2.5,6.8
2026-09-23T04:00,11.4,0.00,0.00,0.00,2.7,7.1
2026-09-23T05:00,12.2,0.00,0.00,0.00,1.6,4.6
2026-09-23T06:00,13.5,0.00,0.00,0.00,0.8,2.8
2026-09-23T07:00,14.9,0.00,0.00,0.00,1.7,2.8
2026-09-23T08:00,15.9,0.00,0.00,0.00,4.0,6.0
2026-09-23T09:00,16.8,0.00,0.00,0.00,4.7,6.9
2026-09-23T10:00,17.3,0.00,0.00,0.00,4.4,6.7
2026-09-23T11:00,17.4,0.00,0.00,0.00,1.7,2.8
2026-09-23T12:00,17.8,0.00,0.00,0.00,1.5,2.7
2026-09-23T13:00,18.1,0.00,0.00,0.00,2.2,3.6
2026-09-23T14:00,18.3,0.00,0.00,0.00,6.7,14.9
2026-09-23T15:00,18.0,0.00,0.00,0.00,10.2,19.9
2026-09-23T16:00,17.3,0.10,0.00,0.00,9.0,19.0
2026-09-23T17:00,16.8,0.00,0.00,0.00,9.8,21.5
2026-09-23T18:00,17.2,0.00,0.00,0.00,15.4,30.4
2026-09-23T19:00,17.4,0.00,0.00,0.00,16.2,31.5
2026-09-23T20:00,17.5,0.00,0.00,0.00,17.3,33.4
2026-09-23T21:00,17.5,0.00,0.00,0.00,16.9,32.8
2026-09-23T22:00,17.4,0.00,0.00,0.00,17.0,33.0
2026-09-23T23:00,17.2,0.00,0.00,0.00,16.7,32.6

time,sunrise (iso8601),sunset (iso8601)
2025-01-01,2025-01-01T05:59,2025-01-01T13:07
2025-01-02,2025-01-02T05:59,2025-01-02T13:08
2025-01-03,2025-01-03T05:58,2025-01-03T13:10
2025-01-04,2025-01-04T05:58,2025-01-04T13:11
2025-01-05,2025-01-05T05:57,2025-01-05T13:12
2025-01-06,2025-01-06T05:57,2025-01-06T13:14
2025-01-07,2025-01-07T05:56,2025-01-07T13:15
2025-01-08,2025-01-08T05:56,2025-01-08T13:17
2025-01-09,2025-01-09T05:55,2025-01-09T13:18
2025-01-10,2025-01-10T05:54,2025-01-10T13:20
2025-01-11,2025-01-11T05:53,2025-01-11T13:22
2025-01-12,2025-01-12T05:52,2025-01-12T13:23
2025-01-13,2025-01-13T05:51,2025-01-13T13:25
2025-01-14,2025-01-14T05:50,2025-01-14T13:27
2025-01-15,2025-01-15T05:49,2025-01-15T13:29
2025-01-16,2025-01-16T05:48,2025-01-16T13:31
2025-01-17,2025-01-17T05:47,2025-01-17T13:33
2025-01-18,2025-01-18T05:45,2025-01-18T13:34
2025-01-19,2025-01-19T05:44,2025-01-19T13:36
2025-01-20,2025-01-20T05:43,2025-01-20T13:38
2025-01-21,2025-01-21T05:41,2025-01-21T13:40
2025-01-22,2025-01-22T05:40,2025-01-22T13:42
2025-01-23,2025-01-23T05:38,2025-01-23T13:44
2025-01-24,2025-01-24T05:37,2025-01-24T13:47
2025-01-25,2025-01-25T05:35,2025-01-25T13:49
2025-01-26,2025-01-26T05:34,2025-01-26T13:51
2025-01-27,2025-01-27T05:32,2025-01-27T13:53
2025-01-28,2025-01-28T05:30,2025-01-28T13:55
2025-01-29,2025-01-29T05:28,2025-01-29T13:57
2025-01-30,2025-01-30T05:27,2025-01-30T13:59
2025-01-31,2025-01-31T05:25,2025-01-31T14:01
2025-02-01,2025-02-01T05:23,2025-02-01T14:03
2025-02-02,2025-02-02T05:21,2025-02-02T14:05
2025-02-03,2025-02-03T05:19,2025-02-03T14:08
2025-02-04,2025-02-04T05:17,2025-02-04T14:10
2025-02-05,2025-02-05T05:15,2025-02-05T14:12
2025-02-06,2025-02-06T05:13,2025-02-06T14:14
2025-02-07,2025-02-07T05:11,2025-02-07T14:16
2025-02-08,2025-02-08T05:09,2025-02-08T14:19
2025-02-09,2025-02-09T05:07,2025-02-09T14:21
2025-02-10,2025-02-10T05:05,2025-02-10T14:23
2025-02-11,2025-02-11T05:02,2025-02-11T14:25
2025-02-12,2025-02-12T05:00,2025-02-12T14:27
2025-02-13,2025-02-13T04:58,2025-02-13T14:30
2025-02-14,2025-02-14T04:56,2025-02-14T14:32
2025-02-15,2025-02-15T04:54,2025-02-15T14:34
2025-02-16,2025-02-16T04:51,2025-02-16T14:36
2025-02-17,2025-02-17T04:49,2025-02-17T14:38
2025-02-18,2025-02-18T04:47,2025-02-18T14:40
2025-02-19,2025-02-19T04:44,2025-02-19T14:42
2025-02-20,2025-02-20T04:42,2025-02-20T14:45
2025-02-21,2025-02-21T04:40,2025-02-21T14:47
2025-02-22,2025-02-22T04:37,2025-02-22T14:49
2025-02-23,2025-02-23T04:35,2025-02-23T14:51
2025-02-24,2025-02-24T04:32,2025-02-24T14:53
2025-02-25,2025-02-25T04:30,2025-02-25T14:55
2025-02-26,2025-02-26T04:28,2025-02-26T14:57
2025-02-27,2025-02-27T04:25,2025-02-27T15:00
2025-02-28,2025-02-28T04:23,2025-02-28T15:02
2025-03-01,2025-03-01T04:20,2025-03-01T15:04
2025-03-02,2025-03-02T04:17,2025-03-02T15:06
2025-03-03,2025-03-03T04:15,2025-03-03T15:08
2025-03-04,2025-03-04T04:12,2025-03-04T15:10
2025-03-05,2025-03-05T04:10,2025-03-05T15:12
2025-03-06,2025-03-06T04:07,2025-03-06T15:14
2025-03-07,2025-03-07T04:05,2025-03-07T15:16
2025-03-08,2025-03-08T04:02,2025-03-08T15:18
2025-03-09,2025-03-09T04:00,2025-03-09T15:21
2025-03-10,2025-03-10T03:57,2025-03-10T15:23
2025-03-11,2025-03-11T03:55,2025-03-11T15:25
2025-03-12,2025-03-12T03:52,2025-03-12T15:27
2025-03-13,2025-03-13T03:50,2025-03-13T15:29
2025-03-14,2025-03-14T03:47,2025-03-14T15:31
2025-03-15,2025-03-15T03:44,2025-03-15T15:33
2025-03-16,2025-03-16T03:42,2025-03-16T15:35
2025-03-17,2025-03-17T03:39,2025-03-17T15:37
2025-03-18,2025-03-18T03:36,2025-03-18T15:39
2025-03-19,2025-03-19T03:34,2025-03-19T15:41
2025-03-20,2025-03-20T03:31,2025-03-20T15:43
2025-03-21,2025-03-21T03:29,2025-03-21T15:45
2025-03-22,2025-03-22T03:26,2025-03-22T15:47
2025-03-23,2025-03-23T03:23,2025-03-23T15:49
2025-03-24,2025-03-24T03:21,2025-03-24T15:51
2025-03-25,2025-03-25T03:18,2025-03-25T15:53
2025-03-26,2025-03-26T03:15,2025-03-26T15:55
2025-03-27,2025-03-27T03:13,2025-03-27T15:57
2025-03-28,2025-03-28T03:10,2025-03-28T15:59
2025-03-29,2025-03-29T03:08,2025-03-29T16:01
2025-03-30,2025-03-30T03:05,2025-03-30T16:03
2025-03-31,2025-03-31T03:03,2025-03-31T16:05
2025-04-01,2025-04-01T03:00,2025-04-01T16:07
2025-04-02,2025-04-02T02:57,2025-04-02T16:09
2025-04-03,2025-04-03T02:55,2025-04-03T16:11
2025-04-04,2025-04-04T02:52,2025-04-04T16:13
2025-04-05,2025-04-05T02:50,2025-04-05T16:15
2025-04-06,2025-04-06T02:47,2025-04-06T16:17
2025-04-07,2025-04-07T02:44,2025-04-07T16:19
2025-04-08,2025-04-08T02:42,2025-04-08T16:21
2025-04-09,2025-04-09T02:39,2025-04-09T16:24
2025-04-10,2025-04-10T02:37,2025-04-10T16:26
2025-04-11,2025-04-11T02:34,2025-04-11T16:28
2025-04-12,2025-04-12T02:31,2025-04-12T16:30
2025-04-13,2025-04-13T02:29,2025-04-13T16:32
2025-04-14,2025-04-14T02:26,2025-04-14T16:34
2025-04-15,2025-04-15T02:24,2025-04-15T16:36
2025-04-16,2025-04-16T02:22,2025-04-16T16:38
2025-04-17,2025-04-17T02:19,2025-04-17T16:40
2025-04-18,2025-04-18T02:17,2025-04-18T16:42
2025-04-19,2025-04-19T02:14,2025-04-19T16:44
2025-04-20,2025-04-20T02:12,2025-04-20T16:46
2025-04-21,2025-04-21T02:09,2025-04-21T16:48
2025-04-22,2025-04-22T02:07,2025-04-22T16:50
2025-04-23,2025-04-23T02:05,2025-04-23T16:52
2025-04-24,2025-04-24T02:02,2025-04-24T16:54
2025-04-25,2025-04-25T02:00,2025-04-25T16:56
2025-04-26,2025-04-26T01:57,2025-04-26T16:58
2025-04-27,2025-04-27T01:55,2025-04-27T17:00
2025-04-28,2025-04-28T01:53,2025-04-28T17:02
2025-04-29,2025-04-29T01:50,2025-04-29T17:04
2025-04-30,2025-04-30T01:48,2025-04-30T17:06
2025-05-01,2025-05-01T01:46,2025-05-01T17:08
2025-05-02,2025-05-02T01:44,2025-05-02T17:10
2025-05-03,2025-05-03T01:41,2025-05-03T17:12
2025-05-04,2025-05-04T01:39,2025-05-04T17:14
2025-05-05,2025-05-05T01:37,2025-05-05T17:16
2025-05-06,2025-05-06T01:35,2025-05-06T17:18
2025-05-07,2025-05-07T01:33,2025-05-07T17:20
2025-05-08,2025-05-08T01:31,2025-05-08T17:22
2025-05-09,2025-05-09T01:29,2025-05-09T17:24
2025-05-10,2025-05-10T01:27,2025-05-10T17:25
2025-05-11,2025-05-11T01:25,2025-05-11T17:27
2025-05-12,2025-05-12T01:23,2025-05-12T17:29
2025-05-13,2025-05-13T01:21,2025-05-13T17:31
2025-05-14,2025-05-14T01:19,2025-05-14T17:33
2025-05-15,2025-05-15T01:17,2025-05-15T17:35
2025-05-16,2025-05-16T01:16,2025-05-16T17:37
2025-05-17,2025-05-17T01:14,2025-05-17T17:39
2025-05-18,2025-05-18T01:12,2025-05-18T17:40
2025-05-19,2025-05-19T01:10,2025-05-19T17:42
2025-05-20,2025-05-20T01:09,2025-05-20T17:44
2025-05-21,2025-05-21T01:07,2025-05-21T17:46
2025-05-22,2025-05-22T01:06,2025-05-22T17:47
2025-05-23,2025-05-23T01:04,2025-05-23T17:49
2025-05-24,2025-05-24T01:03,2025-05-24T17:51
2025-05-25,2025-05-25T01:01,2025-05-25T17:52
2025-05-26,2025-05-26T01:00,2025-05-26T17:54
2025-05-27,2025-05-27T00:58,2025-05-27T17:55
2025-05-28,2025-05-28T00:57,2025-05-28T17:57
2025-05-29,2025-05-29T00:56,2025-05-29T17:58
2025-05-30,2025-05-30T00:55,2025-05-30T18:00
2025-05-31,2025-05-31T00:54,2025-05-31T18:01
2025-06-01,2025-06-01T00:53,2025-06-01T18:02
2025-06-02,2025-06-02T00:52,2025-06-02T18:04
2025-06-03,2025-06-03T00:51,2025-06-03T18:05
2025-06-04,2025-06-04T00:50,2025-06-04T18:06
2025-06-05,2025-06-05T00:49,2025-06-05T18:07
2025-06-06,2025-06-06T00:48,2025-06-06T18:08
2025-06-07,2025-06-07T00:47,2025-06-07T18:09
2025-06-08,2025-06-08T00:47,2025-06-08T18:10
2025-06-09,2025-06-09T00:46,2025-06-09T18:11
2025-06-10,2025-06-10T00:46,2025-06-10T18:12
2025-06-11,2025-06-11T00:45,2025-06-11T18:13
2025-06-12,2025-06-12T00:45,2025-06-12T18:14
2025-06-13,2025-06-13T00:44,2025-06-13T18:15
2025-06-14,2025-06-14T00:44,2025-06-14T18:15
2025-06-15,2025-06-15T00:44,2025-06-15T18:16
2025-06-16,2025-06-16T00:44,2025-06-16T18:16
2025-06-17,2025-06-17T00:44,2025-06-17T18:17
2025-06-18,2025-06-18T00:44,2025-06-18T18:17
2025-06-19,2025-06-19T00:44,2025-06-19T18:17
2025-06-20,2025-06-20T00:44,2025-06-20T18:18
2025-06-21,2025-06-21T00:44,2025-06-21T18:18
2025-06-22,2025-06-22T00:44,2025-06-22T18:18
2025-06-23,2025-06-23T00:45,2025-06-23T18:18
2025-06-24,2025-06-24T00:45,2025-06-24T18:18
2025-06-25,2025-06-25T00:45,2025-06-25T18:18
2025-06-26,2025-06-26T00:46,2025-06-26T18:18
2025-06-27,2025-06-27T00:47,2025-06-27T18:18
2025-06-28,2025-06-28T00:47,2025-06-28T18:18
2025-06-29,2025-06-29T00:48,2025-06-29T18:17
2025-06-30,2025-06-30T00:49,2025-06-30T18:17
2025-07-01,2025-07-01T00:49,2025-07-01T18:16
2025-07-02,2025-07-02T00:50,2025-07-02T18:16
2025-07-03,2025-07-03T00:51,2025-07-03T18:15
2025-07-04,2025-07-04T00:52,2025-07-04T18:15
2025-07-05,2025-07-05T00:53,2025-07-05T18:14
2025-07-06,2025-07-06T00:54,2025-07-06T18:13
2025-07-07,2025-07-07T00:55,2025-07-07T18:12
2025-07-08,2025-07-08T00:56,2025-07-08T18:12
2025-07-09,2025-07-09T00:57,2025-07-09T18:11
2025-07-10,2025-07-10T00:59,2025-07-10T18:10
2025-07-11,2025-07-11T01:00,2025-07-11T18:09
2025-07-12,2025-07-12T01:01,2025-07-12T18:07
2025-07-13,2025-07-13T01:03,2025-07-13T18:06
2025-07-14,2025-07-14T01:04,2025-07-14T18:05
2025-07-15,2025-07-15T01:06,2025-07-15T18:04
2025-07-16,2025-07-16T01:07,2025-07-16T18:02
2025-07-17,2025-07-17T01:09,2025-07-17T18:01
2025-07-18,2025-07-18T01:10,2025-07-18T18:00
2025-07-19,2025-07-19T01:12,2025-07-19T17:58
2025-07-20,2025-07-20T01:13,2025-07-20T17:57
2025-07-21,2025-07-21T01:15,2025-07-21T17:55
2025-07-22,2025-07-22T01:17,2025-07-22T17:54
2025-07-23,2025-07-23T01:18,2025-07-23T17:52
2025-07-24,2025-07-24T01:20,2025-07-24T17:50
2025-07-25,2025-07-25T01:22,2025-07-25T17:49
2025-07-26,2025-07-26T01:24,2025-07-26T17:47
2025-07-27,2025-07-27T01:25,2025-07-27T17:45
2025-07-28,2025-07-28T01:27,2025-07-28T17:43
2025-07-29,2025-07-29T01:29,2025-07-29T17:41
2025-07-30,2025-07-30T01:31,2025-07-30T17:39
2025-07-31,2025-07-31T01:32,2025-07-31T17:37
2025-08-01,2025-08-01T01:34,2025-08-01T17:35
2025-08-02,2025-08-02T01:36,2025-08-02T17:33
2025-08-03,2025-08-03T01:38,2025-08-03T17:31
2025-08-04,2025-08-04T01:40,2025-08-04T17:29
2025-08-05,2025-08-05T01:42,2025-08-05T17:27
2025-08-06,2025-08-06T01:44,2025-08-06T17:25
2025-08-07,2025-08-07T01:46,2025-08-07T17:23
2025-08-08,2025-08-08T01:48,2025-08-08T17:21
2025-08-09,2025-08-09T01:50,2025-08-09T17:18
2025-08-10,2025-08-10T01:51,2025-08-10T17:16
2025-08-11,2025-08-11T01:53,2025-08-11T17:14
2025-08-12,2025-08-12T01:55,2025-08-12T17:12
2025-08-13,2025-08-13T01:57,2025-08-13T17:10
2025-08-14,2025-08-14T01:59,2025-08-14T17:07
2025-08-15,2025-08-15T02:01,2025-08-15T17:05
2025-08-16,2025-08-16T02:03,2025-08-16T17:03
2025-08-17,2025-08-17T02:05,2025-08-17T17:00
2025-08-18,2025-08-18T02:07,2025-08-18T16:58
2025-08-19,2025-08-19T02:09,2025-08-19T16:56
2025-08-20,2025-08-20T02:11,2025-08-20T16:53
2025-08-21,2025-08-21T02:13,2025-08-21T16:51
2025-08-22,2025-08-22T02:15,2025-08-22T16:48
2025-08-23,2025-08-23T02:17,2025-08-23T16:46
2025-08-24,2025-08-24T02:19,2025-08-24T16:43
2025-08-25,2025-08-25T02:20,2025-08-25T16:41
2025-08-26,2025-08-26T02:22,2025-08-26T16:38
2025-08-27,2025-08-27T02:24,2025-08-27T16:36
2025-08-28,2025-08-28T02:26,2025-08-28T16:33
2025-08-29,2025-08-29T02:28,2025-08-29T16:31
2025-08-30,2025-08-30T02:30,2025-08-30T16:28
2025-08-31,2025-08-31T02:32,2025-08-31T16:25
2025-09-01,2025-09-01T02:34,2025-09-01T16:23
2025-09-02,2025-09-02T02:36,2025-09-02T16:20
2025-09-03,2025-09-03T02:38,2025-09-03T16:18
2025-09-04,2025-09-04T02:40,2025-09-04T16:15
2025-09-05,2025-09-05T02:42,2025-09-05T16:13
2025-09-06,2025-09-06T02:44,2025-09-06T16:10
2025-09-07,2025-09-07T02:46,2025-09-07T16:08
2025-09-08,2025-09-08T02:48,2025-09-08T16:05
2025-09-09,2025-09-09T02:49,2025-09-09T16:02
2025-09-10,2025-09-10T02:51,2025-09-10T16:00
2025-09-11,2025-09-11T02:53,2025-09-11T15:57
2025-09-12,2025-09-12T02:55,2025-09-12T15:54
2025-09-13,2025-09-13T02:57,2025-09-13T15:52
2025-09-14,2025-09-14T02:59,2025-09-14T15:49
2025-09-15,2025-09-15T03:01,2025-09-15T15:46
2025-09-16,2025-09-16T03:03,2025-09-16T15:44
2025-09-17,2025-09-17T03:05,2025-09-17T15:41
2025-09-18,2025-09-18T03:07,2025-09-18T15:38
2025-09-19,2025-09-19T03:09,2025-09-19T15:36
2025-09-20,2025-09-20T03:11,2025-09-20T15:33
2025-09-21,2025-09-21T03:13,2025-09-21T15:31
2025-09-22,2025-09-22T03:15,2025-09-22T15:28
2025-09-23,2025-09-23T03:17,2025-09-23T15:25
2025-09-24,2025-09-24T03:18,2025-09-24T15:23
2025-09-25,2025-09-25T03:20,2025-09-25T15:20
2025-09-26,2025-09-26T03:22,2025-09-26T15:18
2025-09-27,2025-09-27T03:24,2025-09-27T15:15
2025-09-28,2025-09-28T03:26,2025-09-28T15:12
2025-09-29,2025-09-29T03:28,2025-09-29T15:10
2025-09-30,2025-09-30T03:30,2025-09-30T15:07
2025-10-01,2025-10-01T03:32,2025-10-01T15:04
2025-10-02,2025-10-02T03:34,2025-10-02T15:02
2025-10-03,2025-10-03T03:36,2025-10-03T14:59
2025-10-04,2025-10-04T03:38,2025-10-04T14:57
2025-10-05,2025-10-05T03:40,2025-10-05T14:54
2025-10-06,2025-10-06T03:42,2025-10-06T14:51
2025-10-07,2025-10-07T03:44,2025-10-07T14:49
2025-10-08,2025-10-08T03:46,2025-10-08T14:46
2025-10-09,2025-10-09T03:48,2025-10-09T14:44
2025-10-10,2025-10-10T03:50,2025-10-10T14:41
2025-10-11,2025-10-11T03:52,2025-10-11T14:39
2025-10-12,2025-10-12T03:54,2025-10-12T14:36
2025-10-13,2025-10-13T03:56,2025-10-13T14:34
2025-10-14,2025-10-14T03:58,2025-10-14T14:31
2025-10-15,2025-10-15T04:00,2025-10-15T14:29
2025-10-16,2025-10-16T04:02,2025-10-16T14:26
2025-10-17,2025-10-17T04:04,2025-10-17T14:24
2025-10-18,2025-10-18T04:06,2025-10-18T14:21
2025-10-19,2025-10-19T04:08,2025-10-19T14:19
2025-10-20,2025-10-20T04:10,2025-10-20T14:17
2025-10-21,2025-10-21T04:13,2025-10-21T14:14
2025-10-22,2025-10-22T04:15,2025-10-22T14:12
2025-10-23,2025-10-23T04:17,2025-10-23T14:09
2025-10-24,2025-10-24T04:19,2025-10-24T14:07
2025-10-25,2025-10-25T04:21,2025-10-25T14:05
2025-10-26,2025-10-26T04:23,2025-10-26T14:02
2025-10-27,2025-10-27T04:25,2025-10-27T14:00
2025-10-28,2025-10-28T04:27,2025-10-28T13:58
2025-10-29,2025-10-29T04:29,2025-10-29T13:56
2025-10-30,2025-10-30T04:31,2025-10-30T13:53
2025-10-31,2025-10-31T04:34,2025-10-31T13:51
2025-11-01,2025-11-01T04:36,2025-11-01T13:49
2025-11-02,2025-11-02T04:38,2025-11-02T13:47
2025-11-03,2025-11-03T04:40,2025-11-03T13:45
2025-11-04,2025-11-04T04:42,2025-11-04T13:43
2025-11-05,2025-11-05T04:44,2025-11-05T13:41
2025-11-06,2025-11-06T04:46,2025-11-06T13:39
2025-11-07,2025-11-07T04:48,2025-11-07T13:37
2025-11-08,2025-11-08T04:50,2025-11-08T13:35
2025-11-09,2025-11-09T04:52,2025-11-09T13:33
2025-11-10,2025-11-10T04:55,2025-11-10T13:31
2025-11-11,2025-11-11T04:57,2025-11-11T13:29
2025-11-12,2025-11-12T04:59,2025-11-12T13:27
2025-11-13,2025-11-13T05:01,2025-11-13T13:26
2025-11-14,2025-11-14T05:03,2025-11-14T13:24
2025-11-15,2025-11-15T05:05,2025-11-15T13:22
2025-11-16,2025-11-16T05:07,2025-11-16T13:20
2025-11-17,2025-11-17T05:09,2025-11-17T13:19
2025-11-18,2025-11-18T05:11,2025-11-18T13:17
2025-11-19,2025-11-19T05:13,2025-11-19T13:16
2025-11-20,2025-11-20T05:15,2025-11-20T13:14
2025-11-21,2025-11-21T05:17,2025-11-21T13:13
2025-11-22,2025-11-22T05:19,2025-11-22T13:11
2025-11-23,2025-11-23T05:21,2025-11-23T13:10
2025-11-24,2025-11-24T05:22,2025-11-24T13:09
2025-11-25,2025-11-25T05:24,2025-11-25T13:08
2025-11-26,2025-11-26T05:26,2025-11-26T13:06
2025-11-27,2025-11-27T05:28,2025-11-27T13:05
2025-11-28,2025-11-28T05:30,2025-11-28T13:04
2025-11-29,2025-11-29T05:31,2025-11-29T13:03
2025-11-30,2025-11-30T05:33,2025-11-30T13:02
2025-12-01,2025-12-01T05:35,2025-12-01T13:01
2025-12-02,2025-12-02T05:36,2025-12-02T13:01
2025-12-03,2025-12-03T05:38,2025-12-03T13:00
2025-12-04,2025-12-04T05:40,2025-12-04T12:59
2025-12-05,2025-12-05T05:41,2025-12-05T12:58
2025-12-06,2025-12-06T05:43,2025-12-06T12:58
2025-12-07,2025-12-07T05:44,2025-12-07T12:57
2025-12-08,2025-12-08T05:45,2025-12-08T12:57
2025-12-09,2025-12-09T05:47,2025-12-09T12:56
2025-12-10,2025-12-10T05:48,2025-12-10T12:56
2025-12-11,2025-12-11T05:49,2025-12-11T12:56
2025-12-12,2025-12-12T05:50,2025-12-12T12:56
2025-12-13,2025-12-13T05:51,2025-12-13T12:56
2025-12-14,2025-12-14T05:52,2025-12-14T12:56
2025-12-15,2025-12-15T05:53,2025-12-15T12:56
2025-12-16,2025-12-16T05:54,2025-12-16T12:56
2025-12-17,2025-12-17T05:55,2025-12-17T12:56
2025-12-18,2025-12-18T05:55,2025-12-18T12:56
2025-12-19,2025-12-19T05:56,2025-12-19T12:56
2025-12-20,2025-12-20T05:57,2025-12-20T12:57
2025-12-21,2025-12-21T05:57,2025-12-21T12:57
2025-12-22,2025-12-22T05:58,2025-12-22T12:58
2025-12-23,2025-12-23T05:58,2025-12-23T12:58
2025-12-24,2025-12-24T05:59,2025-12-24T12:59
2025-12-25,2025-12-25T05:59,2025-12-25T13:00
2025-12-26,2025-12-26T05:59,2025-12-26T13:01
2025-12-27,2025-12-27T05:59,2025-12-27T13:02
2025-12-28,2025-12-28T05:59,2025-12-28T13:02
2025-12-29,2025-12-29T05:59,2025-12-29T13:03
2025-12-30,2025-12-30T05:59,2025-12-30T13:04
2025-12-31,2025-12-31T05:59,2025-12-31T13:06
2026-01-01,2026-01-01T05:59,2026-01-01T13:07
2026-01-02,2026-01-02T05:59,2026-01-02T13:08
2026-01-03,2026-01-03T05:58,2026-01-03T13:09
2026-01-04,2026-01-04T05:58,2026-01-04T13:10
2026-01-05,2026-01-05T05:57,2026-01-05T13:12
2026-01-06,2026-01-06T05:57,2026-01-06T13:13
2026-01-07,2026-01-07T05:56,2026-01-07T13:15
2026-01-08,2026-01-08T05:56,2026-01-08T13:16
2026-01-09,2026-01-09T05:55,2026-01-09T13:18
2026-01-10,2026-01-10T05:54,2026-01-10T13:20
2026-01-11,2026-01-11T05:53,2026-01-11T13:21
2026-01-12,2026-01-12T05:52,2026-01-12T13:23
2026-01-13,2026-01-13T05:51,2026-01-13T13:25
2026-01-14,2026-01-14T05:50,2026-01-14T13:27
2026-01-15,2026-01-15T05:49,2026-01-15T13:28
2026-01-16,2026-01-16T05:48,2026-01-16T13:30
2026-01-17,2026-01-17T05:47,2026-01-17T13:32
2026-01-18,2026-01-18T05:46,2026-01-18T13:34
2026-01-19,2026-01-19T05:44,2026-01-19T13:36
2026-01-20,2026-01-20T05:43,2026-01-20T13:38
2026-01-21,2026-01-21T05:42,2026-01-21T13:40
2026-01-22,2026-01-22T05:40,2026-01-22T13:42
2026-01-23,2026-01-23T05:39,2026-01-23T13:44
2026-01-24,2026-01-24T05:37,2026-01-24T13:46
2026-01-25,2026-01-25T05:36,2026-01-25T13:48
2026-01-26,2026-01-26T05:34,2026-01-26T13:50
2026-01-27,2026-01-27T05:32,2026-01-27T13:52
2026-01-28,2026-01-28T05:31,2026-01-28T13:54
2026-01-29,2026-01-29T05:29,2026-01-29T13:56
2026-01-30,2026-01-30T05:27,2026-01-30T13:58
2026-01-31,2026-01-31T05:25,2026-01-31T14:01
2026-02-01,2026-02-01T05:23,2026-02-01T14:03
2026-02-02,2026-02-02T05:21,2026-02-02T14:05
2026-02-03,2026-02-03T05:19,2026-02-03T14:07
2026-02-04,2026-02-04T05:17,2026-02-04T14:09
2026-02-05,2026-02-05T05:15,2026-02-05T14:12
2026-02-06,2026-02-06T05:13,2026-02-06T14:14
2026-02-07,2026-02-07T05:11,2026-02-07T14:16
2026-02-08,2026-02-08T05:09,2026-02-08T14:18
2026-02-09,2026-02-09T05:07,2026-02-09T14:20
2026-02-10,2026-02-10T05:05,2026-02-10T14:22
2026-02-11,2026-02-11T05:03,2026-02-11T14:25
2026-02-12,2026-02-12T05:01,2026-02-12T14:27
2026-02-13,2026-02-13T04:59,2026-02-13T14:29
2026-02-14,2026-02-14T04:56,2026-02-14T14:31
2026-02-15,2026-02-15T04:54,2026-02-15T14:33
2026-02-16,2026-02-16T04:52,2026-02-16T14:35
2026-02-17,2026-02-17T04:50,2026-02-17T14:38
2026-02-18,2026-02-18T04:47,2026-02-18T14:40
2026-02-19,2026-02-19T04:45,2026-02-19T14:42
2026-02-20,2026-02-20T04:43,2026-02-20T14:44
2026-02-21,2026-02-21T04:40,2026-02-21T14:46
2026-02-22,2026-02-22T04:38,2026-02-22T14:48
2026-02-23,2026-02-23T04:35,2026-02-23T14:51
2026-02-24,2026-02-24T04:33,2026-02-24T14:53
2026-02-25,2026-02-25T04:30,2026-02-25T14:55
2026-02-26,2026-02-26T04:28,2026-02-26T14:57
2026-02-27,2026-02-27T04:26,2026-02-27T14:59
2026-02-28,2026-02-28T04:23,2026-02-28T15:01
2026-03-01,2026-03-01T04:21,2026-03-01T15:03
2026-03-02,2026-03-02T04:18,2026-03-02T15:05
2026-03-03,2026-03-03T04:16,2026-03-03T15:08
2026-03-04,2026-03-04T04:13,2026-03-04T15:10
2026-03-05,2026-03-05T04:11,2026-03-05T15:12
2026-03-06,2026-03-06T04:08,2026-03-06T15:14
2026-03-07,2026-03-07T04:06,2026-03-07T15:16
2026-03-08,2026-03-08T04:03,2026-03-08T15:18
2026-03-09,2026-03-09T04:01,2026-03-09T15:20
2026-03-10,2026-03-10T03:58,2026-03-10T15:22
2026-03-11,2026-03-11T03:55,2026-03-11T15:24
2026-03-12,2026-03-12T03:53,2026-03-12T15:26
2026-03-13,2026-03-13T03:50,2026-03-13T15:28
2026-03-14,2026-03-14T03:48,2026-03-14T15:30
2026-03-15,2026-03-15T03:45,2026-03-15T15:32
2026-03-16,2026-03-16T03:42,2026-03-16T15:34
2026-03-17,2026-03-17T03:40,2026-03-17T15:37
2026-03-18,2026-03-18T03:37,2026-03-18T15:39
2026-03-19,2026-03-19T03:34,2026-03-19T15:41
2026-03-20,2026-03-20T03:32,2026-03-20T15:43
2026-03-21,2026-03-21T03:29,2026-03-21T15:45
2026-03-22,2026-03-22T03:27,2026-03-22T15:47
2026-03-23,2026-03-23T03:24,2026-03-23T15:49
2026-03-24,2026-03-24T03:21,2026-03-24T15:51
2026-03-25,2026-03-25T03:19,2026-03-25T15:53
2026-03-26,2026-03-26T03:16,2026-03-26T15:55
2026-03-27,2026-03-27T03:14,2026-03-27T15:57
2026-03-28,2026-03-28T03:11,2026-03-28T15:59
2026-03-29,2026-03-29T03:08,2026-03-29T16:01
2026-03-30,2026-03-30T03:06,2026-03-30T16:03
2026-03-31,2026-03-31T03:03,2026-03-31T16:05
2026-04-01,2026-04-01T03:01,2026-04-01T16:07
2026-04-02,2026-04-02T02:58,2026-04-02T16:09
2026-04-03,2026-04-03T02:55,2026-04-03T16:11
2026-04-04,2026-04-04T02:53,2026-04-04T16:13
2026-04-05,2026-04-05T02:50,2026-04-05T16:15
2026-04-06,2026-04-06T02:47,2026-04-06T16:17
2026-04-07,2026-04-07T02:45,2026-04-07T16:19
2026-04-08,2026-04-08T02:42,2026-04-08T16:21
2026-04-09,2026-04-09T02:40,2026-04-09T16:23
2026-04-10,2026-04-10T02:37,2026-04-10T16:25
2026-04-11,2026-04-11T02:35,2026-04-11T16:27
2026-04-12,2026-04-12T02:32,2026-04-12T16:29
2026-04-13,2026-04-13T02:30,2026-04-13T16:31
2026-04-14,2026-04-14T02:27,2026-04-14T16:33
2026-04-15,2026-04-15T02:25,2026-04-15T16:35
2026-04-16,2026-04-16T02:22,2026-04-16T16:37
2026-04-17,2026-04-17T02:20,2026-04-17T16:39
2026-04-18,2026-04-18T02:17,2026-04-18T16:41
2026-04-19,2026-04-19T02:15,2026-04-19T16:43
2026-04-20,2026-04-20T02:12,2026-04-20T16:45
2026-04-21,2026-04-21T02:10,2026-04-21T16:47
2026-04-22,2026-04-22T02:07,2026-04-22T16:49
2026-04-23,2026-04-23T02:05,2026-04-23T16:51
2026-04-24,2026-04-24T02:03,2026-04-24T16:53
2026-04-25,2026-04-25T02:00,2026-04-25T16:55
2026-04-26,2026-04-26T01:58,2026-04-26T16:57
2026-04-27,2026-04-27T01:56,2026-04-27T16:59
2026-04-28,2026-04-28T01:53,2026-04-28T17:01
2026-04-29,2026-04-29T01:51,2026-04-29T17:03
2026-04-30,2026-04-30T01:49,2026-04-30T17:05
2026-05-01,2026-05-01T01:46,2026-05-01T17:07
2026-05-02,2026-05-02T01:44,2026-05-02T17:09
2026-05-03,2026-05-03T01:42,2026-05-03T17:11
2026-05-04,2026-05-04T01:40,2026-05-04T17:13
2026-05-05,2026-05-05T01:38,2026-05-05T17:15
2026-05-06,2026-05-06T01:36,2026-05-06T17:17
2026-05-07,2026-05-07T01:34,2026-05-07T17:19
2026-05-08,2026-05-08T01:32,2026-05-08T17:21
2026-05-09,2026-05-09T01:30,2026-05-09T17:23
2026-05-10,2026-05-10T01:28,2026-05-10T17:25
2026-05-11,2026-05-11T01:26,2026-05-11T17:27
2026-05-12,2026-05-12T01:24,2026-05-12T17:29
2026-05-13,2026-05-13T01:22,2026-05-13T17:31
2026-05-14,2026-05-14T01:20,2026-05-14T17:33
2026-05-15,2026-05-15T01:18,2026-05-15T17:35
2026-05-16,2026-05-16T01:16,2026-05-16T17:36
2026-05-17,2026-05-17T01:14,2026-05-17T17:38
2026-05-18,2026-05-18T01:12,2026-05-18T17:40
2026-05-19,2026-05-19T01:11,2026-05-19T17:42
2026-05-20,2026-05-20T01:09,2026-05-20T17:43
2026-05-21,2026-05-21T01:08,2026-05-21T17:45
2026-05-22,2026-05-22T01:06,2026-05-22T17:47
2026-05-23,2026-05-23T01:04,2026-05-23T17:48
2026-05-24,2026-05-24T01:03,2026-05-24T17:50
2026-05-25,2026-05-25T01:02,2026-05-25T17:52
2026-05-26,2026-05-26T01:00,2026-05-26T17:53
2026-05-27,2026-05-27T00:59,2026-05-27T17:55
2026-05-28,2026-05-28T00:58,2026-05-28T17:56
2026-05-29,2026-05-29T00:56,2026-05-29T17:58
2026-05-30,2026-05-30T00:55,2026-05-30T17:59
2026-05-31,2026-05-31T00:54,2026-05-31T18:01
2026-06-01,2026-06-01T00:53,2026-06-01T18:02
2026-06-02,2026-06-02T00:52,2026-06-02T18:03
2026-06-03,2026-06-03T00:51,2026-06-03T18:05
2026-06-04,2026-06-04T00:50,2026-06-04T18:06
2026-06-05,2026-06-05T00:49,2026-06-05T18:07
2026-06-06,2026-06-06T00:48,2026-06-06T18:08
2026-06-07,2026-06-07T00:48,2026-06-07T18:09
2026-06-08,2026-06-08T00:47,2026-06-08T18:10
2026-06-09,2026-06-09T00:46,2026-06-09T18:11
2026-06-10,2026-06-10T00:46,2026-06-10T18:12
2026-06-11,2026-06-11T00:45,2026-06-11T18:13
2026-06-12,2026-06-12T00:45,2026-06-12T18:14
2026-06-13,2026-06-13T00:44,2026-06-13T18:14
2026-06-14,2026-06-14T00:44,2026-06-14T18:15
2026-06-15,2026-06-15T00:44,2026-06-15T18:16
2026-06-16,2026-06-16T00:44,2026-06-16T18:16
2026-06-17,2026-06-17T00:44,2026-06-17T18:17
2026-06-18,2026-06-18T00:44,2026-06-18T18:17
2026-06-19,2026-06-19T00:44,2026-06-19T18:17
2026-06-20,2026-06-20T00:44,2026-06-20T18:18
2026-06-21,2026-06-21T00:44,2026-06-21T18:18
2026-06-22,2026-06-22T00:44,2026-06-22T18:18
2026-06-23,2026-06-23T00:45,2026-06-23T18:18
2026-06-24,2026-06-24T00:45,2026-06-24T18:18
2026-06-25,2026-06-25T00:45,2026-06-25T18:18
2026-06-26,2026-06-26T00:46,2026-06-26T18:18
2026-06-27,2026-06-27T00:46,2026-06-27T18:18
2026-06-28,2026-06-28T00:47,2026-06-28T18:18
2026-06-29,2026-06-29T00:48,2026-06-29T18:17
2026-06-30,2026-06-30T00:48,2026-06-30T18:17
2026-07-01,2026-07-01T00:49,2026-07-01T18:17
2026-07-02,2026-07-02T00:50,2026-07-02T18:16
2026-07-03,2026-07-03T00:51,2026-07-03T18:16
2026-07-04,2026-07-04T00:52,2026-07-04T18:15
2026-07-05,2026-07-05T00:53,2026-07-05T18:14
2026-07-06,2026-07-06T00:54,2026-07-06T18:13
2026-07-07,2026-07-07T00:55,2026-07-07T18:13
2026-07-08,2026-07-08T00:56,2026-07-08T18:12
2026-07-09,2026-07-09T00:57,2026-07-09T18:11
2026-07-10,2026-07-10T00:58,2026-07-10T18:10
2026-07-11,2026-07-11T01:00,2026-07-11T18:09
2026-07-12,2026-07-12T01:01,2026-07-12T18:08
2026-07-13,2026-07-13T01:03,2026-07-13T18:06
2026-07-14,2026-07-14T01:04,2026-07-14T18:05
2026-07-15,2026-07-15T01:05,2026-07-15T18:04
2026-07-16,2026-07-16T01:07,2026-07-16T18:03
2026-07-17,2026-07-17T01:08,2026-07-17T18:01
2026-07-18,2026-07-18T01:10,2026-07-18T18:00
2026-07-19,2026-07-19T01:11,2026-07-19T17:59
2026-07-20,2026-07-20T01:13,2026-07-20T17:57
2026-07-21,2026-07-21T01:15,2026-07-21T17:56
2026-07-22,2026-07-22T01:16,2026-07-22T17:54
2026-07-23,2026-07-23T01:18,2026-07-23T17:52
2026-07-24,2026-07-24T01:20,2026-07-24T17:51
2026-07-25,2026-07-25T01:21,2026-07-25T17:49
2026-07-26,2026-07-26T01:23,2026-07-26T17:47
2026-07-27,2026-07-27T01:25,2026-07-27T17:45
2026-07-28,2026-07-28T01:27,2026-07-28T17:44
2026-07-29,2026-07-29T01:28,2026-07-29T17:42
2026-07-30,2026-07-30T01:30,2026-07-30T17:40
2026-07-31,2026-07-31T01:32,2026-07-31T17:38
2026-08-01,2026-08-01T01:34,2026-08-01T17:36
2026-08-02,2026-08-02T01:36,2026-08-02T17:34
2026-08-03,2026-08-03T01:38,2026-08-03T17:32
2026-08-04,2026-08-04T01:40,2026-08-04T17:30
2026-08-05,2026-08-05T01:41,2026-08-05T17:28
2026-08-06,2026-08-06T01:43,2026-08-06T17:26
2026-08-07,2026-08-07T01:45,2026-08-07T17:23
2026-08-08,2026-08-08T01:47,2026-08-08T17:21
2026-08-09,2026-08-09T01:49,2026-08-09T17:19
2026-08-10,2026-08-10T01:51,2026-08-10T17:17
2026-08-11,2026-08-11T01:53,2026-08-11T17:15
2026-08-12,2026-08-12T01:55,2026-08-12T17:12
2026-08-13,2026-08-13T01:57,2026-08-13T17:10
2026-08-14,2026-08-14T01:59,2026-08-14T17:08
2026-08-15,2026-08-15T02:01,2026-08-15T17:06
2026-08-16,2026-08-16T02:02,2026-08-16T17:03
2026-08-17,2026-08-17T02:04,2026-08-17T17:01
2026-08-18,2026-08-18T02:06,2026-08-18T16:58
2026-08-19,2026-08-19T02:08,2026-08-19T16:56
2026-08-20,2026-08-20T02:10,2026-08-20T16:54
2026-08-21,2026-08-21T02:12,2026-08-21T16:51
2026-08-22,2026-08-22T02:14,2026-08-22T16:49
2026-08-23,2026-08-23T02:16,2026-08-23T16:46
2026-08-24,2026-08-24T02:18,2026-08-24T16:44
2026-08-25,2026-08-25T02:20,2026-08-25T16:41
2026-08-26,2026-08-26T02:22,2026-08-26T16:39
2026-08-27,2026-08-27T02:24,2026-08-27T16:36
2026-08-28,2026-08-28T02:26,2026-08-28T16:34
2026-08-29,2026-08-29T02:28,2026-08-29T16:31
2026-08-30,2026-08-30T02:30,2026-08-30T16:29
2026-08-31,2026-08-31T02:32,2026-08-31T16:26
2026-09-01,2026-09-01T02:34,2026-09-01T16:24
2026-09-02,2026-09-02T02:35,2026-09-02T16:21
2026-09-03,2026-09-03T02:37,2026-09-03T16:19
2026-09-04,2026-09-04T02:39,2026-09-04T16:16
2026-09-05,2026-09-05T02:41,2026-09-05T16:13
2026-09-06,2026-09-06T02:43,2026-09-06T16:11
2026-09-07,2026-09-07T02:45,2026-09-07T16:08
2026-09-08,2026-09-08T02:47,2026-09-08T16:05
2026-09-09,2026-09-09T02:49,2026-09-09T16:03
2026-09-10,2026-09-10T02:51,2026-09-10T16:00
2026-09-11,2026-09-11T02:53,2026-09-11T15:58
2026-09-12,2026-09-12T02:55,2026-09-12T15:55
2026-09-13,2026-09-13T02:57,2026-09-13T15:52
2026-09-14,2026-09-14T02:59,2026-09-14T15:50
2026-09-15,2026-09-15T03:01,2026-09-15T15:47
2026-09-16,2026-09-16T03:03,2026-09-16T15:44
2026-09-17,2026-09-17T03:04,2026-09-17T15:42
2026-09-18,2026-09-18T03:06,2026-09-18T15:39
2026-09-19,2026-09-19T03:08,2026-09-19T15:37
2026-09-20,2026-09-20T03:10,2026-09-20T15:34
2026-09-21,2026-09-21T03:12,2026-09-21T15:31
2026-09-22,2026-09-22T03:14,2026-09-22T15:29
2026-09-23,2026-09-23T03:16,2026-09-23T15:26
